{
  "observables": [
    "Chi_t"
  ],
  "n_samples": [
    25000,
    40000,
    50000,
    75000,
    100000,
    125000,
    150000,
    175000,
    200000,
    225000,
    250000,
    80000
  ],
  "nip": {},
  "nmcmc": [
    [
      {
        "acc_rate": 0.32392,
        "n_steps": 25000.0,
        "obs_stats": {
          "Q": {
            "mean": 0.019640784710645676,
            "error": 0.01776150182744656,
            "tau_int": 5.857479644614029,
            "dtau_int": 0.44851000391754103
          },
          "Chi_t": {
            "mean": 0.6732669472694397,
            "error": 0.018386615625157463,
            "tau_int": 4.62356483080496,
            "dtau_int": 0.3196759888819366
          }
        },
        "n_skipped": 0.0,
        "step_size": 0.0
      },
      {
        "acc_rate": 0.32928,
        "n_steps": 25000.0,
        "obs_stats": {
          "Q": {
            "mean": 0.013960557989776134,
            "error": 0.016865764625801513,
            "tau_int": 5.419400519773259,
            "dtau_int": 0.40019673281578455
          },
          "Chi_t": {
            "mean": 0.6559862494468689,
            "error": 0.016023785150431187,
            "tau_int": 3.6925641897178973,
            "dtau_int": 0.23264175699676193
          }
        },
        "n_skipped": 0.0,
        "step_size": 0.0
      },
      {
        "acc_rate": 0.32464,
        "n_steps": 25000.0,
        "obs_stats": {
          "Q": {
            "mean": -0.003160126507282257,
            "error": 0.01862221024323674,
            "tau_int": 6.640088930422618,
            "dtau_int": 0.5368973764892719
          },
          "Chi_t": {
            "mean": 0.6524661183357239,
            "error": 0.021244679601206375,
            "tau_int": 6.513587800062821,
            "dtau_int": 0.5210089314416582
          }
        },
        "n_skipped": 0.0,
        "step_size": 0.0
      }
    ],
    [
      {
        "acc_rate": 0.31915,
        "n_steps": 40000.0,
        "obs_stats": {
          "Q": {
            "mean": -0.004050101153552532,
            "error": 0.013662176001365555,
            "tau_int": 5.540340533280305,
            "dtau_int": 0.3368262021520465
          },
          "Chi_t": {
            "mean": 0.6736168265342712,
            "error": 0.013948221480618679,
            "tau_int": 4.276868141810749,
            "dtau_int": 0.2351261986888408
          }
        },
        "n_skipped": 0.0,
        "step_size": 0.0
      },
      {
        "acc_rate": 0.323425,
        "n_steps": 40000.0,
        "obs_stats": {
          "Q": {
            "mean": 0.007925198413431644,
            "error": 0.012924233443647298,
            "tau_int": 5.0141161520378805,
            "dtau_int": 0.29445606190791684
          },
          "Chi_t": {
            "mean": 0.6661416292190552,
            "error": 0.013451857683672184,
            "tau_int": 3.969484817955208,
            "dtau_int": 0.2082796039737863
          }
        },
        "n_skipped": 0.0,
        "step_size": 0.0
      },
      {
        "acc_rate": 0.31865,
        "n_steps": 40000.0,
        "obs_stats": {
          "Q": {
            "mean": 0.023675592616200447,
            "error": 0.01349408896036975,
            "tau_int": 5.5386272000944965,
            "dtau_int": 0.3367298442852597
          },
          "Chi_t": {
            "mean": 0.6578914523124695,
            "error": 0.014934197479393056,
            "tau_int": 5.040051999610307,
            "dtau_int": 0.2958678357062339
          }
        },
        "n_skipped": 0.0,
        "step_size": 0.0
      }
    ],
    [
      {
        "acc_rate": 0.32612,
        "n_steps": 50000.0,
        "obs_stats": {
          "Q": {
            "mean": 0.015980320051312447,
            "error": 0.012950868317604577,
            "tau_int": 6.2194167824093345,
            "dtau_int": 0.361717468176134
          },
          "Chi_t": {
            "mean": 0.6742734909057617,
            "error": 0.010532653523820242,
            "tau_int": 3.3654407162318156,
            "dtau_int": 0.15091309240215792
          }
        },
        "n_skipped": 0.0,
        "step_size": 0.0
      },
      {
        "acc_rate": 0.33682,
        "n_steps": 50000.0,
        "obs_stats": {
          "Q": {
            "mean": -0.01284025702625513,
            "error": 0.012246603929226446,
            "tau_int": 5.4896277824359645,
            "dtau_int": 0.30272152068505653
          },
          "Chi_t": {
            "mean": 0.6830136775970459,
            "error": 0.015634701287957804,
            "tau_int": 6.277420301341715,
            "dtau_int": 0.36484040246197585
          }
        },
        "n_skipped": 0.0,
        "step_size": 0.0
      },
      {
        "acc_rate": 0.3242,
        "n_steps": 50000.0,
        "obs_stats": {
          "Q": {
            "mean": -0.006620132364332676,
            "error": 0.011890378707654197,
            "tau_int": 5.387148541056372,
            "dtau_int": 0.2935421351084034
          },
          "Chi_t": {
            "mean": 0.6559931039810181,
            "error": 0.013636724596814224,
            "tau_int": 5.247880182311651,
            "dtau_int": 0.2826180858803549
          }
        },
        "n_skipped": 0.0,
        "step_size": 0.0
      }
    ],
    [
      {
        "acc_rate": 0.31969333333333333,
        "n_steps": 75000.0,
        "obs_stats": {
          "Q": {
            "mean": 0.006600087974220514,
            "error": 0.010040464108829058,
            "tau_int": 5.638291896178843,
            "dtau_int": 0.26321344751052383
          },
          "Chi_t": {
            "mean": 0.6704222559928894,
            "error": 0.010417862897020085,
            "tau_int": 4.480118460239378,
            "dtau_int": 0.18800937781241023
          }
        },
        "n_skipped": 0.0,
        "step_size": 0.0
      },
      {
        "acc_rate": 0.3236133333333333,
        "n_steps": 75000.0,
        "obs_stats": {
          "Q": {
            "mean": -0.010120134800672531,
            "error": 0.008472564911238618,
            "tau_int": 4.26764346487822,
            "dtau_int": 0.17694423524266475
          },
          "Chi_t": {
            "mean": 0.6307950615882874,
            "error": 0.00936279282451432,
            "tau_int": 4.003269259069351,
            "dtau_int": 0.1614521019926201
          }
        },
        "n_skipped": 0.0,
        "step_size": 0.0
      },
      {
        "acc_rate": 0.32170666666666664,
        "n_steps": 75000.0,
        "obs_stats": {
          "Q": {
            "mean": 0.01377351675182581,
            "error": 0.00962421717613715,
            "tau_int": 5.303850800990374,
            "dtau_int": 0.23938853587355952
          },
          "Chi_t": {
            "mean": 0.6549820899963379,
            "error": 0.01004472983434019,
            "tau_int": 4.297901129037781,
            "dtau_int": 0.17811511244120298
          }
        },
        "n_skipped": 0.0,
        "step_size": 0.0
      }
    ],
    [
      {
        "acc_rate": 0.33092,
        "n_steps": 100000.0,
        "obs_stats": {
          "Q": {
            "mean": 0.008040080778300762,
            "error": 0.008228851430474225,
            "tau_int": 5.071476525666045,
            "dtau_int": 0.1988352756843286
          },
          "Chi_t": {
            "mean": 0.6675866842269897,
            "error": 0.00842380167159239,
            "tau_int": 3.959133120420586,
            "dtau_int": 0.1383798806542533
          }
        },
        "n_skipped": 0.0,
        "step_size": 0.0
      },
      {
        "acc_rate": 0.31795,
        "n_steps": 100000.0,
        "obs_stats": {
          "Q": {
            "mean": -0.0007600075914524496,
            "error": 0.009147574320024296,
            "tau_int": 6.1987786055674645,
            "dtau_int": 0.26387196326300205
          },
          "Chi_t": {
            "mean": 0.6748667359352112,