{
  "observables": [
    "Chi_t"
  ],
  "n_samples": [
    50000,
    80000,
    100000
  ],
  "nip": [],
  "nmcmc": [
    [
      {
        "acc_rate": 0.66162,
        "n_steps": 50000,
        "obs_stats": {
          "Q": {
            "mean": 0.003280000062659383,
            "error": 0.005491530344588552,
            "tau_int": 1.1406833868259723,
            "dtau_int": 0.031212760465196665
          },
          "Chi_t": {
            "mean": 0.6609200239181519,
            "error": 0.006023556418979062,
            "tau_int": 1.0242777034820159,
            "dtau_int": 0.026671722990505107
          }
        },
        "n_skipped": 0,
        "step_size": 0
      },
      {
        "acc_rate": 0.6596,
        "n_steps": 50000,
        "obs_stats": {
          "Q": {
            "mean": 0.00203999993391335,
            "error": 0.005755200561092303,
            "tau_int": 1.2226433999885555,
            "dtau_int": 0.03505786902602824
          },
          "Chi_t": {
            "mean": 0.6772400140762329,
            "error": 0.006613182301950541,
            "tau_int": 1.1678271553138224,
            "dtau_int": 0.03190912902497662
          }
        },
        "n_skipped": 0,
        "step_size": 0
      },
      {
        "acc_rate": 0.65518,
        "n_steps": 50000,
        "obs_stats": {
          "Q": {
            "mean": 0.006680000107735395,
            "error": 0.005517482012257561,
            "tau_int": 1.1535032742755524,
            "dtau_int": 0.03154192931858414
          },
          "Chi_t": {
            "mean": 0.6597999930381775,
            "error": 0.006021423469240194,
            "tau_int": 1.0386121357145843,
            "dtau_int": 0.027022105669801497
          }
        },
        "n_skipped": 0,
        "step_size": 0
      }
    ],
    [
      {
        "acc_rate": 0.6599625,
        "n_steps": 80000,
        "obs_stats": {
          "Q": {
            "mean": -0.0019749999046325684,
            "error": 0.004393437457306191,
            "tau_int": 1.161712072515971,
            "dtau_int": 0.02641239699794158
          },
          "Chi_t": {
            "mean": 0.6646000146865845,
            "error": 0.0048123381283147115,
            "tau_int": 1.0429684983488317,
            "dtau_int": 0.022679507078823713
          }
        },
        "n_skipped": 0,
        "step_size": 0
      },
      {
        "acc_rate": 0.658925,
        "n_steps": 80000,
        "obs_stats": {
          "Q": {
            "mean": 0.002725000027567148,
            "error": 0.0043898301566907836,
            "tau_int": 1.1624349475651021,
            "dtau_int": 0.02642790810923742
          },
          "Chi_t": {
            "mean": 0.663100004196167,
            "error": 0.004881941127189238,
            "tau_int": 1.0848476078847171,
            "dtau_int": 0.023537883813475862
          }
        },
        "n_skipped": 0,
        "step_size": 0
      },
      {
        "acc_rate": 0.6592,
        "n_steps": 80000,
        "obs_stats": {
          "Q": {
            "mean": -0.008037500083446503,
            "error": 0.004392817663060859,
            "tau_int": 1.1728516809704301,
            "dtau_int": 0.02665129423577485
          },
          "Chi_t": {
            "mean": 0.6581624746322632,
            "error": 0.004907124141006095,
            "tau_int": 1.1249532832507154,
            "dtau_int": 0.024356013718387585
          }
        },
        "n_skipped": 0,
        "step_size": 0
      }
    ],
    [
      {
        "acc_rate": 0.65465,
        "n_steps": 100000,
        "obs_stats": {
          "Q": {
            "mean": 0.001500000013038516,
            "error": 0.004040911218621368,
            "tau_int": 1.2260931476055732,
            "dtau_int": 0.026036984349853347
          },
          "Chi_t": {
            "mean": 0.665880024433136,
            "error": 0.004513452111673253,
            "tau_int": 1.1465337006449292,
            "dtau_int": 0.023332415810635058
          }
        },
        "n_skipped": 0,
        "step_size": 0
      },
      {
        "acc_rate": 0.66032,
        "n_steps": 100000,
        "obs_stats": {
          "Q": {
            "mean": -0.005160000175237656,
            "error": 0.004078207333869586,
            "tau_int": 1.2443902785199275,
            "dtau_int": 0.026404084762210366
          },
          "Chi_t": {
            "mean": 0.6682800054550171,
            "error": 0.004565939437741186,
            "tau_int": 1.1478771242447505,
            "dtau_int": 0.02335823943155084
          }
        },
        "n_skipped": 0,
        "step_size": 0
      },
      {
        "acc_rate": 0.65899,
        "n_steps": 100000,
        "obs_stats": {
          "Q": {
            "mean": 0.0013500000350177288,
            "error": 0.003997374918796839,
            "tau_int": 1.2027236941615544,
            "dtau_int": 0.024409396703813334
          },
          "Chi_t": {
            "mean": 0.6642699837684631,
            "error": 0.004400367956356121,
            "tau_int": 1.081993281459404,
            "dtau_int": 0.021000713864360112
          }
        },
        "n_skipped": 0,
        "step_size": 0
      }
    ]
  ],
  "exact_sus": 0.6629736823224884
}