{
  "observables": [
    "Chi_t"
  ],
  "n_samples": [
    50000,
    80000,
    100000
  ],
  "nip": [],
  "nmcmc": [
    [
      {
        "acc_rate": 0.71632,
        "n_steps": 50000,
        "obs_stats": {
          "Q": {
            "mean": 0.002859999891370535,
            "error": 0.0049641999044889775,
            "tau_int": 0.924386781180399,
            "dtau_int": 0.02275661260937329
          },
          "Chi_t": {
            "mean": 0.6664599776268005,
            "error": 0.005715563893450423,
            "tau_int": 0.8907255797694313,
            "dtau_int": 0.02197660191316245
          }
        },
        "n_skipped": 0,
        "step_size": 0
      },
      {
        "acc_rate": 0.7176,
        "n_steps": 50000,
        "obs_stats": {
          "Q": {
            "mean": 0.003060000017285347,
            "error": 0.005088264582809204,
            "tau_int": 0.9661237628479733,
            "dtau_int": 0.025243578951173705
          },
          "Chi_t": {
            "mean": 0.6699399948120117,
            "error": 0.005790782449919341,
            "tau_int": 0.9244570856234495,
            "dtau_int": 0.022758237765534123
          }
        },
        "n_skipped": 0,
        "step_size": 0
      },
      {
        "acc_rate": 0.72062,
        "n_steps": 50000,
        "obs_stats": {
          "Q": {
            "mean": -0.009159999899566174,
            "error": 0.005092402309442025,
            "tau_int": 0.9811908333773358,
            "dtau_int": 0.02561462018348493
          },
          "Chi_t": {
            "mean": 0.6607999801635742,
            "error": 0.00575180659218627,
            "tau_int": 0.9364429592870751,
            "dtau_int": 0.023035060936501667
          }
        },
        "n_skipped": 0,
        "step_size": 0
      }
    ],
    [
      {
        "acc_rate": 0.712975,
        "n_steps": 80000,
        "obs_stats": {
          "Q": {
            "mean": -0.001362500013783574,
            "error": 0.004048811672389393,
            "tau_int": 0.9847018985399985,
            "dtau_int": 0.020318409342622856
          },
          "Chi_t": {
            "mean": 0.6658874750137329,
            "error": 0.004611302376865627,
            "tau_int": 0.9537584674775961,
            "dtau_int": 0.01971564502191071
          }
        },
        "n_skipped": 0,
        "step_size": 0
      },
      {
        "acc_rate": 0.7142875,
        "n_steps": 80000,
        "obs_stats": {
          "Q": {
            "mean": 0.00011249999806750566,
            "error": 0.00398497648074303,
            "tau_int": 0.9533218634267666,
            "dtau_int": 0.019707123121137836
          },
          "Chi_t": {
            "mean": 0.6662874817848206,
            "error": 0.004408305866318605,
            "tau_int": 0.8882026793366962,
            "dtau_int": 0.017327690772677058
          }
        },
        "n_skipped": 0,
        "step_size": 0
      },
      {
        "acc_rate": 0.720125,
        "n_steps": 80000,
        "obs_stats": {
          "Q": {
            "mean": 0.0076500000432133675,
            "error": 0.004034514438284297,
            "tau_int": 0.9788171870310636,
            "dtau_int": 0.020203961397018758
          },
          "Chi_t": {
            "mean": 0.6652250289916992,
            "error": 0.004524707118544749,
            "tau_int": 0.9283520322488386,
            "dtau_int": 0.019218958893809895
          }
        },
        "n_skipped": 0,
        "step_size": 0
      }
    ],
    [
      {
        "acc_rate": 0.71365,
        "n_steps": 100000,
        "obs_stats": {
          "Q": {
            "mean": -0.002420000033453107,
            "error": 0.003643777142126327,
            "tau_int": 0.9926555580774346,
            "dtau_int": 0.018311570048229864
          },
          "Chi_t": {
            "mean": 0.6687600016593933,
            "error": 0.004095919621682701,
            "tau_int": 0.9425701982298607,
            "dtau_int": 0.017438750837692016
          }
        },
        "n_skipped": 0,
        "step_size": 0
      },
      {
        "acc_rate": 0.71626,
        "n_steps": 100000,
        "obs_stats": {
          "Q": {
            "mean": 0.008190000429749489,
            "error": 0.0035955657173097704,
            "tau_int": 0.9669538939631872,
            "dtau_int": 0.01786437425106991
          },
          "Chi_t": {
            "mean": 0.6685500144958496,
            "error": 0.004030277520038176,
            "tau_int": 0.8969280157111919,
            "dtau_int": 0.015641634602944737
          }
        },
        "n_skipped": 0,
        "step_size": 0
      },
      {
        "acc_rate": 0.71639,
        "n_steps": 100000,
        "obs_stats": {
          "Q": {
            "mean": 0.0022799998987466097,
            "error": 0.003552116154720867,
            "tau_int": 0.940697742025685,
            "dtau_int": 0.01740601200711391
          },
          "Chi_t": {
            "mean": 0.6706399917602539,
            "error": 0.004050370981630024,
            "tau_int": 0.9143648886453695,
            "dtau_int": 0.01694477280155485
          }
        },
        "n_skipped": 0,
        "step_size": 0
      }
    ]
  ],
  "exact_sus": 0.6687749432186545
}