{
  "observables": [
    "Chi_t"
  ],
  "n_samples": [
    50000,
    125000,
    250000
  ],
  "nip": [
    [
      {
        "obs_stats": {
          "Q": {
            "mean": -0.00045525506720878184,
            "error": 0.005917742382735014,
            "error_ess": 0.006077775731682777,
            "ess_q": 0.43496283888816833
          },
          "Chi_t": {
            "mean": 0.8033465147018433,
            "error": 0.008350357413291931,
            "error_ess": 0.007730910088866949,
            "ess_q": 0.43496283888816833
          }
        },
        "entropy": 69146.2734375,
        "std_entropy": 10051143.0,
        "free_energy": -0.5736253389018708,
        "std_free_energy": 0.0007208531023934484
      },
      {
        "obs_stats": {
          "Q": {
            "mean": 0.004975250922143459,
            "error": 0.005883918609470129,
            "error_ess": 0.006221846677362919,
            "ess_q": 0.41026949882507324
          },
          "Chi_t": {
            "mean": 0.7941137552261353,
            "error": 0.0075919427908957005,
            "error_ess": 0.00781896710395813,
            "ess_q": 0.41026949882507324
          }
        },
        "entropy": 69160.3046875,
        "std_entropy": 10357265.0,
        "free_energy": -0.5734438439928483,
        "std_free_energy": 0.0007582746329717338
      },
      {
        "obs_stats": {
          "Q": {
            "mean": -0.003960947971791029,
            "error": 0.00606835912913084,
            "error_ess": 0.0061714062467217445,
            "ess_q": 0.41636577248573303
          },
          "Chi_t": {
            "mean": 0.7928903698921204,
            "error": 0.008518052287399769,
            "error_ess": 0.007829861715435982,
            "ess_q": 0.41636577248573303
          }
        },
        "entropy": 69175.421875,
        "std_entropy": 10283539.0,
        "free_energy": -0.5736093489429726,
        "std_free_energy": 0.0007488023256883025
      }
    ],
    [
      {
        "obs_stats": {
          "Q": {
            "mean": -0.0006621424108743668,
            "error": 0.003589721629396081,
            "error_ess": 0.003836843417957425,
            "ess_q": 0.4291216731071472
          },
          "Chi_t": {
            "mean": 0.7896513342857361,
            "error": 0.00475324084982276,
            "error_ess": 0.004831639118492603,
            "ess_q": 0.4291216731071472
          }
        },
        "entropy": 175323.6875,
        "std_entropy": 40092376.0,
        "free_energy": -0.5735950240827119,
        "std_free_energy": 0.0004613635246641934
      },
      {
        "obs_stats": {
          "Q": {
            "mean": -0.004797620233148336,
            "error": 0.003954943269491196,
            "error_ess": 0.004025070462375879,
            "ess_q": 0.38986948132514954
          },
          "Chi_t": {
            "mean": 0.7895606160163879,
            "error": 0.005061163101345301,
            "error_ess": 0.005043907556682825,
            "ess_q": 0.38986948132514954
          }
        },
        "entropy": 175352.265625,
        "std_entropy": 42081628.0,
        "free_energy": -0.573549530576852,
        "std_free_energy": 0.0005003956030122936
      },
      {
        "obs_stats": {
          "Q": {
            "mean": -0.004276130348443985,
            "error": 0.003758371341973543,
            "error_ess": 0.003953821957111359,
            "ess_q": 0.40268710255622864
          },
          "Chi_t": {
            "mean": 0.7868981957435608,
            "error": 0.004944171756505966,
            "error_ess": 0.004975686781108379,
            "ess_q": 0.40268710255622864
          }
        },
        "entropy": 175299.859375,
        "std_entropy": 41369024.0,
        "free_energy": -0.5736682859924427,
        "std_free_energy": 0.0004871680575888604
      }
    ],
    [
      {
        "obs_stats": {
          "Q": {
            "mean": 0.000574071891605854,
            "error": 0.002733713248744607,
            "error_ess": 0.002782263094559312,
            "ess_q": 0.4089058041572571
          },
          "Chi_t": {
            "mean": 0.7913309931755066,
            "error": 0.0038696001283824444,
            "error_ess": 0.003526081331074238,
            "ess_q": 0.4089058041572571
          }
        },
        "entropy": 354143.375,
        "std_entropy": 116205376.0,
        "free_energy": -0.5735225465358625,
        "std_free_energy": 0.0003400654823053628
      },
      {
        "obs_stats": {
          "Q": {
            "mean": -0.0018041222356259823,
            "error": 0.0026814595330506563,
            "error_ess": 0.0028564142994582653,
            "ess_q": 0.38902679085731506
          },
          "Chi_t": {
            "mean": 0.7935275435447693,
            "error": 0.003623124910518527,
            "error_ess": 0.0036028139293193817,
            "ess_q": 0.38902679085731506
          }
        },
        "entropy": 354050.125,
        "std_entropy": 119051560.0,
        "free_energy": -0.5735781974482245,
        "std_free_energy": 0.00035445994581095874
      },
      {
        "obs_stats": {
          "Q": {
            "mean": 0.001645106473006308,
            "error": 0.0026403379160910845,
            "error_ess": 0.0027455578092485666,
            "ess_q": 0.4196157455444336
          },
          "Chi_t": {
            "mean": 0.7907746434211731,
            "error": 0.0036129800137132406,
            "error_ess": 0.00346876191906631,
            "ess_q": 0.4196157455444336
          }
        },
        "entropy": 354175.4375,
        "std_entropy": 114744832.0,
        "free_energy": -0.5734851038321384,
        "std_free_energy": 0.00033264252124354243
      }
    ]
  ],
  "nmcmc": [
    [
      {
        "acc_rate": 0.52424,
        "n_steps": 50000,
        "obs_stats": {
          "Q": {
            "mean": -0.007540151011198759,
            "error": 0.008354725233448476,
            "tau_int": 2.1930697461755497,
            "dtau_int": 0.08160406666962607
          },
          "Chi_t": {
            "mean": 0.7956759333610535,
            "error": 0.010400411650780728,
            "tau_int": 2.087338116110408,
            "dtau_int": 0.0756365396043305
          }
        },
        "n_skipped": 0,
        "step_size": 0
      },
      {
        "acc_rate": 0.53198,
        "n_steps": 50000,
        "obs_stats": {
          "Q": {
            "mean": -0.01732034608721733,
            "error": 0.007470244089755333,
            "tau_int": 1.7613571873968819,
            "dtau_int": 0.05839406227504059
          },
          "Chi_t": {
            "mean": 0.7922958731651306,
            "error": 0.008709164737602759,
            "tau_int": 1.5187823615615446,
            "dtau_int": 0.047021378817030786
          }
        },
        "n_skipped": 0,
        "step_size": 0
      },
      {
        "acc_rate": 0.53892,
        "n_steps": 50000,
        "obs_stats": {
          "Q": {
            "mean": 0.007180143613368273,
            "error": 0.007426078794770152,
            "tau_int": 1.7605353449840386,
            "dtau_int": 0.058368561551263666
          },
          "Chi_t": {
            "mean": 0.7830756902694702,
            "error": 0.008956041210696316,
            "tau_int": 1.5886632512709191,
            "dtau_int": 0.051058351675082526
          }
        },
        "n_skipped": 0,
        "step_size": 0
      }
    ],
    [
      {
        "acc_rate": 0.53216,
        "n_steps": 125000,
        "obs_stats": {
          "Q": {
            "mean": -0.003960031550377607,
            "error": 0.005174688360113893,
            "tau_int": 2.104485401353672,
            "dtau_int": 0.05105974181463246
          },
          "Chi_t": {
            "mean": 0.7952303886413574,
            "error": 0.006539334395332196,
            "tau_int": 2.0716318422447464,
            "dtau_int": 0.04892351665046227
          }
        },
        "n_skipped": 0,