{
  "observables": [
    "Chi_t"
  ],
  "n_samples": [
    50000,
    125000,
    250000,
    500000,
    1000000,
    100000
  ],
  "nip": [
    [
      {
        "obs_stats": {
          "Q": {
            "mean": 0.006686115171760321,
            "error": 0.004607802256941795,
            "error_ess": 0.00485351262614131,
            "ess_q": 0.4394879639148712
          },
          "Chi_t": {
            "mean": 0.5176761746406555,
            "error": 0.005043267272412777,
            "error_ess": 0.004950727801769972,
            "ess_q": 0.4394879639148712
          }
        },
        "entropy": 59142.01171875,
        "std_entropy": 9554959.0,
        "free_energy": -0.39988238265500287,
        "std_free_energy": 0.0007142550311982632
      },
      {
        "obs_stats": {
          "Q": {
            "mean": -0.0018964617047458887,
            "error": 0.005046832840889692,
            "error_ess": 0.005131454207003117,
            "ess_q": 0.39956432580947876
          },
          "Chi_t": {
            "mean": 0.5260558724403381,
            "error": 0.006079879589378834,
            "error_ess": 0.005323117133229971,
            "ess_q": 0.39956432580947876
          }
        },
        "entropy": 59141.8359375,
        "std_entropy": 10018687.0,
        "free_energy": -0.4000066859291406,
        "std_free_energy": 0.0007753079407848418
      },
      {
        "obs_stats": {
          "Q": {
            "mean": 0.002596215344965458,
            "error": 0.005138203501701355,
            "error_ess": 0.005197722930461168,
            "ess_q": 0.37959471344947815
          },
          "Chi_t": {
            "mean": 0.5127591490745544,
            "error": 0.0054368264973163605,
            "error_ess": 0.00532006099820137,
            "ess_q": 0.37959471344947815
          }
        },
        "entropy": 59052.08984375,
        "std_entropy": 10245828.0,
        "free_energy": -0.40003087066940274,
        "std_free_energy": 0.0008085595327429473
      }
    ],
    [
      {
        "obs_stats": {
          "Q": {
            "mean": -0.004703482147306204,
            "error": 0.0029690531082451344,
            "error_ess": 0.0034736692905426025,
            "ess_q": 0.34928640723228455
          },
          "Chi_t": {
            "mean": 0.5268456339836121,
            "error": 0.0033314749598503113,
            "error_ess": 0.0036186808720231056,
            "ess_q": 0.34928640723228455
          }
        },
        "entropy": 150183.3125,
        "std_entropy": 42380620.0,
        "free_energy": -0.39999284657013073,
        "std_free_energy": 0.0005459662643261254
      },
      {
        "obs_stats": {
          "Q": {
            "mean": 0.0012769225286319852,
            "error": 0.0033733113668859005,
            "error_ess": 0.003364406991750002,
            "ess_q": 0.36740201711654663
          },
          "Chi_t": {
            "mean": 0.5198361873626709,
            "error": 0.003857736475765705,
            "error_ess": 0.003437696723267436,
            "ess_q": 0.36740201711654663
          }
        },
        "entropy": 150050.265625,
        "std_entropy": 41238804.0,
        "free_energy": -0.40007759347203786,
        "std_free_energy": 0.0005248737288638949
      },
      {
        "obs_stats": {
          "Q": {
            "mean": 0.0021306918933987617,
            "error": 0.0031030219979584217,
            "error_ess": 0.003323446726426482,
            "ess_q": 0.37599000334739685
          },
          "Chi_t": {
            "mean": 0.5191155672073364,
            "error": 0.0034929446410387754,
            "error_ess": 0.0034435708075761795,
            "ess_q": 0.37599000334739685
          }
        },
        "entropy": 150219.90625,
        "std_entropy": 40867080.0,
        "free_energy": -0.4000198841808848,
        "std_free_energy": 0.0005153109086677432
      }
    ],
    [
      {
        "obs_stats": {
          "Q": {
            "mean": 0.0035056928172707558,
            "error": 0.0021510778460651636,
            "error_ess": 0.0024356453213840723,
            "ess_q": 0.34940099716186523
          },
          "Chi_t": {
            "mean": 0.5182040929794312,
            "error": 0.0023865429684519768,
            "error_ess": 0.0025270029436796904,
            "ess_q": 0.34940099716186523
          }
        },
        "entropy": 303791.75,
        "std_entropy": 119828728.0,
        "free_energy": -0.3999351174600042,
        "std_free_energy": 0.0003859583812300116
      },
      {
        "obs_stats": {
          "Q": {
            "mean": -0.0005232224357314408,
            "error": 0.0021375883370637894,
            "error_ess": 0.0023660368751734495,
            "ess_q": 0.37145617604255676
          },
          "Chi_t": {
            "mean": 0.5198632478713989,
            "error": 0.0024389433674514294,
            "error_ess": 0.0024494293611496687,
            "ess_q": 0.37145617604255676
          }
        },
        "entropy": 303797.03125,
        "std_entropy": 116205088.0,
        "free_energy": -0.4000138381503416,
        "std_free_energy": 0.00036792547325603664
      },
      {
        "obs_stats": {
          "Q": {
            "mean": 0.0027079167775809765,
            "error": 0.0022404110059142113,
            "error_ess": 0.002417593728750944,
            "ess_q": 0.35743656754493713
          },
          "Chi_t": {
            "mean": 0.5222879648208618,
            "error": 0.0026370950508862734,
            "error_ess": 0.002499439986422658,
            "ess_q": 0.35743656754493713
          }
        },
        "entropy": 303788.90625,
        "std_entropy": 118461488.0,
        "free_energy": -0.3999842621295805,
        "std_free_energy": 0.00037923146737739444
      }
    ],
    [
      {
        "obs_stats": {
          "Q": {
            "mean": -0.0007361535099335015,
            "error": 0.0016758994897827506,
            "error_ess": 0.001702075474895537,
            "ess_q": 0.3610534369945526
          },
          "Chi_t": {
            "mean": 0.5229964852333069,
            "error": 0.0018602117197588086,
            "error_ess": 0.0017533127684146166,
            "ess_q": 0.3610534369945526
          }
        },
        "entropy": 614410.6875,
        "std_entropy": 333250528.0,
        "free_energy": -0.40000253429545024,
        "std_free_energy": 0.00026605839957483113
      },
      {
        "obs_stats": {
          "Q": {
            "mean": -0.000223360926611349,
            "error": 0.0016185396816581488,
            "error_ess": 0.0019192665349692106,
            "ess_q": 0.2825862467288971
          },
          "Chi_t": {
            "mean": 0.5204641819000244,
            "error": 0.0017804562812671065,
            "error_ess": 0.0019746017642319202,
            "ess_q": 0.2825862467288971
          }
        },
        "entropy": 614432.1875,
        "std_entropy": 376705312.0,
        "free_energy": -0.4000184823909403,
        "std_free_energy": 0.00031866898643784225
      },
      {
        "obs_stats": {
          "Q": {
            "mean": -0.003065678058192134,
            "error": 0.001545323641039431,
            "error_ess": 0.0016284678131341934,
            "ess_q": 0.3951946198940277
          },
          "Chi_t": {
            "mean": 0.5240181684494019,
            "error": 0.0017617237754166126,
            "error_ess": 0.001698096632026136,
            "ess_q": 0.3951946198940277
          }
        },
        "entropy": 614403.8125,
        "std_entropy": 318550432.0,
        "free_energy": -0.3999533108461398,
        "std_free_energy": 0.00024741882225498557
      }
    ],
    [
      {
        "obs_stats": {
          "Q": {
            "mean": -3.622682925197296e-05,
            "error": 0.001115818158723414,
            "error_ess": 0.0011611680965870619,
            "ess_q": 0.38771936297416687
          },
          "Chi_t": {
            "mean": 0.5227658748626709,