{
  "observables": [
    "Chi_t"
  ],
  "n_samples": [
    25000,
    40000,
    50000,
    75000,
    100000,
    125000,
    150000,
    175000
  ],
  "nip": [],
  "nmcmc": [
    [
      {
        "acc_rate": 0.00796,
        "n_steps": 25000,
        "obs_stats": {
          "Q": {
            "mean": -0.131485253572464,
            "error": 0.21659010957438002,
            "tau_int": 682.3112427611757,
            "dtau_int": 295.9986407274583
          },
          "Chi_t": {
            "mean": 0.8358334302902222,
            "error": 0.40550276480761027,
            "tau_int": 1148.667315885371,
            "dtau_int": 541.6817471048809
          }
        },
        "n_skipped": 0,
        "step_size": 0
      },
      {
        "acc_rate": 0.01564,
        "n_steps": 25000,
        "obs_stats": {
          "Q": {
            "mean": -0.1451658010482788,
            "error": 0.06069102080049927,
            "tau_int": 141.39616140479532,
            "dtau_int": 38.4065826117556
          },
          "Chi_t": {
            "mean": 0.34317371249198914,
            "error": 0.07172967737234867,
            "tau_int": 132.6740248862013,
            "dtau_int": 35.23612728984658
          }
        },
        "n_skipped": 0,
        "step_size": 0
      },
      {
        "acc_rate": 0.01428,
        "n_steps": 25000,
        "obs_stats": {
          "Q": {
            "mean": 0.12088483572006226,
            "error": 0.09437001838321196,
            "tau_int": 223.57103454309078,
            "dtau_int": 70.97902070985465
          },
          "Chi_t": {
            "mean": 0.5041801929473877,
            "error": 0.08673572376806223,
            "tau_int": 177.34781930803376,
            "dtau_int": 52.13778741669503
          }
        },
        "n_skipped": 0,
        "step_size": 0
      }
    ],
    [
      {
        "acc_rate": 0.008225,
        "n_steps": 40000,
        "obs_stats": {
          "Q": {
            "mean": 0.2930823266506195,
            "error": 0.20794178490506882,
            "tau_int": 2056.247486186381,
            "dtau_int": 976.7303092512304
          },
          "Chi_t": {
            "mean": 0.470886766910553,
            "error": 0.1419695504600648,
            "tau_int": 1175.9217871190388,
            "dtau_int": 518.0234754460591
          }
        },
        "n_skipped": 0,
        "step_size": 0
      },
      {
        "acc_rate": 0.01275,
        "n_steps": 40000,
        "obs_stats": {
          "Q": {
            "mean": 0.008000199683010578,
            "error": 0.09729521968708682,
            "tau_int": 449.37131079930197,
            "dtau_int": 153.4560485621773
          },
          "Chi_t": {
            "mean": 0.41261032223701477,
            "error": 0.18066270036167592,
            "tau_int": 667.6096186011856,
            "dtau_int": 256.3070819609474
          }
        },
        "n_skipped": 0,
        "step_size": 0
      },
      {
        "acc_rate": 0.014975,
        "n_steps": 40000,
        "obs_stats": {
          "Q": {
            "mean": 0.0555763877928257,
            "error": 0.06035661515637589,
            "tau_int": 163.79302769889048,
            "dtau_int": 39.606820116079206
          },
          "Chi_t": {
            "mean": 0.4443860948085785,
            "error": 0.06534884925840531,
            "tau_int": 154.40510147878763,
            "dtau_int": 36.542468595609186
          }
        },
        "n_skipped": 0,
        "step_size": 0
      }
    ],
    [
      {
        "acc_rate": 0.00728,
        "n_steps": 50000,
        "obs_stats": {
          "Q": {
            "mean": 0.3498469889163971,
            "error": 0.23869781184504735,
            "tau_int": 2553.774589421902,
            "dtau_int": 1212.7136980994635
          },
          "Chi_t": {
            "mean": 0.6332526803016663,
            "error": 0.10055699483366638,
            "tau_int": 795.6096241319938,
            "dtau_int": 301.31880223656594
          }
        },
        "n_skipped": 0,
        "step_size": 0
      },
      {
        "acc_rate": 0.00772,
        "n_steps": 50000,
        "obs_stats": {
          "Q": {
            "mean": 0.30764615535736084,
            "error": 0.1495820079153058,
            "tau_int": 1245.0392200135839,
            "dtau_int": 529.1057433763142
          },
          "Chi_t": {
            "mean": 0.5242905020713806,
            "error": 0.14191515115167183,
            "tau_int": 1237.7827348082674,
            "dtau_int": 525.3523581806356
          }
        },
        "n_skipped": 0,
        "step_size": 0
      },
      {
        "acc_rate": 0.00964,
        "n_steps": 50000,
        "obs_stats": {
          "Q": {
            "mean": -0.12394247949123383,
            "error": 0.13320749865732961,
            "tau_int": 806.1669504043073,
            "dtau_int": 306.45960704743396
          },
          "Chi_t": {
            "mean": 0.5495510101318359,
            "error": 0.08300249020912928,
            "tau_int": 496.2270945550625,
            "dtau_int": 162.91369653404254
          }
        },
        "n_skipped": 0,
        "step_size": 0
      }
    ],
    [
      {
        "acc_rate": 0.009413333333333333,
        "n_steps": 75000,
        "obs_stats": {
          "Q": {
            "mean": -0.00258670118637383,
            "error": 0.0646418605924229,
            "tau_int": 493.76163299899207,
            "dtau_int": 141.35773152752748
          },
          "Chi_t": {
            "mean": 0.313390851020813,
            "error": 0.07299726785079336,
            "tau_int": 605.018968664902,
            "dtau_int": 185.60075869923958
          }
        },
        "n_skipped": 0,
        "step_size": 0
      },
      {
        "acc_rate": 0.00596,
        "n_steps": 75000,
        "obs_stats": {
          "Q": {
            "mean": -0.25388339161872864,
            "error": 0.1765536562407036,
            "tau_int": 1691.5802205712162,
            "dtau_int": 702.3040030853726
          },
          "Chi_t": {
            "mean": 0.7279163599014282,
            "error": 0.07367672323635421,
            "tau_int": 378.37440678929494,
            "dtau_int": 98.63479177257649
          }
        },
        "n_skipped": 0,
        "step_size": 0
      },
      {
        "acc_rate": 0.013013333333333333,
        "n_steps": 75000,
        "obs_stats": {
          "Q": {
            "mean": 0.10832144320011139,
            "error": 0.0892294552995948,
            "tau_int": 393.1691561177574,
            "dtau_int": 103.93747967603011
          },
          "Chi_t": {
            "mean": 0.7635034918785095,
            "error": 0.1761174004872808,
            "tau_int": 567.6912605040256,
            "dtau_int": 170.47539667221477
          }
        },
        "n_skipped": 0,
        "step_size": 0
      }
    ],
    [
      {
        "acc_rate": 0.00223,
        "n_steps": 100000,
        "obs_stats": {
          "Q": {
            "mean": -0.6478164792060852,
            "error": 0.24030645108551496,
            "tau_int": 7960.050763392412,
            "dtau_int": 3590.8564915036523
          },
          "Chi_t": {
            "mean": 0.7365973591804504,
            "error": 0.1996795254223106,
            "tau_int": 8048.335410463006,
            "dtau_int": 3614.846042648552
          }
        },
        "n_skipped": 0,
        "step_size": 0
      },
      {
        "acc_rate": 0.00755,
        "n_steps": 100000,
        "obs_stats": {
          "Q": {
            "mean": -0.401604026556015,
            "error": 0.153204167056989,
            "tau_int": 2145.346462220651,
            "dtau_int": 879.7694758102047
          },
          "Chi_t": {
            "mean": 0.6874868869781494,
            "error": 0.08173918722670488,
            "tau_int": 1040.2452927126778,
            "dtau_int": 346.65508913518784
          }
        },
        "n_skipped": 0,
        "step_size": 0
      },
      {
        "acc_rate": 0.01103,