{
  "observables": [
    "Chi_t"
  ],
  "n_samples": [
    50000,
    125000,
    250000,
    500000,
    1000000
  ],
  "nip": [
    [
      {
        "obs_stats": {
          "Q": {
            "mean": 0.006482552736997604,
            "error": 0.010581647045910358,
            "error_ess": 0.01652507670223713,
            "ess_q": 0.035706374794244766
          },
          "Chi_t": {
            "mean": 0.4875638782978058,
            "error": 0.011926747858524323,
            "error_ess": 0.016787327826023102,
            "ess_q": 0.035706374794244766
          }
        },
        "entropy": 51361.7734375,
        "std_entropy": 32461848.0,
        "free_energy": -0.29825797895076517,
        "std_free_energy": 0.003000374650582671
      },
      {
        "obs_stats": {
          "Q": {
            "mean": 0.016411513090133667,
            "error": 0.009809975512325764,
            "error_ess": 0.011557442136108875,
            "ess_q": 0.07450127601623535
          },
          "Chi_t": {
            "mean": 0.4978328347206116,
            "error": 0.010542135685682297,
            "error_ess": 0.01140978466719389,
            "ess_q": 0.07450127601623535
          }
        },
        "entropy": 51338.4609375,
        "std_entropy": 22476724.0,
        "free_energy": -0.29770460493683354,
        "std_free_energy": 0.002034931443631649
      },
      {
        "obs_stats": {
          "Q": {
            "mean": 0.0009651682339608669,
            "error": 0.012151655741035938,
            "error_ess": 0.01437571831047535,
            "ess_q": 0.04845191910862923
          },
          "Chi_t": {
            "mean": 0.500647783279419,
            "error": 0.016110002994537354,
            "error_ess": 0.014653495512902737,
            "ess_q": 0.04845191910862923
          }
        },
        "entropy": 51457.75390625,
        "std_entropy": 27967912.0,
        "free_energy": -0.2981911086024186,
        "std_free_energy": 0.0025586069095879793
      }
    ],
    [
      {
        "obs_stats": {
          "Q": {
            "mean": 0.008132870309054852,
            "error": 0.006297213025391102,
            "error_ess": 0.019216232001781464,
            "ess_q": 0.010074096731841564
          },
          "Chi_t": {
            "mean": 0.46506208181381226,
            "error": 0.00698040472343564,
            "error_ess": 0.0195248331874609,
            "ess_q": 0.010074096731841564
          }
        },
        "entropy": 131295.828125,
        "std_entropy": 244800480.0,
        "free_energy": -0.2987942211806932,
        "std_free_energy": 0.003619673429057002
      },
      {
        "obs_stats": {
          "Q": {
            "mean": -0.04647136479616165,
            "error": 0.053096987307071686,
            "error_ess": 0.038714587688446045,
            "ess_q": 0.002750612795352936
          },
          "Chi_t": {
            "mean": 0.5174893736839294,
            "error": 0.053187642246484756,
            "error_ess": 0.037829745560884476,
            "ess_q": 0.002750612795352936
          }
        },
        "entropy": 130348.0859375,
        "std_entropy": 461953536.0,
        "free_energy": -0.29897087399627204,
        "std_free_energy": 0.0069527761079370975
      },
      {
        "obs_stats": {
          "Q": {
            "mean": -0.02665100246667862,
            "error": 0.010236243717372417,
            "error_ess": 0.009595850482583046,
            "ess_q": 0.04212683066725731
          },
          "Chi_t": {
            "mean": 0.4855879843235016,
            "error": 0.010713662952184677,
            "error_ess": 0.009677710011601448,
            "ess_q": 0.04212683066725731
          }
        },
        "entropy": 130426.015625,
        "std_entropy": 118295592.0,
        "free_energy": -0.2984128297829495,
        "std_free_energy": 0.0017411881126463413
      }
    ],
    [
      {
        "obs_stats": {
          "Q": {
            "mean": -0.012744782492518425,
            "error": 0.009537601843476295,
            "error_ess": 0.008910998702049255,
            "ess_q": 0.025226572528481483
          },
          "Chi_t": {
            "mean": 0.5009450316429138,
            "error": 0.010461447760462761,
            "error_ess": 0.009114168584346771,
            "ess_q": 0.025226572528481483
          }
        },
        "entropy": 264264.59375,
        "std_entropy": 434113760.0,
        "free_energy": -0.29830611437987453,
        "std_free_energy": 0.001605010824277997
      },
      {
        "obs_stats": {
          "Q": {
            "mean": 0.019175289198756218,
            "error": 0.013855183497071266,
            "error_ess": 0.010617556981742382,
            "ess_q": 0.017694180831313133
          },
          "Chi_t": {
            "mean": 0.4990430772304535,
            "error": 0.014045123010873795,
            "error_ess": 0.010484094731509686,
            "ess_q": 0.017694180831313133
          }
        },
        "entropy": 263954.28125,
        "std_entropy": 517300800.0,
        "free_energy": -0.298173918544249,
        "std_free_energy": 0.0019238152308389544
      },
      {
        "obs_stats": {
          "Q": {
            "mean": 0.009224369190633297,
            "error": 0.00719846598803997,
            "error_ess": 0.006733566056936979,
            "ess_q": 0.04378468915820122
          },
          "Chi_t": {
            "mean": 0.49639251828193665,
            "error": 0.007538433652371168,
            "error_ess": 0.006725566927343607,
            "ess_q": 0.04378468915820122
          }
        },
        "entropy": 263750.34375,
        "std_entropy": 328439168.0,
        "free_energy": -0.2980455343877857,
        "std_free_energy": 0.0012066239723935723
      }
    ],
    [
      {
        "obs_stats": {
          "Q": {
            "mean": 0.0036304236855357885,
            "error": 0.0050163851119577885,
            "error_ess": 0.004974100273102522,
            "ess_q": 0.03962862491607666
          },
          "Chi_t": {
            "mean": 0.49025142192840576,
            "error": 0.0052552721463143826,
            "error_ess": 0.004962458275258541,
            "ess_q": 0.03962862491607666
          }
        },
        "entropy": 533187.5625,
        "std_entropy": 975849664.0,
        "free_energy": -0.29821360967481375,
        "std_free_energy": 0.0008987831533886492
      },
      {
        "obs_stats": {
          "Q": {
            "mean": 0.014774230308830738,
            "error": 0.011821376159787178,
            "error_ess": 0.008809257298707962,
            "ess_q": 0.01284362468868494
          },
          "Chi_t": {
            "mean": 0.4985693097114563,
            "error": 0.013599184341728687,
            "error_ess": 0.00892097782343626,
            "ess_q": 0.01284362468868494
          }
        },
        "entropy": 535089.0625,
        "std_entropy": 1725721472.0,
        "free_energy": -0.29830032026030107,
        "std_free_energy": 0.0016006227815523744
      },
      {
        "obs_stats": {
          "Q": {
            "mean": 0.0022703115828335285,
            "error": 0.004989565350115299,
            "error_ess": 0.0060102189891040325,
            "ess_q": 0.026974530890583992
          },
          "Chi_t": {
            "mean": 0.4872010052204132,
            "error": 0.0052007511258125305,
            "error_ess": 0.006013094447553158,
            "ess_q": 0.026974530890583992
          }
        },
        "entropy": 533135.75,
        "std_entropy": 1182591232.0,
        "free_energy": -0.2982058069163289,
        "std_free_energy": 0.0010965412948280573
      }
    ],
    [
      {
        "obs_stats": {
          "Q": {
            "mean": -0.004099560435861349,
            "error": 0.0033167200163006783,
            "error_ess": 0.0037094939034432173,
            "ess_q": 0.0354873426258564
          },
          "Chi_t": {
            "mean": 0.48833438754081726,
            "error": 0.0035335803404450417,