{
  "observables": [
    "Chi_t"
  ],
  "n_samples": [
    50000,
    80000,
    100000
  ],
  "nip": [],
  "nmcmc": [
    [
      {
        "acc_rate": 0.73936,
        "n_steps": 50000,
        "obs_stats": {
          "Q": {
            "mean": 0.0069599999114871025,
            "error": 0.004841793505265233,
            "tau_int": 0.9032991946338602,
            "dtau_int": 0.022268405834637437
          },
          "Chi_t": {
            "mean": 0.6488400101661682,
            "error": 0.005595304846658741,
            "tau_int": 0.9260824331198583,
            "dtau_int": 0.022795804652240452
          }
        },
        "n_skipped": 0,
        "step_size": 0
      },
      {
        "acc_rate": 0.7418,
        "n_steps": 50000,
        "obs_stats": {
          "Q": {
            "mean": 0.0028800000436604023,
            "error": 0.00501652082131339,
            "tau_int": 0.9519442862194794,
            "dtau_int": 0.0233923618620468
          },
          "Chi_t": {
            "mean": 0.6608800292015076,
            "error": 0.005552535324270937,
            "tau_int": 0.8943383249026198,
            "dtau_int": 0.02206049924993669
          }
        },
        "n_skipped": 0,
        "step_size": 0
      },
      {
        "acc_rate": 0.7438,
        "n_steps": 50000,
        "obs_stats": {
          "Q": {
            "mean": 0.0029200001154094934,
            "error": 0.004823341049217613,
            "tau_int": 0.9032210628122097,
            "dtau_int": 0.02226659420997928
          },
          "Chi_t": {
            "mean": 0.6439200043678284,
            "error": 0.0052571001228410704,
            "tau_int": 0.8453629046427806,
            "dtau_int": 0.019505198232730007
          }
        },
        "n_skipped": 0,
        "step_size": 0
      }
    ],
    [
      {
        "acc_rate": 0.7433875,
        "n_steps": 80000,
        "obs_stats": {
          "Q": {
            "mean": 0.0018875000532716513,
            "error": 0.0038356289679832294,
            "tau_int": 0.8962583388460417,
            "dtau_int": 0.01747559165449832
          },
          "Chi_t": {
            "mean": 0.6565874814987183,
            "error": 0.004428793623989537,
            "tau_int": 0.9094337911575194,
            "dtau_int": 0.01771712198952496
          }
        },
        "n_skipped": 0,
        "step_size": 0
      },
      {
        "acc_rate": 0.7409625,
        "n_steps": 80000,
        "obs_stats": {
          "Q": {
            "mean": 0.0014624999603256583,
            "error": 0.0037837300444175078,
            "tau_int": 0.8837080424128305,
            "dtau_int": 0.01724509540696811
          },
          "Chi_t": {
            "mean": 0.6480125188827515,
            "error": 0.004330899023034269,
            "tau_int": 0.8889308473339286,
            "dtau_int": 0.01734106688336179
          }
        },
        "n_skipped": 0,
        "step_size": 0
      },
      {
        "acc_rate": 0.7362125,
        "n_steps": 80000,
        "obs_stats": {
          "Q": {
            "mean": -0.0006750000175088644,
            "error": 0.0038942956544995217,
            "tau_int": 0.9310941358543094,
            "dtau_int": 0.019272643121402512
          },
          "Chi_t": {
            "mean": 0.6514999866485596,
            "error": 0.004246664991177473,
            "tau_int": 0.861111326390676,
            "dtau_int": 0.016829041997300207
          }
        },
        "n_skipped": 0,
        "step_size": 0
      }
    ],
    [
      {
        "acc_rate": 0.73752,
        "n_steps": 100000,
        "obs_stats": {
          "Q": {
            "mean": 0.005049999803304672,
            "error": 0.0035203919335810396,
            "tau_int": 0.9462206451814104,
            "dtau_int": 0.017502554428545803
          },
          "Chi_t": {
            "mean": 0.6548900008201599,
            "error": 0.003911506535466416,
            "tau_int": 0.8942863261015961,
            "dtau_int": 0.015598274969571675
          }
        },
        "n_skipped": 0,
        "step_size": 0
      },
      {
        "acc_rate": 0.74254,
        "n_steps": 100000,
        "obs_stats": {
          "Q": {
            "mean": -0.00267999991774559,
            "error": 0.0034502748206599767,
            "tau_int": 0.9130472255308659,
            "dtau_int": 0.016921652569588986
          },
          "Chi_t": {
            "mean": 0.6518999934196472,
            "error": 0.0037321434593583086,
            "tau_int": 0.8385441478830316,
            "dtau_int": 0.014679510696557683
          }
        },
        "n_skipped": 0,
        "step_size": 0
      },
      {
        "acc_rate": 0.74375,
        "n_steps": 100000,
        "obs_stats": {
          "Q": {
            "mean": 0.002259999979287386,
            "error": 0.0034552595803834314,
            "tau_int": 0.9213376710994559,
            "dtau_int": 0.0170670559081317
          },
          "Chi_t": {
            "mean": 0.6478999853134155,
            "error": 0.003786747348105356,
            "tau_int": 0.8628869734252993,
            "dtau_int": 0.015081638175880117
          }
        },
        "n_skipped": 0,
        "step_size": 0
      }
    ]
  ],
  "exact_sus": 0.6500977944017748
}