{
  "observables": [
    "Chi_t"
  ],
  "n_samples": [
    50000,
    80000,
    100000
  ],
  "nip": [],
  "nmcmc": [
    [
      {
        "acc_rate": 0.66292,
        "n_steps": 50000,
        "obs_stats": {
          "Q": {
            "mean": 0.016720000654459,
            "error": 0.005595612316473752,
            "tau_int": 1.163744940662105,
            "dtau_int": 0.03180454254108796
          },
          "Chi_t": {
            "mean": 0.6728799939155579,
            "error": 0.006309314458392674,
            "tau_int": 1.107445464128519,
            "dtau_int": 0.030357024762493807
          }
        },
        "n_skipped": 0,
        "step_size": 0
      },
      {
        "acc_rate": 0.66398,
        "n_steps": 50000,
        "obs_stats": {
          "Q": {
            "mean": 0.00674000009894371,
            "error": 0.005665988274974352,
            "tau_int": 1.1955215791386464,
            "dtau_int": 0.034325385237832344
          },
          "Chi_t": {
            "mean": 0.6713399887084961,
            "error": 0.006386462644882351,
            "tau_int": 1.1173230179494311,
            "dtau_int": 0.030611676970868612
          }
        },
        "n_skipped": 0,
        "step_size": 0
      },
      {
        "acc_rate": 0.65834,
        "n_steps": 50000,
        "obs_stats": {
          "Q": {
            "mean": -0.0031799999997019768,
            "error": 0.0055215341826333735,
            "tau_int": 1.148073456096846,
            "dtau_int": 0.03140257148884918
          },
          "Chi_t": {
            "mean": 0.663860023021698,
            "error": 0.006269945676304855,
            "tau_int": 1.1100766069772003,
            "dtau_int": 0.030424886640178412
          }
        },
        "n_skipped": 0,
        "step_size": 0
      }
    ],
    [
      {
        "acc_rate": 0.6625625,
        "n_steps": 80000,
        "obs_stats": {
          "Q": {
            "mean": -0.004337499849498272,
            "error": 0.0044520977385131815,
            "tau_int": 1.1719602753388698,
            "dtau_int": 0.026632187707838217
          },
          "Chi_t": {
            "mean": 0.6765124797821045,
            "error": 0.00499332862323629,
            "tau_int": 1.080220409738683,
            "dtau_int": 0.023443246349214426
          }
        },
        "n_skipped": 0,
        "step_size": 0
      },
      {
        "acc_rate": 0.6628125,
        "n_steps": 80000,
        "obs_stats": {
          "Q": {
            "mean": -0.0022249999456107616,
            "error": 0.0044277032589915225,
            "tau_int": 1.1714010385595028,
            "dtau_int": 0.026620200021296864
          },
          "Chi_t": {
            "mean": 0.6694250106811523,
            "error": 0.004962018232717923,
            "tau_int": 1.0849879818256207,
            "dtau_int": 0.023540754008983245
          }
        },
        "n_skipped": 0,
        "step_size": 0
      },
      {
        "acc_rate": 0.661975,
        "n_steps": 80000,
        "obs_stats": {
          "Q": {
            "mean": -0.0019125000108033419,
            "error": 0.004410889617322537,
            "tau_int": 1.1658499418653594,
            "dtau_int": 0.02650116946706793
          },
          "Chi_t": {
            "mean": 0.6675124764442444,
            "error": 0.005120836136145162,
            "tau_int": 1.1564500333166512,
            "dtau_int": 0.026299451048725428
          }
        },
        "n_skipped": 0,
        "step_size": 0
      }
    ],
    [
      {
        "acc_rate": 0.66213,
        "n_steps": 100000,
        "obs_stats": {
          "Q": {
            "mean": 0.0006500000017695129,
            "error": 0.003945072176928557,
            "tau_int": 1.1666773830285901,
            "dtau_int": 0.023719239965030323
          },
          "Chi_t": {
            "mean": 0.6669899821281433,
            "error": 0.004444457099958748,
            "tau_int": 1.1000227487430563,
            "dtau_int": 0.02133020667668584
          }
        },
        "n_skipped": 0,
        "step_size": 0
      },
      {
        "acc_rate": 0.66639,
        "n_steps": 100000,
        "obs_stats": {
          "Q": {
            "mean": -0.004999999888241291,
            "error": 0.004071363849511389,
            "tau_int": 1.2239509904359882,
            "dtau_int": 0.025993963283349755
          },
          "Chi_t": {
            "mean": 0.6771600246429443,
            "error": 0.004564778276362385,
            "tau_int": 1.1393979910979266,
            "dtau_int": 0.023195190335433023
          }
        },
        "n_skipped": 0,
        "step_size": 0
      },
      {
        "acc_rate": 0.66062,
        "n_steps": 100000,
        "obs_stats": {
          "Q": {
            "mean": -0.001560000004246831,
            "error": 0.0040133488632485455,
            "tau_int": 1.1928018569702434,
            "dtau_int": 0.024219691928680558
          },
          "Chi_t": {
            "mean": 0.6751599907875061,
            "error": 0.00452778773677783,
            "tau_int": 1.12649577271109,
            "dtau_int": 0.022946809283118656
          }
        },
        "n_skipped": 0,
        "step_size": 0
      }
    ]
  ],
  "exact_sus": 0.6687749432186545
}