{
  "observables": [
    "Chi_t"
  ],
  "n_samples": [
    50000,
    80000,
    100000,
    150000,
    200000,
    250000,
    300000,
    400000
  ],
  "nip": [],
  "nmcmc": [
    [
      {
        "acc_rate": 0.2194,
        "n_steps": 50000,
        "obs_stats": {
          "Q": {
            "mean": -0.0077599999494850636,
            "error": 0.014862598692750867,
            "tau_int": 9.197901763161042,
            "dtau_int": 0.6335323415051083
          },
          "Chi_t": {
            "mean": 0.6002399921417236,
            "error": 0.01810759548920904,
            "tau_int": 10.384009428483845,
            "dtau_int": 0.749469378088977
          }
        },
        "n_skipped": 0,
        "step_size": 0
      },
      {
        "acc_rate": 0.21504,
        "n_steps": 50000,
        "obs_stats": {
          "Q": {
            "mean": 0.05121999979019165,
            "error": 0.019503941964836333,
            "tau_int": 15.79394784966724,
            "dtau_int": 1.367475373107649
          },
          "Chi_t": {
            "mean": 0.6043800115585327,
            "error": 0.018615385830713933,
            "tau_int": 11.453197136880515,
            "dtau_int": 0.8634635302121009
          }
        },
        "n_skipped": 0,
        "step_size": 0
      },
      {
        "acc_rate": 0.21898,
        "n_steps": 50000,
        "obs_stats": {
          "Q": {
            "mean": -0.027219999581575394,
            "error": 0.01983551542706821,
            "tau_int": 15.328075472276636,
            "dtau_int": 1.3090709480979104
          },
          "Chi_t": {
            "mean": 0.6420599818229675,
            "error": 0.020961618550986973,
            "tau_int": 13.85113764794557,
            "dtau_int": 1.1330796978388165
          }
        },
        "n_skipped": 0,
        "step_size": 0
      }
    ],
    [
      {
        "acc_rate": 0.21565,
        "n_steps": 80000,
        "obs_stats": {
          "Q": {
            "mean": -0.0038499999791383743,
            "error": 0.016465544161510987,
            "tau_int": 16.732070795716766,
            "dtau_int": 1.211013196210633
          },
          "Chi_t": {
            "mean": 0.6478750109672546,
            "error": 0.016973994033495372,
            "tau_int": 14.085032316601833,
            "dtau_int": 0.9470284274328444
          }
        },
        "n_skipped": 0,
        "step_size": 0
      },
      {
        "acc_rate": 0.2182125,
        "n_steps": 80000,
        "obs_stats": {
          "Q": {
            "mean": -0.023399999365210533,
            "error": 0.012026731061664176,
            "tau_int": 9.76575498467346,
            "dtau_int": 0.5598693152306645
          },
          "Chi_t": {
            "mean": 0.5928500294685364,
            "error": 0.0117607915090718,
            "tau_int": 7.516502059818132,
            "dtau_int": 0.3868753830550615
          }
        },
        "n_skipped": 0,
        "step_size": 0
      },
      {
        "acc_rate": 0.2014875,
        "n_steps": 80000,
        "obs_stats": {
          "Q": {
            "mean": -0.025712499395012856,
            "error": 0.017274505121111623,
            "tau_int": 19.543788108120832,
            "dtau_int": 1.5135790885052016
          },
          "Chi_t": {
            "mean": 0.6111124753952026,
            "error": 0.023371699568405135,
            "tau_int": 28.383372770734653,
            "dtau_int": 2.5711374537214686
          }
        },
        "n_skipped": 0,
        "step_size": 0
      }
    ],
    [
      {
        "acc_rate": 0.2224,
        "n_steps": 100000,
        "obs_stats": {
          "Q": {
            "mean": -0.016860000789165497,
            "error": 0.012008537483106332,
            "tau_int": 11.396364634251675,
            "dtau_int": 0.6328980528667011
          },
          "Chi_t": {
            "mean": 0.6328200101852417,
            "error": 0.01350757278387141,
            "tau_int": 10.916778796518555,
            "dtau_int": 0.5962729037057845
          }
        },
        "n_skipped": 0,
        "step_size": 0
      },
      {
        "acc_rate": 0.22139,
        "n_steps": 100000,
        "obs_stats": {
          "Q": {
            "mean": -0.01621999964118004,
            "error": 0.014119035342310977,
            "tau_int": 15.631741275562455,
            "dtau_int": 0.9978305476307271
          },
          "Chi_t": {
            "mean": 0.6377000212669373,
            "error": 0.013301923652301744,
            "tau_int": 11.164111763776928,
            "dtau_int": 0.6169053731528511
          }
        },
        "n_skipped": 0,
        "step_size": 0
      },
      {
        "acc_rate": 0.21853,
        "n_steps": 100000,
        "obs_stats": {
          "Q": {
            "mean": 0.010599999688565731,
            "error": 0.01596483288896861,
            "tau_int": 19.80997511226156,
            "dtau_int": 1.3990388718695599
          },
          "Chi_t": {
            "mean": 0.6431599855422974,
            "error": 0.013918166210719974,
            "tau_int": 12.249634063282027,
            "dtau_int": 0.7026224630022376
          }
        },
        "n_skipped": 0,
        "step_size": 0
      }
    ],
    [
      {
        "acc_rate": 0.22205333333333332,
        "n_steps": 150000,
        "obs_stats": {
          "Q": {
            "mean": -0.007326666731387377,
            "error": 0.010279114980094381,
            "tau_int": 12.710302537867259,
            "dtau_int": 0.6219471875287438
          },
          "Chi_t": {
            "mean": 0.623420000076294,
            "error": 0.01117435863755729,
            "tau_int": 11.80162699462834,
            "dtau_int": 0.5575512042586295
          }
        },
        "n_skipped": 0,
        "step_size": 0
      },
      {
        "acc_rate": 0.22301333333333334,
        "n_steps": 150000,
        "obs_stats": {
          "Q": {
            "mean": -0.008500000461935997,
            "error": 0.011061465010688054,
            "tau_int": 14.418122355301694,
            "dtau_int": 0.7448533839521092
          },
          "Chi_t": {
            "mean": 0.6364200115203857,
            "error": 0.011227047910588863,
            "tau_int": 11.721987594710548,
            "dtau_int": 0.5540521569284702
          }
        },
        "n_skipped": 0,
        "step_size": 0
      },
      {
        "acc_rate": 0.21934666666666666,
        "n_steps": 150000,
        "obs_stats": {
          "Q": {
            "mean": -0.005766666494309902,
            "error": 0.011616247585662995,
            "tau_int": 15.908369625168554,
            "dtau_int": 0.8560679067689272
          },
          "Chi_t": {
            "mean": 0.6360599994659424,
            "error": 0.016362459805671026,
            "tau_int": 24.065056361505942,
            "dtau_int": 1.5493358828281358
          }
        },
        "n_skipped": 0,
        "step_size": 0
      }
    ],
    [
      {
        "acc_rate": 0.216175,
        "n_steps": 200000,
        "obs_stats": {
          "Q": {
            "mean": -0.0017950000474229455,
            "error": 0.008764953865348066,
            "tau_int": 12.481048246580443,
            "dtau_int": 0.532515158176749
          },
          "Chi_t": {
            "mean": 0.6154549717903137,
            "error": 0.00916125848115459,
            "tau_int": 10.713191836542613,
            "dtau_int": 0.42795630128490647
          }
        },
        "n_skipped": 0,
        "step_size": 0
      },
      {
        "acc_rate": 0.21913,
        "n_steps": 200000,
        "obs_stats": {
          "Q": {
            "mean": 0.01650499925017357,
            "error": 0.009861896341487276,
            "tau_int": 15.388285126574202,
            "dtau_int": 0.7188543634404657
          },
          "Chi_t": {
            "mean": 0.632194995880127,
            "error": 0.011498771122833255,
            "tau_int": 16.643460049850848,
            "dtau_int": 0.804609446718065
          }
        },