{
  "observables": [
    "Chi_t"
  ],
  "n_samples": [
    50000,
    80000,
    100000,
    150000,
    200000,
    250000,
    300000
  ],
  "nip": [],
  "nmcmc": [
    [
      {
        "acc_rate": 0.27072,
        "n_steps": 50000,
        "obs_stats": {
          "Q": {
            "mean": 0.008899999782443047,
            "error": 0.016889780850891965,
            "tau_int": 11.30163829502627,
            "dtau_int": 0.8469346195161788
          },
          "Chi_t": {
            "mean": 0.6308199763298035,
            "error": 0.013385632258199163,
            "tau_int": 5.896829625463785,
            "dtau_int": 0.3360806792677465
          }
        },
        "n_skipped": 0,
        "step_size": 0
      },
      {
        "acc_rate": 0.26558,
        "n_steps": 50000,
        "obs_stats": {
          "Q": {
            "mean": 0.03474000096321106,
            "error": 0.013937803397622003,
            "tau_int": 8.074793777731067,
            "dtau_int": 0.5229335512739709
          },
          "Chi_t": {
            "mean": 0.6024600267410278,
            "error": 0.013940348509058176,
            "tau_int": 6.490794078167045,
            "dtau_int": 0.3851364216386796
          }
        },
        "n_skipped": 0,
        "step_size": 0
      },
      {
        "acc_rate": 0.2724,
        "n_steps": 50000,
        "obs_stats": {
          "Q": {
            "mean": -0.016119999811053276,
            "error": 0.016508041279861867,
            "tau_int": 10.501853877042253,
            "dtau_int": 0.7630918811408748
          },
          "Chi_t": {
            "mean": 0.6487200260162354,
            "error": 0.021313432348192753,
            "tau_int": 12.98760984584018,
            "dtau_int": 1.0358375047239203
          }
        },
        "n_skipped": 0,
        "step_size": 0
      }
    ],
    [
      {
        "acc_rate": 0.27365,
        "n_steps": 80000,
        "obs_stats": {
          "Q": {
            "mean": 0.018275000154972076,
            "error": 0.012353480362560525,
            "tau_int": 9.62270457498321,
            "dtau_int": 0.5480605262973475
          },
          "Chi_t": {
            "mean": 0.6345499753952026,
            "error": 0.019545959301088794,
            "tau_int": 16.686317578502866,
            "dtau_int": 1.2079654052615938
          }
        },
        "n_skipped": 0,
        "step_size": 0
      },
      {
        "acc_rate": 0.2749375,
        "n_steps": 80000,
        "obs_stats": {
          "Q": {
            "mean": -0.00419999985024333,
            "error": 0.010345198024325505,
            "tau_int": 7.043727498901854,
            "dtau_int": 0.3502662062649197
          },
          "Chi_t": {
            "mean": 0.6076750159263611,
            "error": 0.01085240615300585,
            "tau_int": 6.009498990543688,
            "dtau_int": 0.2802337730197774
          }
        },
        "n_skipped": 0,
        "step_size": 0
      },
      {
        "acc_rate": 0.2769625,
        "n_steps": 80000,
        "obs_stats": {
          "Q": {
            "mean": 0.02016250044107437,
            "error": 0.0132376325622725,
            "tau_int": 10.673166171301006,
            "dtau_int": 0.6351512939653299
          },
          "Chi_t": {
            "mean": 0.656962513923645,
            "error": 0.012839696764346455,
            "tau_int": 8.014210303398098,
            "dtau_int": 0.42212067371031786
          }
        },
        "n_skipped": 0,
        "step_size": 0
      }
    ],
    [
      {
        "acc_rate": 0.28209,
        "n_steps": 100000,
        "obs_stats": {
          "Q": {
            "mean": 0.008170000277459621,
            "error": 0.00892246133224208,
            "tau_int": 6.570212506370561,
            "dtau_int": 0.2876816519911909
          },
          "Chi_t": {
            "mean": 0.6058300137519836,
            "error": 0.009002171668311656,
            "tau_int": 5.386511149997437,
            "dtau_int": 0.21576588398253585
          }
        },
        "n_skipped": 0,
        "step_size": 0
      },
      {
        "acc_rate": 0.2699,
        "n_steps": 100000,
        "obs_stats": {
          "Q": {
            "mean": -0.003120000008493662,
            "error": 0.009725460377051345,
            "tau_int": 7.775975098226981,
            "dtau_int": 0.36711835240413315
          },
          "Chi_t": {
            "mean": 0.6080999970436096,
            "error": 0.009699665994489494,
            "tau_int": 6.25348860657505,
            "dtau_int": 0.26896257083018743
          }
        },
        "n_skipped": 0,
        "step_size": 0
      },
      {
        "acc_rate": 0.27951,
        "n_steps": 100000,
        "obs_stats": {
          "Q": {
            "mean": -0.004619999788701534,
            "error": 0.011489501492350595,
            "tau_int": 10.304312960832911,
            "dtau_int": 0.5498900721075219
          },
          "Chi_t": {
            "mean": 0.6404399871826172,
            "error": 0.01550529227719593,
            "tau_int": 14.913351138245027,
            "dtau_int": 0.9317522313475262
          }
        },
        "n_skipped": 0,
        "step_size": 0
      }
    ],
    [
      {
        "acc_rate": 0.2696133333333333,
        "n_steps": 150000,
        "obs_stats": {
          "Q": {
            "mean": 0.006853333208709955,
            "error": 0.008467376279498532,
            "tau_int": 8.694303190860051,
            "dtau_int": 0.3586318653161346
          },
          "Chi_t": {
            "mean": 0.618453323841095,
            "error": 0.0111633269573413,
            "tau_int": 11.248726631582754,
            "dtau_int": 0.5203717300413544
          }
        },
        "n_skipped": 0,
        "step_size": 0
      },
      {
        "acc_rate": 0.27138,
        "n_steps": 150000,
        "obs_stats": {
          "Q": {
            "mean": -0.022700000554323196,
            "error": 0.009592434537389208,
            "tau_int": 10.842222334854776,
            "dtau_int": 0.49339546576835963
          },
          "Chi_t": {
            "mean": 0.6369266510009766,
            "error": 0.020841523468482708,
            "tau_int": 35.24182439872115,
            "dtau_int": 2.6762643960658306
          }
        },
        "n_skipped": 0,
        "step_size": 0
      },
      {
        "acc_rate": 0.2715066666666667,
        "n_steps": 150000,
        "obs_stats": {
          "Q": {
            "mean": 0.023786665871739388,
            "error": 0.008389367754873315,
            "tau_int": 8.652924391083072,
            "dtau_int": 0.35704074500758914
          },
          "Chi_t": {
            "mean": 0.6105333566665649,
            "error": 0.009272208967587993,
            "tau_int": 8.489309209479446,
            "dtau_int": 0.34798765616680793
          }
        },
        "n_skipped": 0,
        "step_size": 0
      }
    ],
    [
      {
        "acc_rate": 0.27617,
        "n_steps": 200000,
        "obs_stats": {
          "Q": {
            "mean": 0.002675000112503767,
            "error": 0.007026650289740482,
            "tau_int": 8.209988526731424,
            "dtau_int": 0.2920956808677831
          },
          "Chi_t": {
            "mean": 0.6013450026512146,
            "error": 0.007882631808188786,
            "tau_int": 8.13348647946934,
            "dtau_int": 0.28725492277783876
          }
        },
        "n_skipped": 0,
        "step_size": 0
      },
      {
        "acc_rate": 0.276755,
        "n_steps": 200000,
        "obs_stats": {
          "Q": {
            "mean": 0.014574999921023846,
            "error": 0.006784628112824831,
            "tau_int": 7.399576161833938,
            "dtau_int": 0.25005843476353257
          },
          "Chi_t": {
            "mean": 0.6222450137138367,
            "error": 0.006694429896267774,
            "tau_int": 5.735703013272419,
            "dtau_int": 0.17352619806445083
          }
        },
        "n_skipped": 0,