{
  "observables": [
    "Chi_t"
  ],
  "n_samples": [
    50000,
    80000,
    100000
  ],
  "nip": [],
  "nmcmc": [
    [
      {
        "acc_rate": 0.74276,
        "n_steps": 50000,
        "obs_stats": {
          "Q": {
            "mean": -0.005859999917447567,
            "error": 0.0049935991734782826,
            "tau_int": 0.925516769320867,
            "dtau_int": 0.02278273138856958
          },
          "Chi_t": {
            "mean": 0.6735799908638,
            "error": 0.005516423215804513,
            "tau_int": 0.8403172220782027,
            "dtau_int": 0.01939612745595353
          }
        },
        "n_skipped": 0,
        "step_size": 0
      },
      {
        "acc_rate": 0.7486,
        "n_steps": 50000,
        "obs_stats": {
          "Q": {
            "mean": -0.0032599999103695154,
            "error": 0.004836057937753244,
            "tau_int": 0.878286360229843,
            "dtau_int": 0.02168739779730834
          },
          "Chi_t": {
            "mean": 0.6657000184059143,
            "error": 0.0056073949820183554,
            "tau_int": 0.8620581243451111,
            "dtau_int": 0.021309326182299592
          }
        },
        "n_skipped": 0,
        "step_size": 0
      },
      {
        "acc_rate": 0.74314,
        "n_steps": 50000,
        "obs_stats": {
          "Q": {
            "mean": 0.005640000104904175,
            "error": 0.0049679412065548895,
            "tau_int": 0.9170891941101427,
            "dtau_int": 0.02258783172007572
          },
          "Chi_t": {
            "mean": 0.6728000044822693,
            "error": 0.005744799951560791,
            "tau_int": 0.9024505080147085,
            "dtau_int": 0.02224872643972827
          }
        },
        "n_skipped": 0,
        "step_size": 0
      }
    ],
    [
      {
        "acc_rate": 0.7418375,
        "n_steps": 80000,
        "obs_stats": {
          "Q": {
            "mean": 0.0036750000435858965,
            "error": 0.003903711268135371,
            "tau_int": 0.909582908218574,
            "dtau_int": 0.017719852955241675
          },
          "Chi_t": {
            "mean": 0.6701499819755554,
            "error": 0.004495248468696295,
            "tau_int": 0.8819612705470177,
            "dtau_int": 0.017212981608477673
          }
        },
        "n_skipped": 0,
        "step_size": 0
      },
      {
        "acc_rate": 0.7433375,
        "n_steps": 80000,
        "obs_stats": {
          "Q": {
            "mean": -0.007887500338256359,
            "error": 0.0038513654593145485,
            "tau_int": 0.8855993494351229,
            "dtau_int": 0.017279857363837765
          },
          "Chi_t": {
            "mean": 0.6700124740600586,
            "error": 0.004412785948089293,
            "tau_int": 0.8635669250474443,
            "dtau_int": 0.01687431987578457
          }
        },
        "n_skipped": 0,
        "step_size": 0
      },
      {
        "acc_rate": 0.7452125,
        "n_steps": 80000,
        "obs_stats": {
          "Q": {
            "mean": 0.006887500174343586,
            "error": 0.0038081432690024266,
            "tau_int": 0.8695787147427705,
            "dtau_int": 0.01698510207346221
          },
          "Chi_t": {
            "mean": 0.6671125292778015,
            "error": 0.004327641749007399,
            "tau_int": 0.8382990729331703,
            "dtau_int": 0.016407657647994792
          }
        },
        "n_skipped": 0,
        "step_size": 0
      }
    ],
    [
      {
        "acc_rate": 0.74566,
        "n_steps": 100000,
        "obs_stats": {
          "Q": {
            "mean": 0.0008500000112690032,
            "error": 0.0034523457492004915,
            "tau_int": 0.8863045883219587,
            "dtau_int": 0.015467165859872204
          },
          "Chi_t": {
            "mean": 0.6723700165748596,
            "error": 0.003915267623264353,
            "tau_int": 0.8385622532548296,
            "dtau_int": 0.014679810302743066
          }
        },
        "n_skipped": 0,
        "step_size": 0
      },
      {
        "acc_rate": 0.74515,
        "n_steps": 100000,
        "obs_stats": {
          "Q": {
            "mean": -0.0027099999133497477,
            "error": 0.003451690773651865,
            "tau_int": 0.8903468643730192,
            "dtau_int": 0.015533583624583569
          },
          "Chi_t": {
            "mean": 0.6690700054168701,
            "error": 0.0039011144469244603,
            "tau_int": 0.8453415849927806,
            "dtau_int": 0.014791940019762194
          }
        },
        "n_skipped": 0,
        "step_size": 0
      },
      {
        "acc_rate": 0.74497,
        "n_steps": 100000,
        "obs_stats": {
          "Q": {
            "mean": 0.001449999981559813,
            "error": 0.0034257900470052293,
            "tau_int": 0.8808462901382144,
            "dtau_int": 0.01537742058420134
          },
          "Chi_t": {
            "mean": 0.6661700010299683,
            "error": 0.003920511245093593,
            "tau_int": 0.8572998762357322,
            "dtau_int": 0.014989466175440481
          }
        },
        "n_skipped": 0,
        "step_size": 0
      }
    ]
  ],
  "exact_sus": 0.6687749432186545
}