{
  "observables": [
    "Chi_t"
  ],
  "n_samples": [
    50000,
    80000,
    100000
  ],
  "nip": [],
  "nmcmc": [
    [
      {
        "acc_rate": 0.59568,
        "n_steps": 50000,
        "obs_stats": {
          "Q": {
            "mean": 0.0036200000904500484,
            "error": 0.006154221513883927,
            "tau_int": 1.4761381465784784,
            "dtau_int": 0.045781918287565185
          },
          "Chi_t": {
            "mean": 0.6414200067520142,
            "error": 0.006544304666991838,
            "tau_int": 1.316189474332261,
            "dtau_int": 0.03936935568664373
          }
        },
        "n_skipped": 0,
        "step_size": 0
      },
      {
        "acc_rate": 0.59748,
        "n_steps": 50000,
        "obs_stats": {
          "Q": {
            "mean": -0.0024800000246614218,
            "error": 0.006397793303147561,
            "tau_int": 1.5792677244191724,
            "dtau_int": 0.05077434354091818
          },
          "Chi_t": {
            "mean": 0.6479200124740601,
            "error": 0.007251761151066039,
            "tau_int": 1.5436338673258008,
            "dtau_int": 0.04969708296699425
          }
        },
        "n_skipped": 0,
        "step_size": 0
      },
      {
        "acc_rate": 0.58978,
        "n_steps": 50000,
        "obs_stats": {
          "Q": {
            "mean": 0.006599999964237213,
            "error": 0.006010065040166561,
            "tau_int": 1.3935687229661413,
            "dtau_int": 0.041539441284419554
          },
          "Chi_t": {
            "mean": 0.6480000019073486,
            "error": 0.0066884984201667054,
            "tau_int": 1.3240196808153428,
            "dtau_int": 0.0395897034232894
          }
        },
        "n_skipped": 0,
        "step_size": 0
      }
    ],
    [
      {
        "acc_rate": 0.584775,
        "n_steps": 80000,
        "obs_stats": {
          "Q": {
            "mean": -0.0006874999962747097,
            "error": 0.004934173173800143,
            "tau_int": 1.5263720306872215,
            "dtau_int": 0.038875511975056745
          },
          "Chi_t": {
            "mean": 0.637987494468689,
            "error": 0.0052528817749763574,
            "tau_int": 1.3229387871614622,
            "dtau_int": 0.03127436976035707
          }
        },
        "n_skipped": 0,
        "step_size": 0
      },
      {
        "acc_rate": 0.5912875,
        "n_steps": 80000,
        "obs_stats": {
          "Q": {
            "mean": 0.007449999917298555,
            "error": 0.004940067933760278,
            "tau_int": 1.5338494222463854,
            "dtau_int": 0.03905469582349423
          },
          "Chi_t": {
            "mean": 0.6364499926567078,
            "error": 0.005311610528794783,
            "tau_int": 1.3620362268842994,
            "dtau_int": 0.03355417610701007
          }
        },
        "n_skipped": 0,
        "step_size": 0
      },
      {
        "acc_rate": 0.59775,
        "n_steps": 80000,
        "obs_stats": {
          "Q": {
            "mean": -0.0070374999195337296,
            "error": 0.004807739125644324,
            "tau_int": 1.4544510829187842,
            "dtau_int": 0.03569418081679976
          },
          "Chi_t": {
            "mean": 0.6357125043869019,
            "error": 0.005300783903024564,
            "tau_int": 1.3677967030044862,
            "dtau_int": 0.03368809043500779
          }
        },
        "n_skipped": 0,
        "step_size": 0
      }
    ],
    [
      {
        "acc_rate": 0.59273,
        "n_steps": 100000,
        "obs_stats": {
          "Q": {
            "mean": -0.0028899998869746923,
            "error": 0.00440689995541662,
            "tau_int": 1.497865987611365,
            "dtau_int": 0.03415940315317276
          },
          "Chi_t": {
            "mean": 0.6482700109481812,
            "error": 0.00491289561940125,
            "tau_int": 1.4027653131148419,
            "dtau_int": 0.030857310245824162
          }
        },
        "n_skipped": 0,
        "step_size": 0
      },
      {
        "acc_rate": 0.59458,
        "n_steps": 100000,
        "obs_stats": {
          "Q": {
            "mean": -0.0014299999456852674,
            "error": 0.004453548545972819,
            "tau_int": 1.5238996905121875,
            "dtau_int": 0.03471830175973474
          },
          "Chi_t": {
            "mean": 0.6507499814033508,
            "error": 0.005146329495983236,
            "tau_int": 1.527339579938415,
            "dtau_int": 0.034792058665165465
          }
        },
        "n_skipped": 0,
        "step_size": 0
      },
      {
        "acc_rate": 0.59387,
        "n_steps": 100000,
        "obs_stats": {
          "Q": {
            "mean": 0.001979999942705035,
            "error": 0.004508853295308342,
            "tau_int": 1.5689534810614125,
            "dtau_int": 0.037036670171725024
          },
          "Chi_t": {
            "mean": 0.6478599905967712,
            "error": 0.004838439251280248,
            "tau_int": 1.4253817041112236,
            "dtau_int": 0.03132549057298574
          }
        },
        "n_skipped": 0,
        "step_size": 0
      }
    ]
  ],
  "exact_sus": 0.6439874072967454
}