{
  "observables": [
    "Chi_t"
  ],
  "n_samples": [
    50000,
    80000
  ],
  "nip": [],
  "nmcmc": [
    [
      {
        "acc_rate": 0.11426,
        "n_steps": 50000,
        "obs_stats": {
          "Q": {
            "mean": -0.007280000019818544,
            "error": 0.025834890989572677,
            "tau_int": 35.94822997508918,
            "dtau_int": 4.379807829882065
          },
          "Chi_t": {
            "mean": 0.46355998516082764,
            "error": 0.025965528510992285,
            "tau_int": 33.03514195599245,
            "dtau_int": 3.8915886078821855
          }
        },
        "n_skipped": 0,
        "step_size": 0
      }
    ],
    [
      {
        "acc_rate": 0.1126625,
        "n_steps": 80000,
        "obs_stats": {
          "Q": {
            "mean": -0.0443124994635582,
            "error": 0.049873701237601126,
            "tau_int": 150.53676635160303,
            "dtau_int": 27.053999953109983
          },
          "Chi_t": {
            "mean": 0.660462498664856,
            "error": 0.04114985180644115,
            "tau_int": 84.6682107043145,
            "dtau_int": 12.090546215349262
          }
        },
        "n_skipped": 0,
        "step_size": 0
      }
    ]
  ],
  "exact_sus": 0.5698456448544806
}