{
  "observables": [
    "Chi_t"
  ],
  "n_samples": [
    50000,
    80000,
    100000
  ],
  "nip": [],
  "nmcmc": [
    [
      {
        "acc_rate": 0.60694,
        "n_steps": 50000,
        "obs_stats": {
          "Q": {
            "mean": 0.006279999855905771,
            "error": 0.00608237263248147,
            "tau_int": 1.381332382653569,
            "dtau_int": 0.04119737649088098
          },
          "Chi_t": {
            "mean": 0.6695600152015686,
            "error": 0.006684258456904485,
            "tau_int": 1.240410971217729,
            "dtau_int": 0.035536575507550974
          }
        },
        "n_skipped": 0,
        "step_size": 0
      }
    ],
    [
      {
        "acc_rate": 0.6091375,
        "n_steps": 80000,
        "obs_stats": {
          "Q": {
            "mean": 0.0008750000270083547,
            "error": 0.004797807624101019,
            "tau_int": 1.3915097969127515,
            "dtau_int": 0.03423862125324244
          },
          "Chi_t": {
            "mean": 0.661674976348877,
            "error": 0.005388776044129909,
            "tau_int": 1.309917153767878,
            "dtau_int": 0.030984570645706536
          }
        },
        "n_skipped": 0,
        "step_size": 0
      }
    ],
    [
      {
        "acc_rate": 0.612,
        "n_steps": 100000,
        "obs_stats": {
          "Q": {
            "mean": 0.010119999758899212,
            "error": 0.00427485825023605,
            "tau_int": 1.3660541956395813,
            "dtau_int": 0.03009531896834295
          },
          "Chi_t": {
            "mean": 0.6689599752426147,
            "error": 0.004713113340609492,
            "tau_int": 1.2374418589679193,
            "dtau_int": 0.026264753031216583
          }
        },
        "n_skipped": 0,
        "step_size": 0
      }
    ]
  ],
  "exact_sus": 0.6687749432186545
}