{
  "observables": [
    "Chi_t"
  ],
  "n_samples": [
    50000,
    125000,
    250000
  ],
  "nip": [
    [
      {
        "obs_stats": {
          "Q": {
            "mean": -0.0049327462911605835,
            "error": 0.023939408361911774,
            "error_ess": 0.028923416510224342,
            "ess_q": 0.011464371345937252
          },
          "Chi_t": {
            "mean": 0.47954872250556946,
            "error": 0.02575782500207424,
            "error_ess": 0.0279875248670578,
            "ess_q": 0.011464371345937252
          }
        },
        "entropy": 45094.203125,
        "std_entropy": 55966700.0,
        "free_energy": -0.2113278347137792,
        "std_free_energy": 0.004963538143783808
      },
      {
        "obs_stats": {
          "Q": {
            "mean": -0.01985238492488861,
            "error": 0.02877942845225334,
            "error_ess": 0.025860104709863663,
            "ess_q": 0.014174294658005238
          },
          "Chi_t": {
            "mean": 0.4743340313434601,
            "error": 0.029286444187164307,
            "error_ess": 0.02495265007019043,
            "ess_q": 0.014174294658005238
          }
        },
        "entropy": 45344.734375,
        "std_entropy": 50801620.0,
        "free_energy": -0.21134962871443136,
        "std_free_energy": 0.004457790404558182
      },
      {
        "obs_stats": {
          "Q": {
            "mean": 0.07670525461435318,
            "error": 0.07959408313035965,
            "error_ess": 0.062040332704782486,
            "ess_q": 0.002801501890644431
          },
          "Chi_t": {
            "mean": 0.5450223088264465,
            "error": 0.08024900406599045,
            "error_ess": 0.055621035397052765,
            "ess_q": 0.002801501890644431
          }
        },
        "entropy": 45363.84375,
        "std_entropy": 113818776.0,
        "free_energy": -0.21386855340634792,
        "std_free_energy": 0.01008476223796606
      }
    ],
    [
      {
        "obs_stats": {
          "Q": {
            "mean": -0.014128738082945347,
            "error": 0.03708823770284653,
            "error_ess": 0.0279957614839077,
            "ess_q": 0.005463581532239914
          },
          "Chi_t": {
            "mean": 0.5354641675949097,
            "error": 0.06183801218867302,
            "error_ess": 0.03036806546151638,
            "ess_q": 0.005463581532239914
          }
        },
        "entropy": 114388.1796875,
        "std_entropy": 319440832.0,
        "free_energy": -0.21317116185853488,
        "std_free_energy": 0.004561097361147404
      },
      {
        "obs_stats": {
          "Q": {
            "mean": 0.01202874630689621,
            "error": 0.018865440040826797,
            "error_ess": 0.03605109825730324,
            "ess_q": 0.002833400620147586
          },
          "Chi_t": {
            "mean": 0.46045586466789246,
            "error": 0.021034739911556244,
            "error_ess": 0.036835312843322754,
            "ess_q": 0.002833400620147586
          }
        },
        "entropy": 115512.1640625,
        "std_entropy": 451211008.0,
        "free_energy": -0.21297480939244642,
        "std_free_energy": 0.00634201942011714
      },
      {
        "obs_stats": {
          "Q": {
            "mean": -0.010410777293145657,
            "error": 0.01680610701441765,
            "error_ess": 0.016887594014406204,
            "ess_q": 0.013490889221429825
          },
          "Chi_t": {
            "mean": 0.4810393750667572,
            "error": 0.020322972908616066,
            "error_ess": 0.017370792105793953,
            "ess_q": 0.013490889221429825
          }
        },
        "entropy": 113912.03125,
        "std_entropy": 202518080.0,
        "free_energy": -0.21138192951118998,
        "std_free_energy": 0.0028908660169690847
      }
    ],
    [
      {
        "obs_stats": {
          "Q": {
            "mean": -0.015113916248083115,
            "error": 0.020139673724770546,
            "error_ess": 0.02238851971924305,
            "ess_q": 0.003791044931858778
          },
          "Chi_t": {
            "mean": 0.47528788447380066,
            "error": 0.02167978323996067,
            "error_ess": 0.02240832895040512,
            "ess_q": 0.003791044931858778
          }
        },
        "entropy": 231113.40625,
        "std_entropy": 1082884736.0,
        "free_energy": -0.2134939282112271,
        "std_free_energy": 0.003875052323564887
      },
      {
        "obs_stats": {
          "Q": {
            "mean": -0.0004702434525825083,
            "error": 0.011821006424725056,
            "error_ess": 0.025413865223526955,
            "ess_q": 0.0027854209765791893
          },
          "Chi_t": {
            "mean": 0.449749618768692,
            "error": 0.01245138980448246,
            "error_ess": 0.02529335767030716,
            "ess_q": 0.0027854209765791893
          }
        },
        "entropy": 230738.6875,
        "std_entropy": 1260826496.0,
        "free_energy": -0.21305165421202873,
        "std_free_energy": 0.004523043055087328
      },
      {
        "obs_stats": {
          "Q": {
            "mean": 0.005012586712837219,
            "error": 0.030139245092868805,
            "error_ess": 0.031358107924461365,
            "ess_q": 0.0019509437261149287
          },
          "Chi_t": {
            "mean": 0.4796290099620819,
            "error": 0.03075006790459156,
            "error_ess": 0.030214617028832436,
            "ess_q": 0.0019509437261149287
          }
        },
        "entropy": 230596.34375,
        "std_entropy": 1504009984.0,
        "free_energy": -0.21337345838722935,
        "std_free_energy": 0.005406739190220833
      }
    ]
  ],
  "nmcmc": [
    [
      {
        "acc_rate": 0.1532,
        "n_steps": 50000.0,
        "obs_stats": {
          "Q": {
            "mean": -0.06196124106645584,
            "error": 0.037235709060425906,
            "tau_int": 73.40254018698141,
            "dtau_int": 11.964462775353397
          },
          "Chi_t": {
            "mean": 0.4746894836425781,
            "error": 0.02289731820413197,
            "tau_int": 32.3114919514483,
            "dtau_int": 3.7702614159882177
          }
        },
        "n_skipped": 0.0,
        "step_size": 0.0
      },
      {
        "acc_rate": 0.10524,
        "n_steps": 50000.0,
        "obs_stats": {
          "Q": {
            "mean": 0.007660153321921825,
            "error": 0.030961931317236038,
            "tau_int": 65.13200730735531,
            "dtau_int": 10.11328770057196
          },
          "Chi_t": {
            "mean": 0.3670673370361328,
            "error": 0.04235940088923688,
            "tau_int": 117.67204181075617,
            "dtau_int": 23.07902628847784
          }
        },
        "n_skipped": 0.0,
        "step_size": 0.0
      },
      {
        "acc_rate": 0.13374,
        "n_steps": 50000.0,
        "obs_stats": {
          "Q": {
            "mean": -0.015300305560231209,
            "error": 0.028504629794349375,
            "tau_int": 48.757961008440525,
            "dtau_int": 6.738439314756328
          },
          "Chi_t": {
            "mean": 0.41602832078933716,
            "error": 0.027654884495785053,
            "tau_int": 49.01064233414289,
            "dtau_int": 6.783953157329334
          }
        },
        "n_skipped": 0.0,
        "step_size": 0.0
      }
    ],
    [
      {
        "acc_rate": 0.1366,
        "n_steps": 125000,
        "obs_stats": {
          "Q": {
            "mean": 0.008944071829319,
            "error": 0.01741736745310031,
            "tau_int": 42.473287960824315,
            "dtau_int": 3.776283294663407
          },
          "Chi_t": {
            "mean": 0.4461795687675476,
            "error": 0.02447434380593508,
            "tau_int": 70.49018156915326,
            "dtau_int": 7.76301787087684
          }
        },
        "n_skipped": 0,