{
  "observables": [
    "Chi_t"
  ],
  "n_samples": [
    50000,
    80000,
    100000
  ],
  "nip": [],
  "nmcmc": [
    [
      {
        "acc_rate": 0.8078,
        "n_steps": 50000,
        "obs_stats": {
          "Q": {
            "mean": -0.012120000086724758,
            "error": 0.004513334209996873,
            "tau_int": 0.7726826125521664,
            "dtau_int": 0.01792532720391848
          },
          "Chi_t": {
            "mean": 0.6592000126838684,
            "error": 0.005070987687385394,
            "tau_int": 0.7411484267235988,
            "dtau_int": 0.01590809321815311
          }
        },
        "n_skipped": 0,
        "step_size": 0
      },
      {
        "acc_rate": 0.81368,
        "n_steps": 50000,
        "obs_stats": {
          "Q": {
            "mean": -0.0023799999617040157,
            "error": 0.004509930518625093,
            "tau_int": 0.777413961366199,
            "dtau_int": 0.018028745737821542
          },
          "Chi_t": {
            "mean": 0.6540600061416626,
            "error": 0.00502679752797703,
            "tau_int": 0.7437824116284384,
            "dtau_int": 0.01596097799594563
          }
        },
        "n_skipped": 0,
        "step_size": 0
      },
      {
        "acc_rate": 0.80444,
        "n_steps": 50000,
        "obs_stats": {
          "Q": {
            "mean": -0.0037400000728666782,
            "error": 0.00452169848598998,
            "tau_int": 0.7893060068284594,
            "dtau_int": 0.018288332926564135
          },
          "Chi_t": {
            "mean": 0.6475800275802612,
            "error": 0.004909528281007362,
            "tau_int": 0.7229384182144392,
            "dtau_int": 0.015541745626480502
          }
        },
        "n_skipped": 0,
        "step_size": 0
      }
    ],
    [
      {
        "acc_rate": 0.8115125,
        "n_steps": 80000,
        "obs_stats": {
          "Q": {
            "mean": 0.0033875000663101673,
            "error": 0.0035313903181060495,
            "tau_int": 0.7653522328874869,
            "dtau_int": 0.014044419686550685
          },
          "Chi_t": {
            "mean": 0.6517624855041504,
            "error": 0.003963276619742485,
            "tau_int": 0.7464826969700631,
            "dtau_int": 0.01371733535211638
          }
        },
        "n_skipped": 0,
        "step_size": 0
      },
      {
        "acc_rate": 0.8059,
        "n_steps": 80000,
        "obs_stats": {
          "Q": {
            "mean": -6.25000029685907e-05,
            "error": 0.003534617936309817,
            "tau_int": 0.7731739119156196,
            "dtau_int": 0.014179708205951286
          },
          "Chi_t": {
            "mean": 0.6463375091552734,
            "error": 0.004060055503898692,
            "tau_int": 0.7838333419452501,
            "dtau_int": 0.01436380390493043
          }
        },
        "n_skipped": 0,
        "step_size": 0
      },
      {
        "acc_rate": 0.80985,
        "n_steps": 80000,
        "obs_stats": {
          "Q": {
            "mean": -0.0016749999485909939,
            "error": 0.0035144789690261923,
            "tau_int": 0.7663037131873778,
            "dtau_int": 0.014060886230482347
          },
          "Chi_t": {
            "mean": 0.6447250247001648,
            "error": 0.0038575475658201197,
            "tau_int": 0.7182056035326576,
            "dtau_int": 0.012211390327100492
          }
        },
        "n_skipped": 0,
        "step_size": 0
      }
    ],
    [
      {
        "acc_rate": 0.80777,
        "n_steps": 100000,
        "obs_stats": {
          "Q": {
            "mean": -0.0002699999895412475,
            "error": 0.0031903722686646937,
            "tau_int": 0.7760113495093137,
            "dtau_int": 0.012726575391279872
          },
          "Chi_t": {
            "mean": 0.6558099985122681,
            "error": 0.0035396360178517935,
            "tau_int": 0.7383774693260667,
            "dtau_int": 0.012143220836895821
          }
        },
        "n_skipped": 0,
        "step_size": 0
      },
      {
        "acc_rate": 0.81047,
        "n_steps": 100000,
        "obs_stats": {
          "Q": {
            "mean": -0.0009200000204145908,
            "error": 0.0031721984740282682,
            "tau_int": 0.7683092690412658,
            "dtau_int": 0.012607475879652347
          },
          "Chi_t": {
            "mean": 0.6548600196838379,
            "error": 0.003537508378659968,
            "tau_int": 0.7340164401249722,
            "dtau_int": 0.012075392385442325
          }
        },
        "n_skipped": 0,
        "step_size": 0
      },
      {
        "acc_rate": 0.80952,
        "n_steps": 100000,
        "obs_stats": {
          "Q": {
            "mean": -0.0028099999763071537,
            "error": 0.0031382859797681336,
            "tau_int": 0.7571231892944643,
            "dtau_int": 0.012434237443903004
          },
          "Chi_t": {
            "mean": 0.650409996509552,
            "error": 0.003553837924454442,
            "tau_int": 0.7376600216680789,
            "dtau_int": 0.012132065414206238
          }
        },
        "n_skipped": 0,
        "step_size": 0
      }
    ]
  ],
  "exact_sus": 0.6500977944017748
}