{
  "observables": [
    "Chi_t"
  ],
  "n_samples": [
    50000,
    80000,
    100000,
    150000,
    200000,
    250000,
    300000
  ],
  "nip": [],
  "nmcmc": [
    [
      {
        "acc_rate": 0.01036,
        "n_steps": 50000,
        "obs_stats": {
          "Q": {
            "mean": -0.4047600030899048,
            "error": 0.24393397832253555,
            "tau_int": 3427.928978357255,
            "dtau_int": 1607.7158001858072
          },
          "Chi_t": {
            "mean": 0.5500800013542175,
            "error": 0.1389571775507283,
            "tau_int": 1112.8454573643728,
            "dtau_int": 460.5249289757173
          }
        },
        "n_skipped": 0,
        "step_size": 0
      },
      {
        "acc_rate": 0.0083,
        "n_steps": 50000,
        "obs_stats": {
          "Q": {
            "mean": 0.06762000173330307,
            "error": 0.061740179955592445,
            "tau_int": 569.9135832513767,
            "dtau_int": 195.47862549660192
          },
          "Chi_t": {
            "mean": 0.16825999319553375,
            "error": 0.06357808327005898,
            "tau_int": 374.9381747558999,
            "dtau_int": 112.2593610179078
          }
        },
        "n_skipped": 0,
        "step_size": 0
      },
      {
        "acc_rate": 0.00608,
        "n_steps": 50000,
        "obs_stats": {
          "Q": {
            "mean": -0.09774000197649002,
            "error": 0.14916262003870948,
            "tau_int": 1480.0410305332248,
            "dtau_int": 652.8922455583146
          },
          "Chi_t": {
            "mean": 0.3661400079727173,
            "error": 0.2771943752201825,
            "tau_int": 1744.5508942187403,
            "dtau_int": 793.3313848224848
          }
        },
        "n_skipped": 0,
        "step_size": 0
      }
    ],
    [
      {
        "acc_rate": 0.00795,
        "n_steps": 80000,
        "obs_stats": {
          "Q": {
            "mean": 0.14481249451637268,
            "error": 0.12720190187450428,
            "tau_int": 2880.7237293506664,
            "dtau_int": 1316.6162216898786
          },
          "Chi_t": {
            "mean": 0.23188750445842743,
            "error": 0.1118152107665724,
            "tau_int": 2337.065487641374,
            "dtau_int": 1028.1009158679144
          }
        },
        "n_skipped": 0,
        "step_size": 0
      },
      {
        "acc_rate": 0.0177375,
        "n_steps": 80000,
        "obs_stats": {
          "Q": {
            "mean": -0.017924999818205833,
            "error": 0.23842430826878783,
            "tau_int": 3620.787235349332,
            "dtau_int": 1704.6012512997197
          },
          "Chi_t": {
            "mean": 0.5809999704360962,
            "error": 0.06929658897914748,
            "tau_int": 364.75415952721056,
            "dtau_int": 91.6885542655113
          }
        },
        "n_skipped": 0,
        "step_size": 0
      },
      {
        "acc_rate": 0.0145625,
        "n_steps": 80000,
        "obs_stats": {
          "Q": {
            "mean": -0.3463999927043915,
            "error": 0.0891676346197547,
            "tau_int": 804.4752179919216,
            "dtau_int": 265.23444126308357
          },
          "Chi_t": {
            "mean": 0.5079249739646912,
            "error": 0.08528395686457302,
            "tau_int": 878.7551445638744,
            "dtau_int": 297.9190455041684
          }
        },
        "n_skipped": 0,
        "step_size": 0
      }
    ],
    [
      {
        "acc_rate": 0.0122,
        "n_steps": 100000,
        "obs_stats": {
          "Q": {
            "mean": -0.07576999813318253,
            "error": 0.21387520187007128,
            "tau_int": 3899.6831497022295,
            "dtau_int": 1803.7991638890096
          },
          "Chi_t": {
            "mean": 0.553629994392395,
            "error": 0.10515726806696961,
            "tau_int": 1047.8908046900174,
            "dtau_int": 350.04002649132684
          }
        },
        "n_skipped": 0,
        "step_size": 0
      },
      {
        "acc_rate": 0.01112,
        "n_steps": 100000,
        "obs_stats": {
          "Q": {
            "mean": -0.18413999676704407,
            "error": 0.15335761847403176,
            "tau_int": 2749.9695503094904,
            "dtau_int": 1194.579992629654
          },
          "Chi_t": {
            "mean": 0.44106000661849976,
            "error": 0.09847772037204798,
            "tau_int": 1147.2711626748599,
            "dtau_int": 394.2494373429617
          }
        },
        "n_skipped": 0,
        "step_size": 0
      },
      {
        "acc_rate": 0.01833,
        "n_steps": 100000,
        "obs_stats": {
          "Q": {
            "mean": -0.14493000507354736,
            "error": 0.06317059242345795,
            "tau_int": 665.9549274754497,
            "dtau_int": 191.4221414649874
          },
          "Chi_t": {
            "mean": 0.31683000922203064,
            "error": 0.04838917757191804,
            "tau_int": 445.7981804220684,
            "dtau_int": 111.13532512497798
          }
        },
        "n_skipped": 0,
        "step_size": 0
      }
    ],
    [
      {
        "acc_rate": 0.0028,
        "n_steps": 150000,
        "obs_stats": {
          "Q": {
            "mean": -0.7343800067901611,
            "error": 0.13442894029573704,
            "tau_int": 4727.779856454338,
            "dtau_int": 2110.9022829249357
          },
          "Chi_t": {
            "mean": 0.8104466795921326,
            "error": 0.08682110496854423,
            "tau_int": 3156.202885676164,
            "dtau_int": 1287.9264382332249
          }
        },
        "n_skipped": 0,
        "step_size": 0
      },
      {
        "acc_rate": 0.009566666666666666,
        "n_steps": 150000,
        "obs_stats": {
          "Q": {
            "mean": 0.49825334548950195,
            "error": 0.28216082716595786,
            "tau_int": 12982.891180395318,
            "dtau_int": 5621.9002316535
          },
          "Chi_t": {
            "mean": 0.6453333497047424,
            "error": 0.1464881461567128,
            "tau_int": 4071.888975637818,
            "dtau_int": 1763.8516932231432
          }
        },
        "n_skipped": 0,
        "step_size": 0
      },
      {
        "acc_rate": 0.003973333333333333,
        "n_steps": 150000,
        "obs_stats": {
          "Q": {
            "mean": -0.21609333157539368,
            "error": 0.19934829569213522,
            "tau_int": 10844.050480402113,
            "dtau_int": 5034.0848225415075
          },
          "Chi_t": {
            "mean": 0.2898133397102356,
            "error": 0.18251800814005667,
            "tau_int": 10704.225143821688,
            "dtau_int": 4982.936525128817
          }
        },
        "n_skipped": 0,
        "step_size": 0
      }
    ],
    [
      {
        "acc_rate": 0.008,
        "n_steps": 200000,
        "obs_stats": {
          "Q": {
            "mean": -0.09282500296831131,
            "error": 0.11469228918397105,
            "tau_int": 2642.076016362235,
            "dtau_int": 947.7965942810192
          },
          "Chi_t": {
            "mean": 0.49443501234054565,
            "error": 0.12985154938310325,
            "tau_int": 2352.545502428794,
            "dtau_int": 814.7388146286155
          }
        },
        "n_skipped": 0,
        "step_size": 0
      },
      {
        "acc_rate": 0.009895,
        "n_steps": 200000,
        "obs_stats": {
          "Q": {
            "mean": -0.04295000061392784,
            "error": 0.03950530697198426,
            "tau_int": 820.1113456235794,
            "dtau_int": 198.2699077288744
          },
          "Chi_t": {
            "mean": 0.19064000248908997,
            "error": 0.04110926150348147,
            "tau_int": 930.297280057127,
            "dtau_int": 235.50316135488225
          }
        },
        "n_skipped": 0,