{
  "observables": [
    "Chi_t"
  ],
  "n_samples": [
    50000
  ],
  "nip": [
    [
      {
        "obs_stats": {
          "Q": {
            "mean": -0.015068424865603447,
            "error": 0.009469732642173767,
            "error_ess": 0.009526506066322327,
            "ess_q": 0.10788316279649734
          },
          "Chi_t": {
            "mean": 0.4897604286670685,
            "error": 0.013130431063473225,
            "error_ess": 0.009701153263449669,
            "ess_q": 0.10788316279649734
          }
        },
        "entropy": 51400.77734375,
        "std_entropy": 18707380.0,
        "free_energy": -0.29809747886626053,
        "std_free_energy": 0.0016602663090452552
      },
      {
        "obs_stats": {
          "Q": {
            "mean": -0.0045365868136286736,
            "error": 0.01589500531554222,
            "error_ess": 0.011765742674469948,
            "ess_q": 0.07505816221237183
          },
          "Chi_t": {
            "mean": 0.5195353627204895,
            "error": 0.025582093745470047,
            "error_ess": 0.012313319370150566,
            "ess_q": 0.07505816221237183
          }
        },
        "entropy": 51364.515625,
        "std_entropy": 22391204.0,
        "free_energy": -0.29827449074339174,
        "std_free_energy": 0.0020267583895474672
      },
      {
        "obs_stats": {
          "Q": {
            "mean": 0.00010854709398699924,
            "error": 0.007672887295484543,
            "error_ess": 0.009492707438766956,
            "ess_q": 0.10385174304246902
          },
          "Chi_t": {
            "mean": 0.4679025113582611,
            "error": 0.00840215664356947,
            "error_ess": 0.00965630728751421,
            "ess_q": 0.10385174304246902
          }
        },
        "entropy": 51383.6171875,
        "std_entropy": 19053558.0,
        "free_energy": -0.29814230411276943,
        "std_free_energy": 0.0016960034845396876
      }
    ]
  ],
  "nmcmc": [
    [
      {
        "acc_rate": 0.31344,
        "n_steps": 50000,
        "obs_stats": {
          "Q": {
            "mean": 0.08406168222427368,
            "error": 0.035369196671183906,
            "tau_int": 57.35386467637072,
            "dtau_int": 8.462781139064044
          },
          "Chi_t": {
            "mean": 0.5511110424995422,
            "error": 0.012496421895482704,
            "tau_int": 8.003340694430518,
            "dtau_int": 0.5186644417648327
          }
        },
        "n_skipped": 0,
        "step_size": 0
      },
      {
        "acc_rate": 0.3598,
        "n_steps": 50000,
        "obs_stats": {
          "Q": {
            "mean": 0.01802035979926586,
            "error": 0.009056907569285105,
            "tau_int": 4.274795153735793,
            "dtau_int": 0.2102080150594969
          },
          "Chi_t": {
            "mean": 0.47994959354400635,
            "error": 0.008801847869943483,
            "tau_int": 4.0302449326983165,
            "dtau_int": 0.19569018339035316
          }
        },
        "n_skipped": 0,
        "step_size": 0
      },
      {
        "acc_rate": 0.35404,
        "n_steps": 50000,
        "obs_stats": {
          "Q": {
            "mean": -0.03500070050358772,
            "error": 0.014891498784985153,
            "tau_int": 10.545039778285824,
            "dtau_int": 0.7659868080275041
          },
          "Chi_t": {
            "mean": 0.5267305374145508,
            "error": 0.021447323922322424,
            "tau_int": 22.01325107445354,
            "dtau_int": 2.187981784051641
          }
        },
        "n_skipped": 0,
        "step_size": 0
      }
    ]
  ],
  "exact_sus": 0.49095233701679153
}