{
  "observables": [
    "Chi_t"
  ],
  "n_samples": [
    50000,
    80000,
    100000,
    150000,
    200000,
    250000,
    300000
  ],
  "nip": [],
  "nmcmc": [
    [
      {
        "acc_rate": 0.01872,
        "n_steps": 50000,
        "obs_stats": {
          "Q": {
            "mean": -0.09405999630689621,
            "error": 0.08941453979105797,
            "tau_int": 615.5034900762832,
            "dtau_int": 216.1808443303333
          },
          "Chi_t": {
            "mean": 0.32622000575065613,
            "error": 0.07620830730079237,
            "tau_int": 356.9739425239178,
            "dtau_int": 105.0996305194591
          }
        },
        "n_skipped": 0,
        "step_size": 0
      }
    ],
    [
      {
        "acc_rate": 0.008475,
        "n_steps": 80000,
        "obs_stats": {
          "Q": {
            "mean": -0.2541249990463257,
            "error": 0.1494028474446176,
            "tau_int": 3131.6936079691013,
            "dtau_int": 1449.3697248161454
          },
          "Chi_t": {
            "mean": 0.3308500051498413,
            "error": 0.11800747336194688,
            "tau_int": 1719.7981206930097,
            "dtau_int": 705.6101232604055
          }
        },
        "n_skipped": 0,
        "step_size": 0
      }
    ],
    [
      {
        "acc_rate": 0.00838,
        "n_steps": 100000,
        "obs_stats": {
          "Q": {
            "mean": -0.29881998896598816,
            "error": 0.10848484065114487,
            "tau_int": 1776.2173696457628,
            "dtau_int": 693.4333165815701
          },
          "Chi_t": {
            "mean": 0.4099999964237213,
            "error": 0.10748554427047256,
            "tau_int": 2134.44850243168,
            "dtau_int": 874.1395596452292
          }
        },
        "n_skipped": 0,
        "step_size": 0
      }
    ],
    [
      {
        "acc_rate": 0.0029866666666666665,
        "n_steps": 150000,
        "obs_stats": {
          "Q": {
            "mean": -0.5714333057403564,
            "error": 0.2480725110026285,
            "tau_int": 8937.524667570757,
            "dtau_int": 4247.591004210119
          },
          "Chi_t": {
            "mean": 0.7930066585540771,
            "error": 0.13368332697633545,
            "tau_int": 7045.078425683719,
            "dtau_int": 3327.270847902734
          }
        },
        "n_skipped": 0,
        "step_size": 0
      }
    ],
    [
      {
        "acc_rate": 0.01037,
        "n_steps": 200000,
        "obs_stats": {
          "Q": {
            "mean": -0.026520000770688057,
            "error": 0.05226047286658235,
            "tau_int": 1115.7890167140051,
            "dtau_int": 301.4576554785219
          },
          "Chi_t": {
            "mean": 0.2428700029850006,
            "error": 0.0520929592701981,
            "tau_int": 987.2752716839271,
            "dtau_int": 255.3294937401867
          }
        },
        "n_skipped": 0,
        "step_size": 0
      }
    ],
    [
      {
        "acc_rate": 0.008588,
        "n_steps": 250000,
        "obs_stats": {
          "Q": {
            "mean": 0.007023999933153391,
            "error": 0.04975661957966117,
            "tau_int": 1074.3310092276108,
            "dtau_int": 264.24765770970356
          },
          "Chi_t": {
            "mean": 0.28571999073028564,
            "error": 0.0711879114111451,
            "tau_int": 1814.666717113677,
            "dtau_int": 537.1331715548355
          }
        },
        "n_skipped": 0,
        "step_size": 0
      }
    ],
    [
      {
        "acc_rate": 0.00659,
        "n_steps": 300000,
        "obs_stats": {
          "Q": {
            "mean": -0.19444333016872406,
            "error": 0.11987013861851396,
            "tau_int": 6179.194823524211,
            "dtau_int": 2507.901176197829
          },
          "Chi_t": {
            "mean": 0.373823344707489,
            "error": 0.11609138801994752,
            "tau_int": 6636.612568271828,
            "dtau_int": 2742.01481525992
          }
        },
        "n_skipped": 0,
        "step_size": 0
      }
    ]
  ],
  "exact_sus": 0.5146336896787372
}