{
  "observables": [
    "Chi_t"
  ],
  "n_samples": [
    50000
  ],
  "nip": [],
  "nmcmc": [
    [
      {
        "acc_rate": 0.0512,
        "n_steps": 50000,
        "obs_stats": {
          "Q": {
            "mean": 0.08101999759674072,
            "error": 0.0704280215511206,
            "tau_int": 183.8789198744103,
            "dtau_int": 42.71760457653523
          },
          "Chi_t": {
            "mean": 0.6761400103569031,
            "error": 0.09800582173363705,
            "tau_int": 240.87333375633344,
            "dtau_int": 61.79240643849833
          }
        },
        "n_skipped": 0,
        "step_size": 0
      },
      {
        "acc_rate": 0.0501,
        "n_steps": 50000,
        "obs_stats": {
          "Q": {
            "mean": -0.10465999692678452,
            "error": 0.045993250418864304,
            "tau_int": 128.56989455784438,
            "dtau_int": 26.095067407988928
          },
          "Chi_t": {
            "mean": 0.4202199876308441,
            "error": 0.04034265445829963,
            "tau_int": 89.33201322581449,
            "dtau_int": 15.742074834646079
          }
        },
        "n_skipped": 0,
        "step_size": 0
      },
      {
        "acc_rate": 0.0368,
        "n_steps": 50000,
        "obs_stats": {
          "Q": {
            "mean": 0.041919998824596405,
            "error": 0.06413921355523033,
            "tau_int": 269.30486689818173,
            "dtau_int": 71.86737849017545
          },
          "Chi_t": {
            "mean": 0.379720002412796,
            "error": 0.0511354159577257,
            "tau_int": 191.96333599893214,
            "dtau_int": 45.31429972517977
          }
        },
        "n_skipped": 0,
        "step_size": 0
      }
    ]
  ],
  "exact_sus": 0.5484935671107231
}