{
  "observables": [
    "Chi_t"
  ],
  "n_samples": [
    50000,
    80000,
    100000,
    150000
  ],
  "nip": [],
  "nmcmc": [
    [
      {
        "acc_rate": 0.36886,
        "n_steps": 50000,
        "obs_stats": {
          "Q": {
            "mean": 0.00394000019878149,
            "error": 0.01052216220652917,
            "tau_int": 4.205028818018517,
            "dtau_int": 0.20701377347691355
          },
          "Chi_t": {
            "mean": 0.6581400036811829,
            "error": 0.011262375445617801,
            "tau_int": 3.5139991048012593,
            "dtau_int": 0.16021986613908018
          }
        },
        "n_skipped": 0,
        "step_size": 0
      },
      {
        "acc_rate": 0.36676,
        "n_steps": 50000,
        "obs_stats": {
          "Q": {
            "mean": -0.021239999681711197,
            "error": 0.010245045234686515,
            "tau_int": 4.109709816668302,
            "dtau_int": 0.19927741837271892
          },
          "Chi_t": {
            "mean": 0.6388400197029114,
            "error": 0.010765805885152907,
            "tau_int": 3.5966026958489508,
            "dtau_int": 0.1637253103590895
          }
        },
        "n_skipped": 0,
        "step_size": 0
      },
      {
        "acc_rate": 0.36792,
        "n_steps": 50000,
        "obs_stats": {
          "Q": {
            "mean": -0.010239999741315842,
            "error": 0.010049630986432878,
            "tau_int": 3.8981229652440703,
            "dtau_int": 0.1864652019172897
          },
          "Chi_t": {
            "mean": 0.6477199792861938,
            "error": 0.009708859812123397,
            "tau_int": 2.89975044587699,
            "dtau_int": 0.12054105876211313
          }
        },
        "n_skipped": 0,
        "step_size": 0
      }
    ],
    [
      {
        "acc_rate": 0.3664375,
        "n_steps": 80000,
        "obs_stats": {
          "Q": {
            "mean": 0.010462500154972076,
            "error": 0.008148702409837852,
            "tau_int": 4.136547352591757,
            "dtau_int": 0.16380793493906226
          },
          "Chi_t": {
            "mean": 0.6421375274658203,
            "error": 0.008725666147486637,
            "tau_int": 3.5792539826984076,
            "dtau_int": 0.13373375164491094
          }
        },
        "n_skipped": 0,
        "step_size": 0
      },
      {
        "acc_rate": 0.34585,
        "n_steps": 80000,
        "obs_stats": {
          "Q": {
            "mean": 0.013712500222027302,
            "error": 0.010276093091095237,
            "tau_int": 6.56291402926327,
            "dtau_int": 0.3179360535604132
          },
          "Chi_t": {
            "mean": 0.6436874866485596,
            "error": 0.00919307700074936,
            "tau_int": 4.154547293164399,
            "dtau_int": 0.16447351826241083
          }
        },
        "n_skipped": 0,
        "step_size": 0
      },
      {
        "acc_rate": 0.3536375,
        "n_steps": 80000,
        "obs_stats": {
          "Q": {
            "mean": 0.0034000000450760126,
            "error": 0.008826560357594508,
            "tau_int": 4.805318043306918,
            "dtau_int": 0.20300601100500834
          },
          "Chi_t": {
            "mean": 0.6484500169754028,
            "error": 0.009198771688703599,
            "tau_int": 3.90911498677547,
            "dtau_int": 0.150363499501976
          }
        },
        "n_skipped": 0,
        "step_size": 0
      }
    ],
    [
      {
        "acc_rate": 0.36339,
        "n_steps": 100000,
        "obs_stats": {
          "Q": {
            "mean": -0.0008999999845400453,
            "error": 0.007592958078293813,
            "tau_int": 4.388819789736051,
            "dtau_int": 0.16211608867707947
          },
          "Chi_t": {
            "mean": 0.6567599773406982,
            "error": 0.008539720064387751,
            "tau_int": 4.207934986042657,
            "dtau_int": 0.15123312488993493
          }
        },
        "n_skipped": 0,
        "step_size": 0
      },
      {
        "acc_rate": 0.36276,
        "n_steps": 100000,
        "obs_stats": {
          "Q": {
            "mean": 0.01128000020980835,
            "error": 0.007381191067439619,
            "tau_int": 4.266221811872117,
            "dtau_int": 0.15554758972448376
          },
          "Chi_t": {
            "mean": 0.6385999917984009,
            "error": 0.007444622578690135,
            "tau_int": 3.4283929365404067,
            "dtau_int": 0.11281779471955716
          }
        },
        "n_skipped": 0,
        "step_size": 0
      },
      {
        "acc_rate": 0.36114,
        "n_steps": 100000,
        "obs_stats": {
          "Q": {
            "mean": -0.005890000145882368,
            "error": 0.008865677246500442,
            "tau_int": 5.916608719151623,
            "dtau_int": 0.24703776810436903
          },
          "Chi_t": {
            "mean": 0.6641899943351746,
            "error": 0.01033738889951389,
            "tau_int": 6.020586318596159,
            "dtau_int": 0.25395005424871725
          }
        },
        "n_skipped": 0,
        "step_size": 0
      }
    ],
    [
      {
        "acc_rate": 0.35918666666666665,
        "n_steps": 150000,
        "obs_stats": {
          "Q": {
            "mean": 0.00039999998989515007,
            "error": 0.006209910046009953,
            "tau_int": 4.542677057590526,
            "dtau_int": 0.1406662484471825
          },
          "Chi_t": {
            "mean": 0.6366400122642517,
            "error": 0.006230879607966964,
            "tau_int": 3.540908701583864,
            "dtau_int": 0.0983991983499258
          }
        },
        "n_skipped": 0,
        "step_size": 0
      },
      {
        "acc_rate": 0.36008,
        "n_steps": 150000,
        "obs_stats": {
          "Q": {
            "mean": -0.009753333404660225,
            "error": 0.006065157180313668,
            "tau_int": 4.416397117454625,
            "dtau_int": 0.13508420684382652
          },
          "Chi_t": {
            "mean": 0.6247666478157043,
            "error": 0.006340833147291189,
            "tau_int": 3.7217199711425977,
            "dtau_int": 0.1066228366143706
          }
        },
        "n_skipped": 0,
        "step_size": 0
      },
      {
        "acc_rate": 0.35779333333333335,
        "n_steps": 150000,
        "obs_stats": {
          "Q": {
            "mean": 0.010413333773612976,
            "error": 0.006666808292729318,
            "tau_int": 5.122832470008039,
            "dtau_int": 0.1680979606227971
          },
          "Chi_t": {
            "mean": 0.6507733464241028,
            "error": 0.006597139797413775,
            "tau_int": 3.9081035784572355,
            "dtau_int": 0.11343270274551032
          }
        },
        "n_skipped": 0,
        "step_size": 0
      }
    ]
  ],
  "exact_sus": 0.6439874072967454
}