{
  "observables": [
    "Chi_t"
  ],
  "n_samples": [
    50000,
    80000,
    100000
  ],
  "nip": [],
  "nmcmc": [
    [
      {
        "acc_rate": 0.741,
        "n_steps": 50000,
        "obs_stats": {
          "Q": {
            "mean": 0.001180000021122396,
            "error": 0.004768984915176153,
            "tau_int": 0.8925330757058851,
            "dtau_int": 0.02201858211495299
          },
          "Chi_t": {
            "mean": 0.6370199918746948,
            "error": 0.005165059797613603,
            "tau_int": 0.8252116550797866,
            "dtau_int": 0.019069051698490196
          }
        },
        "n_skipped": 0,
        "step_size": 0
      },
      {
        "acc_rate": 0.73458,
        "n_steps": 50000,
        "obs_stats": {
          "Q": {
            "mean": 0.0041600000113248825,
            "error": 0.004902449053501606,
            "tau_int": 0.9306175828396683,
            "dtau_int": 0.022900579416439953
          },
          "Chi_t": {
            "mean": 0.6456400156021118,
            "error": 0.005339672609581822,
            "tau_int": 0.8509068296876516,
            "dtau_int": 0.021049024733353038
          }
        },
        "n_skipped": 0,
        "step_size": 0
      },
      {
        "acc_rate": 0.7424,
        "n_steps": 50000,
        "obs_stats": {
          "Q": {
            "mean": 0.00019999999494757503,
            "error": 0.004704872370063171,
            "tau_int": 0.863463524009324,
            "dtau_int": 0.021342102668120578
          },
          "Chi_t": {
            "mean": 0.6408799886703491,
            "error": 0.005105044194846843,
            "tau_int": 0.8089014221433743,
            "dtau_int": 0.018714977381788536
          }
        },
        "n_skipped": 0,
        "step_size": 0
      }
    ],
    [
      {
        "acc_rate": 0.7353625,
        "n_steps": 80000,
        "obs_stats": {
          "Q": {
            "mean": -0.0003000000142492354,
            "error": 0.003949978269964743,
            "tau_int": 0.9640506644141684,
            "dtau_int": 0.019916397008067816
          },
          "Chi_t": {
            "mean": 0.647350013256073,
            "error": 0.004240590055590242,
            "tau_int": 0.8837683046367435,
            "dtau_int": 0.01724620316363207
          }
        },
        "n_skipped": 0,
        "step_size": 0
      },
      {
        "acc_rate": 0.7368375,
        "n_steps": 80000,
        "obs_stats": {
          "Q": {
            "mean": 0.0013375000562518835,
            "error": 0.0038658371057896947,
            "tau_int": 0.9223332316800892,
            "dtau_int": 0.017953147965302195
          },
          "Chi_t": {
            "mean": 0.6481124758720398,
            "error": 0.0043229433120421205,
            "tau_int": 0.8861715842878184,
            "dtau_int": 0.017290373101229727
          }
        },
        "n_skipped": 0,
        "step_size": 0
      },
      {
        "acc_rate": 0.740375,
        "n_steps": 80000,
        "obs_stats": {
          "Q": {
            "mean": -0.0026374999433755875,
            "error": 0.003805386993949492,
            "tau_int": 0.8912806752157012,
            "dtau_int": 0.017384222598882774
          },
          "Chi_t": {
            "mean": 0.6498875021934509,
            "error": 0.004245869848559204,
            "tau_int": 0.8543272825815706,
            "dtau_int": 0.016703871083160144
          }
        },
        "n_skipped": 0,
        "step_size": 0
      }
    ],
    [
      {
        "acc_rate": 0.74391,
        "n_steps": 100000,
        "obs_stats": {
          "Q": {
            "mean": -0.0016700000269338489,
            "error": 0.0034114934082372515,
            "tau_int": 0.8961092036152933,
            "dtau_int": 0.015628196711775285
          },
          "Chi_t": {
            "mean": 0.649370014667511,
            "error": 0.0037338209339116534,
            "tau_int": 0.8378028905186539,
            "dtau_int": 0.014667243770739219
          }
        },
        "n_skipped": 0,
        "step_size": 0
      },
      {
        "acc_rate": 0.74265,
        "n_steps": 100000,
        "obs_stats": {
          "Q": {
            "mean": -0.0036700000055134296,
            "error": 0.0033897898006213533,
            "tau_int": 0.8902972923085655,
            "dtau_int": 0.015532769350197297
          },
          "Chi_t": {
            "mean": 0.645330011844635,
            "error": 0.003877140330582208,
            "tau_int": 0.8864860307234226,
            "dtau_int": 0.015470147927090528
          }
        },
        "n_skipped": 0,
        "step_size": 0
      },
      {
        "acc_rate": 0.74146,
        "n_steps": 100000,
        "obs_stats": {
          "Q": {
            "mean": -0.0004400000034365803,
            "error": 0.0034666921230007385,
            "tau_int": 0.919602873539553,
            "dtau_int": 0.017036642481432676
          },
          "Chi_t": {
            "mean": 0.6534199714660645,
            "error": 0.003832170707793669,
            "tau_int": 0.8581636690902958,
            "dtau_int": 0.015003721221368053
          }
        },
        "n_skipped": 0,
        "step_size": 0
      }
    ]
  ],
  "exact_sus": 0.6500977944017748
}