{
  "observables": [
    "Chi_t"
  ],
  "n_samples": [
    50000,
    80000,
    100000
  ],
  "nip": [],
  "nmcmc": [
    [
      {
        "acc_rate": 0.4452,
        "n_steps": 50000,
        "obs_stats": {
          "Q": {
            "mean": -0.005200000014156103,
            "error": 0.008638684234973675,
            "tau_int": 2.9850388130213013,
            "dtau_int": 0.12668656980184245
          },
          "Chi_t": {
            "mean": 0.6249600052833557,
            "error": 0.009425654667032969,
            "tau_int": 2.7891944890626643,
            "dtau_int": 0.11353304530450685
          }
        },
        "n_skipped": 0,
        "step_size": 0
      },
      {
        "acc_rate": 0.43668,
        "n_steps": 50000,
        "obs_stats": {
          "Q": {
            "mean": -0.007000000216066837,
            "error": 0.009587750382017318,
            "tau_int": 3.631888430959406,
            "dtau_int": 0.16838215515796265
          },
          "Chi_t": {
            "mean": 0.6327199935913086,
            "error": 0.010802562165308366,
            "tau_int": 3.641895258606895,
            "dtau_int": 0.16881464753756767
          }
        },
        "n_skipped": 0,
        "step_size": 0
      },
      {
        "acc_rate": 0.45314,
        "n_steps": 50000,
        "obs_stats": {
          "Q": {
            "mean": -0.007240000180900097,
            "error": 0.007966976096888446,
            "tau_int": 2.555381006440479,
            "dtau_int": 0.10207362258106419
          },
          "Chi_t": {
            "mean": 0.620959997177124,
            "error": 0.008395530908036833,
            "tau_int": 2.2894261678686703,
            "dtau_int": 0.08738430801408213
          }
        },
        "n_skipped": 0,
        "step_size": 0
      }
    ],
    [
      {
        "acc_rate": 0.438,
        "n_steps": 80000,
        "obs_stats": {
          "Q": {
            "mean": 0.004087499808520079,
            "error": 0.006691257422780834,
            "tau_int": 2.95085035642354,
            "dtau_int": 0.10125577522015713
          },
          "Chi_t": {
            "mean": 0.6068875193595886,
            "error": 0.0068392048291337215,
            "tau_int": 2.5327379547176267,
            "dtau_int": 0.08002662830967132
          }
        },
        "n_skipped": 0,
        "step_size": 0
      },
      {
        "acc_rate": 0.4378,
        "n_steps": 80000,
        "obs_stats": {
          "Q": {
            "mean": -0.011637499555945396,
            "error": 0.007002568600358408,
            "tau_int": 3.1428222722677237,
            "dtau_int": 0.10967769303335902
          },
          "Chi_t": {
            "mean": 0.6241875290870667,
            "error": 0.007943366327877902,
            "tau_int": 3.204154840578501,
            "dtau_int": 0.11395229976008772
          }
        },
        "n_skipped": 0,
        "step_size": 0
      },
      {
        "acc_rate": 0.440925,
        "n_steps": 80000,
        "obs_stats": {
          "Q": {
            "mean": 0.00860000029206276,
            "error": 0.006812646558809634,
            "tau_int": 3.014033376545205,
            "dtau_int": 0.10328500600626812
          },
          "Chi_t": {
            "mean": 0.615975022315979,
            "error": 0.007312780011080166,
            "tau_int": 2.7416830526318607,
            "dtau_int": 0.09043049311476033
          }
        },
        "n_skipped": 0,
        "step_size": 0
      }
    ],
    [
      {
        "acc_rate": 0.44016,
        "n_steps": 100000,
        "obs_stats": {
          "Q": {
            "mean": -0.0013899999903514981,
            "error": 0.006248339076952774,
            "tau_int": 3.1414994620296053,
            "dtau_int": 0.1000526901832066
          },
          "Chi_t": {
            "mean": 0.6213499903678894,
            "error": 0.006724123598410381,
            "tau_int": 2.8397819194280385,
            "dtau_int": 0.08549624246000645
          }
        },
        "n_skipped": 0,
        "step_size": 0
      },
      {
        "acc_rate": 0.43757,
        "n_steps": 100000,
        "obs_stats": {
          "Q": {
            "mean": -0.009879999794065952,
            "error": 0.006732744514572551,
            "tau_int": 3.6162758128175945,
            "dtau_int": 0.12291875050791408
          },
          "Chi_t": {
            "mean": 0.626800000667572,
            "error": 0.007107123601558693,
            "tau_int": 3.1683079943733294,
            "dtau_int": 0.10085315488577151
          }
        },
        "n_skipped": 0,
        "step_size": 0
      },
      {
        "acc_rate": 0.4384,
        "n_steps": 100000,
        "obs_stats": {
          "Q": {
            "mean": 0.008070000447332859,
            "error": 0.006138128073462914,
            "tau_int": 3.078846525510735,
            "dtau_int": 0.09622792540198093
          },
          "Chi_t": {
            "mean": 0.6118900179862976,
            "error": 0.006185111759087373,
            "tau_int": 2.5737127976788106,
            "dtau_int": 0.07446225230848727
          }
        },
        "n_skipped": 0,
        "step_size": 0
      }
    ]
  ],
  "exact_sus": 0.6194099585690315
}