{
  "observables": [
    "Chi_t"
  ],
  "n_samples": [
    25000,
    40000,
    50000,
    75000,
    100000,
    125000,
    150000,
    175000,
    200000,
    225000,
    250000,
    80000
  ],
  "nip": {},
  "nmcmc": [
    [
      {
        "acc_rate": 0.54208,
        "n_steps": 25000.0,
        "obs_stats": {
          "Q": {
            "mean": 0.007000280078500509,
            "error": 0.009683346496226361,
            "tau_int": 1.9001093670342328,
            "dtau_int": 0.08863698687966716
          },
          "Chi_t": {
            "mean": 0.6167846918106079,
            "error": 0.01034681687261412,
            "tau_int": 1.7625633203320574,
            "dtau_int": 0.07957092825288815
          }
        },
        "n_skipped": 0.0,
        "step_size": 0.0
      },
      {
        "acc_rate": 0.52516,
        "n_steps": 25000.0,
        "obs_stats": {
          "Q": {
            "mean": -0.025161005556583405,
            "error": 0.009593951820188637,
            "tau_int": 1.9111248452930054,
            "dtau_int": 0.09233548608467697
          },
          "Chi_t": {
            "mean": 0.6025441288948059,
            "error": 0.01120748804111848,
            "tau_int": 2.018787297487238,
            "dtau_int": 0.09717660159755757
          }
        },
        "n_skipped": 0.0,
        "step_size": 0.0
      },
      {
        "acc_rate": 0.53552,
        "n_steps": 25000.0,
        "obs_stats": {
          "Q": {
            "mean": -0.0033601343166083097,
            "error": 0.009303931950010648,
            "tau_int": 1.797517149777144,
            "dtau_int": 0.08416690423760208
          },
          "Chi_t": {
            "mean": 0.6018640995025635,
            "error": 0.009822701525743589,
            "tau_int": 1.5485984656296954,
            "dtau_int": 0.06771999554851911
          }
        },
        "n_skipped": 0.0,
        "step_size": 0.0
      }
    ],
    [
      {
        "acc_rate": 0.537975,
        "n_steps": 40000.0,
        "obs_stats": {
          "Q": {
            "mean": 0.000350008747773245,
            "error": 0.0072163755077488375,
            "tau_int": 1.7018813443722491,
            "dtau_int": 0.06321856653166766
          },
          "Chi_t": {
            "mean": 0.6119152903556824,
            "error": 0.007849732633651555,
            "tau_int": 1.611001577132264,
            "dtau_int": 0.05783769538227178
          }
        },
        "n_skipped": 0.0,
        "step_size": 0.0
      },
      {
        "acc_rate": 0.53035,
        "n_steps": 40000.0,
        "obs_stats": {
          "Q": {
            "mean": -0.0033750843722373247,
            "error": 0.007915045445976661,
            "tau_int": 2.072182948923826,
            "dtau_int": 0.08398920169031357
          },
          "Chi_t": {
            "mean": 0.604590117931366,
            "error": 0.007707855446906013,
            "tau_int": 1.6244710354727743,
            "dtau_int": 0.0582907899756248
          }
        },
        "n_skipped": 0.0,
        "step_size": 0.0
      },
      {
        "acc_rate": 0.540425,
        "n_steps": 40000.0,
        "obs_stats": {
          "Q": {
            "mean": -0.009600239805877209,
            "error": 0.007905203447504994,
            "tau_int": 1.9983077803995513,
            "dtau_int": 0.07867873396623574
          },
          "Chi_t": {
            "mean": 0.6254656314849854,
            "error": 0.008227783790733792,
            "tau_int": 1.7310138514059261,
            "dtau_int": 0.06423281470047415
          }
        },
        "n_skipped": 0.0,
        "step_size": 0.0
      }
    ],
    [
      {
        "acc_rate": 0.52708,
        "n_steps": 50000.0,
        "obs_stats": {
          "Q": {
            "mean": -0.0046200924552977085,
            "error": 0.006910053432723778,
            "tau_int": 1.9449600072199371,
            "dtau_int": 0.06861128895070129
          },
          "Chi_t": {
            "mean": 0.6137122511863708,
            "error": 0.008182900137588583,
            "tau_int": 2.1374811759764745,
            "dtau_int": 0.07733511128609213
          }
        },
        "n_skipped": 0.0,
        "step_size": 0.0
      },
      {
        "acc_rate": 0.53036,
        "n_steps": 50000.0,
        "obs_stats": {
          "Q": {
            "mean": 0.015700314193964005,
            "error": 0.007356993980420978,
            "tau_int": 2.1628945244930615,
            "dtau_int": 0.08055137781805546
          },
          "Chi_t": {
            "mean": 0.6257925033569336,
            "error": 0.008256604815923094,
            "tau_int": 2.1909659222274507,
            "dtau_int": 0.08153073840796528
          }
        },
        "n_skipped": 0.0,
        "step_size": 0.0
      },
      {
        "acc_rate": 0.53708,
        "n_steps": 50000.0,
        "obs_stats": {
          "Q": {
            "mean": 0.0052201044745743275,
            "error": 0.008323282929110505,
            "tau_int": 2.697672208260122,
            "dtau_int": 0.11005112386715608
          },
          "Chi_t": {
            "mean": 0.6419528126716614,
            "error": 0.015107150156591656,
            "tau_int": 6.256544158065939,
            "dtau_int": 0.3637169749799399
          }
        },
        "n_skipped": 0.0,
        "step_size": 0.0
      }
    ],
    [
      {
        "acc_rate": 0.5354,
        "n_steps": 75000.0,
        "obs_stats": {
          "Q": {
            "mean": 0.00028000373276881874,
            "error": 0.005797499184410841,
            "tau_int": 2.0361306616061556,
            "dtau_int": 0.06033563093658213
          },
          "Chi_t": {
            "mean": 0.6189815998077393,
            "error": 0.005971512534797061,
            "tau_int": 1.7395827935670023,
            "dtau_int": 0.048808636909710525
          }
        },
        "n_skipped": 0.0,
        "step_size": 0.0
      },
      {
        "acc_rate": 0.5367866666666666,
        "n_steps": 75000.0,
        "obs_stats": {
          "Q": {
            "mean": 0.006000080145895481,
            "error": 0.005693221394778244,
            "tau_int": 1.952180437598526,
            "dtau_int": 0.057995273934075886
          },
          "Chi_t": {
            "mean": 0.6226216554641724,
            "error": 0.006256933042232374,
            "tau_int": 1.860843180963165,
            "dtau_int": 0.05374260354192218
          }
        },
        "n_skipped": 0.0,
        "step_size": 0.0
      },
      {
        "acc_rate": 0.53296,
        "n_steps": 75000.0,
        "obs_stats": {
          "Q": {
            "mean": 0.004560060799121857,
            "error": 0.005770023745468557,
            "tau_int": 2.002067073258199,
            "dtau_int": 0.05938758283875991
          },
          "Chi_t": {
            "mean": 0.6235816478729248,
            "error": 0.0063682386634970325,
            "tau_int": 1.9709964265239344,
            "dtau_int": 0.058520958802391686
          }
        },
        "n_skipped": 0.0,
        "step_size": 0.0
      }
    ],
    [
      {
        "acc_rate": 0.53199,
        "n_steps": 100000.0,
        "obs_stats": {
          "Q": {
            "mean": -0.004860048647969961,
            "error": 0.0051747154453528135,
            "tau_int": 2.1340341513902175,
            "dtau_int": 0.057841616089293765
          },
          "Chi_t": {
            "mean": 0.6273862719535828,
            "error": 0.005520082459288263,
            "tau_int": 1.9302824985195355,
            "dtau_int": 0.049694759397608895
          }
        },
        "n_skipped": 0.0,
        "step_size": 0.0
      },
      {
        "acc_rate": 0.53387,
        "n_steps": 100000.0,
        "obs_stats": {
          "Q": {
            "mean": -0.0011900118552148342,
            "error": 0.004892489151820368,
            "tau_int": 1.9299077402419016,
            "dtau_int": 0.049685673178697855
          },
          "Chi_t": {
            "mean": 0.6201161742210388,