{
  "observables": [
    "Chi_t"
  ],
  "n_samples": [
    25000,
    40000,
    50000,
    75000,
    100000,
    125000,
    150000,
    175000,
    200000,
    225000,
    250000,
    80000
  ],
  "nip": {},
  "nmcmc": [
    [
      {
        "acc_rate": 0.40432,
        "n_steps": 25000.0,
        "obs_stats": {
          "Q": {
            "mean": 0.008800351992249489,
            "error": 0.012529237586643805,
            "tau_int": 3.3063460660489854,
            "dtau_int": 0.1970295612730242
          },
          "Chi_t": {
            "mean": 0.5933837294578552,
            "error": 0.014142698588521893,
            "tau_int": 3.5213768120377873,
            "dtau_int": 0.21811890009903817
          }
        },
        "n_skipped": 0.0,
        "step_size": 0.0
      },
      {
        "acc_rate": 0.40576,
        "n_steps": 25000.0,
        "obs_stats": {
          "Q": {
            "mean": 0.01932077296078205,
            "error": 0.01380485780715213,
            "tau_int": 3.879854676426146,
            "dtau_int": 0.24841334955443942
          },
          "Chi_t": {
            "mean": 0.6141445636749268,
            "error": 0.017383681764319817,
            "tau_int": 4.595558347272457,
            "dtau_int": 0.31788849548892173
          }
        },
        "n_skipped": 0.0,
        "step_size": 0.0
      },
      {
        "acc_rate": 0.41168,
        "n_steps": 25000.0,
        "obs_stats": {
          "Q": {
            "mean": -0.0027201087214052677,
            "error": 0.01224854979998649,
            "tau_int": 3.1237380728169266,
            "dtau_int": 0.18268764165300597
          },
          "Chi_t": {
            "mean": 0.6001840233802795,
            "error": 0.011957241533511612,
            "tau_int": 2.5340484766715963,
            "dtau_int": 0.1358653487426807
          }
        },
        "n_skipped": 0.0,
        "step_size": 0.0
      }
    ],
    [
      {
        "acc_rate": 0.3965,
        "n_steps": 40000.0,
        "obs_stats": {
          "Q": {
            "mean": 0.025400634855031967,
            "error": 0.01039128768954276,
            "tau_int": 3.5490578044396264,
            "dtau_int": 0.17728091176556132
          },
          "Chi_t": {
            "mean": 0.6090152263641357,
            "error": 0.010746200472255309,
            "tau_int": 2.9768324064326936,
            "dtau_int": 0.13810611462246425
          }
        },
        "n_skipped": 0.0,
        "step_size": 0.0
      },
      {
        "acc_rate": 0.3889,
        "n_steps": 40000.0,
        "obs_stats": {
          "Q": {
            "mean": -0.0002250056277262047,
            "error": 0.011476952875087227,
            "tau_int": 4.214463331551969,
            "dtau_int": 0.22807322406294828
          },
          "Chi_t": {
            "mean": 0.6249406337738037,
            "error": 0.011928009785350609,
            "tau_int": 3.5821639682175705,
            "dtau_int": 0.18236868178022314
          }
        },
        "n_skipped": 0.0,
        "step_size": 0.0
      },
      {
        "acc_rate": 0.406575,
        "n_steps": 40000.0,
        "obs_stats": {
          "Q": {
            "mean": -0.007300182711333036,
            "error": 0.008956904143662946,
            "tau_int": 2.7616286474507357,
            "dtau_int": 0.12576448923927286
          },
          "Chi_t": {
            "mean": 0.5809645056724548,
            "error": 0.009265815316695585,
            "tau_int": 2.432645984244923,
            "dtau_int": 0.10340263782290718
          }
        },
        "n_skipped": 0.0,
        "step_size": 0.0
      }
    ],
    [
      {
        "acc_rate": 0.39374,
        "n_steps": 50000.0,
        "obs_stats": {
          "Q": {
            "mean": 0.008460169658064842,
            "error": 0.011195249720326926,
            "tau_int": 4.978465342511577,
            "dtau_int": 0.2616314039260869
          },
          "Chi_t": {
            "mean": 0.6293125748634338,
            "error": 0.014403009745050932,
            "tau_int": 6.234618882031215,
            "dtau_int": 0.3625364199100752
          }
        },
        "n_skipped": 0.0,
        "step_size": 0.0
      },
      {
        "acc_rate": 0.40818,
        "n_steps": 50000.0,
        "obs_stats": {
          "Q": {
            "mean": -0.0032000639475882053,
            "error": 0.010140050077353214,
            "tau_int": 4.065227532473539,
            "dtau_int": 0.1972715860353137
          },
          "Chi_t": {
            "mean": 0.6322126388549805,
            "error": 0.01145275990227885,
            "tau_int": 4.111066563398166,
            "dtau_int": 0.19934059843908236
          }
        },
        "n_skipped": 0.0,
        "step_size": 0.0
      },
      {
        "acc_rate": 0.394,
        "n_steps": 50000.0,
        "obs_stats": {
          "Q": {
            "mean": 0.010040201246738434,
            "error": 0.009259543206377962,
            "tau_int": 3.567654504670605,
            "dtau_int": 0.16249987312351238
          },
          "Chi_t": {
            "mean": 0.6008120179176331,
            "error": 0.009977573936885944,
            "tau_int": 3.346413436164527,
            "dtau_int": 0.150116659276178
          }
        },
        "n_skipped": 0.0,
        "step_size": 0.0
      }
    ],
    [
      {
        "acc_rate": 0.40486666666666665,
        "n_steps": 75000.0,
        "obs_stats": {
          "Q": {
            "mean": -0.009373458102345467,
            "error": 0.007981146683957028,
            "tau_int": 3.8513839311503038,
            "dtau_int": 0.15315151120648537
          },
          "Chi_t": {
            "mean": 0.6202349066734314,
            "error": 0.009187250083586434,
            "tau_int": 3.9614325092385085,
            "dtau_int": 0.15723500378990768
          }
        },
        "n_skipped": 0.0,
        "step_size": 0.0
      },
      {
        "acc_rate": 0.40368,
        "n_steps": 75000.0,
        "obs_stats": {
          "Q": {
            "mean": -0.008453446440398693,
            "error": 0.007579459868103061,
            "tau_int": 3.512750682848356,
            "dtau_int": 0.1332689256844405
          },
          "Chi_t": {
            "mean": 0.613288164138794,
            "error": 0.00824036544797627,
            "tau_int": 3.233540614697789,
            "dtau_int": 0.11870056155946408
          }
        },
        "n_skipped": 0.0,
        "step_size": 0.0
      },
      {
        "acc_rate": 0.40824,
        "n_steps": 75000.0,
        "obs_stats": {
          "Q": {
            "mean": -0.003800050588324666,
            "error": 0.007404206776224203,
            "tau_int": 3.3342731374632697,
            "dtau_int": 0.12455748615446456
          },
          "Chi_t": {
            "mean": 0.6165282130241394,
            "error": 0.0077210089258719266,
            "tau_int": 2.859536870115422,
            "dtau_int": 0.09936664191119982
          }
        },
        "n_skipped": 0.0,
        "step_size": 0.0
      }
    ],
    [
      {
        "acc_rate": 0.40593,
        "n_steps": 100000.0,
        "obs_stats": {
          "Q": {
            "mean": 0.00016000159666873515,
            "error": 0.006575550147597487,
            "tau_int": 3.5149562299890382,
            "dtau_int": 0.1176021018423836
          },
          "Chi_t": {
            "mean": 0.615006148815155,
            "error": 0.0066957015514973765,
            "tau_int": 2.959191416171086,
            "dtau_int": 0.09080628608178323
          }
        },
        "n_skipped": 0.0,
        "step_size": 0.0
      },
      {
        "acc_rate": 0.41278,
        "n_steps": 100000.0,
        "obs_stats": {
          "Q": {
            "mean": -0.0025600255466997623,
            "error": 0.006672872517037436,
            "tau_int": 3.5636010364642905,
            "dtau_int": 0.11912597161932141
          },
          "Chi_t": {
            "mean": 0.6247062683105469,
            "error": 0.007686843244131616,