{
  "observables": [
    "Chi_t"
  ],
  "n_samples": [
    25000,
    40000,
    50000,
    75000,
    100000,
    125000,
    150000,
    175000,
    200000,
    225000,
    250000
  ],
  "nip": {},
  "nmcmc": [
    [
      {
        "acc_rate": 0.45012,
        "n_steps": 25000,
        "obs_stats": {
          "Q": {
            "mean": -0.0011200448498129845,
            "error": 0.011884385544012437,
            "tau_int": 2.9905847136269683,
            "dtau_int": 0.17131738078306485
          },
          "Chi_t": {
            "mean": 0.5901836156845093,
            "error": 0.01092916751893992,
            "tau_int": 2.2423058194267815,
            "dtau_int": 0.11436496367775291
          }
        },
        "n_skipped": 0,
        "step_size": 0
      },
      {
        "acc_rate": 0.46448,
        "n_steps": 25000,
        "obs_stats": {
          "Q": {
            "mean": 0.01308052334934473,
            "error": 0.010709625202518143,
            "tau_int": 2.3846070883896346,
            "dtau_int": 0.12478975864218216
          },
          "Chi_t": {
            "mean": 0.6012640595436096,
            "error": 0.011150266786347654,
            "tau_int": 2.1458490280759865,
            "dtau_int": 0.10636059163358313
          }
        },
        "n_skipped": 0,
        "step_size": 0
      },
      {
        "acc_rate": 0.45892,
        "n_steps": 25000,
        "obs_stats": {
          "Q": {
            "mean": -0.006520260591059923,
            "error": 0.012679410644251387,
            "tau_int": 3.436584189962704,
            "dtau_int": 0.20876489897410086
          },
          "Chi_t": {
            "mean": 0.584623396396637,
            "error": 0.013390169653284488,
            "tau_int": 3.0670114833294435,
            "dtau_int": 0.17960790413991798
          }
        },
        "n_skipped": 0,
        "step_size": 0
      }
    ],
    [
      {
        "acc_rate": 0.46225,
        "n_steps": 40000,
        "obs_stats": {
          "Q": {
            "mean": -0.00850021280348301,
            "error": 0.009754441035708179,
            "tau_int": 3.1824964063857077,
            "dtau_int": 0.15367894726899775
          },
          "Chi_t": {
            "mean": 0.5979149341583252,
            "error": 0.01129496440111923,
            "tau_int": 3.4972964493942413,
            "dtau_int": 0.17487646330148995
          }
        },
        "n_skipped": 0,
        "step_size": 0
      },
      {
        "acc_rate": 0.472925,
        "n_steps": 40000,
        "obs_stats": {
          "Q": {
            "mean": -0.003925098106265068,
            "error": 0.008604397782700971,
            "tau_int": 2.4469996642518748,
            "dtau_int": 0.10397143393180394
          },
          "Chi_t": {
            "mean": 0.6050401329994202,
            "error": 0.009094590867926806,
            "tau_int": 2.253476091509896,
            "dtau_int": 0.09358563056190933
          }
        },
        "n_skipped": 0,
        "step_size": 0
      },
      {
        "acc_rate": 0.45905,
        "n_steps": 40000,
        "obs_stats": {
          "Q": {
            "mean": -0.0035250880755484104,
            "error": 0.009124484399089795,
            "tau_int": 2.7769393167346683,
            "dtau_int": 0.12641504614301877
          },
          "Chi_t": {
            "mean": 0.5995399951934814,
            "error": 0.010266176711873567,
            "tau_int": 2.792907533324282,
            "dtau_int": 0.12709297553017246
          }
        },
        "n_skipped": 0,
        "step_size": 0
      }
    ],
    [
      {
        "acc_rate": 0.4568,
        "n_steps": 50000,
        "obs_stats": {
          "Q": {
            "mean": -0.0005600111908279359,
            "error": 0.008803284661719,
            "tau_int": 3.1401985421185246,
            "dtau_int": 0.1357503686788855
          },
          "Chi_t": {
            "mean": 0.6168923377990723,
            "error": 0.010351855634329568,
            "tau_int": 3.4481294853444404,
            "dtau_int": 0.1543664731623487
          }
        },
        "n_skipped": 0,
        "step_size": 0
      },
      {
        "acc_rate": 0.46052,
        "n_steps": 50000,
        "obs_stats": {
          "Q": {
            "mean": 0.019900398328900337,
            "error": 0.009341803189561855,
            "tau_int": 3.559712154626208,
            "dtau_int": 0.16216294147142926
          },
          "Chi_t": {
            "mean": 0.6131922602653503,
            "error": 0.011232899769310889,
            "tau_int": 4.092121311754983,
            "dtau_int": 0.19848591127909046
          }
        },
        "n_skipped": 0,
        "step_size": 0
      },
      {
        "acc_rate": 0.46794,
        "n_steps": 50000,
        "obs_stats": {
          "Q": {
            "mean": 0.00650013005360961,
            "error": 0.007663229115085203,
            "tau_int": 2.4825437798678545,
            "dtau_int": 0.09683279444681671
          },
          "Chi_t": {
            "mean": 0.5913518071174622,
            "error": 0.00806618262706791,
            "tau_int": 2.330404587970599,
            "dtau_int": 0.08884915290100558
          }
        },
        "n_skipped": 0,
        "step_size": 0
      }
    ],
    {
      "acc_rate": 0.46048,
      "n_steps": 75000.0,
      "obs_stats": {
        "Q": {
          "mean": -0.0050667342729866505,
          "error": 0.006744927111714294,
          "tau_int": 2.8583247835714007,
          "dtau_int": 0.09932718156154881
        },
        "Chi_t": {
          "mean": 0.5968345999717712,
          "error": 0.006951226472903179,
          "tau_int": 2.608045507286321,
          "dtau_int": 0.08705765403212125
        }
      },
      "n_skipped": 0.0,
      "step_size": 0.0
    },
    {
      "acc_rate": 0.45461,
      "n_steps": 100000.0,
      "obs_stats": {
        "Q": {
          "mean": 0.014420144259929657,
          "error": 0.005580316916611877,
          "tau_int": 2.6487878436648313,
          "dtau_int": 0.07830997919441846
        },
        "Chi_t": {
          "mean": 0.5879858732223511,
          "error": 0.005729872362872114,
          "tau_int": 2.3802533893179,
          "dtau_int": 0.06752531406925563
        }
      },
      "n_skipped": 0.0,
      "step_size": 0.0
    },
    {
      "acc_rate": 0.456352,
      "n_steps": 125000.0,
      "obs_stats": {
        "Q": {
          "mean": 0.006816054694354534,
          "error": 0.005745938050987007,
          "tau_int": 3.4479956792162785,
          "dtau_int": 0.10330596237065791
        },
        "Chi_t": {
          "mean": 0.5984687805175781,
          "error": 0.006875803800486927,
          "tau_int": 3.9476756075426964,
          "dtau_int": 0.12543936985593726
        }
      },
      "n_skipped": 0.0,
      "step_size": 0.0
    },
    {
      "acc_rate": 0.4592466666666667,
      "n_steps": 150000.0,
      "obs_stats": {
        "Q": {
          "mean": -0.0030333534814417362,
          "error": 0.004781304389597453,
          "tau_int": 2.8756215723041096,
          "dtau_int": 0.07368857957444154
        },
        "Chi_t": {
          "mean": 0.5962239503860474,
          "error": 0.005085222551633787,
          "tau_int": 2.705515062203773,
          "dtau_int": 0.06670381319911568
        }
      },
      "n_skipped": 0.0,
      "step_size": 0.0
    },
    {
      "acc_rate": 0.4613771428571429,
      "n_steps": 175000.0,
      "obs_stats": {
        "Q": {
          "mean": -0.00477717025205493,
          "error": 0.0046676193495065075,
          "tau_int": 3.1986382824718684,
          "dtau_int": 0.07990417970506156
        },
        "Chi_t": {
          "mean": 0.5959805250167847,
          "error": 0.0044513244173095675,
          "tau_int": 2.454296759863189,
          "dtau_int": 0.0538295819861806
        }
      },
      "n_skipped": 0.0,
      "step_size": 0.0
    },
    {
      "acc_rate": 0.46039,
      "n_steps": 200000.0,