{
  "observables": [
    "Chi_t"
  ],
  "n_samples": [
    50000,
    80000,
    100000,
    150000,
    200000
  ],
  "nip": [],
  "nmcmc": [
    [
      {
        "acc_rate": 0.31718,
        "n_steps": 50000,
        "obs_stats": {
          "Q": {
            "mean": -0.011800000444054604,
            "error": 0.012366299080667451,
            "tau_int": 5.939739537706882,
            "dtau_int": 0.3383473367423268
          },
          "Chi_t": {
            "mean": 0.6436399817466736,
            "error": 0.014532135555700924,
            "tau_int": 6.204414897382285,
            "dtau_int": 0.3609053699821008
          }
        },
        "n_skipped": 0,
        "step_size": 0
      },
      {
        "acc_rate": 0.30884,
        "n_steps": 50000,
        "obs_stats": {
          "Q": {
            "mean": 0.014460000209510326,
            "error": 0.013393750802563494,
            "tau_int": 6.880344505747302,
            "dtau_int": 0.41565324796657643
          },
          "Chi_t": {
            "mean": 0.6518599987030029,
            "error": 0.013136840607140054,
            "tau_int": 5.036492169022535,
            "dtau_int": 0.26826499212246124
          }
        },
        "n_skipped": 0,
        "step_size": 0
      },
      {
        "acc_rate": 0.33334,
        "n_steps": 50000,
        "obs_stats": {
          "Q": {
            "mean": -0.002839999971911311,
            "error": 0.011685963270107255,
            "tau_int": 5.179634379232553,
            "dtau_int": 0.2792024366549302
          },
          "Chi_t": {
            "mean": 0.6589999794960022,
            "error": 0.011746679598141024,
            "tau_int": 4.09509430609758,
            "dtau_int": 0.19861808786557508
          }
        },
        "n_skipped": 0,
        "step_size": 0
      }
    ],
    [
      {
        "acc_rate": 0.3089375,
        "n_steps": 80000,
        "obs_stats": {
          "Q": {
            "mean": 0.028612500056624413,
            "error": 0.009984810550098,
            "tau_int": 6.30049628610095,
            "dtau_int": 0.29952052978837035
          },
          "Chi_t": {
            "mean": 0.6336625218391418,
            "error": 0.010425187377484015,
            "tau_int": 5.192807026073629,
            "dtau_int": 0.22726227541404173
          }
        },
        "n_skipped": 0,
        "step_size": 0
      },
      {
        "acc_rate": 0.3130125,
        "n_steps": 80000,
        "obs_stats": {
          "Q": {
            "mean": 0.01418749988079071,
            "error": 0.010848963644997944,
            "tau_int": 7.049448763687569,
            "dtau_int": 0.35053043283014873
          },
          "Chi_t": {
            "mean": 0.6679375171661377,
            "error": 0.011801835567862141,
            "tau_int": 6.1733173029839,
            "dtau_int": 0.2906271730646677
          }
        },
        "n_skipped": 0,
        "step_size": 0
      },
      {
        "acc_rate": 0.32085,
        "n_steps": 80000,
        "obs_stats": {
          "Q": {
            "mean": 0.020075000822544098,
            "error": 0.008947663700265373,
            "tau_int": 5.092700086324628,
            "dtau_int": 0.220247650331228
          },
          "Chi_t": {
            "mean": 0.6291499733924866,
            "error": 0.009277173978249858,
            "tau_int": 4.159251543148877,
            "dtau_int": 0.16464739751436097
          }
        },
        "n_skipped": 0,
        "step_size": 0
      }
    ],
    [
      {
        "acc_rate": 0.30866,
        "n_steps": 100000,
        "obs_stats": {
          "Q": {
            "mean": -0.023649999871850014,
            "error": 0.00912724098634687,
            "tau_int": 6.405495005324294,
            "dtau_int": 0.2780147326252527
          },
          "Chi_t": {
            "mean": 0.6507499814033508,
            "error": 0.011235238976919314,
            "tau_int": 7.248628174761903,
            "dtau_int": 0.3313863891901742
          }
        },
        "n_skipped": 0,
        "step_size": 0
      },
      {
        "acc_rate": 0.3114,
        "n_steps": 100000,
        "obs_stats": {
          "Q": {
            "mean": -0.01027000043541193,
            "error": 0.008898974538800859,
            "tau_int": 6.141716551529166,
            "dtau_int": 0.26160622279042034
          },
          "Chi_t": {
            "mean": 0.6447299718856812,
            "error": 0.010578703268579265,
            "tau_int": 6.430033908676639,
            "dtau_int": 0.2790070656234651
          }
        },
        "n_skipped": 0,
        "step_size": 0
      },
      {
        "acc_rate": 0.31326,
        "n_steps": 100000,
        "obs_stats": {
          "Q": {
            "mean": 0.00041000000783242285,
            "error": 0.008454877306601792,
            "tau_int": 5.714396415339923,
            "dtau_int": 0.23640093606559434
          },
          "Chi_t": {
            "mean": 0.6254100203514099,
            "error": 0.008380077332493406,
            "tau_int": 4.2861181526735015,
            "dtau_int": 0.15622623000551117
          }
        },
        "n_skipped": 0,
        "step_size": 0
      }
    ],
    [
      {
        "acc_rate": 0.32188666666666665,
        "n_steps": 150000,
        "obs_stats": {
          "Q": {
            "mean": 0.0063599999994039536,
            "error": 0.006790504392794419,
            "tau_int": 5.331055576169078,
            "dtau_int": 0.17876971226157842
          },
          "Chi_t": {
            "mean": 0.6487066745758057,
            "error": 0.007446073200740104,
            "tau_int": 4.890152248285836,
            "dtau_int": 0.1569118674864162
          }
        },
        "n_skipped": 0,
        "step_size": 0
      },
      {
        "acc_rate": 0.31162,
        "n_steps": 150000,
        "obs_stats": {
          "Q": {
            "mean": -0.0006533333216793835,
            "error": 0.00716576174392718,
            "tau_int": 6.153268719868619,
            "dtau_int": 0.2186428342965266
          },
          "Chi_t": {
            "mean": 0.6258133053779602,
            "error": 0.007562291753112119,
            "tau_int": 5.239910836252893,
            "dtau_int": 0.1738094335479694
          }
        },
        "n_skipped": 0,
        "step_size": 0
      },
      {
        "acc_rate": 0.3164133333333333,
        "n_steps": 150000,
        "obs_stats": {
          "Q": {
            "mean": -0.005739999935030937,
            "error": 0.00720666961257886,
            "tau_int": 6.1304600777429386,
            "dtau_int": 0.2178848420695694
          },
          "Chi_t": {
            "mean": 0.635366678237915,
            "error": 0.007608929192017805,
            "tau_int": 5.242325433458984,
            "dtau_int": 0.17388443826883876
          }
        },
        "n_skipped": 0,
        "step_size": 0
      }
    ],
    [
      {
        "acc_rate": 0.317075,
        "n_steps": 200000,
        "obs_stats": {
          "Q": {
            "mean": 0.017294999212026596,
            "error": 0.006613964458067427,
            "tau_int": 6.698602909971508,
            "dtau_int": 0.21768170906810028
          },
          "Chi_t": {
            "mean": 0.6532949805259705,
            "error": 0.007897618924020274,
            "tau_int": 7.206490214591814,
            "dtau_int": 0.24180649531081455
          }
        },
        "n_skipped": 0,
        "step_size": 0
      },
      {
        "acc_rate": 0.31609,
        "n_steps": 200000,
        "obs_stats": {
          "Q": {
            "mean": 0.0029750000685453415,
            "error": 0.006320801236552975,
            "tau_int": 6.225112855480118,
            "dtau_int": 0.1954227165914046
          },
          "Chi_t": {
            "mean": 0.6417649984359741,
            "error": 0.007133252834034679,
            "tau_int": 5.885772080274872,
            "dtau_int": 0.17971225183387685
          }
        },
        "n_skipped": 0,