{
  "observables": [
    "Chi_t"
  ],
  "n_samples": [
    50000,
    80000,
    100000
  ],
  "nip": [],
  "nmcmc": [
    [
      {
        "acc_rate": 0.74118,
        "n_steps": 50000,
        "obs_stats": {
          "Q": {
            "mean": 0.00215999991632998,
            "error": 0.004964676156510936,
            "tau_int": 0.9218757620903668,
            "dtau_int": 0.022698557088041468
          },
          "Chi_t": {
            "mean": 0.66839998960495,
            "error": 0.005800520074997029,
            "tau_int": 0.9231293912242375,
            "dtau_int": 0.022727544012035153
          }
        },
        "n_skipped": 0,
        "step_size": 0
      }
    ],
    [
      {
        "acc_rate": 0.7439625,
        "n_steps": 80000,
        "obs_stats": {
          "Q": {
            "mean": -0.0008999999845400453,
            "error": 0.004048516311194935,
            "tau_int": 0.9705106579030782,
            "dtau_int": 0.020042266225955705
          },
          "Chi_t": {
            "mean": 0.6755250096321106,
            "error": 0.004559057186543454,
            "tau_int": 0.9260294864767247,
            "dtau_int": 0.01917347407628255
          }
        },
        "n_skipped": 0,
        "step_size": 0
      }
    ],
    [
      {
        "acc_rate": 0.74484,
        "n_steps": 100000,
        "obs_stats": {
          "Q": {
            "mean": 0.0015899999998509884,
            "error": 0.003470647553732511,
            "tau_int": 0.8916973288568582,
            "dtau_int": 0.015555764222880254
          },
          "Chi_t": {
            "mean": 0.6754099726676941,
            "error": 0.003954014337527839,
            "tau_int": 0.8678673803821855,
            "dtau_int": 0.015163739503208684
          }
        },
        "n_skipped": 0,
        "step_size": 0
      }
    ]
  ],
  "exact_sus": 0.6687749432186545
}