{
  "observables": [
    "Chi_t"
  ],
  "n_samples": [
    50000,
    80000,
    100000
  ],
  "nip": [],
  "nmcmc": [
    [
      {
        "acc_rate": 0.61014,
        "n_steps": 50000,
        "obs_stats": {
          "Q": {
            "mean": 0.0027600000612437725,
            "error": 0.006431107241779992,
            "tau_int": 1.5961539082999328,
            "dtau_int": 0.05128369945528786
          },
          "Chi_t": {
            "mean": 0.6477599740028381,
            "error": 0.00720657529328587,
            "tau_int": 1.5532598984746797,
            "dtau_int": 0.049988411744225525
          }
        },
        "n_skipped": 0,
        "step_size": 0
      },
      {
        "acc_rate": 0.60296,
        "n_steps": 50000,
        "obs_stats": {
          "Q": {
            "mean": -0.007420000154525042,
            "error": 0.006141081795262317,
            "tau_int": 1.4683814024170894,
            "dtau_int": 0.04555603280641189
          },
          "Chi_t": {
            "mean": 0.6420999765396118,
            "error": 0.007055658583422846,
            "tau_int": 1.4482089955625383,
            "dtau_int": 0.04496784032433335
          }
        },
        "n_skipped": 0,
        "step_size": 0
      },
      {
        "acc_rate": 0.61128,
        "n_steps": 50000,
        "obs_stats": {
          "Q": {
            "mean": -0.006020000204443932,
            "error": 0.0059748534102792425,
            "tau_int": 1.3717262591485528,
            "dtau_int": 0.040928548789576906
          },
          "Chi_t": {
            "mean": 0.6506199836730957,
            "error": 0.006605699474536136,
            "tau_int": 1.2795406628021373,
            "dtau_int": 0.036587631203318136
          }
        },
        "n_skipped": 0,
        "step_size": 0
      }
    ],
    [
      {
        "acc_rate": 0.60975,
        "n_steps": 80000,
        "obs_stats": {
          "Q": {
            "mean": 7.500000356230885e-05,
            "error": 0.004929672243008318,
            "tau_int": 1.499526358520671,
            "dtau_int": 0.03823126725541767
          },
          "Chi_t": {
            "mean": 0.6482250094413757,
            "error": 0.005504984586108649,
            "tau_int": 1.4036366542538434,
            "dtau_int": 0.0345197081031624
          }
        },
        "n_skipped": 0,
        "step_size": 0
      },
      {
        "acc_rate": 0.613875,
        "n_steps": 80000,
        "obs_stats": {
          "Q": {
            "mean": -0.006637500133365393,
            "error": 0.004756644813928425,
            "tau_int": 1.3912978930283,
            "dtau_int": 0.03423370682707055
          },
          "Chi_t": {
            "mean": 0.6505125164985657,
            "error": 0.005172868855155105,
            "tau_int": 1.2475255351468877,
            "dtau_int": 0.029590919737761616
          }
        },
        "n_skipped": 0,
        "step_size": 0
      },
      {
        "acc_rate": 0.6124875,
        "n_steps": 80000,
        "obs_stats": {
          "Q": {
            "mean": -0.006500000134110451,
            "error": 0.004766024714533614,
            "tau_int": 1.4256893574095368,
            "dtau_int": 0.035030076224353925
          },
          "Chi_t": {
            "mean": 0.6373249888420105,
            "error": 0.00548552811112633,
            "tau_int": 1.4452559020825946,
            "dtau_int": 0.035482053918196234
          }
        },
        "n_skipped": 0,
        "step_size": 0
      }
    ],
    [
      {
        "acc_rate": 0.61068,
        "n_steps": 100000,
        "obs_stats": {
          "Q": {
            "mean": -0.0010400000028312206,
            "error": 0.004241759104055982,
            "tau_int": 1.4055408282878024,
            "dtau_int": 0.030914817538569027
          },
          "Chi_t": {
            "mean": 0.6400399804115295,
            "error": 0.0047597059541646895,
            "tau_int": 1.3615131848652593,
            "dtau_int": 0.0300008888893973
          }
        },
        "n_skipped": 0,
        "step_size": 0
      },
      {
        "acc_rate": 0.61281,
        "n_steps": 100000,
        "obs_stats": {
          "Q": {
            "mean": -0.004800000227987766,
            "error": 0.0041471811324550745,
            "tau_int": 1.3400495597399398,
            "dtau_int": 0.029554033312743127
          },
          "Chi_t": {
            "mean": 0.6417400240898132,
            "error": 0.004614899423454438,
            "tau_int": 1.2771670278484737,
            "dtau_int": 0.027060071723067777
          }
        },
        "n_skipped": 0,
        "step_size": 0
      },
      {
        "acc_rate": 0.608,
        "n_steps": 100000,
        "obs_stats": {
          "Q": {
            "mean": -0.0006300000241026282,
            "error": 0.004324235751553148,
            "tau_int": 1.4624412238018851,
            "dtau_int": 0.03339693074169554
          },
          "Chi_t": {
            "mean": 0.6392899751663208,
            "error": 0.004674778496112293,
            "tau_int": 1.304751898927704,
            "dtau_int": 0.02761053326030475
          }
        },
        "n_skipped": 0,
        "step_size": 0
      }
    ]
  ],
  "exact_sus": 0.6439874072967454
}