{
  "observables": [
    "Chi_t"
  ],
  "n_samples": [
    50000,
    80000,
    100000
  ],
  "nip": [],
  "nmcmc": [
    [
      {
        "acc_rate": 0.61164,
        "n_steps": 50000,
        "obs_stats": {
          "Q": {
            "mean": 0.0015399999683722854,
            "error": 0.006407015531731037,
            "tau_int": 1.5615942082102645,
            "dtau_int": 0.050240455362273465
          },
          "Chi_t": {
            "mean": 0.6571400165557861,
            "error": 0.006921949202306826,
            "tau_int": 1.3984328723480461,
            "dtau_int": 0.04167530264365517
          }
        },
        "n_skipped": 0,
        "step_size": 0
      },
      {
        "acc_rate": 0.60642,
        "n_steps": 50000,
        "obs_stats": {
          "Q": {
            "mean": 0.005499999970197678,
            "error": 0.00600374252077653,
            "tau_int": 1.3512811694348232,
            "dtau_int": 0.0403555434033306
          },
          "Chi_t": {
            "mean": 0.6668599843978882,
            "error": 0.006359946034466113,
            "tau_int": 1.139126077718801,
            "dtau_int": 0.031172740600371694
          }
        },
        "n_skipped": 0,
        "step_size": 0
      },
      {
        "acc_rate": 0.6035,
        "n_steps": 50000,
        "obs_stats": {
          "Q": {
            "mean": -0.004279999993741512,
            "error": 0.006128745227139452,
            "tau_int": 1.421021065676299,
            "dtau_int": 0.04417337900579466
          },
          "Chi_t": {
            "mean": 0.6607999801635742,
            "error": 0.006754462966257174,
            "tau_int": 1.268272772185729,
            "dtau_int": 0.036285418734938
          }
        },
        "n_skipped": 0,
        "step_size": 0
      }
    ],
    [
      {
        "acc_rate": 0.6123375,
        "n_steps": 80000,
        "obs_stats": {
          "Q": {
            "mean": -0.0067125000059604645,
            "error": 0.004846650379806242,
            "tau_int": 1.4036129281563736,
            "dtau_int": 0.03451915845933582
          },
          "Chi_t": {
            "mean": 0.6694375276565552,
            "error": 0.005255819832289815,
            "tau_int": 1.2276236924739365,
            "dtau_int": 0.0278218320049879
          }
        },
        "n_skipped": 0,
        "step_size": 0
      },
      {
        "acc_rate": 0.6115375,
        "n_steps": 80000,
        "obs_stats": {
          "Q": {
            "mean": 0.00494999997317791,
            "error": 0.00472086869230537,
            "tau_int": 1.3322875344854972,
            "dtau_int": 0.031482200353267625
          },
          "Chi_t": {
            "mean": 0.6691250205039978,
            "error": 0.00519892129003913,
            "tau_int": 1.2072837094521751,
            "dtau_int": 0.027387938480079994
          }
        },
        "n_skipped": 0,
        "step_size": 0
      },
      {
        "acc_rate": 0.6148875,
        "n_steps": 80000,
        "obs_stats": {
          "Q": {
            "mean": -0.0026499999221414328,
            "error": 0.004740454425666291,
            "tau_int": 1.33753305752874,
            "dtau_int": 0.03159872938549748
          },
          "Chi_t": {
            "mean": 0.6720250248908997,
            "error": 0.005376594779197219,
            "tau_int": 1.2715287464589917,
            "dtau_int": 0.030128083128627952
          }
        },
        "n_skipped": 0,
        "step_size": 0
      }
    ],
    [
      {
        "acc_rate": 0.61567,
        "n_steps": 100000,
        "obs_stats": {
          "Q": {
            "mean": 0.003100000089034438,
            "error": 0.004254820578321253,
            "tau_int": 1.3494596385679931,
            "dtau_int": 0.029750049419387952
          },
          "Chi_t": {
            "mean": 0.6707599759101868,
            "error": 0.004577874748227565,
            "tau_int": 1.1558723381531233,
            "dtau_int": 0.023511849981730185
          }
        },
        "n_skipped": 0,
        "step_size": 0
      },
      {
        "acc_rate": 0.61295,
        "n_steps": 100000,
        "obs_stats": {
          "Q": {
            "mean": -0.004220000002533197,
            "error": 0.00425958350994602,
            "tau_int": 1.3584530312379122,
            "dtau_int": 0.02993723145125055
          },
          "Chi_t": {
            "mean": 0.6678199768066406,
            "error": 0.004607281509240192,
            "tau_int": 1.1896195900406474,
            "dtau_int": 0.02415880495609165
          }
        },
        "n_skipped": 0,
        "step_size": 0
      },
      {
        "acc_rate": 0.6132,
        "n_steps": 100000,
        "obs_stats": {
          "Q": {
            "mean": 0.0101500004529953,
            "error": 0.004233678990551862,
            "tau_int": 1.3423734365775897,
            "dtau_int": 0.02960245604445567
          },
          "Chi_t": {
            "mean": 0.66771000623703,
            "error": 0.004696564998606803,
            "tau_int": 1.2377857086114925,
            "dtau_int": 0.026271650203387086
          }
        },
        "n_skipped": 0,
        "step_size": 0
      }
    ]
  ],
  "exact_sus": 0.6687749432186545
}