{
  "observables": [
    "Chi_t"
  ],
  "n_samples": [
    50000,
    80000,
    100000
  ],
  "nip": [],
  "nmcmc": [
    [
      {
        "acc_rate": 0.8084,
        "n_steps": 50000,
        "obs_stats": {
          "Q": {
            "mean": -0.008860000409185886,
            "error": 0.004409500312407876,
            "tau_int": 0.7525570006529279,
            "dtau_int": 0.016136960280346127
          },
          "Chi_t": {
            "mean": 0.6459800004959106,
            "error": 0.004936448400799647,
            "tau_int": 0.7271285182400293,
            "dtau_int": 0.015626154581010382
          }
        },
        "n_skipped": 0,
        "step_size": 0
      },
      {
        "acc_rate": 0.807,
        "n_steps": 50000,
        "obs_stats": {
          "Q": {
            "mean": 0.00570000009611249,
            "error": 0.0044380727693352886,
            "tau_int": 0.750299855871339,
            "dtau_int": 0.016091719535384078
          },
          "Chi_t": {
            "mean": 0.6563000082969666,
            "error": 0.0051838410582882586,
            "tau_int": 0.7654354182463203,
            "dtau_int": 0.017766762976243855
          }
        },
        "n_skipped": 0,
        "step_size": 0
      },
      {
        "acc_rate": 0.8081,
        "n_steps": 50000,
        "obs_stats": {
          "Q": {
            "mean": -0.0030400000978261232,
            "error": 0.004423259940731373,
            "tau_int": 0.7531920876630911,
            "dtau_int": 0.016149686013811282
          },
          "Chi_t": {
            "mean": 0.649399995803833,
            "error": 0.004904703489127016,
            "tau_int": 0.715799249657133,
            "dtau_int": 0.01539777293717153
          }
        },
        "n_skipped": 0,
        "step_size": 0
      }
    ],
    [
      {
        "acc_rate": 0.8107125,
        "n_steps": 80000,
        "obs_stats": {
          "Q": {
            "mean": -0.0031874999403953552,
            "error": 0.00345229186356261,
            "tau_int": 0.7308050062311213,
            "dtau_int": 0.012412067390610165
          },
          "Chi_t": {
            "mean": 0.6523374915122986,
            "error": 0.00390974146773945,
            "tau_int": 0.7214595252279454,
            "dtau_int": 0.012263263318787245
          }
        },
        "n_skipped": 0,
        "step_size": 0
      },
      {
        "acc_rate": 0.8085125,
        "n_steps": 80000,
        "obs_stats": {
          "Q": {
            "mean": 0.0026000000070780516,
            "error": 0.003437607729379123,
            "tau_int": 0.7344062419441248,
            "dtau_int": 0.01246933753256164
          },
          "Chi_t": {
            "mean": 0.643625020980835,
            "error": 0.0038912350290525102,
            "tau_int": 0.7401662688283965,
            "dtau_int": 0.013607623935732905
          }
        },
        "n_skipped": 0,
        "step_size": 0
      },
      {
        "acc_rate": 0.80925,
        "n_steps": 80000,
        "obs_stats": {
          "Q": {
            "mean": 0.002387499902397394,
            "error": 0.0034998520425498897,
            "tau_int": 0.7530652030246823,
            "dtau_int": 0.013831549626379199
          },
          "Chi_t": {
            "mean": 0.650612473487854,
            "error": 0.004024819878073181,
            "tau_int": 0.747037559785986,
            "dtau_int": 0.013726967556101262
          }
        },
        "n_skipped": 0,
        "step_size": 0
      }
    ],
    [
      {
        "acc_rate": 0.80887,
        "n_steps": 100000,
        "obs_stats": {
          "Q": {
            "mean": 0.004009999800473452,
            "error": 0.0031341719484065033,
            "tau_int": 0.7606220737375091,
            "dtau_int": 0.012488458241124654
          },
          "Chi_t": {
            "mean": 0.6457300186157227,
            "error": 0.003512185980427028,
            "tau_int": 0.7345196182900653,
            "dtau_int": 0.012083220897253602
          }
        },
        "n_skipped": 0,
        "step_size": 0
      },
      {
        "acc_rate": 0.80849,
        "n_steps": 100000,
        "obs_stats": {
          "Q": {
            "mean": 0.0036200000904500484,
            "error": 0.0031273539834019257,
            "tau_int": 0.7559432891135902,
            "dtau_int": 0.012415946095750552
          },
          "Chi_t": {
            "mean": 0.6468999981880188,
            "error": 0.003535262748910074,
            "tau_int": 0.7529028542981291,
            "dtau_int": 0.012368795833420366
          }
        },
        "n_skipped": 0,
        "step_size": 0
      },
      {
        "acc_rate": 0.81128,
        "n_steps": 100000,
        "obs_stats": {
          "Q": {
            "mean": -0.005410000216215849,
            "error": 0.0031367899539037135,
            "tau_int": 0.756821896577853,
            "dtau_int": 0.012429566998860836
          },
          "Chi_t": {
            "mean": 0.6500700116157532,
            "error": 0.0035031310150985396,
            "tau_int": 0.7249045092995445,
            "dtau_int": 0.011933518406719072
          }
        },
        "n_skipped": 0,
        "step_size": 0
      }
    ]
  ],
  "exact_sus": 0.6500977944017748
}