{
  "observables": [
    "Chi_t"
  ],
  "n_samples": [
    50000,
    80000,
    100000
  ],
  "nip": [],
  "nmcmc": [
    [
      {
        "acc_rate": 0.6531,
        "n_steps": 50000,
        "obs_stats": {
          "Q": {
            "mean": 0.0013599999947473407,
            "error": 0.005542510381326771,
            "tau_int": 1.1606093425806725,
            "dtau_int": 0.03172417424920486
          },
          "Chi_t": {
            "mean": 0.6616799831390381,
            "error": 0.006069355283118786,
            "tau_int": 1.0527568995133667,
            "dtau_int": 0.02736721387695896
          }
        },
        "n_skipped": 0,
        "step_size": 0
      },
      {
        "acc_rate": 0.65578,
        "n_steps": 50000,
        "obs_stats": {
          "Q": {
            "mean": 0.00107999995816499,
            "error": 0.005702369101322868,
            "tau_int": 1.2261479204574248,
            "dtau_int": 0.0351523621387079
          },
          "Chi_t": {
            "mean": 0.6629599928855896,
            "error": 0.0060891740781567295,
            "tau_int": 1.0301732218035555,
            "dtau_int": 0.026815908457471054
          }
        },
        "n_skipped": 0,
        "step_size": 0
      },
      {
        "acc_rate": 0.65566,
        "n_steps": 50000,
        "obs_stats": {
          "Q": {
            "mean": -0.007540000136941671,
            "error": 0.005527941508923253,
            "tau_int": 1.1538797473355722,
            "dtau_int": 0.03155158831107963
          },
          "Chi_t": {
            "mean": 0.6621000170707703,
            "error": 0.006070997186945036,
            "tau_int": 1.0281004404573126,
            "dtau_int": 0.026765227417876257
          }
        },
        "n_skipped": 0,
        "step_size": 0
      }
    ],
    [
      {
        "acc_rate": 0.6535875,
        "n_steps": 80000,
        "obs_stats": {
          "Q": {
            "mean": -0.00279999990016222,
            "error": 0.004498175117221816,
            "tau_int": 1.219556594167794,
            "dtau_int": 0.027649856662892398
          },
          "Chi_t": {
            "mean": 0.6636250019073486,
            "error": 0.0049586262321588866,
            "tau_int": 1.119796564615588,
            "dtau_int": 0.024251034063830553
          }
        },
        "n_skipped": 0,
        "step_size": 0
      },
      {
        "acc_rate": 0.6546,
        "n_steps": 80000,
        "obs_stats": {
          "Q": {
            "mean": 0.001312499982304871,
            "error": 0.004569600969632362,
            "tau_int": 1.2523774070833367,
            "dtau_int": 0.029699599591389885
          },
          "Chi_t": {
            "mean": 0.6669124960899353,
            "error": 0.0050750557806292975,
            "tau_int": 1.1386267258612464,
            "dtau_int": 0.025916421544851936
          }
        },
        "n_skipped": 0,
        "step_size": 0
      },
      {
        "acc_rate": 0.6566875,
        "n_steps": 80000,
        "obs_stats": {
          "Q": {
            "mean": -0.0017500000540167093,
            "error": 0.0044837163299457855,
            "tau_int": 1.2026592561502467,
            "dtau_int": 0.02728915840618238
          },
          "Chi_t": {
            "mean": 0.668624997138977,
            "error": 0.005309014544264714,
            "tau_int": 1.2276724518998416,
            "dtau_int": 0.027822871014633082
          }
        },
        "n_skipped": 0,
        "step_size": 0
      }
    ],
    [
      {
        "acc_rate": 0.65816,
        "n_steps": 100000,
        "obs_stats": {
          "Q": {
            "mean": 0.0003499999875202775,
            "error": 0.004006646708900649,
            "tau_int": 1.204607212044135,
            "dtau_int": 0.024445386875380146
          },
          "Chi_t": {
            "mean": 0.6663100123405457,
            "error": 0.00443044864558129,
            "tau_int": 1.0985483257353064,
            "dtau_int": 0.021303287143635316
          }
        },
        "n_skipped": 0,
        "step_size": 0
      },
      {
        "acc_rate": 0.65862,
        "n_steps": 100000,
        "obs_stats": {
          "Q": {
            "mean": -0.00494999997317791,
            "error": 0.004055487688908083,
            "tau_int": 1.2327187276740557,
            "dtau_int": 0.026169990053897852
          },
          "Chi_t": {
            "mean": 0.667110025882721,
            "error": 0.004664908478788918,
            "tau_int": 1.1987673692707095,
            "dtau_int": 0.024333776000929418
          }
        },
        "n_skipped": 0,
        "step_size": 0
      },
      {
        "acc_rate": 0.65453,
        "n_steps": 100000,
        "obs_stats": {
          "Q": {
            "mean": -0.0007200000109151006,
            "error": 0.003960619665151263,
            "tau_int": 1.1885605778395563,
            "dtau_int": 0.024138538104921746
          },
          "Chi_t": {
            "mean": 0.6598799824714661,
            "error": 0.0046503436346933885,
            "tau_int": 1.2048815006740152,
            "dtau_int": 0.02445062736933784
          }
        },
        "n_skipped": 0,
        "step_size": 0
      }
    ]
  ],
  "exact_sus": 0.6629736823224884
}