{
  "observables": [
    "Chi_t"
  ],
  "n_samples": [
    50000,
    80000,
    100000
  ],
  "nip": [],
  "nmcmc": [
    [
      {
        "acc_rate": 0.42026,
        "n_steps": 50000,
        "obs_stats": {
          "Q": {
            "mean": 0.009320000186562538,
            "error": 0.008932107269119343,
            "tau_int": 3.1041236185745444,
            "dtau_int": 0.13429308813514806
          },
          "Chi_t": {
            "mean": 0.6425600051879883,
            "error": 0.008615069655485932,
            "tau_int": 2.2959643229784827,
            "dtau_int": 0.08761812753803903
          }
        },
        "n_skipped": 0,
        "step_size": 0
      },
      {
        "acc_rate": 0.43248,
        "n_steps": 50000,
        "obs_stats": {
          "Q": {
            "mean": 0.0033599999733269215,
            "error": 0.008976122517812966,
            "tau_int": 2.9714719560793963,
            "dtau_int": 0.1261487750861866
          },
          "Chi_t": {
            "mean": 0.6777999997138977,
            "error": 0.009302323954758093,
            "tau_int": 2.4086420692262838,
            "dtau_int": 0.09413164991357226
          }
        },
        "n_skipped": 0,
        "step_size": 0
      },
      {
        "acc_rate": 0.43916,
        "n_steps": 50000,
        "obs_stats": {
          "Q": {
            "mean": 0.01155999954789877,
            "error": 0.008236933947552025,
            "tau_int": 2.612662001068256,
            "dtau_int": 0.10421171661937242
          },
          "Chi_t": {
            "mean": 0.6492800116539001,
            "error": 0.008687519835617278,
            "tau_int": 2.1609380734038295,
            "dtau_int": 0.08048225083048126
          }
        },
        "n_skipped": 0,
        "step_size": 0
      }
    ],
    [
      {
        "acc_rate": 0.433775,
        "n_steps": 80000,
        "obs_stats": {
          "Q": {
            "mean": -0.014299999922513962,
            "error": 0.006999162717406076,
            "tau_int": 2.9709248800507986,
            "dtau_int": 0.10190115372046223
          },
          "Chi_t": {
            "mean": 0.65972501039505,
            "error": 0.007499097069379222,
            "tau_int": 2.5069349848333147,
            "dtau_int": 0.07926249929973556
          }
        },
        "n_skipped": 0,
        "step_size": 0
      },
      {
        "acc_rate": 0.4318375,
        "n_steps": 80000,
        "obs_stats": {
          "Q": {
            "mean": 0.002575000049546361,
            "error": 0.007145581957619006,
            "tau_int": 3.0674588819644764,
            "dtau_int": 0.10721315373821831
          },
          "Chi_t": {
            "mean": 0.6657750010490417,
            "error": 0.0073728619879196555,
            "tau_int": 2.454071750600683,
            "dtau_int": 0.07769361767913906
          }
        },
        "n_skipped": 0,
        "step_size": 0
      },
      {
        "acc_rate": 0.4339625,
        "n_steps": 80000,
        "obs_stats": {
          "Q": {
            "mean": -0.008637499995529652,
            "error": 0.0069851519533253355,
            "tau_int": 2.9653717006822142,
            "dtau_int": 0.10172268444108143
          },
          "Chi_t": {
            "mean": 0.6581875085830688,
            "error": 0.007263933903071867,
            "tau_int": 2.3775144176092358,
            "dtau_int": 0.07351573988948516
          }
        },
        "n_skipped": 0,
        "step_size": 0
      }
    ],
    [
      {
        "acc_rate": 0.42973,
        "n_steps": 100000,
        "obs_stats": {
          "Q": {
            "mean": 0.01228999998420477,
            "error": 0.006227031184075909,
            "tau_int": 2.955401884478101,
            "dtau_int": 0.09069684554928956
          },
          "Chi_t": {
            "mean": 0.6561300158500671,
            "error": 0.007029567868707494,
            "tau_int": 2.8264408398702794,
            "dtau_int": 0.08511963341379769
          }
        },
        "n_skipped": 0,
        "step_size": 0
      },
      {
        "acc_rate": 0.4273,
        "n_steps": 100000,
        "obs_stats": {
          "Q": {
            "mean": -0.000910000002477318,
            "error": 0.0064768365725815236,
            "tau_int": 3.1367744593437465,
            "dtau_int": 0.0999115118290846
          },
          "Chi_t": {
            "mean": 0.6686300039291382,
            "error": 0.007004725771541808,
            "tau_int": 2.797984720318721,
            "dtau_int": 0.08431552333868879
          }
        },
        "n_skipped": 0,
        "step_size": 0
      },
      {
        "acc_rate": 0.43929,
        "n_steps": 100000,
        "obs_stats": {
          "Q": {
            "mean": -0.0076299998909235,
            "error": 0.006049624142062018,
            "tau_int": 2.770102696280093,
            "dtau_int": 0.08352656132031772
          },
          "Chi_t": {
            "mean": 0.660610020160675,
            "error": 0.006483346794308053,
            "tau_int": 2.43802334560589,
            "dtau_int": 0.06906447517929325
          }
        },
        "n_skipped": 0,
        "step_size": 0
      }
    ]
  ],
  "exact_sus": 0.6629736823224884
}