{
  "observables": [
    "Chi_t"
  ],
  "n_samples": [
    50000,
    80000,
    100000
  ],
  "nip": [],
  "nmcmc": [
    [
      {
        "acc_rate": 0.81114,
        "n_steps": 50000,
        "obs_stats": {
          "Q": {
            "mean": -0.0007999999797903001,
            "error": 0.004515459071336943,
            "tau_int": 0.7820652561383672,
            "dtau_int": 0.01813033698829914
          },
          "Chi_t": {
            "mean": 0.6517599821090698,
            "error": 0.004972245240863487,
            "tau_int": 0.7360611500510008,
            "dtau_int": 0.015805876045377216
          }
        },
        "n_skipped": 0,
        "step_size": 0
      },
      {
        "acc_rate": 0.81018,
        "n_steps": 50000,
        "obs_stats": {
          "Q": {
            "mean": -0.002139999996870756,
            "error": 0.004395862597313749,
            "tau_int": 0.7429015926972935,
            "dtau_int": 0.015943296008501175
          },
          "Chi_t": {
            "mean": 0.6502599716186523,
            "error": 0.004871243062395969,
            "tau_int": 0.7097305880872276,
            "dtau_int": 0.015275235060416174
          }
        },
        "n_skipped": 0,
        "step_size": 0
      },
      {
        "acc_rate": 0.805,
        "n_steps": 50000,
        "obs_stats": {
          "Q": {
            "mean": 0.006940000224858522,
            "error": 0.0045246273599044385,
            "tau_int": 0.7841704157365101,
            "dtau_int": 0.01817629157644067
          },
          "Chi_t": {
            "mean": 0.6527000069618225,
            "error": 0.005073468926776666,
            "tau_int": 0.7687937456607541,
            "dtau_int": 0.017840264303955033
          }
        },
        "n_skipped": 0,
        "step_size": 0
      }
    ],
    [
      {
        "acc_rate": 0.8078375,
        "n_steps": 80000,
        "obs_stats": {
          "Q": {
            "mean": -0.003987499978393316,
            "error": 0.003505064396986785,
            "tau_int": 0.7533243285773834,
            "dtau_int": 0.013836043281726381
          },
          "Chi_t": {
            "mean": 0.6523374915122986,
            "error": 0.0038552689336398887,
            "tau_int": 0.7173672433173677,
            "dtau_int": 0.01219802025166735
          }
        },
        "n_skipped": 0,
        "step_size": 0
      },
      {
        "acc_rate": 0.8047,
        "n_steps": 80000,
        "obs_stats": {
          "Q": {
            "mean": 0.0015124999918043613,
            "error": 0.0035646289169265397,
            "tau_int": 0.7800857806442931,
            "dtau_int": 0.01429911728862058
          },
          "Chi_t": {
            "mean": 0.6515374779701233,
            "error": 0.003920933477498683,
            "tau_int": 0.7171398232705717,
            "dtau_int": 0.012194393014643163
          }
        },
        "n_skipped": 0,
        "step_size": 0
      },
      {
        "acc_rate": 0.809175,
        "n_steps": 80000,
        "obs_stats": {
          "Q": {
            "mean": 0.003700000001117587,
            "error": 0.003531622491784622,
            "tau_int": 0.7638294826215266,
            "dtau_int": 0.014018061330318852
          },
          "Chi_t": {
            "mean": 0.6531500220298767,
            "error": 0.0040315265632194135,
            "tau_int": 0.7671931095816205,
            "dtau_int": 0.014076276041408962
          }
        },
        "n_skipped": 0,
        "step_size": 0
      }
    ],
    [
      {
        "acc_rate": 0.80697,
        "n_steps": 100000,
        "obs_stats": {
          "Q": {
            "mean": 0.0006600000197067857,
            "error": 0.00313459037783538,
            "tau_int": 0.7579311246239633,
            "dtau_int": 0.012446760413377693
          },
          "Chi_t": {
            "mean": 0.6481800079345703,
            "error": 0.003498203706242023,
            "tau_int": 0.7330830250310754,
            "dtau_int": 0.012060868516734533
          }
        },
        "n_skipped": 0,
        "step_size": 0
      },
      {
        "acc_rate": 0.80706,
        "n_steps": 100000,
        "obs_stats": {
          "Q": {
            "mean": 0.0009800000116229057,
            "error": 0.003125726645025499,
            "tau_int": 0.7505019704283442,
            "dtau_int": 0.012331547210240395
          },
          "Chi_t": {
            "mean": 0.6509000062942505,
            "error": 0.003503851961384427,
            "tau_int": 0.7322706297239485,
            "dtau_int": 0.012048225935983857
          }
        },
        "n_skipped": 0,
        "step_size": 0
      },
      {
        "acc_rate": 0.80919,
        "n_steps": 100000,
        "obs_stats": {
          "Q": {
            "mean": 0.0012700000079348683,
            "error": 0.0031278400304606906,
            "tau_int": 0.7547763283116502,
            "dtau_int": 0.01239785191136759
          },
          "Chi_t": {
            "mean": 0.6480900049209595,
            "error": 0.0034723216057814137,
            "tau_int": 0.7188422274668049,
            "dtau_int": 0.010931279222455998
          }
        },
        "n_skipped": 0,
        "step_size": 0
      }
    ]
  ],
  "exact_sus": 0.6500977944017748
}