{
  "observables": [
    "Chi_t"
  ],
  "n_samples": [
    50000,
    80000,
    100000
  ],
  "nip": [],
  "nmcmc": [
    [
      {
        "acc_rate": 0.799,
        "n_steps": 50000,
        "obs_stats": {
          "Q": {
            "mean": -0.0038799999747425318,
            "error": 0.004541923640515338,
            "tau_int": 0.7850132516505575,
            "dtau_int": 0.01819468585294885
          },
          "Chi_t": {
            "mean": 0.6569600105285645,
            "error": 0.005279110573045677,
            "tau_int": 0.8021321885868722,
            "dtau_int": 0.018567747600666967
          }
        },
        "n_skipped": 0,
        "step_size": 0
      },
      {
        "acc_rate": 0.79924,
        "n_steps": 50000,
        "obs_stats": {
          "Q": {
            "mean": 0.00215999991632998,
            "error": 0.004586981976807535,
            "tau_int": 0.8110225930382211,
            "dtau_int": 0.01876107893730912
          },
          "Chi_t": {
            "mean": 0.6485599875450134,
            "error": 0.005273774252437686,
            "tau_int": 0.824033134091033,
            "dtau_int": 0.019043499315257017
          }
        },
        "n_skipped": 0,
        "step_size": 0
      },
      {
        "acc_rate": 0.80114,
        "n_steps": 50000,
        "obs_stats": {
          "Q": {
            "mean": 0.0004400000034365803,
            "error": 0.004454983638447336,
            "tau_int": 0.7698561585361596,
            "dtau_int": 0.017863508254070043
          },
          "Chi_t": {
            "mean": 0.6444799900054932,
            "error": 0.005119918130480456,
            "tau_int": 0.8055284484808225,
            "dtau_int": 0.018641636123052936
          }
        },
        "n_skipped": 0,
        "step_size": 0
      }
    ],
    [
      {
        "acc_rate": 0.7955875,
        "n_steps": 80000,
        "obs_stats": {
          "Q": {
            "mean": 0.007724999915808439,
            "error": 0.0035034273157113346,
            "tau_int": 0.7584414395475882,
            "dtau_int": 0.01392474374654365
          },
          "Chi_t": {
            "mean": 0.6473749876022339,
            "error": 0.003964598373525435,
            "tau_int": 0.7604311137753288,
            "dtau_int": 0.01395921314615041
          }
        },
        "n_skipped": 0,
        "step_size": 0
      },
      {
        "acc_rate": 0.79485,
        "n_steps": 80000,
        "obs_stats": {
          "Q": {
            "mean": 0.003987499978393316,
            "error": 0.0036680788233304064,
            "tau_int": 0.8254353243882975,
            "dtau_int": 0.015079242501716768
          },
          "Chi_t": {
            "mean": 0.6520125269889832,
            "error": 0.004226202505383362,
            "tau_int": 0.8249214372651572,
            "dtau_int": 0.015070434810342785
          }
        },
        "n_skipped": 0,
        "step_size": 0
      },
      {
        "acc_rate": 0.7969,
        "n_steps": 80000,
        "obs_stats": {
          "Q": {
            "mean": -0.0040374998934566975,
            "error": 0.0035308213540463846,
            "tau_int": 0.7690642700572841,
            "dtau_int": 0.014108646723100138
          },
          "Chi_t": {
            "mean": 0.6484125256538391,
            "error": 0.003970460599847578,
            "tau_int": 0.7403899037627473,
            "dtau_int": 0.013611510203679613
          }
        },
        "n_skipped": 0,
        "step_size": 0
      }
    ],
    [
      {
        "acc_rate": 0.797,
        "n_steps": 100000,
        "obs_stats": {
          "Q": {
            "mean": 0.0026199999265372753,
            "error": 0.00318203472033488,
            "tau_int": 0.7796604544020151,
            "dtau_int": 0.01278295059846642
          },
          "Chi_t": {
            "mean": 0.6493399739265442,
            "error": 0.00349965190083311,
            "tau_int": 0.7369616839756545,
            "dtau_int": 0.012121205892724824
          }
        },
        "n_skipped": 0,
        "step_size": 0
      },
      {
        "acc_rate": 0.79645,
        "n_steps": 100000,
        "obs_stats": {
          "Q": {
            "mean": -0.0016799999866634607,
            "error": 0.0031991838484745684,
            "tau_int": 0.7972656546750532,
            "dtau_int": 0.013054464294569086
          },
          "Chi_t": {
            "mean": 0.6418600082397461,
            "error": 0.003535809731527299,
            "tau_int": 0.760599737680091,
            "dtau_int": 0.012488112205521611
          }
        },
        "n_skipped": 0,
        "step_size": 0
      },
      {
        "acc_rate": 0.7981,
        "n_steps": 100000,
        "obs_stats": {
          "Q": {
            "mean": -0.0013899999903514981,
            "error": 0.0032151234460949,
            "tau_int": 0.7956224412409303,
            "dtau_int": 0.013029155034769278
          },
          "Chi_t": {
            "mean": 0.6496099829673767,
            "error": 0.003585004078943026,
            "tau_int": 0.7705283968879435,
            "dtau_int": 0.012641806158027595
          }
        },
        "n_skipped": 0,
        "step_size": 0
      }
    ]
  ],
  "exact_sus": 0.6500977944017748
}