{
  "observables": [
    "Chi_t"
  ],
  "n_samples": [
    25000,
    40000,
    50000,
    75000,
    100000,
    125000,
    150000,
    175000,
    200000,
    225000,
    250000
  ],
  "nip": {},
  "nmcmc": [
    [
      {
        "acc_rate": 0.02512,
        "n_steps": 25000,
        "obs_stats": {
          "Q": {
            "mean": 0.06936277449131012,
            "error": 0.07284233967736978,
            "tau_int": 108.27101582122326,
            "dtau_int": 26.740766069309384
          },
          "Chi_t": {
            "mean": 0.6122645139694214,
            "error": 0.06616985633450283,
            "tau_int": 61.18358100150212,
            "dtau_int": 12.195687507497667
          }
        },
        "n_skipped": 0,
        "step_size": 0
      },
      {
        "acc_rate": 0.03444,
        "n_steps": 25000,
        "obs_stats": {
          "Q": {
            "mean": 0.00956038199365139,
            "error": 0.09862911214173457,
            "tau_int": 172.65954284186887,
            "dtau_int": 50.27265507501802
          },
          "Chi_t": {
            "mean": 0.6951078176498413,
            "error": 0.052280621800237015,
            "tau_int": 46.63742608669711,
            "dtau_int": 8.360894875630423
          }
        },
        "n_skipped": 0,
        "step_size": 0
      },
      {
        "acc_rate": 0.0218,
        "n_steps": 25000,
        "obs_stats": {
          "Q": {
            "mean": -0.04356174170970917,
            "error": 0.0673514748664854,
            "tau_int": 99.58974328799523,
            "dtau_int": 23.865812540610328
          },
          "Chi_t": {
            "mean": 0.5668627023696899,
            "error": 0.06845179349755884,
            "tau_int": 69.84110643162789,
            "dtau_int": 14.641198254675825
          }
        },
        "n_skipped": 0,
        "step_size": 0
      }
    ],
    [
      {
        "acc_rate": 0.02765,
        "n_steps": 40000,
        "obs_stats": {
          "Q": {
            "mean": 0.023350583389401436,
            "error": 0.06468908436516267,
            "tau_int": 111.28498729234528,
            "dtau_int": 23.29622945584539
          },
          "Chi_t": {
            "mean": 0.748518705368042,
            "error": 0.053328763516582285,
            "tau_int": 58.57302128686358,
            "dtau_int": 9.533802441891497
          }
        },
        "n_skipped": 0,
        "step_size": 0
      },
      {
        "acc_rate": 0.0222,
        "n_steps": 40000,
        "obs_stats": {
          "Q": {
            "mean": -0.27398183941841125,
            "error": 0.14045607620953263,
            "tau_int": 636.8282264130205,
            "dtau_int": 241.21483297096992
          },
          "Chi_t": {
            "mean": 0.676741898059845,
            "error": 0.04321657713079381,
            "tau_int": 68.43573370728832,
            "dtau_int": 11.854834527052082
          }
        },
        "n_skipped": 0,
        "step_size": 0
      },
      {
        "acc_rate": 0.01855,
        "n_steps": 40000,
        "obs_stats": {
          "Q": {
            "mean": -0.18357959389686584,
            "error": 0.10967078592537641,
            "tau_int": 391.23030945049805,
            "dtau_int": 127.87285896114984
          },
          "Chi_t": {
            "mean": 0.6373409628868103,
            "error": 0.07498637166544271,
            "tau_int": 212.5744292144799,
            "dtau_int": 56.48015855139879
          }
        },
        "n_skipped": 0,
        "step_size": 0
      }
    ],
    [
      {
        "acc_rate": 0.024,
        "n_steps": 50000,
        "obs_stats": {
          "Q": {
            "mean": -0.021980440244078636,
            "error": 0.06265927807984421,
            "tau_int": 153.2001187896424,
            "dtau_int": 33.23592871958088
          },
          "Chi_t": {
            "mean": 0.6373527646064758,
            "error": 0.06040453463937323,
            "tau_int": 97.77842363476215,
            "dtau_int": 17.8531708666104
          }
        },
        "n_skipped": 0,
        "step_size": 0
      },
      {
        "acc_rate": 0.02768,
        "n_steps": 50000,
        "obs_stats": {
          "Q": {
            "mean": 0.05246105045080185,
            "error": 0.045806978615581875,
            "tau_int": 83.81933731726711,
            "dtau_int": 14.395234339841222
          },
          "Chi_t": {
            "mean": 0.6265125274658203,
            "error": 0.0478449235336582,
            "tau_int": 64.87590356884249,
            "dtau_int": 10.061081111987574
          }
        },
        "n_skipped": 0,
        "step_size": 0
      },
      {
        "acc_rate": 0.0211,
        "n_steps": 50000,
        "obs_stats": {
          "Q": {
            "mean": -0.17974358797073364,
            "error": 0.09850110728638367,
            "tau_int": 347.62685413826915,
            "dtau_int": 101.4162570472122
          },
          "Chi_t": {
            "mean": 0.7208744287490845,
            "error": 0.05164935312819338,
            "tau_int": 86.63693962060233,
            "dtau_int": 15.083202815896415
          }
        },
        "n_skipped": 0,
        "step_size": 0
      }
    ],
    [
      {
        "acc_rate": 0.02512,
        "n_steps": 75000,
        "obs_stats": {
          "Q": {
            "mean": -0.12541501224040985,
            "error": 0.08619428075052692,
            "tau_int": 390.10832451859056,
            "dtau_int": 102.81542686276447
          },
          "Chi_t": {
            "mean": 0.7227829694747925,
            "error": 0.03553484843440449,
            "tau_int": 65.86631637196317,
            "dtau_int": 8.72010416011468
          }
        },
        "n_skipped": 0,
        "step_size": 0
      },
      {
        "acc_rate": 0.02276,
        "n_steps": 75000,
        "obs_stats": {
          "Q": {
            "mean": 0.04480059817433357,
            "error": 0.03815976172449737,
            "tau_int": 98.40103648232736,
            "dtau_int": 15.330448321008037
          },
          "Chi_t": {
            "mean": 0.5555007457733154,
            "error": 0.0475446557866266,
            "tau_int": 121.00861768402162,
            "dtau_int": 20.469155926859525
          }
        },
        "n_skipped": 0,
        "step_size": 0
      },
      {
        "acc_rate": 0.02652,
        "n_steps": 75000,
        "obs_stats": {
          "Q": {
            "mean": 0.07492099702358246,
            "error": 0.06406069768022497,
            "tau_int": 210.80650530488865,
            "dtau_int": 44.26480221699647
          },
          "Chi_t": {
            "mean": 0.731623113155365,
            "error": 0.09044333561849371,
            "tau_int": 254.74505539383262,
            "dtau_int": 57.45481407935634
          }
        },
        "n_skipped": 0,
        "step_size": 0
      }
    ],
    [
      {
        "acc_rate": 0.02162,
        "n_steps": 100000,
        "obs_stats": {
          "Q": {
            "mean": 0.02596025913953781,
            "error": 0.08251422400243323,
            "tau_int": 524.616639656992,
            "dtau_int": 138.67755704472174
          },
          "Chi_t": {
            "mean": 0.64306640625,
            "error": 0.04218754881756145,
            "tau_int": 132.7454535869626,
            "dtau_int": 20.765405952979016
          }
        },
        "n_skipped": 0,
        "step_size": 0
      },
      {
        "acc_rate": 0.02484,
        "n_steps": 100000,
        "obs_stats": {
          "Q": {
            "mean": -0.04966049641370773,
            "error": 0.07620059718164904,
            "tau_int": 439.0021771960714,
            "dtau_int": 108.83405629939527
          },
          "Chi_t": {
            "mean": 0.658206582069397,
            "error": 0.04120088251674403,
            "tau_int": 106.73212072942212,
            "dtau_int": 15.285783779629504
          }
        },
        "n_skipped": 0,