{
  "observables": [
    "Chi_t"
  ],
  "n_samples": [
    50000,
    80000,
    100000
  ],
  "nip": [],
  "nmcmc": [
    [
      {
        "acc_rate": 0.5007,
        "n_steps": 50000.0,
        "obs_stats": {
          "Q": {
            "mean": -0.00788000039756298,
            "error": 0.007296669742181635,
            "tau_int": 2.0956191527502503,
            "dtau_int": 0.07591669170985843
          },
          "Chi_t": {
            "mean": 0.6351600289344788,
            "error": 0.008433180934055028,
            "tau_int": 2.128882617455468,
            "dtau_int": 0.07704347632942024
          }
        },
        "n_skipped": 0.0,
        "step_size": 0.0
      },
      {
        "acc_rate": 0.50104,
        "n_steps": 50000.0,
        "obs_stats": {
          "Q": {
            "mean": 0.01083999965339899,
            "error": 0.007763691377700477,
            "tau_int": 2.3370239695842794,
            "dtau_int": 0.0890844011996675
          },
          "Chi_t": {
            "mean": 0.6448400020599365,
            "error": 0.008711320270448852,
            "tau_int": 2.2698475115931664,
            "dtau_int": 0.08427256956754468
          }
        },
        "n_skipped": 0.0,
        "step_size": 0.0
      },
      {
        "acc_rate": 0.49754,
        "n_steps": 50000.0,
        "obs_stats": {
          "Q": {
            "mean": 0.0061599998734891415,
            "error": 0.008269403471894502,
            "tau_int": 2.613109639929282,
            "dtau_int": 0.10422839862609078
          },
          "Chi_t": {
            "mean": 0.65420001745224,
            "error": 0.008495999160657196,
            "tau_int": 2.074256247051325,
            "dtau_int": 0.0751917031310176
          }
        },
        "n_skipped": 0.0,
        "step_size": 0.0
      }
    ],
    [
      {
        "acc_rate": 0.5024,
        "n_steps": 80000.0,
        "obs_stats": {
          "Q": {
            "mean": -0.01067500002682209,
            "error": 0.005814166250653476,
            "tau_int": 2.073357672014409,
            "dtau_int": 0.06120206687211298
          },
          "Chi_t": {
            "mean": 0.6522499918937683,
            "error": 0.00633561782466233,
            "tau_int": 1.8624097597246214,
            "dtau_int": 0.052076903781137676
          }
        },
        "n_skipped": 0.0,
        "step_size": 0.0
      },
      {
        "acc_rate": 0.4993625,
        "n_steps": 80000.0,
        "obs_stats": {
          "Q": {
            "mean": 0.002575000049546361,
            "error": 0.006137295893588331,
            "tau_int": 2.349264126829086,
            "dtau_int": 0.07269584390460244
          },
          "Chi_t": {
            "mean": 0.6413000226020813,
            "error": 0.0066339394401892585,
            "tau_int": 2.1589564153692806,
            "dtau_int": 0.06357209036081825
          }
        },
        "n_skipped": 0.0,
        "step_size": 0.0
      },
      {
        "acc_rate": 0.501775,
        "n_steps": 80000.0,
        "obs_stats": {
          "Q": {
            "mean": 0.00491249980404973,
            "error": 0.006009147601689487,
            "tau_int": 2.2318467597994913,
            "dtau_int": 0.0674522898373561
          },
          "Chi_t": {
            "mean": 0.6471624970436096,
            "error": 0.0063954811119806745,
            "tau_int": 1.9618901559238293,
            "dtau_int": 0.056416043604276545
          }
        },
        "n_skipped": 0.0,
        "step_size": 0.0
      }
    ],
    [
      {
        "acc_rate": 0.49627,
        "n_steps": 100000,
        "obs_stats": {
          "Q": {
            "mean": -0.0030499999411404133,
            "error": 0.005592926442506551,
            "tau_int": 2.4038063235817324,
            "dtau_int": 0.06815321893736385
          },
          "Chi_t": {
            "mean": 0.650629997253418,
            "error": 0.006163258378669246,
            "tau_int": 2.2761534472766147,
            "dtau_int": 0.0631177745792208
          }
        },
        "n_skipped": 0,
        "step_size": 0
      },
      {
        "acc_rate": 0.50234,
        "n_steps": 100000,
        "obs_stats": {
          "Q": {
            "mean": -0.008630000054836273,
            "error": 0.005099635587001573,
            "tau_int": 2.06680709935643,
            "dtau_int": 0.05457809942822298
          },
          "Chi_t": {
            "mean": 0.6291900277137756,
            "error": 0.005535243756578425,
            "tau_int": 1.8755908868476623,
            "dtau_int": 0.04688888555321991
          }
        },
        "n_skipped": 0,
        "step_size": 0
      },
      {
        "acc_rate": 0.4985,
        "n_steps": 100000,
        "obs_stats": {
          "Q": {
            "mean": 0.01169000007212162,
            "error": 0.005605527496014815,
            "tau_int": 2.4089013916936213,
            "dtau_int": 0.06828901693279499
          },
          "Chi_t": {
            "mean": 0.6523100137710571,
            "error": 0.00610184443592416,
            "tau_int": 2.2224674503202975,
            "dtau_int": 0.060093041803150754
          }
        },
        "n_skipped": 0,
        "step_size": 0
      }
    ]
  ],
  "exact_sus": 0.6439874072967454
}