{
  "observables": [
    "Chi_t"
  ],
  "n_samples": [
    25000,
    40000,
    50000,
    75000,
    100000,
    125000,
    150000,
    175000,
    80000,
    200000
  ],
  "nip": [],
  "nmcmc": [
    [
      {
        "acc_rate": 0.33144,
        "n_steps": 25000.0,
        "obs_stats": {
          "Q": {
            "mean": 0.04032161459326744,
            "error": 0.018363295516006736,
            "tau_int": 7.216249890559379,
            "dtau_int": 0.6005410263192466
          },
          "Chi_t": {
            "mean": 0.585383415222168,
            "error": 0.017167792626292696,
            "tau_int": 5.273867752089053,
            "dtau_int": 0.3845367108691856
          }
        },
        "n_skipped": 0.0,
        "step_size": 0.0
      },
      {
        "acc_rate": 0.3556,
        "n_steps": 25000.0,
        "obs_stats": {
          "Q": {
            "mean": -0.015560622327029705,
            "error": 0.014585001711076939,
            "tau_int": 4.491166723775378,
            "dtau_int": 0.30597996167272595
          },
          "Chi_t": {
            "mean": 0.5920636653900146,
            "error": 0.01427632177609105,
            "tau_int": 3.8666004161751415,
            "dtau_int": 0.24762875519725697
          }
        },
        "n_skipped": 0.0,
        "step_size": 0.0
      },
      {
        "acc_rate": 0.35104,
        "n_steps": 25000.0,
        "obs_stats": {
          "Q": {
            "mean": -0.006360254250466824,
            "error": 0.015529677477832581,
            "tau_int": 5.103607812734416,
            "dtau_int": 0.36744665221911854
          },
          "Chi_t": {
            "mean": 0.5904636383056641,
            "error": 0.015029386906486978,
            "tau_int": 4.534177901866862,
            "dtau_int": 0.3139643457918507
          }
        },
        "n_skipped": 0.0,
        "step_size": 0.0
      }
    ],
    [
      {
        "acc_rate": 0.330225,
        "n_steps": 40000.0,
        "obs_stats": {
          "Q": {
            "mean": -0.051026277244091034,
            "error": 0.019822690516556385,
            "tau_int": 13.139742697058596,
            "dtau_int": 1.1557163104767751
          },
          "Chi_t": {
            "mean": 0.6002900004386902,
            "error": 0.021409879514545413,
            "tau_int": 13.175199901518683,
            "dtau_int": 1.1585693766009222
          }
        },
        "n_skipped": 0.0,
        "step_size": 0.0
      },
      {
        "acc_rate": 0.32735,
        "n_steps": 40000.0,
        "obs_stats": {
          "Q": {
            "mean": -0.031050777062773705,
            "error": 0.013159907537687112,
            "tau_int": 6.165989858072381,
            "dtau_int": 0.39160113005151165
          },
          "Chi_t": {
            "mean": 0.562514066696167,
            "error": 0.01134668619102847,
            "tau_int": 4.026206433603374,
            "dtau_int": 0.21484444707552255
          }
        },
        "n_skipped": 0.0,
        "step_size": 0.0
      },
      {
        "acc_rate": 0.34295,
        "n_steps": 40000.0,
        "obs_stats": {
          "Q": {
            "mean": 0.010200254619121552,
            "error": 0.011582975771748143,
            "tau_int": 4.736153395694696,
            "dtau_int": 0.271099446387092
          },
          "Chi_t": {
            "mean": 0.5665141344070435,
            "error": 0.01130083222504861,
            "tau_int": 3.8557656338167625,
            "dtau_int": 0.2027301492219978
          }
        },
        "n_skipped": 0.0,
        "step_size": 0.0
      }
    ],
    [
      {
        "acc_rate": 0.34452,
        "n_steps": 50000.0,
        "obs_stats": {
          "Q": {
            "mean": 0.0014200283912941813,
            "error": 0.00971891022836793,
            "tau_int": 4.318840637223233,
            "dtau_int": 0.21570620840669766
          },
          "Chi_t": {
            "mean": 0.5466709136962891,
            "error": 0.010343363662361946,
            "tau_int": 4.197280137674496,
            "dtau_int": 0.20666079612973096
          }
        },
        "n_skipped": 0.0,
        "step_size": 0.0
      },
      {
        "acc_rate": 0.33666,
        "n_steps": 50000.0,
        "obs_stats": {
          "Q": {
            "mean": -0.010600212030112743,
            "error": 0.010637344780094508,
            "tau_int": 4.881128049444658,
            "dtau_int": 0.2568774572125207
          },
          "Chi_t": {
            "mean": 0.5795316100120544,
            "error": 0.012604624337700982,
            "tau_int": 5.79252994354096,
            "dtau_int": 0.3264778580783148
          }
        },
        "n_skipped": 0.0,
        "step_size": 0.0
      },
      {
        "acc_rate": 0.33656,
        "n_steps": 50000.0,
        "obs_stats": {
          "Q": {
            "mean": -0.013460269197821617,
            "error": 0.011992771895099565,
            "tau_int": 6.216080770018845,
            "dtau_int": 0.36153770987681455
          },
          "Chi_t": {
            "mean": 0.5784715414047241,
            "error": 0.012133197701494255,
            "tau_int": 5.512735132668632,
            "dtau_int": 0.3039033417248873
          }
        },
        "n_skipped": 0.0,
        "step_size": 0.0
      }
    ],
    [
      {
        "acc_rate": 0.33230666666666664,
        "n_steps": 75000.0,
        "obs_stats": {
          "Q": {
            "mean": -0.0011733489809557796,
            "error": 0.011250461159781708,
            "tau_int": 8.209913947407625,
            "dtau_int": 0.44983870540231197
          },
          "Chi_t": {
            "mean": 0.578007698059082,
            "error": 0.010857352778017842,
            "tau_int": 7.103775808756485,
            "dtau_int": 0.3646182335323175
          }
        },
        "n_skipped": 0.0,
        "step_size": 0.0
      },
      {
        "acc_rate": 0.32685333333333333,
        "n_steps": 75000.0,
        "obs_stats": {
          "Q": {
            "mean": 0.0018666915129870176,
            "error": 0.008215008781070293,
            "tau_int": 4.782456635827673,
            "dtau_int": 0.2087344300676219
          },
          "Chi_t": {
            "mean": 0.5291003584861755,
            "error": 0.009000250285335375,
            "tau_int": 4.980708287163155,
            "dtau_int": 0.21981358973199228
          }
        },
        "n_skipped": 0.0,
        "step_size": 0.0
      },
      {
        "acc_rate": 0.3412266666666667,
        "n_steps": 75000.0,
        "obs_stats": {
          "Q": {
            "mean": 0.004773396998643875,
            "error": 0.0091546004671,
            "tau_int": 5.540074320755115,
            "dtau_int": 0.25575856471990116
          },
          "Chi_t": {
            "mean": 0.5672075748443604,
            "error": 0.007943990818202396,
            "tau_int": 3.914183482161942,
            "dtau_int": 0.1554838260537772
          }
        },
        "n_skipped": 0.0,
        "step_size": 0.0
      }
    ],
    [
      {
        "acc_rate": 0.33865,
        "n_steps": 100000.0,
        "obs_stats": {
          "Q": {
            "mean": 0.015400153584778309,
            "error": 0.007952769133421479,
            "tau_int": 5.598056901532458,
            "dtau_int": 0.22918519373655702
          },
          "Chi_t": {
            "mean": 0.5650656223297119,
            "error": 0.009399434886833143,
            "tau_int": 6.469771748074432,
            "dtau_int": 0.2806142165199928
          }
        },
        "n_skipped": 0.0,
        "step_size": 0.0
      },
      {
        "acc_rate": 0.33429,
        "n_steps": 100000.0,
        "obs_stats": {
          "Q": {
            "mean": -0.00657006585970521,
            "error": 0.008380295015704082,
            "tau_int": 6.273745893057228,
            "dtau_int": 0.26977608177124984
          },
          "Chi_t": {
            "mean": 0.5596755743026733,
            "error": 0.007972212041309287,