{
  "observables": [
    "Chi_t"
  ],
  "n_samples": [
    50000,
    80000,
    100000
  ],
  "nip": [],
  "nmcmc": [
    [
      {
        "acc_rate": 0.52034,
        "n_steps": 50000,
        "obs_stats": {
          "Q": {
            "mean": 0.0018400000408291817,
            "error": 0.007030586753956851,
            "tau_int": 2.028158616430746,
            "dtau_int": 0.07362375879429912
          },
          "Chi_t": {
            "mean": 0.6092399954795837,
            "error": 0.007623322462142642,
            "tau_int": 1.9781967783119523,
            "dtau_int": 0.06970847316210153
          }
        },
        "n_skipped": 0,
        "step_size": 0
      },
      {
        "acc_rate": 0.52616,
        "n_steps": 50000,
        "obs_stats": {
          "Q": {
            "mean": -0.0030799999367445707,
            "error": 0.0072453784105772625,
            "tau_int": 2.1073630647794257,
            "dtau_int": 0.07631479951189703
          },
          "Chi_t": {
            "mean": 0.6227200031280518,
            "error": 0.007250524837995945,
            "tau_int": 1.7284787533963746,
            "dtau_int": 0.05737200099306948
          }
        },
        "n_skipped": 0,
        "step_size": 0
      },
      {
        "acc_rate": 0.5146,
        "n_steps": 50000,
        "obs_stats": {
          "Q": {
            "mean": 0.0003000000142492354,
            "error": 0.007374745650773106,
            "tau_int": 2.186409790160393,
            "dtau_int": 0.08137108818381394
          },
          "Chi_t": {
            "mean": 0.6218199729919434,
            "error": 0.008536108609988989,
            "tau_int": 2.2388837445557312,
            "dtau_int": 0.08319763391825327
          }
        },
        "n_skipped": 0,
        "step_size": 0
      }
    ],
    [
      {
        "acc_rate": 0.5176875,
        "n_steps": 80000,
        "obs_stats": {
          "Q": {
            "mean": 0.0005750000127591193,
            "error": 0.006019722150591818,
            "tau_int": 2.275354064858107,
            "dtau_int": 0.06868525868704511
          },
          "Chi_t": {
            "mean": 0.6370000243186951,
            "error": 0.007302901574990372,
            "tau_int": 2.593405610167361,
            "dtau_int": 0.0838488469821929
          }
        },
        "n_skipped": 0,
        "step_size": 0
      },
      {
        "acc_rate": 0.5245625,
        "n_steps": 80000,
        "obs_stats": {
          "Q": {
            "mean": 0.01067500002682209,
            "error": 0.005323650388011235,
            "tau_int": 1.8778700940833626,
            "dtau_int": 0.052483243907767145
          },
          "Chi_t": {
            "mean": 0.6037750244140625,
            "error": 0.005539369021046065,
            "tau_int": 1.646697058948245,
            "dtau_int": 0.043338649878978
          }
        },
        "n_skipped": 0,
        "step_size": 0
      },
      {
        "acc_rate": 0.519275,
        "n_steps": 80000,
        "obs_stats": {
          "Q": {
            "mean": 0.008887499570846558,
            "error": 0.005531012815264495,
            "tau_int": 1.9730025199219199,
            "dtau_int": 0.056716526124129175
          },
          "Chi_t": {
            "mean": 0.6202625036239624,
            "error": 0.006035688387975321,
            "tau_int": 1.879207369236081,
            "dtau_int": 0.0525183704859326
          }
        },
        "n_skipped": 0,
        "step_size": 0
      }
    ],
    [
      {
        "acc_rate": 0.52354,
        "n_steps": 100000,
        "obs_stats": {
          "Q": {
            "mean": -0.000590000010561198,
            "error": 0.005157602518238884,
            "tau_int": 2.1624039545241804,
            "dtau_int": 0.05856498324071402
          },
          "Chi_t": {
            "mean": 0.6150500178337097,
            "error": 0.005403622702893572,
            "tau_int": 1.9549694111978062,
            "dtau_int": 0.05029256077366342
          }
        },
        "n_skipped": 0,
        "step_size": 0
      },
      {
        "acc_rate": 0.52553,
        "n_steps": 100000,
        "obs_stats": {
          "Q": {
            "mean": 0.0027099999133497477,
            "error": 0.005121601420728631,
            "tau_int": 2.076309304597428,
            "dtau_int": 0.0548140791149602
          },
          "Chi_t": {
            "mean": 0.6316499710083008,
            "error": 0.005326107760033441,
            "tau_int": 1.768858992830317,
            "dtau_int": 0.042937959581247666
          }
        },
        "n_skipped": 0,
        "step_size": 0
      },
      {
        "acc_rate": 0.52401,
        "n_steps": 100000,
        "obs_stats": {
          "Q": {
            "mean": 0.009689999744296074,
            "error": 0.004819522139014537,
            "tau_int": 1.8946638921531171,
            "dtau_int": 0.04882991963380135
          },
          "Chi_t": {
            "mean": 0.6130499839782715,
            "error": 0.005182256842102471,
            "tau_int": 1.7164927573356898,
            "dtau_int": 0.04174079439595146
          }
        },
        "n_skipped": 0,
        "step_size": 0
      }
    ]
  ],
  "exact_sus": 0.6194099585690315
}