{
  "observables": [
    "Chi_t"
  ],
  "n_samples": [
    25000,
    40000,
    50000,
    75000,
    100000,
    125000,
    150000,
    175000,
    200000,
    225000,
    250000,
    80000
  ],
  "nip": {},
  "nmcmc": [
    [
      {
        "acc_rate": 0.54564,
        "n_steps": 25000.0,
        "obs_stats": {
          "Q": {
            "mean": -0.015960639342665672,
            "error": 0.009305150010828829,
            "tau_int": 1.682288903939562,
            "dtau_int": 0.07618588154176789
          },
          "Chi_t": {
            "mean": 0.6435057520866394,
            "error": 0.00984766759855104,
            "tau_int": 1.5147326253362468,
            "dtau_int": 0.06633282912184806
          }
        },
        "n_skipped": 0.0,
        "step_size": 0.0
      },
      {
        "acc_rate": 0.54196,
        "n_steps": 25000.0,
        "obs_stats": {
          "Q": {
            "mean": -0.0005200207815505564,
            "error": 0.00896634749677578,
            "tau_int": 1.6131475330572616,
            "dtau_int": 0.07035196010057643
          },
          "Chi_t": {
            "mean": 0.6228649020195007,
            "error": 0.009569876810016989,
            "tau_int": 1.5088191725211524,
            "dtau_int": 0.06609016672930788
          }
        },
        "n_skipped": 0.0,
        "step_size": 0.0
      },
      {
        "acc_rate": 0.54172,
        "n_steps": 25000.0,
        "obs_stats": {
          "Q": {
            "mean": 0.0004400176112540066,
            "error": 0.009500814046332505,
            "tau_int": 1.734961697606519,
            "dtau_int": 0.07840967069875045
          },
          "Chi_t": {
            "mean": 0.6502259969711304,
            "error": 0.010035161499780175,
            "tau_int": 1.484876203912412,
            "dtau_int": 0.06233810786111275
          }
        },
        "n_skipped": 0.0,
        "step_size": 0.0
      }
    ],
    [
      {
        "acc_rate": 0.547,
        "n_steps": 40000.0,
        "obs_stats": {
          "Q": {
            "mean": 0.002350058639422059,
            "error": 0.0074793845901285905,
            "tau_int": 1.715900566057805,
            "dtau_int": 0.06370693993449673
          },
          "Chi_t": {
            "mean": 0.6519662737846375,
            "error": 0.00868018494124757,
            "tau_int": 1.693692106681512,
            "dtau_int": 0.0629330339812526
          }
        },
        "n_skipped": 0.0,
        "step_size": 0.0
      },
      {
        "acc_rate": 0.54475,
        "n_steps": 40000.0,
        "obs_stats": {
          "Q": {
            "mean": -0.007625190541148186,
            "error": 0.007291232811621439,
            "tau_int": 1.6767681182001772,
            "dtau_int": 0.060045046343732804
          },
          "Chi_t": {
            "mean": 0.6340908408164978,
            "error": 0.00787683905756871,
            "tau_int": 1.5563370566828567,
            "dtau_int": 0.05378706619124749
          }
        },
        "n_skipped": 0.0,
        "step_size": 0.0
      },
      {
        "acc_rate": 0.550075,
        "n_steps": 40000.0,
        "obs_stats": {
          "Q": {
            "mean": -0.0018000450218096375,
            "error": 0.007601375758276823,
            "tau_int": 1.741601734525032,
            "dtau_int": 0.06460084752779341
          },
          "Chi_t": {
            "mean": 0.6634665727615356,
            "error": 0.008652444350856,
            "tau_int": 1.717099263833585,
            "dtau_int": 0.06374867242735532
          }
        },
        "n_skipped": 0.0,
        "step_size": 0.0
      }
    ],
    [
      {
        "acc_rate": 0.54852,
        "n_steps": 50000.0,
        "obs_stats": {
          "Q": {
            "mean": 0.0036000721156597137,
            "error": 0.006568655802295982,
            "tau_int": 1.6903628280677951,
            "dtau_int": 0.05618500248597727
          },
          "Chi_t": {
            "mean": 0.6380927562713623,
            "error": 0.007180924814492058,
            "tau_int": 1.5643971160560217,
            "dtau_int": 0.05032568331587288
          }
        },
        "n_skipped": 0.0,
        "step_size": 0.0
      },
      {
        "acc_rate": 0.5499,
        "n_steps": 50000.0,
        "obs_stats": {
          "Q": {
            "mean": -0.0008200163720175624,
            "error": 0.006846137593354436,
            "tau_int": 1.797113431566729,
            "dtau_int": 0.061634819707898976
          },
          "Chi_t": {
            "mean": 0.6519530415534973,
            "error": 0.007734362394327027,
            "tau_int": 1.738236231642741,
            "dtau_int": 0.05767600673125975
          }
        },
        "n_skipped": 0.0,
        "step_size": 0.0
      },
      {
        "acc_rate": 0.54642,
        "n_steps": 50000.0,
        "obs_stats": {
          "Q": {
            "mean": -0.00744014885276556,
            "error": 0.007127713217701778,
            "tau_int": 1.9705606078873918,
            "dtau_int": 0.06945716011528308
          },
          "Chi_t": {
            "mean": 0.6445329189300537,
            "error": 0.007072369498201722,
            "tau_int": 1.5194878512046675,
            "dtau_int": 0.04704183567660579
          }
        },
        "n_skipped": 0.0,
        "step_size": 0.0
      }
    ],
    [
      {
        "acc_rate": 0.55416,
        "n_steps": 75000.0,
        "obs_stats": {
          "Q": {
            "mean": 0.0015200203051790595,
            "error": 0.005491059785429414,
            "tau_int": 1.7537919978412302,
            "dtau_int": 0.04918362348824622
          },
          "Chi_t": {
            "mean": 0.6446752548217773,
            "error": 0.006793855636535619,
            "tau_int": 1.983449210757886,
            "dtau_int": 0.05886850706846537
          }
        },
        "n_skipped": 0.0,
        "step_size": 0.0
      },
      {
        "acc_rate": 0.5468,
        "n_steps": 75000.0,
        "obs_stats": {
          "Q": {
            "mean": -0.0041067213751375675,
            "error": 0.005660403602768493,
            "tau_int": 1.8632848433666171,
            "dtau_int": 0.053808919708903245
          },
          "Chi_t": {
            "mean": 0.6448085904121399,
            "error": 0.006441756181637813,
            "tau_int": 1.8451919386664648,
            "dtau_int": 0.05331724266199311
          }
        },
        "n_skipped": 0.0,
        "step_size": 0.0
      },
      {
        "acc_rate": 0.5501733333333333,
        "n_steps": 75000.0,
        "obs_stats": {
          "Q": {
            "mean": 0.005933412350714207,
            "error": 0.005381462250651755,
            "tau_int": 1.6949120762957968,
            "dtau_int": 0.045990594319081986
          },
          "Chi_t": {
            "mean": 0.6407418847084045,
            "error": 0.005726313128959385,
            "tau_int": 1.4957728144078264,
            "dtau_int": 0.039392193901661286
          }
        },
        "n_skipped": 0.0,
        "step_size": 0.0
      }
    ],
    [
      {
        "acc_rate": 0.54474,
        "n_steps": 100000.0,
        "obs_stats": {
          "Q": {
            "mean": -0.009640096686780453,
            "error": 0.004733737558581163,
            "tau_int": 1.760322034840459,
            "dtau_int": 0.0427433237311523
          },
          "Chi_t": {
            "mean": 0.6365463733673096,
            "error": 0.005332131867389996,
            "tau_int": 1.7096226369014769,
            "dtau_int": 0.04158359708381223
          }
        },
        "n_skipped": 0.0,
        "step_size": 0.0
      },
      {
        "acc_rate": 0.54895,
        "n_steps": 100000.0,
        "obs_stats": {
          "Q": {
            "mean": 8.000079833436757e-05,
            "error": 0.00478711972712013,
            "tau_int": 1.7968784519393228,
            "dtau_int": 0.04503434639294156
          },
          "Chi_t": {
            "mean": 0.6376463770866394,