{
  "observables": [
    "Chi_t"
  ],
  "n_samples": [
    50000,
    80000,
    100000
  ],
  "nip": [],
  "nmcmc": [
    [
      {
        "acc_rate": 0.7421,
        "n_steps": 50000,
        "obs_stats": {
          "Q": {
            "mean": 0.005119999870657921,
            "error": 0.004846050122899382,
            "tau_int": 0.867783186501232,
            "dtau_int": 0.02144280392609619
          },
          "Chi_t": {
            "mean": 0.6765599846839905,
            "error": 0.005764411716583331,
            "tau_int": 0.9089738984227309,
            "dtau_int": 0.022399929337337976
          }
        },
        "n_skipped": 0,
        "step_size": 0
      },
      {
        "acc_rate": 0.74248,
        "n_steps": 50000,
        "obs_stats": {
          "Q": {
            "mean": -0.003100000089034438,
            "error": 0.004870470564154263,
            "tau_int": 0.8802504613453612,
            "dtau_int": 0.021733096231354315
          },
          "Chi_t": {
            "mean": 0.6736999750137329,
            "error": 0.005581154797430023,
            "tau_int": 0.8627087191374763,
            "dtau_int": 0.021324500057683535
          }
        },
        "n_skipped": 0,
        "step_size": 0
      },
      {
        "acc_rate": 0.74402,
        "n_steps": 50000,
        "obs_stats": {
          "Q": {
            "mean": 0.008960000239312649,
            "error": 0.005002215581746889,
            "tau_int": 0.9239752575683167,
            "dtau_int": 0.022747099505427595
          },
          "Chi_t": {
            "mean": 0.677079975605011,
            "error": 0.005819481614677025,
            "tau_int": 0.9188868882385366,
            "dtau_int": 0.02262942590306121
          }
        },
        "n_skipped": 0,
        "step_size": 0
      }
    ],
    [
      {
        "acc_rate": 0.740375,
        "n_steps": 80000,
        "obs_stats": {
          "Q": {
            "mean": -0.0012000000569969416,
            "error": 0.00395638071206205,
            "tau_int": 0.9316340861803005,
            "dtau_int": 0.01928321193723323
          },
          "Chi_t": {
            "mean": 0.6720499992370605,
            "error": 0.0046552986632479604,
            "tau_int": 0.9362780410059011,
            "dtau_int": 0.0193740813598029
          }
        },
        "n_skipped": 0,
        "step_size": 0
      },
      {
        "acc_rate": 0.738775,
        "n_steps": 80000,
        "obs_stats": {
          "Q": {
            "mean": 0.004474999848753214,
            "error": 0.003921634733973375,
            "tau_int": 0.9133971886605792,
            "dtau_int": 0.017789688620831717
          },
          "Chi_t": {
            "mean": 0.6735000014305115,
            "error": 0.0044213193307980955,
            "tau_int": 0.8603264644830719,
            "dtau_int": 0.016814566872596963
          }
        },
        "n_skipped": 0,
        "step_size": 0
      },
      {
        "acc_rate": 0.739125,
        "n_steps": 80000,
        "obs_stats": {
          "Q": {
            "mean": 0.0017500000540167093,
            "error": 0.003930687915487722,
            "tau_int": 0.9168134509577053,
            "dtau_int": 0.01785220431090706
          },
          "Chi_t": {
            "mean": 0.6740750074386597,
            "error": 0.0044930019003907844,
            "tau_int": 0.8886442870802731,
            "dtau_int": 0.017335803070408603
          }
        },
        "n_skipped": 0,
        "step_size": 0
      }
    ],
    [
      {
        "acc_rate": 0.74132,
        "n_steps": 100000,
        "obs_stats": {
          "Q": {
            "mean": 0.0006099999882280827,
            "error": 0.0035667022113533547,
            "tau_int": 0.9395083734268455,
            "dtau_int": 0.01738521252993621
          },
          "Chi_t": {
            "mean": 0.6770099997520447,
            "error": 0.003947992426175388,
            "tau_int": 0.8516891444077022,
            "dtau_int": 0.01489683038496533
          }
        },
        "n_skipped": 0,
        "step_size": 0
      },
      {
        "acc_rate": 0.74056,
        "n_steps": 100000,
        "obs_stats": {
          "Q": {
            "mean": -0.003160000080242753,
            "error": 0.0034194402928747016,
            "tau_int": 0.8629436455750317,
            "dtau_int": 0.015082572736890662
          },
          "Chi_t": {
            "mean": 0.6774799823760986,
            "error": 0.003954378959601813,
            "tau_int": 0.8597902006985452,
            "dtau_int": 0.015030558868498875
          }
        },
        "n_skipped": 0,
        "step_size": 0
      },
      {
        "acc_rate": 0.74085,
        "n_steps": 100000,
        "obs_stats": {
          "Q": {
            "mean": -0.0025400000158697367,
            "error": 0.0034805827634571793,
            "tau_int": 0.904947664738039,
            "dtau_int": 0.015773164938595746
          },
          "Chi_t": {
            "mean": 0.6693400144577026,
            "error": 0.0038676898673290186,
            "tau_int": 0.8318898748527821,
            "dtau_int": 0.01456934423856147
          }
        },
        "n_skipped": 0,
        "step_size": 0
      }
    ]
  ],
  "exact_sus": 0.6687749432186545
}