{
  "observables": [
    "Chi_t"
  ],
  "n_samples": [
    50000
  ],
  "nip": [
    [
      {
        "obs_stats": {
          "Q": {
            "mean": -0.007733289618045092,
            "error": 0.010560172609984875,
            "error_ess": 0.011193192563951015,
            "ess_q": 0.2467702478170395
          },
          "Chi_t": {
            "mean": 1.5458909273147583,
            "error": 0.019092539325356483,
            "error_ess": 0.019442275166511536,
            "ess_q": 0.2467702478170395
          }
        },
        "entropy": 67200.578125,
        "std_entropy": 13536094.0,
        "free_energy": -0.6223613639368347,
        "std_free_energy": 0.0008235982968471944
      },
      {
        "obs_stats": {
          "Q": {
            "mean": 0.018398553133010864,
            "error": 0.010448518209159374,
            "error_ess": 0.011615747585892677,
            "ess_q": 0.2416357696056366
          },
          "Chi_t": {
            "mean": 1.6304482221603394,
            "error": 0.023111313581466675,
            "error_ess": 0.021331781521439552,
            "ess_q": 0.2416357696056366
          }
        },
        "entropy": 67149.4296875,
        "std_entropy": 13660056.0,
        "free_energy": -0.6221781961493973,
        "std_free_energy": 0.0008351344149559736
      },
      {
        "obs_stats": {
          "Q": {
            "mean": -0.0032109608873724937,
            "error": 0.010484757833182812,
            "error_ess": 0.010703245177865028,
            "ess_q": 0.2797434329986572
          },
          "Chi_t": {
            "mean": 1.6023410558700562,
            "error": 0.02095458097755909,
            "error_ess": 0.01926569826900959,
            "ess_q": 0.2797434329986572
          }
        },
        "entropy": 67197.3359375,
        "std_entropy": 12715098.0,
        "free_energy": -0.6222138344822472,
        "std_free_energy": 0.0007564177503809333
      }
    ]
  ],
  "nmcmc": [
    [
      {
        "acc_rate": 0.43386,
        "n_steps": 50000,
        "obs_stats": {
          "Q": {
            "mean": 0.00372007442638278,
            "error": 0.013777426701592613,
            "tau_int": 2.916534058296166,
            "dtau_int": 0.12119284537491114
          },
          "Chi_t": {
            "mean": 1.6268725395202637,
            "error": 0.02360143148638582,
            "tau_int": 2.6930245934066437,
            "dtau_int": 0.10987379696895465
          }
        },
        "n_skipped": 0,
        "step_size": 0
      },
      {
        "acc_rate": 0.43132,
        "n_steps": 50000,
        "obs_stats": {
          "Q": {
            "mean": 0.013020260259509087,
            "error": 0.013454016586679591,
            "tau_int": 2.909887942911035,
            "dtau_int": 0.12093528981920623
          },
          "Chi_t": {
            "mean": 1.555091142654419,
            "error": 0.02331490230707494,
            "tau_int": 2.7558771240050226,
            "dtau_int": 0.11226819090175212
          }
        },
        "n_skipped": 0,
        "step_size": 0
      },
      {
        "acc_rate": 0.42962,
        "n_steps": 50000,
        "obs_stats": {
          "Q": {
            "mean": 0.0033800676465034485,
            "error": 0.013949234363418835,
            "tau_int": 3.0550968671838428,
            "dtau_int": 0.12945928051851233
          },
          "Chi_t": {
            "mean": 1.5920518636703491,
            "error": 0.024940697068798895,
            "tau_int": 3.0266865613800507,
            "dtau_int": 0.12833654386581692
          }
        },
        "n_skipped": 0,
        "step_size": 0
      }
    ]
  ],
  "exact_sus": 1.5955042423370487
}