{
  "observables": [
    "Chi_t"
  ],
  "n_samples": [
    25000,
    40000,
    50000,
    75000,
    100000,
    125000,
    150000,
    175000
  ],
  "nip": [],
  "nmcmc": [
    [
      {
        "acc_rate": 0.2524,
        "n_steps": 25000,
        "obs_stats": {
          "Q": {
            "mean": 0.005960238631814718,
            "error": 0.019400037899796368,
            "tau_int": 8.423430565824649,
            "dtau_int": 0.7540062787894278
          },
          "Chi_t": {
            "mean": 0.5581423044204712,
            "error": 0.019891896088197036,
            "tau_int": 7.473963511992207,
            "dtau_int": 0.6343829616995761
          }
        },
        "n_skipped": 0,
        "step_size": 0
      },
      {
        "acc_rate": 0.2488,
        "n_steps": 25000,
        "obs_stats": {
          "Q": {
            "mean": -0.043441738933324814,
            "error": 0.031109996842711506,
            "tau_int": 19.8664870083689,
            "dtau_int": 2.533426002049767
          },
          "Chi_t": {
            "mean": 0.6098644137382507,
            "error": 0.043681330875257274,
            "tau_int": 31.080610106630964,
            "dtau_int": 4.7409936304179725
          }
        },
        "n_skipped": 0,
        "step_size": 0
      },
      {
        "acc_rate": 0.26272,
        "n_steps": 25000,
        "obs_stats": {
          "Q": {
            "mean": 0.019160766154527664,
            "error": 0.017381542754014098,
            "tau_int": 6.960254467761192,
            "dtau_int": 0.5742370884436281
          },
          "Chi_t": {
            "mean": 0.5426217317581177,
            "error": 0.014949123495921361,
            "tau_int": 4.8554582013528576,
            "dtau_int": 0.34550019992654224
          }
        },
        "n_skipped": 0,
        "step_size": 0
      }
    ],
    [
      {
        "acc_rate": 0.2422,
        "n_steps": 40000,
        "obs_stats": {
          "Q": {
            "mean": -0.014150354079902172,
            "error": 0.01495315595001762,
            "tau_int": 8.413816080511873,
            "dtau_int": 0.6130405425087042
          },
          "Chi_t": {
            "mean": 0.5314632654190063,
            "error": 0.01625717284169516,
            "tau_int": 8.620238909056715,
            "dtau_int": 0.6327578793070089
          }
        },
        "n_skipped": 0,
        "step_size": 0
      },
      {
        "acc_rate": 0.240375,
        "n_steps": 40000,
        "obs_stats": {
          "Q": {
            "mean": -0.008475211448967457,
            "error": 0.01981524403631858,
            "tau_int": 14.343906553525505,
            "dtau_int": 1.3080366578782077
          },
          "Chi_t": {
            "mean": 0.5471386909484863,
            "error": 0.020221100562329546,
            "tau_int": 13.10953396503222,
            "dtau_int": 1.1532843874137708
          }
        },
        "n_skipped": 0,
        "step_size": 0
      },
      {
        "acc_rate": 0.2582,
        "n_steps": 40000,
        "obs_stats": {
          "Q": {
            "mean": -0.007350183557718992,
            "error": 0.019792136307299323,
            "tau_int": 12.855863101847335,
            "dtau_int": 1.1181351591077278
          },
          "Chi_t": {
            "mean": 0.6090652346611023,
            "error": 0.025606563974412837,
            "tau_int": 17.12248465263808,
            "dtau_int": 1.6809704433498953
          }
        },
        "n_skipped": 0,
        "step_size": 0
      }
    ],
    [
      {
        "acc_rate": 0.266,
        "n_steps": 50000,
        "obs_stats": {
          "Q": {
            "mean": -0.001260025193914771,
            "error": 0.013380368914944164,
            "tau_int": 7.754696914177668,
            "dtau_int": 0.49409685586368063
          },
          "Chi_t": {
            "mean": 0.5769915580749512,
            "error": 0.015296511646927769,
            "tau_int": 8.424802537551233,
            "dtau_int": 0.5592256700004687
          }
        },
        "n_skipped": 0,
        "step_size": 0
      },
      {
        "acc_rate": 0.24704,
        "n_steps": 50000,
        "obs_stats": {
          "Q": {
            "mean": -0.016220323741436005,
            "error": 0.014195665587368124,
            "tau_int": 8.844347144021302,
            "dtau_int": 0.5954382658418736
          },
          "Chi_t": {
            "mean": 0.5696713924407959,
            "error": 0.01767524023105558,
            "tau_int": 11.79172370548141,
            "dtau_int": 0.8993289119832595
          }
        },
        "n_skipped": 0,
        "step_size": 0
      },
      {
        "acc_rate": 0.24728,
        "n_steps": 50000,
        "obs_stats": {
          "Q": {
            "mean": -0.0005600111908279359,
            "error": 0.02007626305808291,
            "tau_int": 16.645724085174127,
            "dtau_int": 1.472793748036171
          },
          "Chi_t": {
            "mean": 0.6049320697784424,
            "error": 0.024258515812005898,
            "tau_int": 19.78469555350127,
            "dtau_int": 1.8787550130966708
          }
        },
        "n_skipped": 0,
        "step_size": 0
      }
    ],
    [
      {
        "acc_rate": 0.24274666666666667,
        "n_steps": 75000,
        "obs_stats": {
          "Q": {
            "mean": 0.01229349710047245,
            "error": 0.012932504047372171,
            "tau_int": 12.097190331558139,
            "dtau_int": 0.7822626344107989
          },
          "Chi_t": {
            "mean": 0.5184335708618164,
            "error": 0.013272798804986892,
            "tau_int": 11.047115348095057,
            "dtau_int": 0.6867188815204351
          }
        },
        "n_skipped": 0,
        "step_size": 0
      },
      {
        "acc_rate": 0.24684,
        "n_steps": 75000,
        "obs_stats": {
          "Q": {
            "mean": 0.01104014739394188,
            "error": 0.012574862212938421,
            "tau_int": 10.8218538423563,
            "dtau_int": 0.6691096689120356
          },
          "Chi_t": {
            "mean": 0.5479006171226501,
            "error": 0.014906988846851965,
            "tau_int": 12.670168012770263,
            "dtau_int": 0.837028918931777
          }
        },
        "n_skipped": 0,
        "step_size": 0
      },
      {
        "acc_rate": 0.24278666666666668,
        "n_steps": 75000,
        "obs_stats": {
          "Q": {
            "mean": -0.04593394696712494,
            "error": 0.016832699655126855,
            "tau_int": 18.311343736444435,
            "dtau_int": 1.416435971983708
          },
          "Chi_t": {
            "mean": 0.5820744037628174,
            "error": 0.013956330517160886,
            "tau_int": 11.119013347805417,
            "dtau_int": 0.6956011386971722
          }
        },
        "n_skipped": 0,
        "step_size": 0
      }
    ],
    [
      {
        "acc_rate": 0.24716,
        "n_steps": 100000,
        "obs_stats": {
          "Q": {
            "mean": -0.0059000588953495026,
            "error": 0.010451994367152448,
            "tau_int": 9.907056727881857,
            "dtau_int": 0.5189392695374347
          },
          "Chi_t": {
            "mean": 0.5512655377388,
            "error": 0.010379425112139736,
            "tau_int": 8.653356402004208,
            "dtau_int": 0.42690876520063104
          }
        },
        "n_skipped": 0,
        "step_size": 0
      },
      {
        "acc_rate": 0.24203,
        "n_steps": 100000,
        "obs_stats": {
          "Q": {
            "mean": 0.008250082843005657,
            "error": 0.012327214944106197,
            "tau_int": 13.520440595402334,
            "dtau_int": 0.8111383642429172
          },
          "Chi_t": {
            "mean": 0.5618756413459778,
            "error": 0.009395154152408216,
            "tau_int": 7.422183857312043,
            "dtau_int": 0.34199550519872
          }
        },
        "n_skipped": 0,