{
  "observables": [
    "Chi_t"
  ],
  "n_samples": [
    50000,
    80000,
    100000
  ],
  "nip": [],
  "nmcmc": [
    [
      {
        "acc_rate": 0.47744,
        "n_steps": 50000,
        "obs_stats": {
          "Q": {
            "mean": -0.012380000203847885,
            "error": 0.007544347336316482,
            "tau_int": 2.297405573766427,
            "dtau_int": 0.08766965756073643
          },
          "Chi_t": {
            "mean": 0.6194599866867065,
            "error": 0.007623281876594389,
            "tau_int": 1.9294622622083208,
            "dtau_int": 0.06809780099645772
          }
        },
        "n_skipped": 0,
        "step_size": 0
      },
      {
        "acc_rate": 0.47016,
        "n_steps": 50000,
        "obs_stats": {
          "Q": {
            "mean": -0.0025599999353289604,
            "error": 0.008470200100001267,
            "tau_int": 2.885908804005938,
            "dtau_int": 0.12000410059615765
          },
          "Chi_t": {
            "mean": 0.6214399933815002,
            "error": 0.00964225517549679,
            "tau_int": 3.026841036621069,
            "dtau_int": 0.1283413693420601
          }
        },
        "n_skipped": 0,
        "step_size": 0
      },
      {
        "acc_rate": 0.4703,
        "n_steps": 50000,
        "obs_stats": {
          "Q": {
            "mean": 0.0005000000237487257,
            "error": 0.00780625822706848,
            "tau_int": 2.504175146405392,
            "dtau_int": 0.09761999312295125
          },
          "Chi_t": {
            "mean": 0.608299970626831,
            "error": 0.008293692667341049,
            "tau_int": 2.258812087023344,
            "dtau_int": 0.08388970923994826
          }
        },
        "n_skipped": 0,
        "step_size": 0
      }
    ],
    [
      {
        "acc_rate": 0.4676375,
        "n_steps": 80000,
        "obs_stats": {
          "Q": {
            "mean": 0.013187499716877937,
            "error": 0.006214415464454725,
            "tau_int": 2.5147579783219407,
            "dtau_int": 0.07949428414115292
          },
          "Chi_t": {
            "mean": 0.6144124865531921,
            "error": 0.0065717595832445914,
            "tau_int": 2.192555646796989,
            "dtau_int": 0.0663360317164945
          }
        },
        "n_skipped": 0,
        "step_size": 0
      },
      {
        "acc_rate": 0.4707,
        "n_steps": 80000,
        "obs_stats": {
          "Q": {
            "mean": 0.003275000024586916,
            "error": 0.006303768610197233,
            "tau_int": 2.63269467999398,
            "dtau_int": 0.08503910548307618
          },
          "Chi_t": {
            "mean": 0.603725016117096,
            "error": 0.00651097426867818,
            "tau_int": 2.3226266574425987,
            "dtau_int": 0.07192153866594578
          }
        },
        "n_skipped": 0,
        "step_size": 0
      },
      {
        "acc_rate": 0.469075,
        "n_steps": 80000,
        "obs_stats": {
          "Q": {
            "mean": 0.006049999967217445,
            "error": 0.006500801988733956,
            "tau_int": 2.7244770884129705,
            "dtau_int": 0.08989850274209146
          },
          "Chi_t": {
            "mean": 0.6204500198364258,
            "error": 0.007017663989438271,
            "tau_int": 2.4989554706348738,
            "dtau_int": 0.0790259741283785
          }
        },
        "n_skipped": 0,
        "step_size": 0
      }
    ],
    [
      {
        "acc_rate": 0.47506,
        "n_steps": 100000,
        "obs_stats": {
          "Q": {
            "mean": 0.009239999577403069,
            "error": 0.005643160539810103,
            "tau_int": 2.546372176168318,
            "dtau_int": 0.073719348542548
          },
          "Chi_t": {
            "mean": 0.6253600120544434,
            "error": 0.0062048660506978754,
            "tau_int": 2.4098771612574086,
            "dtau_int": 0.06831501965099178
          }
        },
        "n_skipped": 0,
        "step_size": 0
      },
      {
        "acc_rate": 0.47432,
        "n_steps": 100000,
        "obs_stats": {
          "Q": {
            "mean": 0.0012400000123307109,
            "error": 0.005549532825374006,
            "tau_int": 2.5124700113574927,
            "dtau_int": 0.07279667566623711
          },
          "Chi_t": {
            "mean": 0.6128600239753723,
            "error": 0.006059800407927452,
            "tau_int": 2.3998912188216397,
            "dtau_int": 0.06804884467867199
          }
        },
        "n_skipped": 0,
        "step_size": 0
      },
      {
        "acc_rate": 0.46786,
        "n_steps": 100000,
        "obs_stats": {
          "Q": {
            "mean": 0.004900000058114529,
            "error": 0.005706525670811326,
            "tau_int": 2.6511857579389786,
            "dtau_int": 0.07837617953970251
          },
          "Chi_t": {
            "mean": 0.614139974117279,
            "error": 0.005815226315725998,
            "tau_int": 2.20160151636608,
            "dtau_int": 0.05956282008298707
          }
        },
        "n_skipped": 0,
        "step_size": 0
      }
    ]
  ],
  "exact_sus": 0.6194099585690315
}