{
  "observables": [
    "Chi_t"
  ],
  "n_samples": [
    25000,
    40000,
    50000,
    75000,
    100000,
    125000,
    150000,
    175000,
    200000,
    225000,
    250000,
    80000
  ],
  "nip": {},
  "nmcmc": [
    [
      {
        "acc_rate": 0.45548,
        "n_steps": 25000.0,
        "obs_stats": {
          "Q": {
            "mean": -0.014480579644441605,
            "error": 0.01201702053173823,
            "tau_int": 3.079649472152154,
            "dtau_int": 0.18029482100603408
          },
          "Chi_t": {
            "mean": 0.5861834287643433,
            "error": 0.011668438164735928,
            "tau_int": 2.3993638835962616,
            "dtau_int": 0.1255078608720467
          }
        },
        "n_skipped": 0.0,
        "step_size": 0.0
      },
      {
        "acc_rate": 0.47088,
        "n_steps": 25000.0,
        "obs_stats": {
          "Q": {
            "mean": 0.002240089699625969,
            "error": 0.01120856276603813,
            "tau_int": 2.6295662042048917,
            "dtau_int": 0.14449197549698184
          },
          "Chi_t": {
            "mean": 0.5970638990402222,
            "error": 0.010507545123785355,
            "tau_int": 2.014124246246409,
            "dtau_int": 0.0969677487466092
          }
        },
        "n_skipped": 0.0,
        "step_size": 0.0
      },
      {
        "acc_rate": 0.47704,
        "n_steps": 25000.0,
        "obs_stats": {
          "Q": {
            "mean": -0.016440657898783684,
            "error": 0.010017000304115111,
            "tau_int": 2.2659828313954824,
            "dtau_int": 0.11548838093496834
          },
          "Chi_t": {
            "mean": 0.553662121295929,
            "error": 0.010456305668120069,
            "tau_int": 2.1486282496191507,
            "dtau_int": 0.10648870684821028
          }
        },
        "n_skipped": 0.0,
        "step_size": 0.0
      }
    ],
    [
      {
        "acc_rate": 0.481175,
        "n_steps": 40000.0,
        "obs_stats": {
          "Q": {
            "mean": 2.50006251008017e-05,
            "error": 0.008398941373013107,
            "tau_int": 2.3597635202800555,
            "dtau_int": 0.10050678567570938
          },
          "Chi_t": {
            "mean": 0.5977899432182312,
            "error": 0.008496388195615791,
            "tau_int": 2.034230474532667,
            "dtau_int": 0.08000025141596914
          }
        },
        "n_skipped": 0.0,
        "step_size": 0.0
      },
      {
        "acc_rate": 0.478575,
        "n_steps": 40000.0,
        "obs_stats": {
          "Q": {
            "mean": 0.001775044365786016,
            "error": 0.008733238399530508,
            "tau_int": 2.557541505748375,
            "dtau_int": 0.11131310350265902
          },
          "Chi_t": {
            "mean": 0.5963398814201355,
            "error": 0.008761015547166351,
            "tau_int": 2.1629621415068554,
            "dtau_int": 0.08742607970035048
          }
        },
        "n_skipped": 0.0,
        "step_size": 0.0
      },
      {
        "acc_rate": 0.479175,
        "n_steps": 40000.0,
        "obs_stats": {
          "Q": {
            "mean": 0.014450361020863056,
            "error": 0.008123357157554165,
            "tau_int": 2.2651845028245003,
            "dtau_int": 0.09403993705810451
          },
          "Chi_t": {
            "mean": 0.5827645659446716,
            "error": 0.009293914464088398,
            "tau_int": 2.4453232712139674,
            "dtau_int": 0.10390502902515197
          }
        },
        "n_skipped": 0.0,
        "step_size": 0.0
      }
    ],
    [
      {
        "acc_rate": 0.47796,
        "n_steps": 50000.0,
        "obs_stats": {
          "Q": {
            "mean": -0.004180083516985178,
            "error": 0.007882097183503533,
            "tau_int": 2.5738497651738297,
            "dtau_int": 0.10276476426890076
          },
          "Chi_t": {
            "mean": 0.6033920645713806,
            "error": 0.008025741137912004,
            "tau_int": 2.195205657878536,
            "dtau_int": 0.08167850329872603
          }
        },
        "n_skipped": 0.0,
        "step_size": 0.0
      },
      {
        "acc_rate": 0.47996,
        "n_steps": 50000.0,
        "obs_stats": {
          "Q": {
            "mean": 0.00046000920701771975,
            "error": 0.007776739395689715,
            "tau_int": 2.47638213802734,
            "dtau_int": 0.09660810336741635
          },
          "Chi_t": {
            "mean": 0.6104722023010254,
            "error": 0.009210769530546243,
            "tau_int": 2.7588367148028974,
            "dtau_int": 0.11238074031564474
          }
        },
        "n_skipped": 0.0,
        "step_size": 0.0
      },
      {
        "acc_rate": 0.47656,
        "n_steps": 50000.0,
        "obs_stats": {
          "Q": {
            "mean": 0.004660093225538731,
            "error": 0.007284028067434332,
            "tau_int": 2.301407622351537,
            "dtau_int": 0.08781360011860703
          },
          "Chi_t": {
            "mean": 0.5763115286827087,
            "error": 0.007534244412625509,
            "tau_int": 2.1097296549018076,
            "dtau_int": 0.07639575063343769
          }
        },
        "n_skipped": 0.0,
        "step_size": 0.0
      }
    ],
    [
      {
        "acc_rate": 0.4746,
        "n_steps": 75000.0,
        "obs_stats": {
          "Q": {
            "mean": 0.011653488501906395,
            "error": 0.006286798248619399,
            "tau_int": 2.529028275431213,
            "dtau_int": 0.08253830435728836
          },
          "Chi_t": {
            "mean": 0.5861411690711975,
            "error": 0.00691850902479889,
            "tau_int": 2.54070636585318,
            "dtau_int": 0.08289518759632117
          }
        },
        "n_skipped": 0.0,
        "step_size": 0.0
      },
      {
        "acc_rate": 0.48156,
        "n_steps": 75000.0,
        "obs_stats": {
          "Q": {
            "mean": -0.006040080450475216,
            "error": 0.006063746425841627,
            "tau_int": 2.3586450361973896,
            "dtau_int": 0.07536178639735554
          },
          "Chi_t": {
            "mean": 0.5845811367034912,
            "error": 0.0067291886023143005,
            "tau_int": 2.4103020809677362,
            "dtau_int": 0.07690830908744378
          }
        },
        "n_skipped": 0.0,
        "step_size": 0.0
      },
      {
        "acc_rate": 0.47761333333333333,
        "n_steps": 75000.0,
        "obs_stats": {
          "Q": {
            "mean": -0.005973413120955229,
            "error": 0.006065897857860259,
            "tau_int": 2.3542473117947185,
            "dtau_int": 0.07522991390844984
          },
          "Chi_t": {
            "mean": 0.5860878229141235,
            "error": 0.0063585888651508365,
            "tau_int": 2.1553742911400806,
            "dtau_int": 0.06555524183267587
          }
        },
        "n_skipped": 0.0,
        "step_size": 0.0
      }
    ],
    [
      {
        "acc_rate": 0.46695,
        "n_steps": 100000.0,
        "obs_stats": {
          "Q": {
            "mean": 0.012040120549499989,
            "error": 0.006013873747877566,
            "tau_int": 3.084931231322261,
            "dtau_int": 0.0964065697249926
          },
          "Chi_t": {
            "mean": 0.5862858891487122,
            "error": 0.006042238888103542,
            "tau_int": 2.6581805987901883,
            "dtau_int": 0.07857077862528705
          }
        },
        "n_skipped": 0.0,
        "step_size": 0.0
      },
      {
        "acc_rate": 0.48065,
        "n_steps": 100000.0,
        "obs_stats": {
          "Q": {
            "mean": 0.0007500075153075159,
            "error": 0.005936234809159186,
            "tau_int": 2.9267361944801915,
            "dtau_int": 0.08987224775587163
          },
          "Chi_t": {
            "mean": 0.6019760370254517,