{
  "observables": [
    "Chi_t"
  ],
  "n_samples": [
    50000,
    80000,
    100000
  ],
  "nip": [],
  "nmcmc": [
    [
      {
        "acc_rate": 0.70012,
        "n_steps": 50000,
        "obs_stats": {
          "Q": {
            "mean": -0.007600000128149986,
            "error": 0.005124294032364043,
            "tau_int": 1.013667503933885,
            "dtau_int": 0.02641195443606238
          },
          "Chi_t": {
            "mean": 0.6476399898529053,
            "error": 0.005550548229215425,
            "tau_int": 0.9206119748659707,
            "dtau_int": 0.022669329958868913
          }
        },
        "n_skipped": 0,
        "step_size": 0
      },
      {
        "acc_rate": 0.69862,
        "n_steps": 50000,
        "obs_stats": {
          "Q": {
            "mean": -0.0012199999764561653,
            "error": 0.0050229411286160765,
            "tau_int": 0.9851076477475988,
            "dtau_int": 0.025710958365383473
          },
          "Chi_t": {
            "mean": 0.6402599811553955,
            "error": 0.0055436867837634915,
            "tau_int": 0.9295764480320174,
            "dtau_int": 0.02287653235629247
          }
        },
        "n_skipped": 0,
        "step_size": 0
      },
      {
        "acc_rate": 0.70054,
        "n_steps": 50000,
        "obs_stats": {
          "Q": {
            "mean": -0.0015800000401213765,
            "error": 0.005108764992912121,
            "tau_int": 0.9901114283606143,
            "dtau_int": 0.02583396123823269
          },
          "Chi_t": {
            "mean": 0.6589800119400024,
            "error": 0.005802134217267232,
            "tau_int": 0.9548671695390276,
            "dtau_int": 0.023459643059510545
          }
        },
        "n_skipped": 0,
        "step_size": 0
      }
    ],
    [
      {
        "acc_rate": 0.6993125,
        "n_steps": 80000,
        "obs_stats": {
          "Q": {
            "mean": 0.006312500219792128,
            "error": 0.004053639044557303,
            "tau_int": 1.0105942853107879,
            "dtau_int": 0.02082094729906636
          },
          "Chi_t": {
            "mean": 0.6504124999046326,
            "error": 0.004397198588322475,
            "tau_int": 0.9171331937876404,
            "dtau_int": 0.017858053846053747
          }
        },
        "n_skipped": 0,
        "step_size": 0
      },
      {
        "acc_rate": 0.6991875,
        "n_steps": 80000,
        "obs_stats": {
          "Q": {
            "mean": -0.0032500000670552254,
            "error": 0.003972900634696501,
            "tau_int": 0.9870665807730772,
            "dtau_int": 0.020364374201591883
          },
          "Chi_t": {
            "mean": 0.6396250128746033,
            "error": 0.004314330825087858,
            "tau_int": 0.9204059749179203,
            "dtau_int": 0.017917912186105164
          }
        },
        "n_skipped": 0,
        "step_size": 0
      },
      {
        "acc_rate": 0.7029125,
        "n_steps": 80000,
        "obs_stats": {
          "Q": {
            "mean": -0.0043875002302229404,
            "error": 0.004016904687208944,
            "tau_int": 0.9884551215557682,
            "dtau_int": 0.02039135825669944
          },
          "Chi_t": {
            "mean": 0.6529625058174133,
            "error": 0.004401215821235018,
            "tau_int": 0.9270807217314685,
            "dtau_int": 0.019194063161642558
          }
        },
        "n_skipped": 0,
        "step_size": 0
      }
    ],
    [
      {
        "acc_rate": 0.70022,
        "n_steps": 100000,
        "obs_stats": {
          "Q": {
            "mean": 0.0020800000056624413,
            "error": 0.0036498275814082328,
            "tau_int": 1.0237203058650783,
            "dtau_int": 0.01993105321461942
          },
          "Chi_t": {
            "mean": 0.6506199836730957,
            "error": 0.003994973109672533,
            "tau_int": 0.9521087025944786,
            "dtau_int": 0.01760540522708441
          }
        },
        "n_skipped": 0,
        "step_size": 0
      },
      {
        "acc_rate": 0.69779,
        "n_steps": 100000,
        "obs_stats": {
          "Q": {
            "mean": -0.006140000186860561,
            "error": 0.0035924638944879197,
            "tau_int": 0.9964401307227364,
            "dtau_int": 0.018377295240624602
          },
          "Chi_t": {
            "mean": 0.6476200222969055,
            "error": 0.0040255709583027965,
            "tau_int": 0.9633755316650223,
            "dtau_int": 0.01780199586434942
          }
        },
        "n_skipped": 0,
        "step_size": 0
      },
      {
        "acc_rate": 0.69815,
        "n_steps": 100000,
        "obs_stats": {
          "Q": {
            "mean": -0.0015999999595806003,
            "error": 0.0035739414011405615,
            "tau_int": 0.9776543248937681,
            "dtau_int": 0.01805073516056559
          },
          "Chi_t": {
            "mean": 0.6532400250434875,
            "error": 0.0038987290296348186,
            "tau_int": 0.9077792443708579,
            "dtau_int": 0.01581956940097736
          }
        },
        "n_skipped": 0,
        "step_size": 0
      }
    ]
  ],
  "exact_sus": 0.6500977944017748
}