{
  "observables": [
    "Chi_t"
  ],
  "n_samples": [
    50000,
    80000,
    100000
  ],
  "nip": [],
  "nmcmc": [
    [
      {
        "acc_rate": 0.58136,
        "n_steps": 50000,
        "obs_stats": {
          "Q": {
            "mean": 0.00570000009611249,
            "error": 0.006478531342720726,
            "tau_int": 1.6435398019219578,
            "dtau_int": 0.05270913926111825
          },
          "Chi_t": {
            "mean": 0.6384199857711792,
            "error": 0.006721744626257122,
            "tau_int": 1.3903732099970443,
            "dtau_int": 0.041450151237832016
          }
        },
        "n_skipped": 0,
        "step_size": 0
      },
      {
        "acc_rate": 0.5807,
        "n_steps": 50000,
        "obs_stats": {
          "Q": {
            "mean": -0.01095999963581562,
            "error": 0.006899742105935096,
            "tau_int": 1.821245245849323,
            "dtau_int": 0.06241055316259293
          },
          "Chi_t": {
            "mean": 0.6535599827766418,
            "error": 0.007649437712540896,
            "tau_int": 1.7190601105593277,
            "dtau_int": 0.05707888431768262
          }
        },
        "n_skipped": 0,
        "step_size": 0
      },
      {
        "acc_rate": 0.58104,
        "n_steps": 50000,
        "obs_stats": {
          "Q": {
            "mean": -0.0005200000014156103,
            "error": 0.005922444387493338,
            "tau_int": 1.392774638175617,
            "dtau_int": 0.04151725535192725
          },
          "Chi_t": {
            "mean": 0.6295599937438965,
            "error": 0.006573113324705545,
            "tau_int": 1.347524721399365,
            "dtau_int": 0.04025013761102306
          }
        },
        "n_skipped": 0,
        "step_size": 0
      }
    ],
    [
      {
        "acc_rate": 0.5808375,
        "n_steps": 80000,
        "obs_stats": {
          "Q": {
            "mean": -0.00279999990016222,
            "error": 0.005075390901749275,
            "tau_int": 1.6017333710995585,
            "dtau_int": 0.04222362789969728
          },
          "Chi_t": {
            "mean": 0.6432750225067139,
            "error": 0.005447054458560095,
            "tau_int": 1.4085967753096262,
            "dtau_int": 0.03463458946257175
          }
        },
        "n_skipped": 0,
        "step_size": 0
      },
      {
        "acc_rate": 0.58435,
        "n_steps": 80000,
        "obs_stats": {
          "Q": {
            "mean": 0.0016499999910593033,
            "error": 0.0051107627896037,
            "tau_int": 1.6051596559513253,
            "dtau_int": 0.0423087328432612
          },
          "Chi_t": {
            "mean": 0.6508749723434448,
            "error": 0.005588311780344184,
            "tau_int": 1.4838946201523677,
            "dtau_int": 0.03785546545788719
          }
        },
        "n_skipped": 0,
        "step_size": 0
      },
      {
        "acc_rate": 0.5868875,
        "n_steps": 80000,
        "obs_stats": {
          "Q": {
            "mean": -0.0019875001162290573,
            "error": 0.004923291403885811,
            "tau_int": 1.5174555419524114,
            "dtau_int": 0.03866169474270805
          },
          "Chi_t": {
            "mean": 0.6389124989509583,
            "error": 0.005188258649830039,
            "tau_int": 1.3081606137783408,
            "dtau_int": 0.03094545024295739
          }
        },
        "n_skipped": 0,
        "step_size": 0
      }
    ],
    [
      {
        "acc_rate": 0.57978,
        "n_steps": 100000,
        "obs_stats": {
          "Q": {
            "mean": 0.0036800000816583633,
            "error": 0.004717532523288571,
            "tau_int": 1.7218156866485028,
            "dtau_int": 0.04186269612474696
          },
          "Chi_t": {
            "mean": 0.6462600231170654,
            "error": 0.005678385120666359,
            "tau_int": 1.8810408456337742,
            "dtau_int": 0.0470169298001458
          }
        },
        "n_skipped": 0,
        "step_size": 0
      },
      {
        "acc_rate": 0.58123,
        "n_steps": 100000,
        "obs_stats": {
          "Q": {
            "mean": 0.004290000069886446,
            "error": 0.004381921254091784,
            "tau_int": 1.510122730180385,
            "dtau_int": 0.034422686701371476
          },
          "Chi_t": {
            "mean": 0.6357499957084656,
            "error": 0.004944889255785697,
            "tau_int": 1.474008883086193,
            "dtau_int": 0.033646158409538
          }
        },
        "n_skipped": 0,
        "step_size": 0
      },
      {
        "acc_rate": 0.58124,
        "n_steps": 100000,
        "obs_stats": {
          "Q": {
            "mean": 0.004540000110864639,
            "error": 0.00458016064925458,
            "tau_int": 1.6268466868083382,
            "dtau_int": 0.03832341619873774
          },
          "Chi_t": {
            "mean": 0.6447399854660034,
            "error": 0.004792931205150686,
            "tau_int": 1.3967349716401103,
            "dtau_int": 0.030732314895805447
          }
        },
        "n_skipped": 0,
        "step_size": 0
      }
    ]
  ],
  "exact_sus": 0.6439874072967454
}