{
  "observables": [
    "Chi_t"
  ],
  "n_samples": [
    100000,
    150000,
    250000
  ],
  "nip": [
    [
      {
        "obs_stats": {
          "Q": {
            "mean": -0.00023907318245619535,
            "error": 0.015853863209486008,
            "error_ess": 0.020682070404291153,
            "ess_q": 0.010993455536663532
          },
          "Chi_t": {
            "mean": 0.470242977142334,
            "error": 0.01608656533062458,
            "error_ess": 0.0193473007529974,
            "ess_q": 0.010993455536663532
          }
        },
        "entropy": 85482.8828125,
        "std_entropy": 160888320.0,
        "free_energy": -0.16989131759056672,
        "std_free_energy": 0.00344053260050714
      }
    ],
    [
      {
        "obs_stats": {
          "Q": {
            "mean": -0.0033900614362210035,
            "error": 0.03171887993812561,
            "error_ess": 0.028938254341483116,
            "ess_q": 0.00383685901761055
          },
          "Chi_t": {
            "mean": 0.481972336769104,
            "error": 0.03193637356162071,
            "error_ess": 0.027445701882243156,
            "ess_q": 0.00383685901761055
          }
        },
        "entropy": 129380.234375,
        "std_entropy": 502362336.0,
        "free_energy": -0.17007732332050576,
        "std_free_energy": 0.0047722687013447285
      }
    ],
    [
      {
        "obs_stats": {
          "Q": {
            "mean": -0.02152610570192337,
            "error": 0.01844240538775921,
            "error_ess": 0.02188526839017868,
            "ess_q": 0.003937003668397665
          },
          "Chi_t": {
            "mean": 0.4718850553035736,
            "error": 0.02340497262775898,
            "error_ess": 0.022403070703148842,
            "ess_q": 0.003937003668397665
          }
        },
        "entropy": 217486.328125,
        "std_entropy": 1068286080.0,
        "free_energy": -0.1701598551745116,
        "std_free_energy": 0.003649082500487566
      }
    ]
  ],
  "nmcmc": [
    [
      {
        "acc_rate": 0.17557,
        "n_steps": 100000,
        "obs_stats": {
          "Q": {
            "mean": -0.063960000872612,
            "error": 0.03912663874627187,
            "tau_int": 148.69533092329635,
            "dtau_int": 24.338926137466338
          },
          "Chi_t": {
            "mean": 0.5173599720001221,
            "error": 0.017439386511919393,
            "tau_int": 36.65291929824296,
            "dtau_int": 3.3660639487381374
          }
        },
        "n_skipped": 0,
        "step_size": 0
      }
    ],
    [
      {
        "acc_rate": 0.16058666666666666,
        "n_steps": 150000,
        "obs_stats": {
          "Q": {
            "mean": 0.08976666629314423,
            "error": 0.029383306845833995,
            "tau_int": 139.48185277042052,
            "dtau_int": 18.879312628771608
          },
          "Chi_t": {
            "mean": 0.4714466631412506,
            "error": 0.03556537313739726,
            "tau_int": 190.51484652405125,
            "dtau_int": 29.267200573215433
          }
        },
        "n_skipped": 0,
        "step_size": 0
      }
    ],
    [
      {
        "acc_rate": 0.187292,
        "n_steps": 250000,
        "obs_stats": {
          "Q": {
            "mean": -0.006264000199735165,
            "error": 0.011788032608853414,
            "tau_int": 37.45899342520352,
            "dtau_int": 2.340709394781358
          },
          "Chi_t": {
            "mean": 0.4636000096797943,
            "error": 0.010974200508059593,
            "tau_int": 34.723174533004695,
            "dtau_int": 2.10080348549605
          }
        },
        "n_skipped": 0,
        "step_size": 0
      }
    ]
  ],
  "exact_sus": 0.4630082630853941
}