{
  "observables": [
    "Chi_t"
  ],
  "n_samples": [
    50000,
    80000,
    100000
  ],
  "nip": [],
  "nmcmc": [
    [
      {
        "acc_rate": 0.69698,
        "n_steps": 50000,
        "obs_stats": {
          "Q": {
            "mean": -0.00419999985024333,
            "error": 0.005114428192118224,
            "tau_int": 0.9752521802309726,
            "dtau_int": 0.025468460488066863
          },
          "Chi_t": {
            "mean": 0.670520007610321,
            "error": 0.005965267646633444,
            "tau_int": 0.9658776636022817,
            "dtau_int": 0.025237512583288508
          }
        },
        "n_skipped": 0,
        "step_size": 0
      },
      {
        "acc_rate": 0.69944,
        "n_steps": 50000,
        "obs_stats": {
          "Q": {
            "mean": 0.011979999952018261,
            "error": 0.005308000474784876,
            "tau_int": 1.0500711797126299,
            "dtau_int": 0.02730173568187881
          },
          "Chi_t": {
            "mean": 0.6708999872207642,
            "error": 0.005765846333160431,
            "tau_int": 0.9376972331105571,
            "dtau_int": 0.023064001545828897
          }
        },
        "n_skipped": 0,
        "step_size": 0
      },
      {
        "acc_rate": 0.69906,
        "n_steps": 50000,
        "obs_stats": {
          "Q": {
            "mean": -0.0021800000686198473,
            "error": 0.005096139052336318,
            "tau_int": 0.9862446145744441,
            "dtau_int": 0.025738914203889112
          },
          "Chi_t": {
            "mean": 0.65829998254776,
            "error": 0.00590251076170787,
            "tau_int": 0.9746812245992393,
            "dtau_int": 0.025454402505603768
          }
        },
        "n_skipped": 0,
        "step_size": 0
      }
    ],
    [
      {
        "acc_rate": 0.693575,
        "n_steps": 80000,
        "obs_stats": {
          "Q": {
            "mean": -0.005412499886006117,
            "error": 0.004181701524126225,
            "tau_int": 1.0489474789940147,
            "dtau_int": 0.022802309388025528
          },
          "Chi_t": {
            "mean": 0.6668375134468079,
            "error": 0.004474225794624979,
            "tau_int": 0.925468238506332,
            "dtau_int": 0.019162480569289913
          }
        },
        "n_skipped": 0,
        "step_size": 0
      },
      {
        "acc_rate": 0.69735,
        "n_steps": 80000,
        "obs_stats": {
          "Q": {
            "mean": 0.006000000052154064,
            "error": 0.0041223986482828235,
            "tau_int": 1.0226962151586756,
            "dtau_int": 0.021055255899053025
          },
          "Chi_t": {
            "mean": 0.6646999716758728,
            "error": 0.004539902824909894,
            "tau_int": 0.9339380480588046,
            "dtau_int": 0.019328300824182448
          }
        },
        "n_skipped": 0,
        "step_size": 0
      },
      {
        "acc_rate": 0.69645,
        "n_steps": 80000,
        "obs_stats": {
          "Q": {
            "mean": 0.00044999999227002263,
            "error": 0.004232862238882835,
            "tau_int": 1.0640132982422434,
            "dtau_int": 0.023111371474402488
          },
          "Chi_t": {
            "mean": 0.673550009727478,
            "error": 0.004659074286277259,
            "tau_int": 0.963788456974042,
            "dtau_int": 0.019911285854912232
          }
        },
        "n_skipped": 0,
        "step_size": 0
      }
    ],
    [
      {
        "acc_rate": 0.69685,
        "n_steps": 100000,
        "obs_stats": {
          "Q": {
            "mean": 0.001979999942705035,
            "error": 0.0036940227770558675,
            "tau_int": 1.0215918370517767,
            "dtau_int": 0.019891847130280995
          },
          "Chi_t": {
            "mean": 0.6678599715232849,
            "error": 0.00419213903203576,
            "tau_int": 0.9855768433311753,
            "dtau_int": 0.018188550983654735
          }
        },
        "n_skipped": 0,
        "step_size": 0
      },
      {
        "acc_rate": 0.69509,
        "n_steps": 100000,
        "obs_stats": {
          "Q": {
            "mean": 0.0004900000058114529,
            "error": 0.0037135035344069973,
            "tau_int": 1.031632420738026,
            "dtau_int": 0.02007670938862217
          },
          "Chi_t": {
            "mean": 0.6683499813079834,
            "error": 0.004168910651130948,
            "tau_int": 0.9660222754807346,
            "dtau_int": 0.017848136924568662
          }
        },
        "n_skipped": 0,
        "step_size": 0
      },
      {
        "acc_rate": 0.6965,
        "n_steps": 100000,
        "obs_stats": {
          "Q": {
            "mean": 0.004149999935179949,
            "error": 0.0037159556232245782,
            "tau_int": 1.026845138848802,
            "dtau_int": 0.019988594862190324
          },
          "Chi_t": {
            "mean": 0.6723700165748596,
            "error": 0.004296425514229215,
            "tau_int": 1.020089333263908,
            "dtau_int": 0.01986416547545182
          }
        },
        "n_skipped": 0,
        "step_size": 0
      }
    ]
  ],
  "exact_sus": 0.6687749432186545
}