{
  "observables": [
    "Chi_t"
  ],
  "n_samples": [
    50000,
    80000,
    100000
  ],
  "nip": [],
  "nmcmc": [
    [
      {
        "acc_rate": 0.74052,
        "n_steps": 50000,
        "obs_stats": {
          "Q": {
            "mean": 0.00023999999393709004,
            "error": 0.004990319509534007,
            "tau_int": 0.9320864607636463,
            "dtau_int": 0.022934499869490116
          },
          "Chi_t": {
            "mean": 0.6679199934005737,
            "error": 0.005468719857837309,
            "tau_int": 0.8419044603783012,
            "dtau_int": 0.019430448053377798
          }
        },
        "n_skipped": 0,
        "step_size": 0
      },
      {
        "acc_rate": 0.74568,
        "n_steps": 50000,
        "obs_stats": {
          "Q": {
            "mean": -0.007340000011026859,
            "error": 0.004823094827262786,
            "tau_int": 0.8773843441719316,
            "dtau_int": 0.021666406421791296
          },
          "Chi_t": {
            "mean": 0.6628599762916565,
            "error": 0.005444766660273316,
            "tau_int": 0.824304221220129,
            "dtau_int": 0.01904937739428842
          }
        },
        "n_skipped": 0,
        "step_size": 0
      },
      {
        "acc_rate": 0.74694,
        "n_steps": 50000,
        "obs_stats": {
          "Q": {
            "mean": 0.01375999953597784,
            "error": 0.004864519262442762,
            "tau_int": 0.8852481001189538,
            "dtau_int": 0.02184931751137061
          },
          "Chi_t": {
            "mean": 0.6684399843215942,
            "error": 0.005698358991906407,
            "tau_int": 0.9040089909829543,
            "dtau_int": 0.02228486278561042
          }
        },
        "n_skipped": 0,
        "step_size": 0
      }
    ],
    [
      {
        "acc_rate": 0.743875,
        "n_steps": 80000,
        "obs_stats": {
          "Q": {
            "mean": -0.00043750001350417733,
            "error": 0.0038656731446102934,
            "tau_int": 0.8948466510401392,
            "dtau_int": 0.017449685622348644
          },
          "Chi_t": {
            "mean": 0.6679624915122986,
            "error": 0.004451370220919277,
            "tau_int": 0.8897400432300886,
            "dtau_int": 0.017355929798397583
          }
        },
        "n_skipped": 0,
        "step_size": 0
      },
      {
        "acc_rate": 0.743875,
        "n_steps": 80000,
        "obs_stats": {
          "Q": {
            "mean": -0.003037499962374568,
            "error": 0.0038836972169694994,
            "tau_int": 0.9055951666764033,
            "dtau_int": 0.017646800268216373
          },
          "Chi_t": {
            "mean": 0.6662124991416931,
            "error": 0.004582711848517255,
            "tau_int": 0.9143953282557518,
            "dtau_int": 0.017807957209252285
          }
        },
        "n_skipped": 0,
        "step_size": 0
      },
      {
        "acc_rate": 0.7434875,
        "n_steps": 80000,
        "obs_stats": {
          "Q": {
            "mean": -0.0019875001162290573,
            "error": 0.0039066724628984625,
            "tau_int": 0.9117156960520014,
            "dtau_int": 0.017758906911489247
          },
          "Chi_t": {
            "mean": 0.6695874929428101,
            "error": 0.004526457015363436,
            "tau_int": 0.8934784799564983,
            "dtau_int": 0.01742457315072477
          }
        },
        "n_skipped": 0,
        "step_size": 0
      }
    ],
    [
      {
        "acc_rate": 0.74349,
        "n_steps": 100000,
        "obs_stats": {
          "Q": {
            "mean": 7.000000186963007e-05,
            "error": 0.0035276311514183803,
            "tau_int": 0.9256550806627977,
            "dtau_int": 0.01714271716280126
          },
          "Chi_t": {
            "mean": 0.6721699833869934,
            "error": 0.004029663530947125,
            "tau_int": 0.8803534850503838,
            "dtau_int": 0.015369314431108982
          }
        },
        "n_skipped": 0,
        "step_size": 0
      },
      {
        "acc_rate": 0.74443,
        "n_steps": 100000,
        "obs_stats": {
          "Q": {
            "mean": -0.003530000103637576,
            "error": 0.0035027622839592654,
            "tau_int": 0.9139995135140011,
            "dtau_int": 0.01693836217219494
          },
          "Chi_t": {
            "mean": 0.6711900234222412,
            "error": 0.004039820624044806,
            "tau_int": 0.9050759149703769,
            "dtau_int": 0.01577526713736716
          }
        },
        "n_skipped": 0,
        "step_size": 0
      },
      {
        "acc_rate": 0.74416,
        "n_steps": 100000,
        "obs_stats": {
          "Q": {
            "mean": 0.006560000125318766,
            "error": 0.00353074277099224,
            "tau_int": 0.9320488602942019,
            "dtau_int": 0.017254690194172348
          },
          "Chi_t": {
            "mean": 0.6687800288200378,
            "error": 0.003921759901142836,
            "tau_int": 0.8657598395941122,
            "dtau_int": 0.015129004107528321
          }
        },
        "n_skipped": 0,
        "step_size": 0
      }
    ]
  ],
  "exact_sus": 0.6687749432186545
}