{
  "observables": [
    "Chi_t"
  ],
  "n_samples": [
    50000,
    80000,
    100000
  ],
  "nip": [],
  "nmcmc": [
    [
      {
        "acc_rate": 0.42996,
        "n_steps": 50000,
        "obs_stats": {
          "Q": {
            "mean": 0.0022799998987466097,
            "error": 0.00874115327042647,
            "tau_int": 3.0837876520062917,
            "dtau_int": 0.13347126681963037
          },
          "Chi_t": {
            "mean": 0.6193600296974182,
            "error": 0.00904804232990318,
            "tau_int": 2.5451269693828773,
            "dtau_int": 0.10169016004771064
          }
        },
        "n_skipped": 0,
        "step_size": 0
      },
      {
        "acc_rate": 0.43054,
        "n_steps": 50000,
        "obs_stats": {
          "Q": {
            "mean": 0.0004400000034365803,
            "error": 0.008800032051282759,
            "tau_int": 3.176933540576666,
            "dtau_int": 0.13722901565726225
          },
          "Chi_t": {
            "mean": 0.6093199849128723,
            "error": 0.008925047432089913,
            "tau_int": 2.6678481427550866,
            "dtau_int": 0.10891135599042873
          }
        },
        "n_skipped": 0,
        "step_size": 0
      },
      {
        "acc_rate": 0.42608,
        "n_steps": 50000,
        "obs_stats": {
          "Q": {
            "mean": -0.0060800001956522465,
            "error": 0.008391969204071892,
            "tau_int": 2.914593529147007,
            "dtau_int": 0.1211164423475788
          },
          "Chi_t": {
            "mean": 0.6040400266647339,
            "error": 0.00890159488571731,
            "tau_int": 2.606338381159799,
            "dtau_int": 0.10397601205845279
          }
        },
        "n_skipped": 0,
        "step_size": 0
      }
    ],
    [
      {
        "acc_rate": 0.4325875,
        "n_steps": 80000,
        "obs_stats": {
          "Q": {
            "mean": 0.004587499890476465,
            "error": 0.0071805389659756,
            "tau_int": 3.265144576196181,
            "dtau_int": 0.11598126162760548
          },
          "Chi_t": {
            "mean": 0.6316124796867371,
            "error": 0.007515059820830189,
            "tau_int": 2.834845624164403,
            "dtau_int": 0.09543194089502026
          }
        },
        "n_skipped": 0,
        "step_size": 0
      },
      {
        "acc_rate": 0.419425,
        "n_steps": 80000,
        "obs_stats": {
          "Q": {
            "mean": 0.001825000043027103,
            "error": 0.006780428662776133,
            "tau_int": 2.988528139199052,
            "dtau_int": 0.10246658454023977
          },
          "Chi_t": {
            "mean": 0.6152999997138977,
            "error": 0.008015196666802277,
            "tau_int": 3.0999127501523702,
            "dtau_int": 0.10827549109854802
          }
        },
        "n_skipped": 0,
        "step_size": 0
      },
      {
        "acc_rate": 0.4380625,
        "n_steps": 80000,
        "obs_stats": {
          "Q": {
            "mean": 0.0002624999906402081,
            "error": 0.007135117161093147,
            "tau_int": 3.1945303644895415,
            "dtau_int": 0.11363162660084049
          },
          "Chi_t": {
            "mean": 0.6374124884605408,
            "error": 0.008175185208736823,
            "tau_int": 3.2197950454351063,
            "dtau_int": 0.11447312142666943
          }
        },
        "n_skipped": 0,
        "step_size": 0
      }
    ],
    [
      {
        "acc_rate": 0.43324,
        "n_steps": 100000,
        "obs_stats": {
          "Q": {
            "mean": 0.002570000011473894,
            "error": 0.0064120129168230115,
            "tau_int": 3.294359685692582,
            "dtau_int": 0.10665921874640874
          },
          "Chi_t": {
            "mean": 0.6239699721336365,
            "error": 0.00678955118361107,
            "tau_int": 2.957436461507728,
            "dtau_int": 0.09075536215312383
          }
        },
        "n_skipped": 0,
        "step_size": 0
      },
      {
        "acc_rate": 0.43465,
        "n_steps": 100000,
        "obs_stats": {
          "Q": {
            "mean": -0.0005499999970197678,
            "error": 0.006021015405087353,
            "tau_int": 2.987069608325679,
            "dtau_int": 0.09353474246906862
          },
          "Chi_t": {
            "mean": 0.6067900061607361,
            "error": 0.006356604346771956,
            "tau_int": 2.660289831360375,
            "dtau_int": 0.07862893355880725
          }
        },
        "n_skipped": 0,
        "step_size": 0
      },
      {
        "acc_rate": 0.43287,
        "n_steps": 100000,
        "obs_stats": {
          "Q": {
            "mean": 0.0035600000992417336,
            "error": 0.006594553967705786,
            "tau_int": 3.4391528117224093,
            "dtau_int": 0.11314937602263551
          },
          "Chi_t": {
            "mean": 0.6322199702262878,
            "error": 0.007188910697725739,
            "tau_int": 3.273028609017807,
            "dtau_int": 0.10601171695164856
          }
        },
        "n_skipped": 0,
        "step_size": 0
      }
    ]
  ],
  "exact_sus": 0.6194099585690315
}