{
  "observables": [
    "Chi_t"
  ],
  "n_samples": [
    50000,
    80000,
    100000,
    150000
  ],
  "nip": [],
  "nmcmc": [
    [
      {
        "acc_rate": 0.3671,
        "n_steps": 50000,
        "obs_stats": {
          "Q": {
            "mean": 0.01785999909043312,
            "error": 0.010539687189887077,
            "tau_int": 4.479725909208175,
            "dtau_int": 0.22672998468051764
          },
          "Chi_t": {
            "mean": 0.620140016078949,
            "error": 0.011436220182661761,
            "tau_int": 4.093560545701566,
            "dtau_int": 0.19854887618777023
          }
        },
        "n_skipped": 0,
        "step_size": 0
      },
      {
        "acc_rate": 0.36024,
        "n_steps": 50000,
        "obs_stats": {
          "Q": {
            "mean": -0.017899999395012856,
            "error": 0.010929451540972227,
            "tau_int": 4.798547569605005,
            "dtau_int": 0.2491604502417233
          },
          "Chi_t": {
            "mean": 0.6225399971008301,
            "error": 0.010524229896324153,
            "tau_int": 3.5244311658857885,
            "dtau_int": 0.16066325443786003
          }
        },
        "n_skipped": 0,
        "step_size": 0
      },
      {
        "acc_rate": 0.36786,
        "n_steps": 50000,
        "obs_stats": {
          "Q": {
            "mean": 0.0012600000482052565,
            "error": 0.010209114521576038,
            "tau_int": 4.225544432209836,
            "dtau_int": 0.20795330987089083
          },
          "Chi_t": {
            "mean": 0.6165400147438049,
            "error": 0.009734291271516936,
            "tau_int": 3.2378400634853683,
            "dtau_int": 0.14264781266358886
          }
        },
        "n_skipped": 0,
        "step_size": 0
      }
    ],
    [
      {
        "acc_rate": 0.3663875,
        "n_steps": 80000,
        "obs_stats": {
          "Q": {
            "mean": 0.0043750000186264515,
            "error": 0.00861721494415771,
            "tau_int": 4.784715389818385,
            "dtau_int": 0.20219395599916812
          },
          "Chi_t": {
            "mean": 0.6207249760627747,
            "error": 0.009353622961242801,
            "tau_int": 4.424493184479395,
            "dtau_int": 0.17992925693042117
          }
        },
        "n_skipped": 0,
        "step_size": 0
      },
      {
        "acc_rate": 0.345975,
        "n_steps": 80000,
        "obs_stats": {
          "Q": {
            "mean": -0.058537501841783524,
            "error": 0.028469235570752063,
            "tau_int": 44.37946908016957,
            "dtau_int": 4.852611663139313
          },
          "Chi_t": {
            "mean": 0.7331374883651733,
            "error": 0.08441745389374052,
            "tau_int": 249.11374767296266,
            "dtau_int": 54.36122770392133
          }
        },
        "n_skipped": 0,
        "step_size": 0
      },
      {
        "acc_rate": 0.357175,
        "n_steps": 80000,
        "obs_stats": {
          "Q": {
            "mean": -0.009100000374019146,
            "error": 0.009449129069309248,
            "tau_int": 5.739270618873763,
            "dtau_int": 0.26225618721527805
          },
          "Chi_t": {
            "mean": 0.6222749948501587,
            "error": 0.010283410431758247,
            "tau_int": 5.36859624099546,
            "dtau_int": 0.23746983961962964
          }
        },
        "n_skipped": 0,
        "step_size": 0
      }
    ],
    [
      {
        "acc_rate": 0.36559,
        "n_steps": 100000,
        "obs_stats": {
          "Q": {
            "mean": 0.007890000008046627,
            "error": 0.007545967072760061,
            "tau_int": 4.5813904089676925,
            "dtau_int": 0.17122050324025806
          },
          "Chi_t": {
            "mean": 0.6214500069618225,
            "error": 0.008871127225712112,
            "tau_int": 5.077425127080006,
            "dtau_int": 0.19905209661250856
          }
        },
        "n_skipped": 0,
        "step_size": 0
      },
      {
        "acc_rate": 0.35854,
        "n_steps": 100000,
        "obs_stats": {
          "Q": {
            "mean": -0.01131999958306551,
            "error": 0.007921494765094532,
            "tau_int": 5.0504334919495335,
            "dtau_int": 0.19806346655857712
          },
          "Chi_t": {
            "mean": 0.6212999820709229,
            "error": 0.0073007687160361115,
            "tau_int": 3.5482129230478687,
            "dtau_int": 0.1186436389773525
          }
        },
        "n_skipped": 0,
        "step_size": 0
      },
      {
        "acc_rate": 0.36842,
        "n_steps": 100000,
        "obs_stats": {
          "Q": {
            "mean": 0.008500000461935997,
            "error": 0.007395655583845471,
            "tau_int": 4.351827143781094,
            "dtau_int": 0.15846429754277128
          },
          "Chi_t": {
            "mean": 0.6284400224685669,
            "error": 0.008987204694049308,
            "tau_int": 4.838465953696013,
            "dtau_int": 0.18528616896893843
          }
        },
        "n_skipped": 0,
        "step_size": 0
      }
    ],
    [
      {
        "acc_rate": 0.3660733333333333,
        "n_steps": 150000,
        "obs_stats": {
          "Q": {
            "mean": -0.012620000168681145,
            "error": 0.006268777346109976,
            "tau_int": 4.76321302763402,
            "dtau_int": 0.15110082354007007
          },
          "Chi_t": {
            "mean": 0.6188866496086121,
            "error": 0.0063996548320903795,
            "tau_int": 3.999636874071644,
            "dtau_int": 0.11774677920623956
          }
        },
        "n_skipped": 0,
        "step_size": 0
      },
      {
        "acc_rate": 0.3586,
        "n_steps": 150000,
        "obs_stats": {
          "Q": {
            "mean": 0.002806666772812605,
            "error": 0.006898965507168073,
            "tau_int": 5.712525928155441,
            "dtau_int": 0.19741985804060247
          },
          "Chi_t": {
            "mean": 0.6248466372489929,
            "error": 0.007464289486626214,
            "tau_int": 5.27883972746261,
            "dtau_int": 0.1750180934399645
          }
        },
        "n_skipped": 0,
        "step_size": 0
      },
      {
        "acc_rate": 0.36036666666666667,
        "n_steps": 150000,
        "obs_stats": {
          "Q": {
            "mean": -0.0052200001664459705,
            "error": 0.006141510553977892,
            "tau_int": 4.591583535288443,
            "dtau_int": 0.14404877264137453
          },
          "Chi_t": {
            "mean": 0.6160866618156433,
            "error": 0.006130927006281382,
            "tau_int": 3.670340138864428,
            "dtau_int": 0.10351775145139756
          }
        },
        "n_skipped": 0,
        "step_size": 0
      }
    ]
  ],
  "exact_sus": 0.6194099585690315
}