{"hardware": {"gpu": ["NVIDIA A100-PCIE-40GB"]}, "train": {"0": [5, [2.544177216012031, 1.1596518368460238, 1.1327507621608675, 1.1231282982043922, 1.1373321828432381]]}, "nip_q": {"double": [5, [1.7078476618044078, 1.6481304103508592, 1.6428701323457062, 1.6469272300601006, 1.6442535929381847]], "float": [5, [1.704347988590598, 1.6355149880982935, 1.6369914063252509, 1.63930207118392, 1.6329687591642141]]}, "nip_p": {"double": [5, [5.797804471105337, 5.776174982078373, 5.7462133639492095, 5.6984710791148245, 5.711672129109502]], "float": [5, [5.841707473620772, 5.742579566780478, 5.68886072607711, 5.739066181238741, 5.674478710163385]]}, "nmcmc": {"double": [5, [37.507183369249105, 37.448000762145966, 37.498294048942626, 37.53042886918411, 37.48144541401416]], "float": [5, [37.67769331578165, 37.543849335983396, 37.57201918400824, 37.713291325140744, 37.36943139694631]]}}