{
  "observables": [
    "Chi_t"
  ],
  "n_samples": [
    100000,
    150000,
    250000,
    500000,
    1000000
  ],
  "nip": [
    [
      {
        "obs_stats": {
          "Q": {
            "mean": 0.22984693944454193,
            "error": 0.19253084063529968,
            "error_ess": 0.15344083309173584,
            "ess_q": 0.00019752338994294405
          },
          "Chi_t": {
            "mean": 0.5178804397583008,
            "error": 0.1925610899925232,
            "error_ess": 0.13566303253173828,
            "ess_q": 0.00019752338994294405
          }
        },
        "entropy": 85522.15625,
        "std_entropy": 1269285248.0,
        "free_energy": -0.14718910106735567,
        "std_free_energy": 0.02515375427901745
      }
    ],
    [
      {
        "obs_stats": {
          "Q": {
            "mean": 0.002444350626319647,
            "error": 0.03993756324052811,
            "error_ess": 0.0314314141869545,
            "ess_q": 0.003420796012505889
          },
          "Chi_t": {
            "mean": 0.5069339275360107,
            "error": 0.04054569825530052,
            "error_ess": 0.028454268351197243,
            "ess_q": 0.003420796012505889
          }
        },
        "entropy": 124010.578125,
        "std_entropy": 532498176.0,
        "free_energy": -0.14165544682332593,
        "std_free_energy": 0.004927217029035091
      }
    ],
    [
      {
        "obs_stats": {
          "Q": {
            "mean": 0.012454506009817123,
            "error": 0.020616499707102776,
            "error_ess": 0.19623149931430817,
            "ess_q": 3.0961542506702244e-05
          },
          "Chi_t": {
            "mean": 0.29821261763572693,
            "error": 0.020658250898122787,
            "error_ess": 0.1991005837917328,
            "ess_q": 3.0961542506702244e-05
          }
        },
        "entropy": 202921.34375,
        "std_entropy": 11426393088.0,
        "free_energy": -0.14767894470331963,
        "std_free_energy": 0.04018528014421463
      }
    ],
    [
      {
        "obs_stats": {
          "Q": {
            "mean": 0.032359056174755096,
            "error": 0.018463924527168274,
            "error_ess": 0.01640046201646328,
            "ess_q": 0.0035013817250728607
          },
          "Chi_t": {
            "mean": 0.4719395041465759,
            "error": 0.01875566691160202,
            "error_ess": 0.015607842244207859,
            "ess_q": 0.0035013817250728607
          }
        },
        "entropy": 417521.125,
        "std_entropy": 3162721024.0,
        "free_energy": -0.14168296585884999,
        "std_free_energy": 0.0026674028486013412
      }
    ],
    [
      {
        "obs_stats": {
          "Q": {
            "mean": -0.0006949711823835969,
            "error": 0.019351420924067497,
            "error_ess": 0.01715949736535549,
            "ess_q": 0.0016359573928639293
          },
          "Chi_t": {
            "mean": 0.4817053973674774,
            "error": 0.03447916731238365,
            "error_ess": 0.017738712951540947,
            "ess_q": 0.0016359573928639293
          }
        },
        "entropy": 846166.1875,
        "std_entropy": 13143615488.0,
        "free_energy": -0.14185253458212213,
        "std_free_energy": 0.00276193511672318
      }
    ]
  ],
  "nmcmc": [
    [
      {
        "acc_rate": 0.16813,
        "n_steps": 100000,
        "obs_stats": {
          "Q": {
            "mean": 0.010459999553859234,
            "error": 0.0182901968990915,
            "tau_int": 39.03484970576797,
            "dtau_int": 3.682251950610348
          },
          "Chi_t": {
            "mean": 0.4282799959182739,
            "error": 0.018798330071074017,
            "tau_int": 43.224698525757965,
            "dtau_int": 4.255166320749666
          }
        },
        "n_skipped": 0,
        "step_size": 0
      }
    ],
    [
      {
        "acc_rate": 0.11784666666666667,
        "n_steps": 150000,
        "obs_stats": {
          "Q": {
            "mean": -0.05787999927997589,
            "error": 0.023915699591956368,
            "tau_int": 125.71810429309578,
            "dtau_int": 16.305037417870405
          },
          "Chi_t": {
            "mean": 0.3440000116825104,
            "error": 0.03450851076521994,
            "tau_int": 238.17092937306282,
            "dtau_int": 40.01137537294909
          }
        },
        "n_skipped": 0,
        "step_size": 0
      }
    ],
    [
      {
        "acc_rate": 0.17914,
        "n_steps": 250000,
        "obs_stats": {
          "Q": {
            "mean": -0.008960000239312649,
            "error": 0.010579914602893599,
            "tau_int": 32.52344236505347,
            "dtau_int": 1.911876367448886
          },
          "Chi_t": {
            "mean": 0.4301759898662567,
            "error": 0.010847496922731624,
            "tau_int": 35.31000469551384,
            "dtau_int": 2.152184592819886
          }
        },
        "n_skipped": 0,
        "step_size": 0
      }
    ],
    [
      {
        "acc_rate": 0.170646,
        "n_steps": 500000,
        "obs_stats": {
          "Q": {
            "mean": 0.024620000272989273,
            "error": 0.017311467764255527,
            "tau_int": 152.44344346900584,
            "dtau_int": 12.928473513909294
          },
          "Chi_t": {
            "mean": 0.49178001284599304,
            "error": 0.029796947009521554,
            "tau_int": 413.4066749805792,
            "dtau_int": 53.303411051260014
          }
        },
        "n_skipped": 0,
        "step_size": 0
      }
    ],
    [
      {
        "acc_rate": 0.179298,
        "n_steps": 1000000,
        "obs_stats": {
          "Q": {
            "mean": 0.0060640000738203526,
            "error": 0.008887244545758467,
            "tau_int": 83.92705599098687,
            "dtau_int": 4.065303728375701
          },
          "Chi_t": {
            "mean": 0.4705039858818054,
            "error": 0.013866790202736078,
            "tau_int": 202.61055992848242,
            "dtau_int": 14.411804290670768
          }
        },
        "n_skipped": 0,
        "step_size": 0
      }
    ]
  ],
  "exact_sus": 0.4584940103358717
}