{
  "observables": [
    "Chi_t"
  ],
  "n_samples": [
    50000,
    80000,
    100000
  ],
  "nip": [],
  "nmcmc": [
    [
      {
        "acc_rate": 0.6338,
        "n_steps": 50000,
        "obs_stats": {
          "Q": {
            "mean": 0.0027600000612437725,
            "error": 0.005766117589143744,
            "tau_int": 1.2557722757372947,
            "dtau_int": 0.03594971868167753
          },
          "Chi_t": {
            "mean": 0.6618800163269043,
            "error": 0.006388545572973805,
            "tau_int": 1.162651406817997,
            "dtau_int": 0.03177651762255921
          }
        },
        "n_skipped": 0,
        "step_size": 0
      },
      {
        "acc_rate": 0.6341,
        "n_steps": 50000,
        "obs_stats": {
          "Q": {
            "mean": 0.003759999992325902,
            "error": 0.005881454678798309,
            "tau_int": 1.2893030035174917,
            "dtau_int": 0.03684916762905503
          },
          "Chi_t": {
            "mean": 0.6707199811935425,
            "error": 0.006413361612957423,
            "tau_int": 1.1616152501342385,
            "dtau_int": 0.0317499598270304
          }
        },
        "n_skipped": 0,
        "step_size": 0
      },
      {
        "acc_rate": 0.62848,
        "n_steps": 50000,
        "obs_stats": {
          "Q": {
            "mean": 0.007259999867528677,
            "error": 0.005870843769039119,
            "tau_int": 1.2788185885035661,
            "dtau_int": 0.03656827566325426
          },
          "Chi_t": {
            "mean": 0.6738200187683105,
            "error": 0.006680077300624225,
            "tau_int": 1.2326488229692938,
            "dtau_int": 0.03532755385522268
          }
        },
        "n_skipped": 0,
        "step_size": 0
      }
    ],
    [
      {
        "acc_rate": 0.633925,
        "n_steps": 80000,
        "obs_stats": {
          "Q": {
            "mean": 0.0018124999478459358,
            "error": 0.004610210114958885,
            "tau_int": 1.3011738083559679,
            "dtau_int": 0.030789778669950668
          },
          "Chi_t": {
            "mean": 0.653362512588501,
            "error": 0.005103267963701067,
            "tau_int": 1.2015301359150803,
            "dtau_int": 0.027265032603057984
          }
        },
        "n_skipped": 0,
        "step_size": 0
      },
      {
        "acc_rate": 0.63385,
        "n_steps": 80000,
        "obs_stats": {
          "Q": {
            "mean": -0.001312499982304871,
            "error": 0.004536398360752696,
            "tau_int": 1.2438025091337739,
            "dtau_int": 0.02950749096815816
          },
          "Chi_t": {
            "mean": 0.6617875099182129,
            "error": 0.0051016293003198765,
            "tau_int": 1.180478392173317,
            "dtau_int": 0.02681469284310951
          }
        },
        "n_skipped": 0,
        "step_size": 0
      },
      {
        "acc_rate": 0.6311,
        "n_steps": 80000,
        "obs_stats": {
          "Q": {
            "mean": -0.00491249980404973,
            "error": 0.0045873531952625125,
            "tau_int": 1.2705995313411345,
            "dtau_int": 0.030107311646076867
          },
          "Chi_t": {
            "mean": 0.6624875068664551,
            "error": 0.005359800155339753,
            "tau_int": 1.2875390259537993,
            "dtau_int": 0.030485679252166335
          }
        },
        "n_skipped": 0,
        "step_size": 0
      }
    ],
    [
      {
        "acc_rate": 0.62767,
        "n_steps": 100000,
        "obs_stats": {
          "Q": {
            "mean": -0.0033199999015778303,
            "error": 0.0042312863666641165,
            "tau_int": 1.341978187926406,
            "dtau_int": 0.029594220939981333
          },
          "Chi_t": {
            "mean": 0.6670600175857544,
            "error": 0.004772924535187985,
            "tau_int": 1.2609016921514113,
            "dtau_int": 0.0267348011493952
          }
        },
        "n_skipped": 0,
        "step_size": 0
      },
      {
        "acc_rate": 0.63452,
        "n_steps": 100000,
        "obs_stats": {
          "Q": {
            "mean": 0.004730000160634518,
            "error": 0.0041754484645776645,
            "tau_int": 1.304762420802531,
            "dtau_int": 0.027610742944154876
          },
          "Chi_t": {
            "mean": 0.6681100130081177,
            "error": 0.004602748024337143,
            "tau_int": 1.1626975977291,
            "dtau_int": 0.02364288018586381
          }
        },
        "n_skipped": 0,
        "step_size": 0
      },
      {
        "acc_rate": 0.63405,
        "n_steps": 100000,
        "obs_stats": {
          "Q": {
            "mean": 0.00013000000035390258,
            "error": 0.0041493746049569855,
            "tau_int": 1.311520828472397,
            "dtau_int": 0.027745382512733112
          },
          "Chi_t": {
            "mean": 0.6563699841499329,
            "error": 0.004407300953430008,
            "tau_int": 1.1391645788610811,
            "dtau_int": 0.023190699892430278
          }
        },
        "n_skipped": 0,
        "step_size": 0
      }
    ]
  ],
  "exact_sus": 0.6629736823224884
}