{
  "observables": [
    "Chi_t"
  ],
  "n_samples": [
    50000,
    80000,
    100000
  ],
  "nip": [],
  "nmcmc": [
    [
      {
        "acc_rate": 0.60992,
        "n_steps": 50000,
        "obs_stats": {
          "Q": {
            "mean": 0.0003800000122282654,
            "error": 0.0062255314157834704,
            "tau_int": 1.4751882654713213,
            "dtau_int": 0.04575426522967567
          },
          "Chi_t": {
            "mean": 0.6567800045013428,
            "error": 0.007359556774469168,
            "tau_int": 1.4939820384883742,
            "dtau_int": 0.046300945959818214
          }
        },
        "n_skipped": 0,
        "step_size": 0
      },
      {
        "acc_rate": 0.60456,
        "n_steps": 50000,
        "obs_stats": {
          "Q": {
            "mean": -0.00406000018119812,
            "error": 0.005965087858711447,
            "tau_int": 1.374981540714951,
            "dtau_int": 0.04101967653571888
          },
          "Chi_t": {
            "mean": 0.6469399929046631,
            "error": 0.0067458632525640985,
            "tau_int": 1.3406173342775027,
            "dtau_int": 0.04005621497197825
          }
        },
        "n_skipped": 0,
        "step_size": 0
      },
      {
        "acc_rate": 0.6155,
        "n_steps": 50000,
        "obs_stats": {
          "Q": {
            "mean": -0.003220000071451068,
            "error": 0.006063754220486459,
            "tau_int": 1.4297560758240053,
            "dtau_int": 0.04442883931610877
          },
          "Chi_t": {
            "mean": 0.6428999900817871,
            "error": 0.006786566164804169,
            "tau_int": 1.3565059965383608,
            "dtau_int": 0.04050208710003376
          }
        },
        "n_skipped": 0,
        "step_size": 0
      }
    ],
    [
      {
        "acc_rate": 0.6095125,
        "n_steps": 80000,
        "obs_stats": {
          "Q": {
            "mean": -0.003412500023841858,
            "error": 0.004874215534034973,
            "tau_int": 1.473992337743263,
            "dtau_int": 0.03761715033636198
          },
          "Chi_t": {
            "mean": 0.644712507724762,
            "error": 0.005360761702126678,
            "tau_int": 1.3849740928687566,
            "dtau_int": 0.034087003513963966
          }
        },
        "n_skipped": 0,
        "step_size": 0
      },
      {
        "acc_rate": 0.6132625,
        "n_steps": 80000,
        "obs_stats": {
          "Q": {
            "mean": 0.0006874999962747097,
            "error": 0.004779467024516382,
            "tau_int": 1.4280751237726406,
            "dtau_int": 0.035085229227271114
          },
          "Chi_t": {
            "mean": 0.6398125290870667,
            "error": 0.005195026594823034,
            "tau_int": 1.2980144999320755,
            "dtau_int": 0.030719351916971293
          }
        },
        "n_skipped": 0,
        "step_size": 0
      },
      {
        "acc_rate": 0.6087875,
        "n_steps": 80000,
        "obs_stats": {
          "Q": {
            "mean": -0.0007875000010244548,
            "error": 0.004730673164739706,
            "tau_int": 1.4029587180030243,
            "dtau_int": 0.034504002423682345
          },
          "Chi_t": {
            "mean": 0.6380375027656555,
            "error": 0.005261486238615027,
            "tau_int": 1.3398247702857136,
            "dtau_int": 0.03164962084479366
          }
        },
        "n_skipped": 0,
        "step_size": 0
      }
    ],
    [
      {
        "acc_rate": 0.61175,
        "n_steps": 100000,
        "obs_stats": {
          "Q": {
            "mean": 0.0025100000202655792,
            "error": 0.004370861808128855,
            "tau_int": 1.4718751620576063,
            "dtau_int": 0.03360020506939788
          },
          "Chi_t": {
            "mean": 0.6489700078964233,
            "error": 0.004972237105862379,
            "tau_int": 1.4579512599764595,
            "dtau_int": 0.033300128597795055
          }
        },
        "n_skipped": 0,
        "step_size": 0
      },
      {
        "acc_rate": 0.61033,
        "n_steps": 100000,
        "obs_stats": {
          "Q": {
            "mean": -0.0006799999973736703,
            "error": 0.004431414485416912,
            "tau_int": 1.5252162147122719,
            "dtau_int": 0.034746532737297
          },
          "Chi_t": {
            "mean": 0.6437399983406067,
            "error": 0.005265528245548982,
            "tau_int": 1.6147309821423659,
            "dtau_int": 0.038054614171945576
          }
        },
        "n_skipped": 0,
        "step_size": 0
      },
      {
        "acc_rate": 0.61585,
        "n_steps": 100000,
        "obs_stats": {
          "Q": {
            "mean": 0.003490000031888485,
            "error": 0.004335710420334198,
            "tau_int": 1.4467046023115877,
            "dtau_int": 0.03305749507105153
          },
          "Chi_t": {
            "mean": 0.6496899724006653,
            "error": 0.004787925442717423,
            "tau_int": 1.3365093132584258,
            "dtau_int": 0.02948024568442905
          }
        },
        "n_skipped": 0,
        "step_size": 0
      }
    ]
  ],
  "exact_sus": 0.6439874072967454
}