{
  "observables": [
    "Chi_t"
  ],
  "n_samples": [
    50000,
    125000,
    250000
  ],
  "nip": [
    [
      {
        "obs_stats": {
          "Q": {
            "mean": 0.003591952845454216,
            "error": 0.08555364608764648,
            "error_ess": 0.06655061990022659,
            "ess_q": 0.0025471134576946497
          },
          "Chi_t": {
            "mean": 0.5640579462051392,
            "error": 0.10106634348630905,
            "error_ess": 0.06907105445861816,
            "ess_q": 0.0025471134576946497
          }
        },
        "entropy": 37381.109375,
        "std_entropy": 115812080.0,
        "free_energy": -0.09901764667192176,
        "std_free_energy": 0.009543159045279026
      },
      {
        "obs_stats": {
          "Q": {
            "mean": 0.027691833674907684,
            "error": 0.027590425685048103,
            "error_ess": 0.07481145113706589,
            "ess_q": 0.0012386615853756666
          },
          "Chi_t": {
            "mean": 0.3473840653896332,
            "error": 0.02815576270222664,
            "error_ess": 0.07298808544874191,
            "ess_q": 0.0012386615853756666
          }
        },
        "entropy": 36922.5078125,
        "std_entropy": 162676784.0,
        "free_energy": -0.10054072422921269,
        "std_free_energy": 0.01369382068514824
      },
      {
        "obs_stats": {
          "Q": {
            "mean": -0.08037082850933075,
            "error": 0.06709757447242737,
            "error_ess": 0.08137638866901398,
            "ess_q": 0.0010517662158235908
          },
          "Chi_t": {
            "mean": 0.35469841957092285,
            "error": 0.06855861097574234,
            "error_ess": 0.08168859779834747,
            "ess_q": 0.0010517662158235908
          }
        },
        "entropy": 37565.9609375,
        "std_entropy": 180604864.0,
        "free_energy": -0.10161636858164923,
        "std_free_energy": 0.014862162061035633
      }
    ],
    [
      {
        "obs_stats": {
          "Q": {
            "mean": -0.0277086328715086,
            "error": 0.0647423043847084,
            "error_ess": 0.06477970629930496,
            "ess_q": 0.0009837495163083076
          },
          "Chi_t": {
            "mean": 0.5167906284332275,
            "error": 0.07809527218341827,
            "error_ess": 0.06751375645399094,
            "ess_q": 0.0009837495163083076
          }
        },
        "entropy": 96142.78125,
        "std_entropy": 747916160.0,
        "free_energy": -0.10187377255661438,
        "std_free_energy": 0.009719446301460266
      },
      {
        "obs_stats": {
          "Q": {
            "mean": -0.02762705087661743,
            "error": 0.04442998766899109,
            "error_ess": 0.04248505085706711,
            "ess_q": 0.001941134687513113
          },
          "Chi_t": {
            "mean": 0.4387233555316925,
            "error": 0.045153290033340454,
            "error_ess": 0.039562392979860306,
            "ess_q": 0.001941134687513113
          }
        },
        "entropy": 94455.6015625,
        "std_entropy": 520869280.0,
        "free_energy": -0.09990763221814485,
        "std_free_energy": 0.006915884558111429
      },
      {
        "obs_stats": {
          "Q": {
            "mean": 0.05529982969164848,
            "error": 0.044507041573524475,
            "error_ess": 0.04455411806702614,
            "ess_q": 0.0018144717905670404
          },
          "Chi_t": {
            "mean": 0.4532860517501831,
            "error": 0.045012034475803375,
            "error_ess": 0.04175956919789314,
            "ess_q": 0.0018144717905670404
          }
        },
        "entropy": 95470.6484375,
        "std_entropy": 547071744.0,
        "free_energy": -0.09999996942071777,
        "std_free_energy": 0.007153654936701059
      }
    ],
    [
      {
        "obs_stats": {
          "Q": {
            "mean": 0.2159767895936966,
            "error": 0.1122305616736412,
            "error_ess": 0.08139967918395996,
            "ess_q": 0.00030527389026246965
          },
          "Chi_t": {
            "mean": 0.5523231029510498,
            "error": 0.11250877380371094,
            "error_ess": 0.07046820223331451,
            "ess_q": 0.00030527389026246965
          }
        },
        "entropy": 190440.109375,
        "std_entropy": 3685523200.0,
        "free_energy": -0.10208309595097143,
        "std_free_energy": 0.012341571971774101
      },
      {
        "obs_stats": {
          "Q": {
            "mean": -0.22923891246318817,
            "error": 0.25319981575012207,
            "error_ess": 0.18807853758335114,
            "ess_q": 6.194915476953611e-05
          },
          "Chi_t": {
            "mean": 0.6003884673118591,
            "error": 0.253290593624115,
            "error_ess": 0.1509723961353302,
            "ess_q": 6.194915476953611e-05
          }
        },
        "entropy": 201197.296875,
        "std_entropy": 8861026304.0,
        "free_energy": -0.10231579173609029,
        "std_free_energy": 0.027399994432926178
      },
      {
        "obs_stats": {
          "Q": {
            "mean": -0.05269218236207962,
            "error": 0.06272359937429428,
            "error_ess": 0.05131524056196213,
            "ess_q": 0.000725229678209871
          },
          "Chi_t": {
            "mean": 0.4802030026912689,
            "error": 0.06391391158103943,
            "error_ess": 0.04831886664032936,
            "ess_q": 0.000725229678209871
          }
        },
        "entropy": 192858.75,
        "std_entropy": 2444116480.0,
        "free_energy": -0.1003453433440216,
        "std_free_energy": 0.008005460724234581
      }
    ]
  ],
  "nmcmc": [
    [
      {
        "acc_rate": 0.0444,
        "n_steps": 50000,
        "obs_stats": {
          "Q": {
            "mean": 0.5018900632858276,
            "error": 0.3861432045973166,
            "tau_int": 3315.098326832593,
            "dtau_int": 1562.0994288662632
          },
          "Chi_t": {
            "mean": 1.256425142288208,
            "error": 0.7752467846032361,
            "tau_int": 4534.9012865905115,
            "dtau_int": 1900.6128373050158
          }
        },
        "n_skipped": 0,
        "step_size": 0
      },
      {
        "acc_rate": 0.06102,
        "n_steps": 50000,
        "obs_stats": {
          "Q": {
            "mean": -0.04526090621948242,
            "error": 0.06501498913272051,
            "tau_int": 286.70745615587873,
            "dtau_int": 78.23746526526594
          },
          "Chi_t": {
            "mean": 0.3665873408317566,
            "error": 0.0539821845940496,
            "tau_int": 213.43189250326472,
            "dtau_int": 52.38727150022131
          }
        },
        "n_skipped": 0,
        "step_size": 0
      },
      {
        "acc_rate": 0.09222,
        "n_steps": 50000,
        "obs_stats": {
          "Q": {
            "mean": -0.02418048307299614,
            "error": 0.03839638201795431,
            "tau_int": 93.07880588473716,
            "dtau_int": 16.659373601648394
          },
          "Chi_t": {
            "mean": 0.3951078951358795,
            "error": 0.03753316039334721,
            "tau_int": 75.88923012075064,
            "dtau_int": 12.527334429085386
          }
        },
        "n_skipped": 0,
        "step_size": 0
      }
    ],
    [
      {
        "acc_rate": 0.033352,
        "n_steps": 125000,
        "obs_stats": {
          "Q": {
            "mean": 0.013912111520767212,
            "error": 0.014662659948352346,
            "tau_int": 102.44387718773835,
            "dtau_int": 13.164707092949705
          },
          "Chi_t": {
            "mean": 0.13114504516124725,
            "error": 0.04603262509958702,
            "tau_int": 680.2398921013518,
            "dtau_int": 182.17339591246795
          }
        },
        "n_skipped": 0,
        "step_size": 0
      },
      {
        "acc_rate": 0.081512,