{
  "observables": [
    "Chi_t"
  ],
  "n_samples": [
    50000,
    80000,
    100000
  ],
  "nip": [],
  "nmcmc": [
    [
      {
        "acc_rate": 0.79872,
        "n_steps": 50000,
        "obs_stats": {
          "Q": {
            "mean": 0.0008800000068731606,
            "error": 0.004527660895282825,
            "tau_int": 0.7711995983074311,
            "dtau_int": 0.017892894906777923
          },
          "Chi_t": {
            "mean": 0.6645200252532959,
            "error": 0.005163040742616364,
            "tau_int": 0.767912204494626,
            "dtau_int": 0.017820974508748474
          }
        },
        "n_skipped": 0,
        "step_size": 0
      },
      {
        "acc_rate": 0.8008,
        "n_steps": 50000,
        "obs_stats": {
          "Q": {
            "mean": -0.002940000034868717,
            "error": 0.004406616088204999,
            "tau_int": 0.7603427933481222,
            "dtau_int": 0.017655228042033747
          },
          "Chi_t": {
            "mean": 0.6384599804878235,
            "error": 0.004943062522435352,
            "tau_int": 0.7472923517952865,
            "dtau_int": 0.016031408583091232
          }
        },
        "n_skipped": 0,
        "step_size": 0
      },
      {
        "acc_rate": 0.80132,
        "n_steps": 50000,
        "obs_stats": {
          "Q": {
            "mean": 0.0007999999797903001,
            "error": 0.004443460337074643,
            "tau_int": 0.7490048799082729,
            "dtau_int": 0.01606575501834351
          },
          "Chi_t": {
            "mean": 0.6589999794960022,
            "error": 0.0052113808630523464,
            "tau_int": 0.7705443715692555,
            "dtau_int": 0.017878563154258342
          }
        },
        "n_skipped": 0,
        "step_size": 0
      }
    ],
    [
      {
        "acc_rate": 0.798175,
        "n_steps": 80000,
        "obs_stats": {
          "Q": {
            "mean": -0.008787499740719795,
            "error": 0.003557027675942409,
            "tau_int": 0.7748594814859682,
            "dtau_int": 0.01420884037537431
          },
          "Chi_t": {
            "mean": 0.6532124876976013,
            "error": 0.004028532313999174,
            "tau_int": 0.7644477056213583,
            "dtau_int": 0.014028763370809168
          }
        },
        "n_skipped": 0,
        "step_size": 0
      },
      {
        "acc_rate": 0.7972625,
        "n_steps": 80000,
        "obs_stats": {
          "Q": {
            "mean": -0.00279999990016222,
            "error": 0.0035683184988311682,
            "tau_int": 0.7805848922786136,
            "dtau_int": 0.014307734725146896
          },
          "Chi_t": {
            "mean": 0.6524749994277954,
            "error": 0.0039603496659076035,
            "tau_int": 0.752007162903316,
            "dtau_int": 0.013813199553085137
          }
        },
        "n_skipped": 0,
        "step_size": 0
      },
      {
        "acc_rate": 0.7978875,
        "n_steps": 80000,
        "obs_stats": {
          "Q": {
            "mean": 0.0024125000927597284,
            "error": 0.003563308136213847,
            "tau_int": 0.7773642125135511,
            "dtau_int": 0.014252115619267017
          },
          "Chi_t": {
            "mean": 0.6533374786376953,
            "error": 0.003917621668465048,
            "tau_int": 0.726561447743884,
            "dtau_int": 0.012344531892973696
          }
        },
        "n_skipped": 0,
        "step_size": 0
      }
    ],
    [
      {
        "acc_rate": 0.79874,
        "n_steps": 100000,
        "obs_stats": {
          "Q": {
            "mean": -0.0005699999746866524,
            "error": 0.0031473770850937014,
            "tau_int": 0.7606883289955686,
            "dtau_int": 0.012489484676253316
          },
          "Chi_t": {
            "mean": 0.6511099934577942,
            "error": 0.0035391816531351677,
            "tau_int": 0.742280250058535,
            "dtau_int": 0.01220388171455339
          }
        },
        "n_skipped": 0,
        "step_size": 0
      },
      {
        "acc_rate": 0.79697,
        "n_steps": 100000,
        "obs_stats": {
          "Q": {
            "mean": -0.0034199999645352364,
            "error": 0.0031794685741508054,
            "tau_int": 0.7718242215017674,
            "dtau_int": 0.012661847070137943
          },
          "Chi_t": {
            "mean": 0.6548799872398376,
            "error": 0.0035784386265511467,
            "tau_int": 0.7521643516679752,
            "dtau_int": 0.012357339836520698
          }
        },
        "n_skipped": 0,
        "step_size": 0
      },
      {
        "acc_rate": 0.79801,
        "n_steps": 100000,
        "obs_stats": {
          "Q": {
            "mean": 0.004490000195801258,
            "error": 0.003161804603473761,
            "tau_int": 0.7691901471217073,
            "dtau_int": 0.012621104688613645
          },
          "Chi_t": {
            "mean": 0.6498500108718872,
            "error": 0.0036163466982769574,
            "tau_int": 0.7642228770425998,
            "dtau_int": 0.012544226414228117
          }
        },
        "n_skipped": 0,
        "step_size": 0
      }
    ]
  ],
  "exact_sus": 0.6500977944017748
}