{
  "observables": [
    "Chi_t"
  ],
  "n_samples": [
    50000,
    80000,
    100000
  ],
  "nip": [],
  "nmcmc": [
    [
      {
        "acc_rate": 0.54602,
        "n_steps": 50000,
        "obs_stats": {
          "Q": {
            "mean": -0.00107999995816499,
            "error": 0.006592690381982595,
            "tau_int": 1.7058924788960126,
            "dtau_int": 0.05666872629081778
          },
          "Chi_t": {
            "mean": 0.6369199752807617,
            "error": 0.007312962949465791,
            "tau_int": 1.6251857305205437,
            "dtau_int": 0.05215770579604062
          }
        },
        "n_skipped": 0,
        "step_size": 0
      },
      {
        "acc_rate": 0.54506,
        "n_steps": 50000,
        "obs_stats": {
          "Q": {
            "mean": -0.004259999841451645,
            "error": 0.006592942962589681,
            "tau_int": 1.685272162209038,
            "dtau_int": 0.05602556013278933
          },
          "Chi_t": {
            "mean": 0.6447799801826477,
            "error": 0.007343644956636498,
            "tau_int": 1.620519607831707,
            "dtau_int": 0.052017377713328435
          }
        },
        "n_skipped": 0,
        "step_size": 0
      },
      {
        "acc_rate": 0.54718,
        "n_steps": 50000,
        "obs_stats": {
          "Q": {
            "mean": 0.002899999963119626,
            "error": 0.0067891651671632275,
            "tau_int": 1.7974156971238169,
            "dtau_int": 0.06164393626826103
          },
          "Chi_t": {
            "mean": 0.6410599946975708,
            "error": 0.007478768121021902,
            "tau_int": 1.6761397192189516,
            "dtau_int": 0.05574037407579359
          }
        },
        "n_skipped": 0,
        "step_size": 0
      }
    ],
    [
      {
        "acc_rate": 0.5434625,
        "n_steps": 80000,
        "obs_stats": {
          "Q": {
            "mean": -0.00215000007301569,
            "error": 0.005245331573552996,
            "tau_int": 1.7399899269725485,
            "dtau_int": 0.04726885290505896
          },
          "Chi_t": {
            "mean": 0.6324750185012817,
            "error": 0.005892148283575118,
            "tau_int": 1.7053133552324486,
            "dtau_int": 0.04638121070571001
          }
        },
        "n_skipped": 0,
        "step_size": 0
      },
      {
        "acc_rate": 0.5415125,
        "n_steps": 80000,
        "obs_stats": {
          "Q": {
            "mean": -0.002300000051036477,
            "error": 0.0056645078098474955,
            "tau_int": 1.9761537382366674,
            "dtau_int": 0.05680169600602296
          },
          "Chi_t": {
            "mean": 0.6494500041007996,
            "error": 0.00639324897596186,
            "tau_int": 1.925037977586292,
            "dtau_int": 0.05372022242122034
          }
        },
        "n_skipped": 0,
        "step_size": 0
      },
      {
        "acc_rate": 0.5460625,
        "n_steps": 80000,
        "obs_stats": {
          "Q": {
            "mean": 0.0021375000942498446,
            "error": 0.005428853952532358,
            "tau_int": 1.8368982691606517,
            "dtau_int": 0.05140542942140047
          },
          "Chi_t": {
            "mean": 0.6417624950408936,
            "error": 0.006097185018901807,
            "tau_int": 1.7636757862190913,
            "dtau_int": 0.04787384821889691
          }
        },
        "n_skipped": 0,
        "step_size": 0
      }
    ],
    [
      {
        "acc_rate": 0.54006,
        "n_steps": 100000,
        "obs_stats": {
          "Q": {
            "mean": -0.0038999998942017555,
            "error": 0.004832756439221035,
            "tau_int": 1.8356992067748017,
            "dtau_int": 0.045950159470630726
          },
          "Chi_t": {
            "mean": 0.636139988899231,
            "error": 0.005224681311125804,
            "tau_int": 1.6419361832411554,
            "dtau_int": 0.03865783674017385
          }
        },
        "n_skipped": 0,
        "step_size": 0
      },
      {
        "acc_rate": 0.54195,
        "n_steps": 100000,
        "obs_stats": {
          "Q": {
            "mean": 0.001769999973475933,
            "error": 0.004924853494212541,
            "tau_int": 1.8637821588239718,
            "dtau_int": 0.046611277059382096
          },
          "Chi_t": {
            "mean": 0.6506500244140625,
            "error": 0.005347936704565227,
            "tau_int": 1.6714970403816367,
            "dtau_int": 0.040708421416163265
          }
        },
        "n_skipped": 0,
        "step_size": 0
      },
      {
        "acc_rate": 0.54144,
        "n_steps": 100000,
        "obs_stats": {
          "Q": {
            "mean": -0.0029899999499320984,
            "error": 0.0049049898598445794,
            "tau_int": 1.87917753173328,
            "dtau_int": 0.046973157614483146
          },
          "Chi_t": {
            "mean": 0.6401299834251404,
            "error": 0.0052824857919527195,
            "tau_int": 1.6855698577260583,
            "dtau_int": 0.04103167321345307
          }
        },
        "n_skipped": 0,
        "step_size": 0
      }
    ]
  ],
  "exact_sus": 0.6439874072967454
}