{
  "observables": [
    "Chi_t"
  ],
  "n_samples": [
    50000,
    80000,
    100000
  ],
  "nip": [],
  "nmcmc": [
    [
      {
        "acc_rate": 0.44398,
        "n_steps": 50000,
        "obs_stats": {
          "Q": {
            "mean": 0.002460000105202198,
            "error": 0.008707898080865688,
            "tau_int": 3.0243430472532413,
            "dtau_int": 0.1282425786277794
          },
          "Chi_t": {
            "mean": 0.6267399787902832,
            "error": 0.009101405126250123,
            "tau_int": 2.555834019617362,
            "dtau_int": 0.10209055856297265
          }
        },
        "n_skipped": 0,
        "step_size": 0
      },
      {
        "acc_rate": 0.44182,
        "n_steps": 50000,
        "obs_stats": {
          "Q": {
            "mean": 0.004579999949783087,
            "error": 0.008425808187474295,
            "tau_int": 2.8967313728982624,
            "dtau_int": 0.12042397249435915
          },
          "Chi_t": {
            "mean": 0.6126599907875061,
            "error": 0.008984316852666735,
            "tau_int": 2.6853413490331217,
            "dtau_int": 0.10957945578615859
          }
        },
        "n_skipped": 0,
        "step_size": 0
      },
      {
        "acc_rate": 0.44526,
        "n_steps": 50000,
        "obs_stats": {
          "Q": {
            "mean": -0.002739999908953905,
            "error": 0.008166326197271569,
            "tau_int": 2.777596396847322,
            "dtau_int": 0.11309260235037974
          },
          "Chi_t": {
            "mean": 0.6001799702644348,
            "error": 0.007697809068525169,
            "tau_int": 2.040439707808884,
            "dtau_int": 0.0740419545257217
          }
        },
        "n_skipped": 0,
        "step_size": 0
      }
    ],
    [
      {
        "acc_rate": 0.4470375,
        "n_steps": 80000,
        "obs_stats": {
          "Q": {
            "mean": -0.008825000375509262,
            "error": 0.006357658437840603,
            "tau_int": 2.6206754862117716,
            "dtau_int": 0.08467524670333049
          },
          "Chi_t": {
            "mean": 0.6169750094413757,
            "error": 0.0074453087440055415,
            "tau_int": 2.7558803949669777,
            "dtau_int": 0.09086911149206016
          }
        },
        "n_skipped": 0,
        "step_size": 0
      },
      {
        "acc_rate": 0.442925,
        "n_steps": 80000,
        "obs_stats": {
          "Q": {
            "mean": 0.004724999889731407,
            "error": 0.007104585326852054,
            "tau_int": 3.2362177581697447,
            "dtau_int": 0.11501961869023494
          },
          "Chi_t": {
            "mean": 0.6238499879837036,
            "error": 0.008299345234877943,
            "tau_int": 3.379616624202181,
            "dtau_int": 0.12213558399568158
          }
        },
        "n_skipped": 0,
        "step_size": 0
      },
      {
        "acc_rate": 0.4383375,
        "n_steps": 80000,
        "obs_stats": {
          "Q": {
            "mean": -0.010425000451505184,
            "error": 0.00690851027111404,
            "tau_int": 3.08285372403737,
            "dtau_int": 0.10771727875096797
          },
          "Chi_t": {
            "mean": 0.6193249821662903,
            "error": 0.007683268254819619,
            "tau_int": 3.018526399077839,
            "dtau_int": 0.10342907830975402
          }
        },
        "n_skipped": 0,
        "step_size": 0
      }
    ],
    [
      {
        "acc_rate": 0.434,
        "n_steps": 100000,
        "obs_stats": {
          "Q": {
            "mean": -0.010160000063478947,
            "error": 0.006510039401160595,
            "tau_int": 3.407135941979443,
            "dtau_int": 0.11216230262350615
          },
          "Chi_t": {
            "mean": 0.621999979019165,
            "error": 0.0066815351143039315,
            "tau_int": 2.8871895237610166,
            "dtau_int": 0.08873176688146121
          }
        },
        "n_skipped": 0,
        "step_size": 0
      },
      {
        "acc_rate": 0.44112,
        "n_steps": 100000,
        "obs_stats": {
          "Q": {
            "mean": -0.004769999999552965,
            "error": 0.00647520130616209,
            "tau_int": 3.337442051791164,
            "dtau_int": 0.10796520931177571
          },
          "Chi_t": {
            "mean": 0.6281300187110901,
            "error": 0.006550610380455892,
            "tau_int": 2.7604915349233807,
            "dtau_int": 0.0832543533196588
          }
        },
        "n_skipped": 0,
        "step_size": 0
      },
      {
        "acc_rate": 0.4409,
        "n_steps": 100000,
        "obs_stats": {
          "Q": {
            "mean": 0.002219999907538295,
            "error": 0.006767011649325641,
            "tau_int": 3.6713798291167494,
            "dtau_int": 0.12467266449505647
          },
          "Chi_t": {
            "mean": 0.6236000061035156,
            "error": 0.007601511303527281,
            "tau_int": 3.71517864262709,
            "dtau_int": 0.12606411124084502
          }
        },
        "n_skipped": 0,
        "step_size": 0
      }
    ]
  ],
  "exact_sus": 0.6194099585690315
}