{
  "observables": [
    "Chi_t"
  ],
  "n_samples": [
    25000,
    40000,
    50000,
    75000,
    100000,
    125000,
    150000,
    175000,
    200000,
    225000,
    250000,
    80000
  ],
  "nip": {},
  "nmcmc": [
    [
      {
        "acc_rate": 0.77036,
        "n_steps": 25000.0,
        "obs_stats": {
          "Q": {
            "mean": -0.006040241569280624,
            "error": 0.006772829902163353,
            "tau_int": 0.8528238240241282,
            "dtau_int": 0.027812920612026195
          },
          "Chi_t": {
            "mean": 0.6723068952560425,
            "error": 0.007808104229420864,
            "tau_int": 0.8408197143052081,
            "dtau_int": 0.027446182679297493
          }
        },
        "n_skipped": 0.0,
        "step_size": 0.0
      },
      {
        "acc_rate": 0.78068,
        "n_steps": 25000.0,
        "obs_stats": {
          "Q": {
            "mean": 0.0053202128037810326,
            "error": 0.006423991734639777,
            "tau_int": 0.784120442272314,
            "dtau_int": 0.02570412964696075
          },
          "Chi_t": {
            "mean": 0.65782630443573,
            "error": 0.007305679741028093,
            "tau_int": 0.7909986334861818,
            "dtau_int": 0.02591632101746569
          }
        },
        "n_skipped": 0.0,
        "step_size": 0.0
      },
      {
        "acc_rate": 0.77436,
        "n_steps": 25000.0,
        "obs_stats": {
          "Q": {
            "mean": 0.009400376118719578,
            "error": 0.006527780955898372,
            "tau_int": 0.7854692553979714,
            "dtau_int": 0.025745759108467367
          },
          "Chi_t": {
            "mean": 0.6781471371650696,
            "error": 0.007842938978657244,
            "tau_int": 0.8475589197696911,
            "dtau_int": 0.0276521621286908
          }
        },
        "n_skipped": 0.0,
        "step_size": 0.0
      }
    ],
    [
      {
        "acc_rate": 0.77855,
        "n_steps": 40000.0,
        "obs_stats": {
          "Q": {
            "mean": -0.006850171368569136,
            "error": 0.0052575774899545225,
            "tau_int": 0.8174943957394609,
            "dtau_int": 0.021132937987636036
          },
          "Chi_t": {
            "mean": 0.6762669086456299,
            "error": 0.006068045343862777,
            "tau_int": 0.8088060204083924,
            "dtau_int": 0.020921923714478707
          }
        },
        "n_skipped": 0.0,
        "step_size": 0.0
      },
      {
        "acc_rate": 0.77775,
        "n_steps": 40000.0,
        "obs_stats": {
          "Q": {
            "mean": -0.009400234557688236,
            "error": 0.005283400946120434,
            "tau_int": 0.8438778293383253,
            "dtau_int": 0.02177186577395685
          },
          "Chi_t": {
            "mean": 0.6616165637969971,
            "error": 0.005999216669660506,
            "tau_int": 0.7938323198693917,
            "dtau_int": 0.020557552572143558
          }
        },
        "n_skipped": 0.0,
        "step_size": 0.0
      },
      {
        "acc_rate": 0.780675,
        "n_steps": 40000.0,
        "obs_stats": {
          "Q": {
            "mean": 0.002325058216229081,
            "error": 0.00525185614717453,
            "tau_int": 0.8266365531130715,
            "dtau_int": 0.021354648304859728
          },
          "Chi_t": {
            "mean": 0.6672917008399963,
            "error": 0.006043986295854285,
            "tau_int": 0.8163175189253329,
            "dtau_int": 0.021104372835840234
          }
        },
        "n_skipped": 0.0,
        "step_size": 0.0
      }
    ],
    [
      {
        "acc_rate": 0.7772,
        "n_steps": 50000.0,
        "obs_stats": {
          "Q": {
            "mean": -0.0008000159868970513,
            "error": 0.004709278023279809,
            "tau_int": 0.8453676239829608,
            "dtau_int": 0.019505495262380202
          },
          "Chi_t": {
            "mean": 0.6558130979537964,
            "error": 0.005255523245459024,
            "tau_int": 0.8048504340640421,
            "dtau_int": 0.018627074895333804
          }
        },
        "n_skipped": 0.0,
        "step_size": 0.0
      },
      {
        "acc_rate": 0.77554,
        "n_steps": 50000.0,
        "obs_stats": {
          "Q": {
            "mean": -0.005340106785297394,
            "error": 0.004675076843260666,
            "tau_int": 0.822211075018008,
            "dtau_int": 0.019004174195923495
          },
          "Chi_t": {
            "mean": 0.6645532846450806,
            "error": 0.005414177034315254,
            "tau_int": 0.8082030957030755,
            "dtau_int": 0.01869998343959254
          }
        },
        "n_skipped": 0.0,
        "step_size": 0.0
      },
      {
        "acc_rate": 0.77526,
        "n_steps": 50000.0,
        "obs_stats": {
          "Q": {
            "mean": -0.0016800336306914687,
            "error": 0.004683893140607704,
            "tau_int": 0.8148123779138323,
            "dtau_int": 0.018843594695397942
          },
          "Chi_t": {
            "mean": 0.6730934381484985,
            "error": 0.0052022655236788045,
            "tau_int": 0.7677201464515442,
            "dtau_int": 0.017816949718796406
          }
        },
        "n_skipped": 0.0,
        "step_size": 0.0
      }
    ],
    [
      {
        "acc_rate": 0.7746666666666666,
        "n_steps": 75000.0,
        "obs_stats": {
          "Q": {
            "mean": 9.333458001492545e-05,
            "error": 0.003895193631973448,
            "tau_int": 0.8575805674944181,
            "dtau_int": 0.017313809122047413
          },
          "Chi_t": {
            "mean": 0.6634355187416077,
            "error": 0.004336933675944483,
            "tau_int": 0.808457758856391,
            "dtau_int": 0.015272942072812745
          }
        },
        "n_skipped": 0.0,
        "step_size": 0.0
      },
      {
        "acc_rate": 0.7780133333333333,
        "n_steps": 75000.0,
        "obs_stats": {
          "Q": {
            "mean": -0.006053414195775986,
            "error": 0.003780036117697243,
            "tau_int": 0.8029404838413339,
            "dtau_int": 0.015174964853918433
          },
          "Chi_t": {
            "mean": 0.6673422455787659,
            "error": 0.004243010935961009,
            "tau_int": 0.7734061499003142,
            "dtau_int": 0.01464898328179745
          }
        },
        "n_skipped": 0.0,
        "step_size": 0.0
      },
      {
        "acc_rate": 0.7711866666666667,
        "n_steps": 75000.0,
        "obs_stats": {
          "Q": {
            "mean": -0.0007600101525895298,
            "error": 0.0038310036804962075,
            "tau_int": 0.8230660829542056,
            "dtau_int": 0.015531932834553147
          },
          "Chi_t": {
            "mean": 0.6686622500419617,
            "error": 0.0044819785153499,
            "tau_int": 0.8291978072409025,
            "dtau_int": 0.015640456894289497
          }
        },
        "n_skipped": 0.0,
        "step_size": 0.0
      }
    ],
    [
      {
        "acc_rate": 0.77868,
        "n_steps": 100000.0,
        "obs_stats": {
          "Q": {
            "mean": -0.0008500085095874965,
            "error": 0.003336850904802664,
            "tau_int": 0.8318151566443668,
            "dtau_int": 0.014568179474055953
          },
          "Chi_t": {
            "mean": 0.6692767143249512,
            "error": 0.0037975337478402295,
            "tau_int": 0.7990719027880637,
            "dtau_int": 0.013082342237965398
          }
        },
        "n_skipped": 0.0,
        "step_size": 0.0
      },
      {
        "acc_rate": 0.77686,
        "n_steps": 100000.0,
        "obs_stats": {
          "Q": {
            "mean": -0.003110031131654978,
            "error": 0.003322562074771595,
            "tau_int": 0.8218197150192188,
            "dtau_int": 0.014402499714752201
          },