{
  "observables": [
    "Chi_t"
  ],
  "n_samples": [
    25000,
    40000,
    50000,
    75000,
    100000,
    125000,
    150000,
    175000,
    200000,
    225000,
    250000,
    80000
  ],
  "nip": {},
  "nmcmc": [
    [
      {
        "acc_rate": 0.73308,
        "n_steps": 25000.0,
        "obs_stats": {
          "Q": {
            "mean": -0.006880275439471006,
            "error": 0.0067615863340236,
            "tau_int": 0.8555572831357869,
            "dtau_int": 0.027896328650929548
          },
          "Chi_t": {
            "mean": 0.6679466962814331,
            "error": 0.0076905935251479676,
            "tau_int": 0.8310693632798416,
            "dtau_int": 0.02714776306926267
          }
        },
        "n_skipped": 0.0,
        "step_size": 0.0
      },
      {
        "acc_rate": 0.72676,
        "n_steps": 25000.0,
        "obs_stats": {
          "Q": {
            "mean": 0.0016800671583041549,
            "error": 0.007168868560356579,
            "tau_int": 0.9676842514863011,
            "dtau_int": 0.033594378352969204
          },
          "Chi_t": {
            "mean": 0.6637865304946899,
            "error": 0.007641686917450374,
            "tau_int": 0.8345502720885594,
            "dtau_int": 0.02725435503654016
          }
        },
        "n_skipped": 0.0,
        "step_size": 0.0
      },
      {
        "acc_rate": 0.72512,
        "n_steps": 25000.0,
        "obs_stats": {
          "Q": {
            "mean": -0.005600223783403635,
            "error": 0.007112812865324737,
            "tau_int": 0.9554157878580838,
            "dtau_int": 0.033195464203237025
          },
          "Chi_t": {
            "mean": 0.6618664860725403,
            "error": 0.007749188985763633,
            "tau_int": 0.8758344135028846,
            "dtau_int": 0.028513877078012954
          }
        },
        "n_skipped": 0.0,
        "step_size": 0.0
      }
    ],
    [
      {
        "acc_rate": 0.72325,
        "n_steps": 40000.0,
        "obs_stats": {
          "Q": {
            "mean": 0.001775044365786016,
            "error": 0.005548047099823016,
            "tau_int": 0.9164557433333311,
            "dtau_int": 0.025237889747418755
          },
          "Chi_t": {
            "mean": 0.6716917753219604,
            "error": 0.0066707854416959075,
            "tau_int": 0.9550170856325668,
            "dtau_int": 0.026232863559093548
          }
        },
        "n_skipped": 0.0,
        "step_size": 0.0
      },
      {
        "acc_rate": 0.721575,
        "n_steps": 40000.0,
        "obs_stats": {
          "Q": {
            "mean": -0.005025125574320555,
            "error": 0.0056601302382138915,
            "tau_int": 0.9639342388658294,
            "dtau_int": 0.02646215294122312
          },
          "Chi_t": {
            "mean": 0.6646916270256042,
            "error": 0.00625255813279646,
            "tau_int": 0.8754245646021828,
            "dtau_int": 0.02417308005821537
          }
        },
        "n_skipped": 0.0,
        "step_size": 0.0
      },
      {
        "acc_rate": 0.72465,
        "n_steps": 40000.0,
        "obs_stats": {
          "Q": {
            "mean": 0.00302507565356791,
            "error": 0.00564524452279791,
            "tau_int": 0.9519021426359247,
            "dtau_int": 0.02615269771730823
          },
          "Chi_t": {
            "mean": 0.6695417165756226,
            "error": 0.006233313976948605,
            "tau_int": 0.8817145852896444,
            "dtau_int": 0.02433672155939582
          }
        },
        "n_skipped": 0.0,
        "step_size": 0.0
      }
    ],
    [
      {
        "acc_rate": 0.72666,
        "n_steps": 50000.0,
        "obs_stats": {
          "Q": {
            "mean": 0.00862017273902893,
            "error": 0.005151851685360705,
            "tau_int": 0.97481908038178,
            "dtau_int": 0.02545805144550188
          },
          "Chi_t": {
            "mean": 0.6807135939598083,
            "error": 0.005790188342313149,
            "tau_int": 0.9111505025470539,
            "dtau_int": 0.022450572774791552
          }
        },
        "n_skipped": 0.0,
        "step_size": 0.0
      },
      {
        "acc_rate": 0.72564,
        "n_steps": 50000.0,
        "obs_stats": {
          "Q": {
            "mean": -0.00046000920701771975,
            "error": 0.005032378335679263,
            "tau_int": 0.9535645813736409,
            "dtau_int": 0.02342989691842152
          },
          "Chi_t": {
            "mean": 0.6639132499694824,
            "error": 0.005547212066123058,
            "tau_int": 0.8621278448021066,
            "dtau_int": 0.02131116545830757
          }
        },
        "n_skipped": 0.0,
        "step_size": 0.0
      },
      {
        "acc_rate": 0.72514,
        "n_steps": 50000.0,
        "obs_stats": {
          "Q": {
            "mean": 0.002460049232468009,
            "error": 0.005082191401891591,
            "tau_int": 0.9728366777818327,
            "dtau_int": 0.02540923342980088
          },
          "Chi_t": {
            "mean": 0.663713276386261,
            "error": 0.005638910495815272,
            "tau_int": 0.8843775473766464,
            "dtau_int": 0.02182929688482063
          }
        },
        "n_skipped": 0.0,
        "step_size": 0.0
      }
    ],
    [
      {
        "acc_rate": 0.73212,
        "n_steps": 75000.0,
        "obs_stats": {
          "Q": {
            "mean": -0.005226736422628164,
            "error": 0.00406580825006483,
            "tau_int": 0.9208962554782838,
            "dtau_int": 0.018514922233237883
          },
          "Chi_t": {
            "mean": 0.673155665397644,
            "error": 0.004652141381068902,
            "tau_int": 0.8779835363534543,
            "dtau_int": 0.017702050395038135
          }
        },
        "n_skipped": 0.0,
        "step_size": 0.0
      },
      {
        "acc_rate": 0.7276666666666667,
        "n_steps": 75000.0,
        "obs_stats": {
          "Q": {
            "mean": 0.002426699036732316,
            "error": 0.004154744172376835,
            "tau_int": 0.9667245661647645,
            "dtau_int": 0.020623524935936863
          },
          "Chi_t": {
            "mean": 0.6695822477340698,
            "error": 0.004657573285031475,
            "tau_int": 0.9116495339511959,
            "dtau_int": 0.018340191404525207
          }
        },
        "n_skipped": 0.0,
        "step_size": 0.0
      },
      {
        "acc_rate": 0.72424,
        "n_steps": 75000.0,
        "obs_stats": {
          "Q": {
            "mean": 0.0011066814186051488,
            "error": 0.004150195966547097,
            "tau_int": 0.972288670491311,
            "dtau_int": 0.020735462651637105
          },
          "Chi_t": {
            "mean": 0.6642888784408569,
            "error": 0.004689186079654841,
            "tau_int": 0.924556485852178,
            "dtau_int": 0.01858402328611869
          }
        },
        "n_skipped": 0.0,
        "step_size": 0.0
      }
    ],
    [
      {
        "acc_rate": 0.72665,
        "n_steps": 100000.0,
        "obs_stats": {
          "Q": {
            "mean": 0.006440064404159784,
            "error": 0.0035666412080078294,
            "tau_int": 0.9558792610210798,
            "dtau_int": 0.01767131606849983
          },
          "Chi_t": {
            "mean": 0.6654266715049744,
            "error": 0.003988505393817174,
            "tau_int": 0.8999206082331443,
            "dtau_int": 0.015690812362547612
          }
        },
        "n_skipped": 0.0,
        "step_size": 0.0
      },
      {
        "acc_rate": 0.72924,
        "n_steps": 100000.0,
        "obs_stats": {
          "Q": {
            "mean": -0.00024000239500310272,
            "error": 0.003557945651702241,
            "tau_int": 0.9552130987867644,
            "dtau_int": 0.017659689142984283
          },
          "Chi_t": {
            "mean": 0.6626065969467163,