{
  "observables": [
    "Chi_t"
  ],
  "n_samples": [
    50000,
    80000,
    100000
  ],
  "nip": [],
  "nmcmc": [
    [
      {
        "acc_rate": 0.38006,
        "n_steps": 50000,
        "obs_stats": {
          "Q": {
            "mean": -0.016899999231100082,
            "error": 0.010058998293651316,
            "tau_int": 3.773950386560955,
            "dtau_int": 0.1777400008954929
          },
          "Chi_t": {
            "mean": 0.6704599857330322,
            "error": 0.01154616749093481,
            "tau_int": 3.5460505761158867,
            "dtau_int": 0.16158150391524717
          }
        },
        "n_skipped": 0,
        "step_size": 0
      },
      {
        "acc_rate": 0.38196,
        "n_steps": 50000,
        "obs_stats": {
          "Q": {
            "mean": -0.012360000051558018,
            "error": 0.009881745142038623,
            "tau_int": 3.690854193653112,
            "dtau_int": 0.1709280628257847
          },
          "Chi_t": {
            "mean": 0.6614800095558167,
            "error": 0.010664706069668599,
            "tau_int": 3.1673643101253135,
            "dtau_int": 0.136843732817131
          }
        },
        "n_skipped": 0,
        "step_size": 0
      },
      {
        "acc_rate": 0.3712,
        "n_steps": 50000,
        "obs_stats": {
          "Q": {
            "mean": -0.01841999962925911,
            "error": 0.011314386684747456,
            "tau_int": 4.702238442152439,
            "dtau_int": 0.24086391619080863
          },
          "Chi_t": {
            "mean": 0.6808199882507324,
            "error": 0.011960719330718074,
            "tau_int": 3.9887155013275706,
            "dtau_int": 0.1904962568003
          }
        },
        "n_skipped": 0,
        "step_size": 0
      }
    ],
    [
      {
        "acc_rate": 0.3814875,
        "n_steps": 80000,
        "obs_stats": {
          "Q": {
            "mean": -0.011424999684095383,
            "error": 0.007566767894317839,
            "tau_int": 3.4487569451345315,
            "dtau_int": 0.12683561046145073
          },
          "Chi_t": {
            "mean": 0.6641499996185303,
            "error": 0.008666876950210685,
            "tau_int": 3.3861030338179106,
            "dtau_int": 0.12235480075999094
          }
        },
        "n_skipped": 0,
        "step_size": 0
      },
      {
        "acc_rate": 0.3859,
        "n_steps": 80000,
        "obs_stats": {
          "Q": {
            "mean": -0.006437500007450581,
            "error": 0.007415893932866588,
            "tau_int": 3.299930088741672,
            "dtau_int": 0.11943757205641158
          },
          "Chi_t": {
            "mean": 0.6666125059127808,
            "error": 0.008288345168069838,
            "tau_int": 3.0329360224684985,
            "dtau_int": 0.10389092908310914
          }
        },
        "n_skipped": 0,
        "step_size": 0
      },
      {
        "acc_rate": 0.3756,
        "n_steps": 80000,
        "obs_stats": {
          "Q": {
            "mean": -0.009074999950826168,
            "error": 0.007927662973100224,
            "tau_int": 3.8002913534560223,
            "dtau_int": 0.14395960278199751
          },
          "Chi_t": {
            "mean": 0.6615250110626221,
            "error": 0.008653540550780055,
            "tau_int": 3.344763185630977,
            "dtau_int": 0.12095663740211167
          }
        },
        "n_skipped": 0,
        "step_size": 0
      }
    ],
    [
      {
        "acc_rate": 0.37807,
        "n_steps": 100000,
        "obs_stats": {
          "Q": {
            "mean": -0.004230000078678131,
            "error": 0.007540462986059811,
            "tau_int": 4.163823035890905,
            "dtau_int": 0.14974991883276964
          },
          "Chi_t": {
            "mean": 0.6827300190925598,
            "error": 0.007943038188435576,
            "tau_int": 3.4410505856281968,
            "dtau_int": 0.11320784363816254
          }
        },
        "n_skipped": 0,
        "step_size": 0
      },
      {
        "acc_rate": 0.37926,
        "n_steps": 100000,
        "obs_stats": {
          "Q": {
            "mean": 0.007790000177919865,
            "error": 0.0075790256647594294,
            "tau_int": 4.2677912957820965,
            "dtau_int": 0.15560113922223798
          },
          "Chi_t": {
            "mean": 0.6729699969291687,
            "error": 0.008405794713348852,
            "tau_int": 3.8949780614414182,
            "dtau_int": 0.13627975969012146
          }
        },
        "n_skipped": 0,
        "step_size": 0
      },
      {
        "acc_rate": 0.37129,
        "n_steps": 100000,
        "obs_stats": {
          "Q": {
            "mean": -0.0010999999940395355,
            "error": 0.007396234018146744,
            "tau_int": 4.138911764998977,
            "dtau_int": 0.1489113231254119
          },
          "Chi_t": {
            "mean": 0.6607999801635742,
            "error": 0.007564878452041903,
            "tau_int": 3.3185275077491214,
            "dtau_int": 0.10739212890787296
          }
        },
        "n_skipped": 0,
        "step_size": 0
      }
    ]
  ],
  "exact_sus": 0.6629736823224884
}