{
  "observables": [
    "Chi_t"
  ],
  "n_samples": [
    50000,
    80000,
    100000
  ],
  "nip": [],
  "nmcmc": [
    [
      {
        "acc_rate": 0.78926,
        "n_steps": 50000,
        "obs_stats": {
          "Q": {
            "mean": -0.006099999882280827,
            "error": 0.004564627044834103,
            "tau_int": 0.8036482052289375,
            "dtau_int": 0.018600734906125325
          },
          "Chi_t": {
            "mean": 0.6481800079345703,
            "error": 0.005117248778306572,
            "tau_int": 0.7707012009292358,
            "dtau_int": 0.017881993616212954
          }
        },
        "n_skipped": 0,
        "step_size": 0
      },
      {
        "acc_rate": 0.79006,
        "n_steps": 50000,
        "obs_stats": {
          "Q": {
            "mean": -0.0040799998678267,
            "error": 0.0045529549349581045,
            "tau_int": 0.8041083204339237,
            "dtau_int": 0.018610745025272074
          },
          "Chi_t": {
            "mean": 0.6444799900054932,
            "error": 0.005009511153896265,
            "tau_int": 0.7477795724959262,
            "dtau_int": 0.016041181422734557
          }
        },
        "n_skipped": 0,
        "step_size": 0
      },
      {
        "acc_rate": 0.78732,
        "n_steps": 50000,
        "obs_stats": {
          "Q": {
            "mean": 0.01071999967098236,
            "error": 0.004645036799421469,
            "tau_int": 0.8294688892436539,
            "dtau_int": 0.019161314633495085
          },
          "Chi_t": {
            "mean": 0.6503999829292297,
            "error": 0.0050598018512549945,
            "tau_int": 0.7640209543501881,
            "dtau_int": 0.017735793643880136
          }
        },
        "n_skipped": 0,
        "step_size": 0
      }
    ],
    [
      {
        "acc_rate": 0.7921,
        "n_steps": 80000,
        "obs_stats": {
          "Q": {
            "mean": 0.0029124999418854713,
            "error": 0.0035765020685592746,
            "tau_int": 0.7843051519359241,
            "dtau_int": 0.014371945017468947
          },
          "Chi_t": {
            "mean": 0.6523625254631042,
            "error": 0.004076378715803074,
            "tau_int": 0.7680969690834296,
            "dtau_int": 0.014091913845571522
          }
        },
        "n_skipped": 0,
        "step_size": 0
      },
      {
        "acc_rate": 0.7887125,
        "n_steps": 80000,
        "obs_stats": {
          "Q": {
            "mean": -0.0010499999625608325,
            "error": 0.003594631446626681,
            "tau_int": 0.7904954753518694,
            "dtau_int": 0.01447870153655066
          },
          "Chi_t": {
            "mean": 0.6538249850273132,
            "error": 0.004112850619406137,
            "tau_int": 0.781765353933842,
            "dtau_int": 0.014328113261230006
          }
        },
        "n_skipped": 0,
        "step_size": 0
      },
      {
        "acc_rate": 0.788325,
        "n_steps": 80000,
        "obs_stats": {
          "Q": {
            "mean": 0.0032875000033527613,
            "error": 0.0035983567462880917,
            "tau_int": 0.7956908430555492,
            "dtau_int": 0.014568216224142148
          },
          "Chi_t": {
            "mean": 0.6509125232696533,
            "error": 0.004009178189606467,
            "tau_int": 0.7678812262589934,
            "dtau_int": 0.014088181455772326
          }
        },
        "n_skipped": 0,
        "step_size": 0
      }
    ],
    [
      {
        "acc_rate": 0.78927,
        "n_steps": 100000,
        "obs_stats": {
          "Q": {
            "mean": -0.00011999999696854502,
            "error": 0.0032265811929863123,
            "tau_int": 0.7986084923696799,
            "dtau_int": 0.013075142034987634
          },
          "Chi_t": {
            "mean": 0.6517999768257141,
            "error": 0.003605244030255707,
            "tau_int": 0.7736318894717731,
            "dtau_int": 0.012689796992879516
          }
        },
        "n_skipped": 0,
        "step_size": 0
      },
      {
        "acc_rate": 0.79045,
        "n_steps": 100000,
        "obs_stats": {
          "Q": {
            "mean": 0.003010000102221966,
            "error": 0.003194393934700292,
            "tau_int": 0.7863486491126666,
            "dtau_int": 0.012886190065269611
          },
          "Chi_t": {
            "mean": 0.648829996585846,
            "error": 0.0035220833079183337,
            "tau_int": 0.7463024787679333,
            "dtau_int": 0.012266359329486073
          }
        },
        "n_skipped": 0,
        "step_size": 0
      },
      {
        "acc_rate": 0.78985,
        "n_steps": 100000,
        "obs_stats": {
          "Q": {
            "mean": -0.004900000058114529,
            "error": 0.0031524812543294108,
            "tau_int": 0.7678912172913015,
            "dtau_int": 0.01260100716711485
          },
          "Chi_t": {
            "mean": 0.6471199989318848,
            "error": 0.0035230901174893373,
            "tau_int": 0.7582002100494116,
            "dtau_int": 0.012450930865236723
          }
        },
        "n_skipped": 0,
        "step_size": 0
      }
    ]
  ],
  "exact_sus": 0.6500977944017748
}