{
  "observables": [
    "Chi_t"
  ],
  "n_samples": [
    50000,
    80000,
    100000
  ],
  "nip": [],
  "nmcmc": [
    [
      {
        "acc_rate": 0.0188,
        "n_steps": 50000,
        "obs_stats": {
          "Q": {
            "mean": 0.15070000290870667,
            "error": 0.2584653863619344,
            "tau_int": 3256.9265497124884,
            "dtau_int": 1538.0346429869726
          },
          "Chi_t": {
            "mean": 0.48170000314712524,
            "error": 0.13252787135195807,
            "tau_int": 1215.1729802263314,
            "dtau_int": 513.5254900979248
          }
        },
        "n_skipped": 0,
        "step_size": 0
      },
      {
        "acc_rate": 0.01022,
        "n_steps": 50000,
        "obs_stats": {
          "Q": {
            "mean": -0.0004799999878741801,
            "error": 0.012704754776548149,
            "tau_int": 56.453834507007564,
            "dtau_int": 8.282316882990324
          },
          "Chi_t": {
            "mean": 0.07131999731063843,
            "error": 0.02675349164055289,
            "tau_int": 141.77766699902347,
            "dtau_int": 29.86693415620739
          }
        },
        "n_skipped": 0,
        "step_size": 0
      },
      {
        "acc_rate": 0.0103,
        "n_steps": 50000,
        "obs_stats": {
          "Q": {
            "mean": 0.06830000132322311,
            "error": 0.2536303561784316,
            "tau_int": 2549.832602313504,
            "dtau_int": 1210.817193686779
          },
          "Chi_t": {
            "mean": 0.5824199914932251,
            "error": 0.11096982116022266,
            "tau_int": 1113.7213118672353,
            "dtau_int": 461.008380319815
          }
        },
        "n_skipped": 0,
        "step_size": 0
      }
    ],
    [
      {
        "acc_rate": 0.024675,
        "n_steps": 80000,
        "obs_stats": {
          "Q": {
            "mean": -0.04566249996423721,
            "error": 0.06112612587909427,
            "tau_int": 470.26563719869245,
            "dtau_int": 129.43989534090372
          },
          "Chi_t": {
            "mean": 0.3163374960422516,
            "error": 0.0536783170656591,
            "tau_int": 337.40271955573206,
            "dtau_int": 82.44293332027202
          }
        },
        "n_skipped": 0,
        "step_size": 0
      },
      {
        "acc_rate": 0.008175,
        "n_steps": 80000,
        "obs_stats": {
          "Q": {
            "mean": 0.46459999680519104,
            "error": 0.2726213589012087,
            "tau_int": 6351.344970866023,
            "dtau_int": 2868.0226030806157
          },
          "Chi_t": {
            "mean": 0.6249750256538391,
            "error": 0.17983678379915535,
            "tau_int": 4925.304923607717,
            "dtau_int": 2336.847001840761
          }
        },
        "n_skipped": 0,
        "step_size": 0
      },
      {
        "acc_rate": 0.0046375,
        "n_steps": 80000,
        "obs_stats": {
          "Q": {
            "mean": -0.8130249977111816,
            "error": 0.18086619448756522,
            "tau_int": 5325.378654027609,
            "dtau_int": 2508.0558543418656
          },
          "Chi_t": {
            "mean": 0.880424976348877,
            "error": 0.11672075749014924,
            "tau_int": 4060.807965925188,
            "dtau_int": 1927.6420665427886
          }
        },
        "n_skipped": 0,
        "step_size": 0
      }
    ],
    [
      {
        "acc_rate": 0.00323,
        "n_steps": 100000,
        "obs_stats": {
          "Q": {
            "mean": 0.8095999956130981,
            "error": 0.16218968863970942,
            "tau_int": 4747.462763482648,
            "dtau_int": 2244.106563259578
          },
          "Chi_t": {
            "mean": 0.9107000231742859,
            "error": 0.06085896315019446,
            "tau_int": 2146.096657751006,
            "dtau_int": 880.2035212537911
          }
        },
        "n_skipped": 0,
        "step_size": 0
      },
      {
        "acc_rate": 0.02493,
        "n_steps": 100000,
        "obs_stats": {
          "Q": {
            "mean": -0.10535000264644623,
            "error": 0.041506256766939066,
            "tau_int": 283.5484194454611,
            "dtau_int": 59.719136374654056
          },
          "Chi_t": {
            "mean": 0.31321001052856445,
            "error": 0.03736226057256575,
            "tau_int": 226.0600756304351,
            "dtau_int": 43.63462910612384
          }
        },
        "n_skipped": 0,
        "step_size": 0
      },
      {
        "acc_rate": 0.01611,
        "n_steps": 100000,
        "obs_stats": {
          "Q": {
            "mean": -0.12056999653577805,
            "error": 0.08720567224393688,
            "tau_int": 1626.2536331049957,
            "dtau_int": 619.6215314952882
          },
          "Chi_t": {
            "mean": 0.24146999418735504,
            "error": 0.08534351000229541,
            "tau_int": 1733.1395966184934,
            "dtau_int": 672.0793035282293
          }
        },
        "n_skipped": 0,
        "step_size": 0
      }
    ]
  ],
  "exact_sus": 0.5146336896787372
}