{
  "observables": [
    "Chi_t"
  ],
  "n_samples": [
    50000,
    80000,
    100000,
    150000,
    200000,
    250000,
    300000,
    350000
  ],
  "nip": [],
  "nmcmc": [
    [
      {
        "acc_rate": 0.11492,
        "n_steps": 50000,
        "obs_stats": {
          "Q": {
            "mean": -0.021560000255703926,
            "error": 0.03973433129796111,
            "tau_int": 79.84678821086169,
            "dtau_int": 13.449445942584578
          },
          "Chi_t": {
            "mean": 0.49323999881744385,
            "error": 0.055576276482738246,
            "tau_int": 128.9535393283991,
            "dtau_int": 26.21397947724447
          }
        },
        "n_skipped": 0,
        "step_size": 0
      },
      {
        "acc_rate": 0.115,
        "n_steps": 50000,
        "obs_stats": {
          "Q": {
            "mean": -0.0314599983394146,
            "error": 0.03541955151287505,
            "tau_int": 72.83279853086962,
            "dtau_int": 11.827960399712778
          },
          "Chi_t": {
            "mean": 0.4303799867630005,
            "error": 0.03442761213576052,
            "tau_int": 76.52791055480557,
            "dtau_int": 12.676350504618785
          }
        },
        "n_skipped": 0,
        "step_size": 0
      },
      {
        "acc_rate": 0.11804,
        "n_steps": 50000,
        "obs_stats": {
          "Q": {
            "mean": 0.08420000225305557,
            "error": 0.057736322694921405,
            "tau_int": 159.85028990732926,
            "dtau_int": 35.24398999373629
          },
          "Chi_t": {
            "mean": 0.5252000093460083,
            "error": 0.029696155294365544,
            "tau_int": 45.37096905997345,
            "dtau_int": 6.08889941397338
          }
        },
        "n_skipped": 0,
        "step_size": 0
      }
    ],
    [
      {
        "acc_rate": 0.1295875,
        "n_steps": 80000,
        "obs_stats": {
          "Q": {
            "mean": -0.00634999992325902,
            "error": 0.032346832084827644,
            "tau_int": 74.40553133951045,
            "dtau_int": 10.080432012736022
          },
          "Chi_t": {
            "mean": 0.5615000128746033,
            "error": 0.03464538766755621,
            "tau_int": 78.83059526589382,
            "dtau_int": 10.932604339530164
          }
        },
        "n_skipped": 0,
        "step_size": 0
      },
      {
        "acc_rate": 0.127025,
        "n_steps": 80000,
        "obs_stats": {
          "Q": {
            "mean": 0.009624999947845936,
            "error": 0.026395544052161605,
            "tau_int": 55.990152605873156,
            "dtau_int": 6.74803120888967
          },
          "Chi_t": {
            "mean": 0.4971500039100647,
            "error": 0.020372065130093764,
            "tau_int": 34.3237589541064,
            "dtau_int": 3.3733134743401214
          }
        },
        "n_skipped": 0,
        "step_size": 0
      },
      {
        "acc_rate": 0.11425,
        "n_steps": 80000,
        "obs_stats": {
          "Q": {
            "mean": -0.010374999605119228,
            "error": 0.024262492820249983,
            "tau_int": 49.98496817779787,
            "dtau_int": 5.748434678377082
          },
          "Chi_t": {
            "mean": 0.4706000089645386,
            "error": 0.02298045385726829,
            "tau_int": 44.00293607145007,
            "dtau_int": 4.795079149230599
          }
        },
        "n_skipped": 0,
        "step_size": 0
      }
    ],
    [
      {
        "acc_rate": 0.12338,
        "n_steps": 100000,
        "obs_stats": {
          "Q": {
            "mean": -0.05104000121355057,
            "error": 0.02272772633454764,
            "tau_int": 49.47525840553354,
            "dtau_int": 5.160862282032094
          },
          "Chi_t": {
            "mean": 0.5241199731826782,
            "error": 0.02135591300717011,
            "tau_int": 40.6287077591169,
            "dtau_int": 3.895878226052375
          }
        },
        "n_skipped": 0,
        "step_size": 0
      },
      {
        "acc_rate": 0.117,
        "n_steps": 100000,
        "obs_stats": {
          "Q": {
            "mean": 0.0007600000244565308,
            "error": 0.050844423481445813,
            "tau_int": 220.55109761167054,
            "dtau_int": 42.16966752296068
          },
          "Chi_t": {
            "mean": 0.5835400223731995,
            "error": 0.027244288997735733,
            "tau_int": 70.26805667726815,
            "dtau_int": 8.481583735529922
          }
        },
        "n_skipped": 0,
        "step_size": 0
      },
      {
        "acc_rate": 0.13058,
        "n_steps": 100000,
        "obs_stats": {
          "Q": {
            "mean": 0.006610000040382147,
            "error": 0.036650405570120004,
            "tau_int": 114.1033359120592,
            "dtau_int": 16.791369749259278
          },
          "Chi_t": {
            "mean": 0.5873299837112427,
            "error": 0.06219288646917818,
            "tau_int": 251.73278283166962,
            "dtau_int": 50.66692995103985
          }
        },
        "n_skipped": 0,
        "step_size": 0
      }
    ],
    [
      {
        "acc_rate": 0.10681333333333333,
        "n_steps": 150000,
        "obs_stats": {
          "Q": {
            "mean": -0.027553332969546318,
            "error": 0.024391612315702183,
            "tau_int": 92.65775347189697,
            "dtau_int": 10.58995833852154
          },
          "Chi_t": {
            "mean": 0.48173999786376953,
            "error": 0.04653231018792358,
            "tau_int": 263.7160704578039,
            "dtau_int": 46.13717849683746
          }
        },
        "n_skipped": 0,
        "step_size": 0
      },
      {
        "acc_rate": 0.12399333333333333,
        "n_steps": 150000,
        "obs_stats": {
          "Q": {
            "mean": -0.037539999932050705,
            "error": 0.015904295156187482,
            "tau_int": 40.12285071139636,
            "dtau_int": 3.2190240763637523
          },
          "Chi_t": {
            "mean": 0.47398000955581665,
            "error": 0.016460542836024817,
            "tau_int": 42.049144944334614,
            "dtau_int": 3.4432463319520275
          }
        },
        "n_skipped": 0,
        "step_size": 0
      },
      {
        "acc_rate": 0.11308,
        "n_steps": 150000,
        "obs_stats": {
          "Q": {
            "mean": -0.01375999953597784,
            "error": 0.03301970524412061,
            "tau_int": 148.10779471141592,
            "dtau_int": 20.542249716016794
          },
          "Chi_t": {
            "mean": 0.5512266755104065,
            "error": 0.018425099727385843,
            "tau_int": 54.59659161808684,
            "dtau_int": 4.995142854690382
          }
        },
        "n_skipped": 0,
        "step_size": 0
      }
    ],
    [
      {
        "acc_rate": 0.123665,
        "n_steps": 200000,
        "obs_stats": {
          "Q": {
            "mean": -0.0031349998898804188,
            "error": 0.017827298131069983,
            "tau_int": 62.3685746129588,
            "dtau_int": 5.344309446569703
          },
          "Chi_t": {
            "mean": 0.5092650055885315,
            "error": 0.021435500287924136,
            "tau_int": 82.60310452353848,
            "dtau_int": 7.973633613790964
          }
        },
        "n_skipped": 0,
        "step_size": 0
      },
      {
        "acc_rate": 0.12388,
        "n_steps": 200000,
        "obs_stats": {
          "Q": {
            "mean": -0.010754999704658985,
            "error": 0.01779402856527775,
            "tau_int": 62.53570748970756,
            "dtau_int": 5.364705717801082
          },
          "Chi_t": {
            "mean": 0.5061150193214417,
            "error": 0.02238631475960214,
            "tau_int": 90.05972538277126,
            "dtau_int": 9.018934284402764
          }
        },
        "n_skipped": 0,