{
  "observables": [
    "Chi_t"
  ],
  "n_samples": [
    25000,
    40000,
    50000,
    75000,
    100000,
    125000,
    150000,
    175000,
    200000,
    225000,
    250000
  ],
  "nip": {},
  "nmcmc": [
    [
      {
        "acc_rate": 0.41808,
        "n_steps": 25000,
        "obs_stats": {
          "Q": {
            "mean": 0.004120165016502142,
            "error": 0.012530019961412377,
            "tau_int": 3.2466851569017017,
            "dtau_int": 0.1937341622652549
          },
          "Chi_t": {
            "mean": 0.6043041944503784,
            "error": 0.014425158450634919,
            "tau_int": 3.436837848339355,
            "dtau_int": 0.20877916004277747
          }
        },
        "n_skipped": 0,
        "step_size": 0
      },
      {
        "acc_rate": 0.4296,
        "n_steps": 25000,
        "obs_stats": {
          "Q": {
            "mean": 0.000960038392804563,
            "error": 0.012129719542777171,
            "tau_int": 3.0014060363872415,
            "dtau_int": 0.17189192116867497
          },
          "Chi_t": {
            "mean": 0.6125845313072205,
            "error": 0.012542678943665994,
            "tau_int": 2.663995200016595,
            "dtau_int": 0.14625021445994188
          }
        },
        "n_skipped": 0,
        "step_size": 0
      },
      {
        "acc_rate": 0.4126,
        "n_steps": 25000,
        "obs_stats": {
          "Q": {
            "mean": 0.02204088121652603,
            "error": 0.012726370522240574,
            "tau_int": 3.3836308344262496,
            "dtau_int": 0.20578393241327994
          },
          "Chi_t": {
            "mean": 0.5986239314079285,
            "error": 0.01392730076670306,
            "tau_int": 3.303497157425729,
            "dtau_int": 0.19687242565543558
          }
        },
        "n_skipped": 0,
        "step_size": 0
      }
    ],
    [
      {
        "acc_rate": 0.423275,
        "n_steps": 40000,
        "obs_stats": {
          "Q": {
            "mean": -0.0069751744158566,
            "error": 0.010447558385855945,
            "tau_int": 3.4816133696965332,
            "dtau_int": 0.17414684870602865
          },
          "Chi_t": {
            "mean": 0.6269406676292419,
            "error": 0.010235040644703862,
            "tau_int": 2.7036484468382067,
            "dtau_int": 0.1202951803370754
          }
        },
        "n_skipped": 0,
        "step_size": 0
      },
      {
        "acc_rate": 0.423175,
        "n_steps": 40000,
        "obs_stats": {
          "Q": {
            "mean": -0.013800345361232758,
            "error": 0.010171565276690823,
            "tau_int": 3.2957453636720904,
            "dtau_int": 0.16214551302399824
          },
          "Chi_t": {
            "mean": 0.6279156804084778,
            "error": 0.01225280209560186,
            "tau_int": 3.6337157790507755,
            "dtau_int": 0.1848091230303842
          }
        },
        "n_skipped": 0,
        "step_size": 0
      },
      {
        "acc_rate": 0.4277,
        "n_steps": 40000,
        "obs_stats": {
          "Q": {
            "mean": -0.003950098529458046,
            "error": 0.009421675716932516,
            "tau_int": 2.889800119336588,
            "dtau_int": 0.1343391590542338
          },
          "Chi_t": {
            "mean": 0.6142653822898865,
            "error": 0.010050030793581919,
            "tau_int": 2.630026671062,
            "dtau_int": 0.11723687227507795
          }
        },
        "n_skipped": 0,
        "step_size": 0
      }
    ],
    [
      {
        "acc_rate": 0.42642,
        "n_steps": 50000,
        "obs_stats": {
          "Q": {
            "mean": 0.02748055011034012,
            "error": 0.010074170924423028,
            "tau_int": 3.9925351433176592,
            "dtau_int": 0.19066781200752234
          },
          "Chi_t": {
            "mean": 0.6361327171325684,
            "error": 0.01220870431584137,
            "tau_int": 4.478064979507618,
            "dtau_int": 0.2266540656015344
          }
        },
        "n_skipped": 0,
        "step_size": 0
      },
      {
        "acc_rate": 0.43336,
        "n_steps": 50000,
        "obs_stats": {
          "Q": {
            "mean": -0.009840196929872036,
            "error": 0.008603027359677282,
            "tau_int": 3.0362605801473364,
            "dtau_int": 0.12871507200141435
          },
          "Chi_t": {
            "mean": 0.6094121932983398,
            "error": 0.009160442003279557,
            "tau_int": 2.800490898639985,
            "dtau_int": 0.11668323375064185
          }
        },
        "n_skipped": 0,
        "step_size": 0
      },
      {
        "acc_rate": 0.43302,
        "n_steps": 50000,
        "obs_stats": {
          "Q": {
            "mean": 0.008060161024332047,
            "error": 0.008145152398099492,
            "tau_int": 2.7177231305550866,
            "dtau_int": 0.1108156530988417
          },
          "Chi_t": {
            "mean": 0.610272228717804,
            "error": 0.008572356489603191,
            "tau_int": 2.419001040544074,
            "dtau_int": 0.09451178065322335
          }
        },
        "n_skipped": 0,
        "step_size": 0
      }
    ],
    [
      {
        "acc_rate": 0.42622666666666664,
        "n_steps": 75000,
        "obs_stats": {
          "Q": {
            "mean": -0.001560020842589438,
            "error": 0.0071116134660707585,
            "tau_int": 3.025024995361181,
            "dtau_int": 0.10703696740241597
          },
          "Chi_t": {
            "mean": 0.6269016861915588,
            "error": 0.007744052649591408,
            "tau_int": 2.8410341470285188,
            "dtau_int": 0.09876401923723466
          }
        },
        "n_skipped": 0,
        "step_size": 0
      },
      {
        "acc_rate": 0.43072,
        "n_steps": 75000,
        "obs_stats": {
          "Q": {
            "mean": 0.0001600021350895986,
            "error": 0.006910360830318089,
            "tau_int": 2.9069959475119846,
            "dtau_int": 0.10090987675130787
          },
          "Chi_t": {
            "mean": 0.6159548759460449,
            "error": 0.007448994909702617,
            "tau_int": 2.642774199250115,
            "dtau_int": 0.088143560376661
          }
        },
        "n_skipped": 0,
        "step_size": 0
      },
      {
        "acc_rate": 0.42722666666666664,
        "n_steps": 75000,
        "obs_stats": {
          "Q": {
            "mean": 0.0056800758466124535,
            "error": 0.008212226924051082,
            "tau_int": 3.9036250777893695,
            "dtau_int": 0.15509207937572853
          },
          "Chi_t": {
            "mean": 0.6478219628334045,
            "error": 0.009347294805357393,
            "tau_int": 3.933804873473184,
            "dtau_int": 0.15621142447465675
          }
        },
        "n_skipped": 0,
        "step_size": 0
      }
    ],
    [
      {
        "acc_rate": 0.42379,
        "n_steps": 100000,
        "obs_stats": {
          "Q": {
            "mean": 0.007120070978999138,
            "error": 0.006761197608656784,
            "tau_int": 3.695254235059104,
            "dtau_int": 0.1254320481346444
          },
          "Chi_t": {
            "mean": 0.618546187877655,
            "error": 0.007003748017957878,
            "tau_int": 3.173320625351671,
            "dtau_int": 0.10100322661560314
          }
        },
        "n_skipped": 0,
        "step_size": 0
      },
      {
        "acc_rate": 0.41694,
        "n_steps": 100000,
        "obs_stats": {
          "Q": {
            "mean": 0.01176011748611927,
            "error": 0.00699869271424185,
            "tau_int": 3.9462983165075967,
            "dtau_int": 0.1379602575213364
          },
          "Chi_t": {
            "mean": 0.6206862330436707,
            "error": 0.006193437623921684,
            "tau_int": 2.536392555083391,