{
  "observables": [
    "Chi_t"
  ],
  "n_samples": [
    50000,
    80000,
    100000
  ],
  "nip": [],
  "nmcmc": [
    [
      {
        "acc_rate": 0.53886,
        "n_steps": 50000,
        "obs_stats": {
          "Q": {
            "mean": 0.0005799999926239252,
            "error": 0.007490265424340074,
            "tau_int": 2.0756047647885176,
            "dtau_int": 0.07523749823576198
          },
          "Chi_t": {
            "mean": 0.6757000088691711,
            "error": 0.008477448313706486,
            "tau_int": 1.9808118117223334,
            "dtau_int": 0.06979474266176582
          }
        },
        "n_skipped": 0,
        "step_size": 0
      },
      {
        "acc_rate": 0.54098,
        "n_steps": 50000,
        "obs_stats": {
          "Q": {
            "mean": 0.00015999999595806003,
            "error": 0.007366264960081518,
            "tau_int": 2.011205767778534,
            "dtau_int": 0.0707962581893804
          },
          "Chi_t": {
            "mean": 0.6744400262832642,
            "error": 0.008232874247011707,
            "tau_int": 1.8496574501752336,
            "dtau_int": 0.06332281152851076
          }
        },
        "n_skipped": 0,
        "step_size": 0
      },
      {
        "acc_rate": 0.5561,
        "n_steps": 50000,
        "obs_stats": {
          "Q": {
            "mean": -0.012500000186264515,
            "error": 0.0067884768975578665,
            "tau_int": 1.6739837458706561,
            "dtau_int": 0.05567301761726214
          },
          "Chi_t": {
            "mean": 0.6883400082588196,
            "error": 0.007766952059927213,
            "tau_int": 1.6009482778300166,
            "dtau_int": 0.05142818374336367
          }
        },
        "n_skipped": 0,
        "step_size": 0
      }
    ],
    [
      {
        "acc_rate": 0.541325,
        "n_steps": 80000,
        "obs_stats": {
          "Q": {
            "mean": 0.00570000009611249,
            "error": 0.0054658833949626584,
            "tau_int": 1.7890488795981665,
            "dtau_int": 0.04852075887797653
          },
          "Chi_t": {
            "mean": 0.6679750084877014,
            "error": 0.006286740127731585,
            "tau_int": 1.7438444713158017,
            "dtau_int": 0.04736737993599099
          }
        },
        "n_skipped": 0,
        "step_size": 0
      },
      {
        "acc_rate": 0.5436625,
        "n_steps": 80000,
        "obs_stats": {
          "Q": {
            "mean": -0.007275000214576721,
            "error": 0.005579995036771066,
            "tau_int": 1.840065045518636,
            "dtau_int": 0.05148884555307228
          },
          "Chi_t": {
            "mean": 0.6768749952316284,
            "error": 0.006352337212928332,
            "tau_int": 1.7456094177799217,
            "dtau_int": 0.047412484803168266
          }
        },
        "n_skipped": 0,
        "step_size": 0
      },
      {
        "acc_rate": 0.5467625,
        "n_steps": 80000,
        "obs_stats": {
          "Q": {
            "mean": -0.0032625000458210707,
            "error": 0.005270269541730505,
            "tau_int": 1.656696519600469,
            "dtau_int": 0.04358608203947467
          },
          "Chi_t": {
            "mean": 0.6706125140190125,
            "error": 0.005769179447434769,
            "tau_int": 1.4507727752212671,
            "dtau_int": 0.035609345917858484
          }
        },
        "n_skipped": 0,
        "step_size": 0
      }
    ],
    [
      {
        "acc_rate": 0.54643,
        "n_steps": 100000,
        "obs_stats": {
          "Q": {
            "mean": 0.003659999929368496,
            "error": 0.0048544386472309554,
            "tau_int": 1.7492000553352884,
            "dtau_int": 0.04248907383633389
          },
          "Chi_t": {
            "mean": 0.6736000180244446,
            "error": 0.005164321862158648,
            "tau_int": 1.4913400583788021,
            "dtau_int": 0.034019110947088885
          }
        },
        "n_skipped": 0,
        "step_size": 0
      },
      {
        "acc_rate": 0.54587,
        "n_steps": 100000,
        "obs_stats": {
          "Q": {
            "mean": -0.0024399999529123306,
            "error": 0.004920474134500815,
            "tau_int": 1.797251419208303,
            "dtau_int": 0.04504293376236016
          },
          "Chi_t": {
            "mean": 0.6735399961471558,
            "error": 0.005457061239827731,
            "tau_int": 1.6106898776727832,
            "dtau_int": 0.03796490019834602
          }
        },
        "n_skipped": 0,
        "step_size": 0
      },
      {
        "acc_rate": 0.54582,
        "n_steps": 100000,
        "obs_stats": {
          "Q": {
            "mean": 0.0009899999713525176,
            "error": 0.004765737057508131,
            "tau_int": 1.699531050085687,
            "dtau_int": 0.04135203028277433
          },
          "Chi_t": {
            "mean": 0.6681699752807617,
            "error": 0.00509074146195141,
            "tau_int": 1.4655772285832973,
            "dtau_int": 0.03346452044230374
          }
        },
        "n_skipped": 0,
        "step_size": 0
      }
    ]
  ],
  "exact_sus": 0.6687749432186545
}