{
  "observables": [
    "Chi_t"
  ],
  "n_samples": [
    25000,
    40000,
    50000,
    75000,
    100000,
    125000,
    150000,
    175000,
    200000,
    225000,
    250000,
    80000
  ],
  "nip": {},
  "nmcmc": [
    [
      {
        "acc_rate": 0.55232,
        "n_steps": 25000.0,
        "obs_stats": {
          "Q": {
            "mean": 0.00476019037887454,
            "error": 0.009483711577522098,
            "tau_int": 1.82226744472236,
            "dtau_int": 0.08524871623431822
          },
          "Chi_t": {
            "mean": 0.6168646812438965,
            "error": 0.010316716297680389,
            "tau_int": 1.7208147506534361,
            "dtau_int": 0.07781339793978298
          }
        },
        "n_skipped": 0.0,
        "step_size": 0.0
      },
      {
        "acc_rate": 0.539,
        "n_steps": 25000.0,
        "obs_stats": {
          "Q": {
            "mean": -0.018960759043693542,
            "error": 0.009410154701248827,
            "tau_int": 1.819050052494641,
            "dtau_int": 0.08510820942107195
          },
          "Chi_t": {
            "mean": 0.6087443232536316,
            "error": 0.010095778934763447,
            "tau_int": 1.7041839477242644,
            "dtau_int": 0.07711149830682566
          }
        },
        "n_skipped": 0.0,
        "step_size": 0.0
      },
      {
        "acc_rate": 0.52604,
        "n_steps": 25000.0,
        "obs_stats": {
          "Q": {
            "mean": -0.01444057747721672,
            "error": 0.011945037064871883,
            "tau_int": 2.8446483470746964,
            "dtau_int": 0.1595282765739808
          },
          "Chi_t": {
            "mean": 0.6270250678062439,
            "error": 0.016186235248248585,
            "tau_int": 4.135322464354086,
            "dtau_int": 0.27363599504371994
          }
        },
        "n_skipped": 0.0,
        "step_size": 0.0
      }
    ],
    [
      {
        "acc_rate": 0.535275,
        "n_steps": 40000.0,
        "obs_stats": {
          "Q": {
            "mean": 0.00965024158358574,
            "error": 0.007434391148019086,
            "tau_int": 1.8158800943793367,
            "dtau_int": 0.06958514839856002
          },
          "Chi_t": {
            "mean": 0.6087652444839478,
            "error": 0.008178161595901444,
            "tau_int": 1.7601329073349348,
            "dtau_int": 0.0652442370834831
          }
        },
        "n_skipped": 0.0,
        "step_size": 0.0
      },
      {
        "acc_rate": 0.541525,
        "n_steps": 40000.0,
        "obs_stats": {
          "Q": {
            "mean": 0.0020500512327998877,
            "error": 0.007867115325101324,
            "tau_int": 1.9966977208099346,
            "dtau_int": 0.07861942412947363
          },
          "Chi_t": {
            "mean": 0.6198654770851135,
            "error": 0.00834345565076229,
            "tau_int": 1.8301600837308563,
            "dtau_int": 0.07009825309285979
          }
        },
        "n_skipped": 0.0,
        "step_size": 0.0
      },
      {
        "acc_rate": 0.54835,
        "n_steps": 40000.0,
        "obs_stats": {
          "Q": {
            "mean": 0.006000149995088577,
            "error": 0.007438251906192041,
            "tau_int": 1.7925666626066197,
            "dtau_int": 0.06636801298247805
          },
          "Chi_t": {
            "mean": 0.6172654032707214,
            "error": 0.0077688516650700765,
            "tau_int": 1.5405690535952417,
            "dtau_int": 0.0532772569093527
          }
        },
        "n_skipped": 0.0,
        "step_size": 0.0
      }
    ],
    [
      {
        "acc_rate": 0.53878,
        "n_steps": 50000.0,
        "obs_stats": {
          "Q": {
            "mean": -0.006440128665417433,
            "error": 0.0071692320361386695,
            "tau_int": 2.054354528883028,
            "dtau_int": 0.07451611291677519
          },
          "Chi_t": {
            "mean": 0.6254525184631348,
            "error": 0.007966278174945635,
            "tau_int": 1.9514803483317262,
            "dtau_int": 0.0688268735373651
          }
        },
        "n_skipped": 0.0,
        "step_size": 0.0
      },
      {
        "acc_rate": 0.54846,
        "n_steps": 50000.0,
        "obs_stats": {
          "Q": {
            "mean": 0.011880237609148026,
            "error": 0.006730323357245807,
            "tau_int": 1.8177968622258804,
            "dtau_int": 0.062300323270665696
          },
          "Chi_t": {
            "mean": 0.6230524778366089,
            "error": 0.007302068034537637,
            "tau_int": 1.692880657846183,
            "dtau_int": 0.05626356138549111
          }
        },
        "n_skipped": 0.0,
        "step_size": 0.0
      },
      {
        "acc_rate": 0.5381,
        "n_steps": 50000.0,
        "obs_stats": {
          "Q": {
            "mean": 0.0015200304333120584,
            "error": 0.007130309682258517,
            "tau_int": 2.036280532099557,
            "dtau_int": 0.07390110366745054
          },
          "Chi_t": {
            "mean": 0.6241324543952942,
            "error": 0.0076486075208067605,
            "tau_int": 1.8625346029887617,
            "dtau_int": 0.0637362675455764
          }
        },
        "n_skipped": 0.0,
        "step_size": 0.0
      }
    ],
    [
      {
        "acc_rate": 0.53812,
        "n_steps": 75000.0,
        "obs_stats": {
          "Q": {
            "mean": -0.010280136950314045,
            "error": 0.005580016837059231,
            "tau_int": 1.890553154754513,
            "dtau_int": 0.054548763225177474
          },
          "Chi_t": {
            "mean": 0.6176748871803284,
            "error": 0.005585455325587368,
            "tau_int": 1.5194261255993577,
            "dtau_int": 0.03997871173696376
          }
        },
        "n_skipped": 0.0,
        "step_size": 0.0
      },
      {
        "acc_rate": 0.5432533333333334,
        "n_steps": 75000.0,
        "obs_stats": {
          "Q": {
            "mean": -0.003933385945856571,
            "error": 0.005536645315939221,
            "tau_int": 1.8499864407220223,
            "dtau_int": 0.05344759448041222
          },
          "Chi_t": {
            "mean": 0.6213549375534058,
            "error": 0.00618591045821673,
            "tau_int": 1.812982376343486,
            "dtau_int": 0.05074142384492904
          }
        },
        "n_skipped": 0.0,
        "step_size": 0.0
      },
      {
        "acc_rate": 0.5353466666666666,
        "n_steps": 75000.0,
        "obs_stats": {
          "Q": {
            "mean": -0.004026720300316811,
            "error": 0.005809636706351044,
            "tau_int": 2.025823156356918,
            "dtau_int": 0.06004898240024112
          },
          "Chi_t": {
            "mean": 0.6247550249099731,
            "error": 0.0061231900725094235,
            "tau_int": 1.7920668105535258,
            "dtau_int": 0.050191743296731914
          }
        },
        "n_skipped": 0.0,
        "step_size": 0.0
      }
    ],
    [
      {
        "acc_rate": 0.53995,
        "n_steps": 100000.0,
        "obs_stats": {
          "Q": {
            "mean": -0.010730107314884663,
            "error": 0.004979386672828411,
            "tau_int": 1.968450067005913,
            "dtau_int": 0.050618976128602444
          },
          "Chi_t": {
            "mean": 0.6298763155937195,
            "error": 0.005333868334984535,
            "tau_int": 1.7695208265658389,
            "dtau_int": 0.04295327503343124
          }
        },
        "n_skipped": 0.0,
        "step_size": 0.0
      },
      {
        "acc_rate": 0.54025,
        "n_steps": 100000.0,
        "obs_stats": {
          "Q": {
            "mean": -0.0004900048952549696,
            "error": 0.004905032781999532,
            "tau_int": 1.9309072114561774,
            "dtau_int": 0.04970990540441538
          },
          "Chi_t": {
            "mean": 0.6229762434959412,