{
  "observables": [
    "Chi_t"
  ],
  "n_samples": [
    50000,
    125000,
    250000,
    500000,
    1000000,
    100000
  ],
  "nip": [
    [
      {
        "obs_stats": {
          "Q": {
            "mean": -0.01189101580530405,
            "error": 0.008914696983993053,
            "error_ess": 0.01024533249437809,
            "ess_q": 0.08988792449235916
          },
          "Chi_t": {
            "mean": 0.4718945622444153,
            "error": 0.009373215958476067,
            "error_ess": 0.010064555332064629,
            "ess_q": 0.08988792449235916
          }
        },
        "entropy": 47713.1015625,
        "std_entropy": 20292626.0,
        "free_energy": -0.24615155915432385,
        "std_free_energy": 0.0017516370862722397
      },
      {
        "obs_stats": {
          "Q": {
            "mean": -0.00259192381054163,
            "error": 0.009066813625395298,
            "error_ess": 0.012662911787629128,
            "ess_q": 0.05825718864798546
          },
          "Chi_t": {
            "mean": 0.46707239747047424,
            "error": 0.009645435027778149,
            "error_ess": 0.012532906606793404,
            "ess_q": 0.05825718864798546
          }
        },
        "entropy": 47536.7890625,
        "std_entropy": 25058698.0,
        "free_energy": -0.24581878378304933,
        "std_free_energy": 0.0022132922895252705
      },
      {
        "obs_stats": {
          "Q": {
            "mean": -0.02835778146982193,
            "error": 0.022513002157211304,
            "error_ess": 0.017996571958065033,
            "ess_q": 0.030246831476688385
          },
          "Chi_t": {
            "mean": 0.4906063675880432,
            "error": 0.022663075476884842,
            "error_ess": 0.01741729862987995,
            "ess_q": 0.030246831476688385
          }
        },
        "entropy": 47841.12109375,
        "std_entropy": 35141020.0,
        "free_energy": -0.24624264611476587,
        "std_free_energy": 0.0031170088332146406
      }
    ],
    [
      {
        "obs_stats": {
          "Q": {
            "mean": -0.016566842794418335,
            "error": 0.01137384120374918,
            "error_ess": 0.010402308776974678,
            "ess_q": 0.03568519651889801
          },
          "Chi_t": {
            "mean": 0.4829486906528473,
            "error": 0.011867363005876541,
            "error_ess": 0.010391180403530598,
            "ess_q": 0.03568519651889801
          }
        },
        "entropy": 121089.25,
        "std_entropy": 127471864.0,
        "free_energy": -0.24602186516582544,
        "std_free_energy": 0.0018098397413268685
      },
      {
        "obs_stats": {
          "Q": {
            "mean": 0.006272952537983656,
            "error": 0.007775268517434597,
            "error_ess": 0.007275611627846956,
            "ess_q": 0.07404162734746933
          },
          "Chi_t": {
            "mean": 0.4899551272392273,
            "error": 0.008037654682993889,
            "error_ess": 0.007108576595783234,
            "ess_q": 0.07404162734746933
          }
        },
        "entropy": 120890.5078125,
        "std_entropy": 88261672.0,
        "free_energy": -0.24587108259601126,
        "std_free_energy": 0.0012312111211940646
      },
      {
        "obs_stats": {
          "Q": {
            "mean": -0.024739863350987434,
            "error": 0.02022755704820156,
            "error_ess": 0.014973907731473446,
            "ess_q": 0.0178384929895401
          },
          "Chi_t": {
            "mean": 0.5005717873573303,
            "error": 0.020948665216565132,
            "error_ess": 0.01460430771112442,
            "ess_q": 0.0178384929895401
          }
        },
        "entropy": 120821.671875,
        "std_entropy": 179539776.0,
        "free_energy": -0.2461591546172253,
        "std_free_energy": 0.0025833731051534414
      }
    ],
    [
      {
        "obs_stats": {
          "Q": {
            "mean": -0.0034391763620078564,
            "error": 0.004380396101623774,
            "error_ess": 0.004822148941457272,
            "ess_q": 0.0817001536488533
          },
          "Chi_t": {
            "mean": 0.47495579719543457,
            "error": 0.005320404656231403,
            "error_ess": 0.004815040621906519,
            "ess_q": 0.0817001536488533
          }
        },
        "entropy": 244257.421875,
        "std_entropy": 237410240.0,
        "free_energy": -0.2458310886634859,
        "std_free_energy": 0.00082535290857777
      },
      {
        "obs_stats": {
          "Q": {
            "mean": 0.010117413476109505,
            "error": 0.00765709625557065,
            "error_ess": 0.006661067716777325,
            "ess_q": 0.04348559305071831
          },
          "Chi_t": {
            "mean": 0.48246243596076965,
            "error": 0.007876149378716946,
            "error_ess": 0.006535267923027277,
            "ess_q": 0.04348559305071831
          }
        },
        "entropy": 244309.09375,
        "std_entropy": 325427840.0,
        "free_energy": -0.24601676977612125,
        "std_free_energy": 0.0011546009918674827
      },
      {
        "obs_stats": {
          "Q": {
            "mean": 0.00043924711644649506,
            "error": 0.003913521766662598,
            "error_ess": 0.007653391920030117,
            "ess_q": 0.03218260034918785
          },
          "Chi_t": {
            "mean": 0.4712674617767334,
            "error": 0.004397421143949032,
            "error_ess": 0.007673232350498438,
            "ess_q": 0.03218260034918785
          }
        },
        "entropy": 244735.15625,
        "std_entropy": 379439872.0,
        "free_energy": -0.24606066031117882,
        "std_free_energy": 0.0013500349596142769
      }
    ],
    [
      {
        "obs_stats": {
          "Q": {
            "mean": 0.0022272036876529455,
            "error": 0.0032017796766012907,
            "error_ess": 0.0040799533016979694,
            "ess_q": 0.056716591119766235
          },
          "Chi_t": {
            "mean": 0.47205671668052673,
            "error": 0.0034686638973653316,
            "error_ess": 0.0040412647649645805,
            "ess_q": 0.056716591119766235
          }
        },
        "entropy": 493636.1875,
        "std_entropy": 805113088.0,
        "free_energy": -0.24612679039434776,
        "std_free_energy": 0.0007099201320670545
      },
      {
        "obs_stats": {
          "Q": {
            "mean": 0.0036946558393538,
            "error": 0.004213749896734953,
            "error_ess": 0.004040449857711792,
            "ess_q": 0.05928213521838188
          },
          "Chi_t": {
            "mean": 0.4839101731777191,
            "error": 0.00516116339713335,
            "error_ess": 0.004036576021462679,
            "ess_q": 0.05928213521838188
          }
        },
        "entropy": 494149.09375,
        "std_entropy": 789279424.0,
        "free_energy": -0.24592622630013483,
        "std_free_energy": 0.0006934438133612275
      },
      {
        "obs_stats": {
          "Q": {
            "mean": 0.004519663285464048,
            "error": 0.006079851649701595,
            "error_ess": 0.005924163851886988,
            "ess_q": 0.027181684970855713
          },
          "Chi_t": {
            "mean": 0.47699984908103943,
            "error": 0.006330314092338085,
            "error_ess": 0.005896522663533688,
            "ess_q": 0.027181684970855713
          }
        },
        "entropy": 494918.40625,
        "std_entropy": 1168381952.0,
        "free_energy": -0.24617365419930692,
        "std_free_energy": 0.0010414086282253265
      }
    ],
    [
      {
        "obs_stats": {
          "Q": {
            "mean": -0.0006925674388185143,
            "error": 0.0027985277120023966,
            "error_ess": 0.003489133669063449,
            "ess_q": 0.039187271147966385
          },
          "Chi_t": {
            "mean": 0.4770679771900177,
            "error": 0.0034072711132466793,