{
  "observables": [
    "Chi_t"
  ],
  "n_samples": [
    50000,
    80000,
    100000
  ],
  "nip": [],
  "nmcmc": [
    [
      {
        "acc_rate": 0.49266,
        "n_steps": 50000,
        "obs_stats": {
          "Q": {
            "mean": -0.005900000222027302,
            "error": 0.007418915955693284,
            "tau_int": 2.220512823843109,
            "dtau_int": 0.08255886310355107
          },
          "Chi_t": {
            "mean": 0.6196600198745728,
            "error": 0.008214767522156802,
            "tau_int": 2.104434737275472,
            "dtau_int": 0.07621556133024149
          }
        },
        "n_skipped": 0,
        "step_size": 0
      },
      {
        "acc_rate": 0.50316,
        "n_steps": 50000,
        "obs_stats": {
          "Q": {
            "mean": 0.02054000087082386,
            "error": 0.007163405404148261,
            "tau_int": 2.117316183766819,
            "dtau_int": 0.07665195488589828
          },
          "Chi_t": {
            "mean": 0.6062600016593933,
            "error": 0.008098227248380697,
            "tau_int": 2.1196435136316807,
            "dtau_int": 0.07673075906263283
          }
        },
        "n_skipped": 0,
        "step_size": 0
      },
      {
        "acc_rate": 0.5123,
        "n_steps": 50000,
        "obs_stats": {
          "Q": {
            "mean": -0.005659999791532755,
            "error": 0.006997481022459837,
            "tau_int": 2.0004651084869036,
            "dtau_int": 0.07044258869739965
          },
          "Chi_t": {
            "mean": 0.6118999719619751,
            "error": 0.007353042314886892,
            "tau_int": 1.7846976810010258,
            "dtau_int": 0.06123422805070227
          }
        },
        "n_skipped": 0,
        "step_size": 0
      }
    ],
    [
      {
        "acc_rate": 0.495125,
        "n_steps": 80000,
        "obs_stats": {
          "Q": {
            "mean": -0.004662500228732824,
            "error": 0.005977516207712598,
            "tau_int": 2.3132222763157704,
            "dtau_int": 0.07164788754328164
          },
          "Chi_t": {
            "mean": 0.6178374886512756,
            "error": 0.006260289227400309,
            "tau_int": 2.0669014007756688,
            "dtau_int": 0.0610227893001149
          }
        },
        "n_skipped": 0,
        "step_size": 0
      },
      {
        "acc_rate": 0.4997,
        "n_steps": 80000,
        "obs_stats": {
          "Q": {
            "mean": -0.00634999992325902,
            "error": 0.005675616666370274,
            "tau_int": 2.0865063004363704,
            "dtau_int": 0.06156695280868863
          },
          "Chi_t": {
            "mean": 0.6175500154495239,
            "error": 0.006491524168161715,
            "tau_int": 2.136033542553286,
            "dtau_int": 0.06293866684093856
          }
        },
        "n_skipped": 0,
        "step_size": 0
      },
      {
        "acc_rate": 0.5072125,
        "n_steps": 80000,
        "obs_stats": {
          "Q": {
            "mean": -0.0005624999757856131,
            "error": 0.005865242636509594,
            "tau_int": 2.216308264634697,
            "dtau_int": 0.06701115652158304
          },
          "Chi_t": {
            "mean": 0.6208375096321106,
            "error": 0.006236492038251625,
            "tau_int": 2.0410356617068843,
            "dtau_int": 0.05855134114346779
          }
        },
        "n_skipped": 0,
        "step_size": 0
      }
    ],
    [
      {
        "acc_rate": 0.50072,
        "n_steps": 100000,
        "obs_stats": {
          "Q": {
            "mean": -0.00853000022470951,
            "error": 0.005110509182587187,
            "tau_int": 2.1120135621189164,
            "dtau_int": 0.055699506165045196
          },
          "Chi_t": {
            "mean": 0.6183500289916992,
            "error": 0.005737698397399996,
            "tau_int": 2.089474638617722,
            "dtau_int": 0.05514079685263096
          }
        },
        "n_skipped": 0,
        "step_size": 0
      },
      {
        "acc_rate": 0.49833,
        "n_steps": 100000,
        "obs_stats": {
          "Q": {
            "mean": 0.0033100000582635403,
            "error": 0.005476569330616147,
            "tau_int": 2.4218650028794717,
            "dtau_int": 0.0686343637565936
          },
          "Chi_t": {
            "mean": 0.619189977645874,
            "error": 0.0056634083717736995,
            "tau_int": 2.031900822927945,
            "dtau_int": 0.05371002152029732
          }
        },
        "n_skipped": 0,
        "step_size": 0
      },
      {
        "acc_rate": 0.50321,
        "n_steps": 100000,
        "obs_stats": {
          "Q": {
            "mean": 0.005690000019967556,
            "error": 0.0053298311459872355,
            "tau_int": 2.291389824901912,
            "dtau_int": 0.06351509432335097
          },
          "Chi_t": {
            "mean": 0.6198700070381165,
            "error": 0.006122060007848326,
            "tau_int": 2.339935230280862,
            "dtau_int": 0.06477871344533735
          }
        },
        "n_skipped": 0,
        "step_size": 0
      }
    ]
  ],
  "exact_sus": 0.6194099585690315
}