{
  "observables": [
    "Chi_t"
  ],
  "n_samples": [
    25000,
    40000,
    50000,
    75000,
    100000,
    125000,
    150000,
    175000
  ],
  "nip": [],
  "nmcmc": [
    [
      {
        "acc_rate": 0.09204,
        "n_steps": 25000,
        "obs_stats": {
          "Q": {
            "mean": -0.0006800271803513169,
            "error": 0.03300496891031303,
            "tau_int": 31.866049622350772,
            "dtau_int": 4.914234944089642
          },
          "Chi_t": {
            "mean": 0.42621704936027527,
            "error": 0.03391699854530162,
            "tau_int": 31.208475269240044,
            "dtau_int": 4.7747519168852595
          }
        },
        "n_skipped": 0,
        "step_size": 0
      },
      {
        "acc_rate": 0.09752,
        "n_steps": 25000,
        "obs_stats": {
          "Q": {
            "mean": -0.004360174294561148,
            "error": 0.03154858073068888,
            "tau_int": 28.44152231434796,
            "dtau_int": 4.196471897708431
          },
          "Chi_t": {
            "mean": 0.43645745515823364,
            "error": 0.03941229663544328,
            "tau_int": 37.887461242291366,
            "dtau_int": 6.2599325708552955
          }
        },
        "n_skipped": 0,
        "step_size": 0
      },
      {
        "acc_rate": 0.04284,
        "n_steps": 25000,
        "obs_stats": {
          "Q": {
            "mean": 0.17436698079109192,
            "error": 0.10555932700905285,
            "tau_int": 344.40700708992506,
            "dtau_int": 125.13883444288065
          },
          "Chi_t": {
            "mean": 0.4246169924736023,
            "error": 0.09998733351661838,
            "tau_int": 386.31339072483286,
            "dtau_int": 145.1405185421932
          }
        },
        "n_skipped": 0,
        "step_size": 0
      }
    ],
    [
      {
        "acc_rate": 0.078875,
        "n_steps": 40000,
        "obs_stats": {
          "Q": {
            "mean": -0.07027675956487656,
            "error": 0.04374921857296383,
            "tau_int": 78.0049941070943,
            "dtau_int": 14.223956006753259
          },
          "Chi_t": {
            "mean": 0.49378734827041626,
            "error": 0.04673386813924301,
            "tau_int": 88.65384996319665,
            "dtau_int": 17.003414292856796
          }
        },
        "n_skipped": 0,
        "step_size": 0
      },
      {
        "acc_rate": 0.022775,
        "n_steps": 40000,
        "obs_stats": {
          "Q": {
            "mean": -0.045751143246889114,
            "error": 0.02258329390353752,
            "tau_int": 89.46584334788224,
            "dtau_int": 17.210108012683865
          },
          "Chi_t": {
            "mean": 0.11560288816690445,
            "error": 0.08342301413572242,
            "tau_int": 1071.412336247579,
            "dtau_int": 462.83702375493027
          }
        },
        "n_skipped": 0,
        "step_size": 0
      },
      {
        "acc_rate": 0.088125,
        "n_steps": 40000,
        "obs_stats": {
          "Q": {
            "mean": -0.01562539115548134,
            "error": 0.041720386353101234,
            "tau_int": 81.28727720579015,
            "dtau_int": 15.05947024630347
          },
          "Chi_t": {
            "mean": 0.4267856776714325,
            "error": 0.06175821237553082,
            "tau_int": 128.29840697277209,
            "dtau_int": 28.31920403618931
          }
        },
        "n_skipped": 0,
        "step_size": 0
      }
    ],
    [
      {
        "acc_rate": 0.08344,
        "n_steps": 50000,
        "obs_stats": {
          "Q": {
            "mean": 0.01678033545613289,
            "error": 0.029522880182880712,
            "tau_int": 54.18577523107435,
            "dtau_int": 7.819582715110571
          },
          "Chi_t": {
            "mean": 0.40154802799224854,
            "error": 0.0373764640906274,
            "tau_int": 75.2021013162209,
            "dtau_int": 12.371688098592625
          }
        },
        "n_skipped": 0,
        "step_size": 0
      },
      {
        "acc_rate": 0.10228,
        "n_steps": 50000,
        "obs_stats": {
          "Q": {
            "mean": 0.03542070835828781,
            "error": 0.04281648745728198,
            "tau_int": 81.79061138164299,
            "dtau_int": 13.91338112545062
          },
          "Chi_t": {
            "mean": 0.5597912073135376,
            "error": 0.03281788298347246,
            "tau_int": 54.453640182995464,
            "dtau_int": 7.8692813801152335
          }
        },
        "n_skipped": 0,
        "step_size": 0
      },
      {
        "acc_rate": 0.09864,
        "n_steps": 50000,
        "obs_stats": {
          "Q": {
            "mean": 0.00310006202198565,
            "error": 0.029534534027221664,
            "tau_int": 45.32098923869309,
            "dtau_int": 6.082927926191505
          },
          "Chi_t": {
            "mean": 0.4803096055984497,
            "error": 0.03703252099128017,
            "tau_int": 71.5084499860815,
            "dtau_int": 11.53035650771198
          }
        },
        "n_skipped": 0,
        "step_size": 0
      }
    ],
    [
      {
        "acc_rate": 0.08144,
        "n_steps": 75000,
        "obs_stats": {
          "Q": {
            "mean": 0.06032080575823784,
            "error": 0.07218870930876058,
            "tau_int": 353.0043853306709,
            "dtau_int": 89.76818578020554
          },
          "Chi_t": {
            "mean": 0.5522207021713257,
            "error": 0.02899944486616162,
            "tau_int": 72.65879482647863,
            "dtau_int": 10.009642520159597
          }
        },
        "n_skipped": 0,
        "step_size": 0
      },
      {
        "acc_rate": 0.09158666666666666,
        "n_steps": 75000,
        "obs_stats": {
          "Q": {
            "mean": -0.029107054695487022,
            "error": 0.02566914038335412,
            "tau_int": 52.34736371766478,
            "dtau_int": 6.306717051923494
          },
          "Chi_t": {
            "mean": 0.4722062945365906,
            "error": 0.027002025567565074,
            "tau_int": 62.796855169916164,
            "dtau_int": 8.1485363714707
          }
        },
        "n_skipped": 0,
        "step_size": 0
      },
      {
        "acc_rate": 0.09458666666666667,
        "n_steps": 75000,
        "obs_stats": {
          "Q": {
            "mean": 0.06633421778678894,
            "error": 0.028859040314353133,
            "tau_int": 65.11340442610037,
            "dtau_int": 8.577732355333524
          },
          "Chi_t": {
            "mean": 0.48321977257728577,
            "error": 0.029703417236177795,
            "tau_int": 67.74904003855544,
            "dtau_int": 9.065964971376776
          }
        },
        "n_skipped": 0,
        "step_size": 0
      }
    ],
    [
      {
        "acc_rate": 0.08263,
        "n_steps": 100000,
        "obs_stats": {
          "Q": {
            "mean": -0.07410074025392532,
            "error": 0.03526852105814396,
            "tau_int": 123.29058937940822,
            "dtau_int": 18.717690819189816
          },
          "Chi_t": {
            "mean": 0.5087050795555115,
            "error": 0.024724988713131557,
            "tau_int": 61.543838277955864,
            "dtau_int": 7.027427000447023
          }
        },
        "n_skipped": 0,
        "step_size": 0
      },
      {
        "acc_rate": 0.0782,
        "n_steps": 100000,
        "obs_stats": {
          "Q": {
            "mean": 0.08430084586143494,
            "error": 0.06424306999990849,
            "tau_int": 382.67697670167036,
            "dtau_int": 90.19614063041469
          },
          "Chi_t": {
            "mean": 0.5423654317855835,
            "error": 0.09784634465538372,
            "tau_int": 604.100354476722,
            "dtau_int": 167.86682343208108
          }
        },
        "n_skipped": 0,