{
  "observables": [
    "Chi_t"
  ],
  "n_samples": [
    50000,
    80000,
    100000,
    150000,
    200000
  ],
  "nip": [],
  "nmcmc": [
    [
      {
        "acc_rate": 0.33862,
        "n_steps": 50000,
        "obs_stats": {
          "Q": {
            "mean": 0.0106800002977252,
            "error": 0.01031428986436488,
            "tau_int": 4.474511851614965,
            "dtau_int": 0.22648452603733607
          },
          "Chi_t": {
            "mean": 0.5943999886512756,
            "error": 0.010734883114630276,
            "tau_int": 3.911328088893807,
            "dtau_int": 0.18705366878136553
          }
        },
        "n_skipped": 0,
        "step_size": 0
      },
      {
        "acc_rate": 0.34582,
        "n_steps": 50000,
        "obs_stats": {
          "Q": {
            "mean": -0.005880000069737434,
            "error": 0.011668441045908534,
            "tau_int": 5.546005462259116,
            "dtau_int": 0.30560047986733935
          },
          "Chi_t": {
            "mean": 0.6136400103569031,
            "error": 0.012785013671338148,
            "tau_int": 5.507525579611357,
            "dtau_int": 0.30363393383421516
          }
        },
        "n_skipped": 0,
        "step_size": 0
      },
      {
        "acc_rate": 0.33742,
        "n_steps": 50000,
        "obs_stats": {
          "Q": {
            "mean": -0.023439999669790268,
            "error": 0.010817550008570792,
            "tau_int": 4.966804776522561,
            "dtau_int": 0.2610600792424468
          },
          "Chi_t": {
            "mean": 0.5894399881362915,
            "error": 0.011529171239893832,
            "tau_int": 4.679466164495587,
            "dtau_int": 0.23978064563429594
          }
        },
        "n_skipped": 0,
        "step_size": 0
      }
    ],
    [
      {
        "acc_rate": 0.333775,
        "n_steps": 80000,
        "obs_stats": {
          "Q": {
            "mean": -0.00983749981969595,
            "error": 0.011147573373326444,
            "tau_int": 7.991668022142479,
            "dtau_int": 0.4210188352667311
          },
          "Chi_t": {
            "mean": 0.6219624876976013,
            "error": 0.02431216800956997,
            "tau_int": 27.1788652231872,
            "dtau_int": 2.4181640992644096
          }
        },
        "n_skipped": 0,
        "step_size": 0
      },
      {
        "acc_rate": 0.335775,
        "n_steps": 80000,
        "obs_stats": {
          "Q": {
            "mean": -0.01477499958127737,
            "error": 0.0092386207128313,
            "tau_int": 5.663315125098587,
            "dtau_int": 0.2559062951428259
          },
          "Chi_t": {
            "mean": 0.6029750108718872,
            "error": 0.012717473352855007,
            "tau_int": 8.160583831228186,
            "dtau_int": 0.4331241541109852
          }
        },
        "n_skipped": 0,
        "step_size": 0
      },
      {
        "acc_rate": 0.32715,
        "n_steps": 80000,
        "obs_stats": {
          "Q": {
            "mean": 0.0016125000547617674,
            "error": 0.011876189612282562,
            "tau_int": 9.120925690535508,
            "dtau_int": 0.5093817515933929
          },
          "Chi_t": {
            "mean": 0.6184124946594238,
            "error": 0.014559851057803469,
            "tau_int": 10.758281965992014,
            "dtau_int": 0.6443380985251914
          }
        },
        "n_skipped": 0,
        "step_size": 0
      }
    ],
    [
      {
        "acc_rate": 0.32462,
        "n_steps": 100000,
        "obs_stats": {
          "Q": {
            "mean": -0.04149999842047691,
            "error": 0.011496180386068111,
            "tau_int": 10.785054968373304,
            "dtau_int": 0.5856391904175011
          },
          "Chi_t": {
            "mean": 0.614300012588501,
            "error": 0.009689877550851368,
            "tau_int": 6.612706603668871,
            "dtau_int": 0.289413906524563
          }
        },
        "n_skipped": 0,
        "step_size": 0
      },
      {
        "acc_rate": 0.32754,
        "n_steps": 100000,
        "obs_stats": {
          "Q": {
            "mean": -0.003759999992325902,
            "error": 0.008876953067662658,
            "tau_int": 6.51474012396586,
            "dtau_int": 0.2854177757889962
          },
          "Chi_t": {
            "mean": 0.6047199964523315,
            "error": 0.010948052097428369,
            "tau_int": 7.773078785644433,
            "dtau_int": 0.36699114905737035
          }
        },
        "n_skipped": 0,
        "step_size": 0
      },
      {
        "acc_rate": 0.34561,
        "n_steps": 100000,
        "obs_stats": {
          "Q": {
            "mean": -0.008740000426769257,
            "error": 0.007607897048986643,
            "tau_int": 4.906245499435317,
            "dtau_int": 0.19025545682802236
          },
          "Chi_t": {
            "mean": 0.5898799896240234,
            "error": 0.007359488987375066,
            "tau_int": 3.82535263625767,
            "dtau_int": 0.13179358005672484
          }
        },
        "n_skipped": 0,
        "step_size": 0
      }
    ],
    [
      {
        "acc_rate": 0.3339,
        "n_steps": 150000,
        "obs_stats": {
          "Q": {
            "mean": 0.0009800000116229057,
            "error": 0.0064486243346507915,
            "tau_int": 5.327913451042484,
            "dtau_int": 0.1786710016248596
          },
          "Chi_t": {
            "mean": 0.5853400230407715,
            "error": 0.006982174023865022,
            "tau_int": 5.147075740050937,
            "dtau_int": 0.16884275553463562
          }
        },
        "n_skipped": 0,
        "step_size": 0
      },
      {
        "acc_rate": 0.3355066666666667,
        "n_steps": 150000,
        "obs_stats": {
          "Q": {
            "mean": 0.003286666702479124,
            "error": 0.007354347184629696,
            "tau_int": 6.808958340937817,
            "dtau_int": 0.25279744787069597
          },
          "Chi_t": {
            "mean": 0.5957133173942566,
            "error": 0.006556033939612382,
            "tau_int": 4.670273973809282,
            "dtau_int": 0.14636120240459102
          }
        },
        "n_skipped": 0,
        "step_size": 0
      },
      {
        "acc_rate": 0.32982,
        "n_steps": 150000,
        "obs_stats": {
          "Q": {
            "mean": -0.020213333889842033,
            "error": 0.007919224577501889,
            "tau_int": 7.685544639497444,
            "dtau_int": 0.30177081438955095
          },
          "Chi_t": {
            "mean": 0.6123466491699219,
            "error": 0.00838724915492515,
            "tau_int": 6.955868389022222,
            "dtau_int": 0.2603741299686433
          }
        },
        "n_skipped": 0,
        "step_size": 0
      }
    ],
    [
      {
        "acc_rate": 0.335975,
        "n_steps": 200000,
        "obs_stats": {
          "Q": {
            "mean": -0.0042500002309679985,
            "error": 0.006320434215272523,
            "tau_int": 6.705794998422526,
            "dtau_int": 0.21790058571473253
          },
          "Chi_t": {
            "mean": 0.5957000255584717,
            "error": 0.008238185610225693,
            "tau_int": 9.291227665748794,
            "dtau_int": 0.34816394064878503
          }
        },
        "n_skipped": 0,
        "step_size": 0
      },
      {
        "acc_rate": 0.336495,
        "n_steps": 200000,
        "obs_stats": {
          "Q": {
            "mean": 0.010820000432431698,
            "error": 0.005688028126630858,
            "tau_int": 5.591469587113405,
            "dtau_int": 0.1675735177536216
          },
          "Chi_t": {
            "mean": 0.5787100195884705,
            "error": 0.0054762499744123935,
            "tau_int": 4.374076449352934,
            "dtau_int": 0.11757387892082467
          }
        },
        "n_skipped": 0,