{
  "observables": [
    "Chi_t"
  ],
  "n_samples": [
    50000,
    125000,
    250000
  ],
  "nip": [
    [
      {
        "obs_stats": {
          "Q": {
            "mean": 0.002872952027246356,
            "error": 0.006857947912067175,
            "error_ess": 0.0073097459971904755,
            "ess_q": 0.41071397066116333
          },
          "Chi_t": {
            "mean": 1.0972576141357422,
            "error": 0.010723448358476162,
            "error_ess": 0.010720434598624706,
            "ess_q": 0.41071397066116333
          }
        },
        "entropy": 71258.671875,
        "std_entropy": 10541135.0,
        "free_energy": -0.6406161566477577,
        "std_free_energy": 0.000691571447532624
      },
      {
        "obs_stats": {
          "Q": {
            "mean": 0.005385433789342642,
            "error": 0.007287788204848766,
            "error_ess": 0.007554617244750261,
            "ess_q": 0.39077985286712646
          },
          "Chi_t": {
            "mean": 1.1151407957077026,
            "error": 0.011770645156502724,
            "error_ess": 0.011365348473191261,
            "ess_q": 0.39077985286712646
          }
        },
        "entropy": 71188.984375,
        "std_entropy": 10775453.0,
        "free_energy": -0.6409665783213024,
        "std_free_energy": 0.000720882962923497
      },
      {
        "obs_stats": {
          "Q": {
            "mean": -0.006222093012183905,
            "error": 0.007088927086442709,
            "error_ess": 0.007329455576837063,
            "ess_q": 0.4159280061721802
          },
          "Chi_t": {
            "mean": 1.1172181367874146,
            "error": 0.011573541909456253,
            "error_ess": 0.010994917713105679,
            "ess_q": 0.4159280061721802
          }
        },
        "entropy": 71148.3671875,
        "std_entropy": 10435298.0,
        "free_energy": -0.6406918350912972,
        "std_free_energy": 0.0006841759895905852
      }
    ],
    [
      {
        "obs_stats": {
          "Q": {
            "mean": -0.003099145833402872,
            "error": 0.0045192367397248745,
            "error_ess": 0.004872838035225868,
            "ess_q": 0.37174221873283386
          },
          "Chi_t": {
            "mean": 1.103357195854187,
            "error": 0.007124675437808037,
            "error_ess": 0.007237848825752735,
            "ess_q": 0.37174221873283386
          }
        },
        "entropy": 179845.671875,
        "std_entropy": 43667008.0,
        "free_energy": -0.6407313628541317,
        "std_free_energy": 0.00047469986020587385
      },
      {
        "obs_stats": {
          "Q": {
            "mean": -0.0009741394896991551,
            "error": 0.004553200677037239,
            "error_ess": 0.004712083376944065,
            "ess_q": 0.40193647146224976
          },
          "Chi_t": {
            "mean": 1.115553379058838,
            "error": 0.007202711421996355,
            "error_ess": 0.007022373378276825,
            "ess_q": 0.40193647146224976
          }
        },
        "entropy": 179897.234375,
        "std_entropy": 42023344.0,
        "free_energy": -0.6407347328877376,
        "std_free_energy": 0.00044541622628457844
      },
      {
        "obs_stats": {
          "Q": {
            "mean": 0.00042410226888023317,
            "error": 0.004560745786875486,
            "error_ess": 0.004869720432907343,
            "ess_q": 0.3731074631214142
          },
          "Chi_t": {
            "mean": 1.1059834957122803,
            "error": 0.00714932382106781,
            "error_ess": 0.007248534355312586,
            "ess_q": 0.3731074631214142
          }
        },
        "entropy": 179831.109375,
        "std_entropy": 43580400.0,
        "free_energy": -0.6407068157270911,
        "std_free_energy": 0.00047331544919870794
      }
    ],
    [
      {
        "obs_stats": {
          "Q": {
            "mean": 0.007056926842778921,
            "error": 0.0031564049422740936,
            "error_ess": 0.0033069190103560686,
            "ess_q": 0.40579354763031006
          },
          "Chi_t": {
            "mean": 1.109455943107605,
            "error": 0.005080569069832563,
            "error_ess": 0.00494463462382555,
            "ess_q": 0.40579354763031006
          }
        },
        "entropy": 362514.125,
        "std_entropy": 118172544.0,
        "free_energy": -0.6406779071491367,
        "std_free_energy": 0.00031244338606484234
      },
      {
        "obs_stats": {
          "Q": {
            "mean": 0.0021184636279940605,
            "error": 0.0031813925597816706,
            "error_ess": 0.00330947944894433,
            "ess_q": 0.40512147545814514
          },
          "Chi_t": {
            "mean": 1.1092888116836548,
            "error": 0.005139155779033899,
            "error_ess": 0.004928650334477425,
            "ess_q": 0.40512147545814514
          }
        },
        "entropy": 362590.28125,
        "std_entropy": 118323944.0,
        "free_energy": -0.6407102326560554,
        "std_free_energy": 0.0003128792450297624
      },
      {
        "obs_stats": {
          "Q": {
            "mean": -0.002197752706706524,
            "error": 0.0031804516911506653,
            "error_ess": 0.0033092969097197056,
            "ess_q": 0.4022015631198883
          },
          "Chi_t": {
            "mean": 1.1011728048324585,
            "error": 0.005132006946951151,
            "error_ess": 0.00495132664218545,
            "ess_q": 0.4022015631198883
          }
        },
        "entropy": 362543.8125,
        "std_entropy": 118705760.0,
        "free_energy": -0.6407626936495338,
        "std_free_energy": 0.0003147826064378023
      }
    ]
  ],
  "nmcmc": [
    [
      {
        "acc_rate": 0.51542,
        "n_steps": 50000,
        "obs_stats": {
          "Q": {
            "mean": 0.0040200804360210896,
            "error": 0.00918152637015841,
            "tau_int": 1.9243654559801575,
            "dtau_int": 0.06792971040767588
          },
          "Chi_t": {
            "mean": 1.0950819253921509,
            "error": 0.013869966574514246,
            "tau_int": 1.9757867968962342,
            "dtau_int": 0.06962965040761601
          }
        },
        "n_skipped": 0,
        "step_size": 0
      },
      {
        "acc_rate": 0.51956,
        "n_steps": 50000,
        "obs_stats": {
          "Q": {
            "mean": -0.009660192765295506,
            "error": 0.009651384864218739,
            "tau_int": 2.107860839223894,
            "dtau_int": 0.07633242998939131
          },
          "Chi_t": {
            "mean": 1.104762077331543,
            "error": 0.01405155163046486,
            "tau_int": 1.9896767950749257,
            "dtau_int": 0.07008777857920193
          }
        },
        "n_skipped": 0,
        "step_size": 0
      },
      {
        "acc_rate": 0.51548,
        "n_steps": 50000,
        "obs_stats": {
          "Q": {
            "mean": -0.00452009029686451,
            "error": 0.009608194174518749,
            "tau_int": 2.0745179566935654,
            "dtau_int": 0.07520134302321042
          },
          "Chi_t": {
            "mean": 1.112422227859497,
            "error": 0.013296111845487754,
            "tau_int": 1.8189599974192365,
            "dtau_int": 0.06233771737780909
          }
        },
        "n_skipped": 0,
        "step_size": 0
      }
    ],
    [
      {
        "acc_rate": 0.512368,
        "n_steps": 125000,
        "obs_stats": {
          "Q": {
            "mean": -0.009616076946258545,
            "error": 0.006248518784042344,
            "tau_int": 2.1689474574383434,
            "dtau_int": 0.05253145850014298
          },
          "Chi_t": {
            "mean": 1.125128984451294,
            "error": 0.008995322988973849,
            "tau_int": 2.0036541858194594,
            "dtau_int": 0.04741035107809638
          }
        },
        "n_skipped": 0,