{
  "observables": [
    "Chi_t"
  ],
  "n_samples": [
    50000,
    80000,
    100000
  ],
  "nip": [],
  "nmcmc": [
    [
      {
        "acc_rate": 0.65858,
        "n_steps": 50000,
        "obs_stats": {
          "Q": {
            "mean": -0.00674000009894371,
            "error": 0.005582891723446765,
            "tau_int": 1.167741049650744,
            "dtau_int": 0.031906923514263635
          },
          "Chi_t": {
            "mean": 0.6672999858856201,
            "error": 0.006278899952325312,
            "tau_int": 1.1030074881893464,
            "dtau_int": 0.030242514302534294
          }
        },
        "n_skipped": 0,
        "step_size": 0
      },
      {
        "acc_rate": 0.65544,
        "n_steps": 50000,
        "obs_stats": {
          "Q": {
            "mean": -0.002899999963119626,
            "error": 0.005743935339988275,
            "tau_int": 1.2250685992033246,
            "dtau_int": 0.03512326393641475
          },
          "Chi_t": {
            "mean": 0.673259973526001,
            "error": 0.006562835544306856,
            "tau_int": 1.1611836824107828,
            "dtau_int": 0.03173889733240622
          }
        },
        "n_skipped": 0,
        "step_size": 0
      },
      {
        "acc_rate": 0.65582,
        "n_steps": 50000,
        "obs_stats": {
          "Q": {
            "mean": 0.0058200000785291195,
            "error": 0.005638319840510854,
            "tau_int": 1.1745466060563272,
            "dtau_int": 0.03375746399739801
          },
          "Chi_t": {
            "mean": 0.6766600012779236,
            "error": 0.006376431806375076,
            "tau_int": 1.1202129249851134,
            "dtau_int": 0.03068612590737745
          }
        },
        "n_skipped": 0,
        "step_size": 0
      }
    ],
    [
      {
        "acc_rate": 0.65745,
        "n_steps": 80000,
        "obs_stats": {
          "Q": {
            "mean": 0.0011124999728053808,
            "error": 0.004346103410522712,
            "tau_int": 1.1535823143171788,
            "dtau_int": 0.02623787114184376
          },
          "Chi_t": {
            "mean": 0.6549375057220459,
            "error": 0.004808321175467644,
            "tau_int": 1.0730167410934854,
            "dtau_int": 0.02329581280893719
          }
        },
        "n_skipped": 0,
        "step_size": 0
      },
      {
        "acc_rate": 0.6544125,
        "n_steps": 80000,
        "obs_stats": {
          "Q": {
            "mean": -0.0062374998815357685,
            "error": 0.004455928553985835,
            "tau_int": 1.2014973570277052,
            "dtau_int": 0.02726433217654939
          },
          "Chi_t": {
            "mean": 0.6610375046730042,
            "error": 0.004977475781551574,
            "tau_int": 1.1209363579878755,
            "dtau_int": 0.02427424323927024
          }
        },
        "n_skipped": 0,
        "step_size": 0
      },
      {
        "acc_rate": 0.6594,
        "n_steps": 80000,
        "obs_stats": {
          "Q": {
            "mean": 0.0038250000216066837,
            "error": 0.004424387281342581,
            "tau_int": 1.1803312258240142,
            "dtau_int": 0.026811541120953197
          },
          "Chi_t": {
            "mean": 0.6633750200271606,
            "error": 0.004834212596105504,
            "tau_int": 1.0665796325273256,
            "dtau_int": 0.023163964043468984
          }
        },
        "n_skipped": 0,
        "step_size": 0
      }
    ],
    [
      {
        "acc_rate": 0.65797,
        "n_steps": 100000,
        "obs_stats": {
          "Q": {
            "mean": 0.0009200000204145908,
            "error": 0.003856267466396784,
            "tau_int": 1.1208794485985156,
            "dtau_int": 0.022838584325627992
          },
          "Chi_t": {
            "mean": 0.6633399724960327,
            "error": 0.004383777080039193,
            "tau_int": 1.077674170604377,
            "dtau_int": 0.02092167872514252
          }
        },
        "n_skipped": 0,
        "step_size": 0
      },
      {
        "acc_rate": 0.65833,
        "n_steps": 100000,
        "obs_stats": {
          "Q": {
            "mean": -0.00019999999494757503,
            "error": 0.003921878375943524,
            "tau_int": 1.1592032936387202,
            "dtau_int": 0.0235758088808414
          },
          "Chi_t": {
            "mean": 0.6634200215339661,
            "error": 0.0045097137743673864,
            "tau_int": 1.143746791850054,
            "dtau_int": 0.023278833534619858
          }
        },
        "n_skipped": 0,
        "step_size": 0
      },
      {
        "acc_rate": 0.65561,
        "n_steps": 100000,
        "obs_stats": {
          "Q": {
            "mean": 0.0003499999875202775,
            "error": 0.0039965717832893995,
            "tau_int": 1.2031067762768983,
            "dtau_int": 0.02441671720195342
          },
          "Chi_t": {
            "mean": 0.6637899875640869,
            "error": 0.004329813230691374,
            "tau_int": 1.0583174337367625,
            "dtau_int": 0.020566985581010954
          }
        },
        "n_skipped": 0,
        "step_size": 0
      }
    ]
  ],
  "exact_sus": 0.6629736823224884
}