{
  "observables": [
    "Chi_t"
  ],
  "n_samples": [
    50000,
    125000,
    250000,
    500000,
    1000000
  ],
  "nip": [
    [
      {
        "obs_stats": {
          "Q": {
            "mean": -0.010410199873149395,
            "error": 0.008015383034944534,
            "error_ess": 0.008265823125839233,
            "ess_q": 0.3574647605419159
          },
          "Chi_t": {
            "mean": 1.221252202987671,
            "error": 0.0137734180316329,
            "error_ess": 0.012927520088851452,
            "ess_q": 0.3574647605419159
          }
        },
        "entropy": 68353.3828125,
        "std_entropy": 11199723.0,
        "free_energy": -0.6135799216823616,
        "std_free_energy": 0.0007166418945416808
      },
      {
        "obs_stats": {
          "Q": {
            "mean": -0.0032714440021663904,
            "error": 0.0076142167672514915,
            "error_ess": 0.007986397482454777,
            "ess_q": 0.3800406754016876
          },
          "Chi_t": {
            "mean": 1.2119847536087036,
            "error": 0.012965149246156216,
            "error_ess": 0.012514335103332996,
            "ess_q": 0.3800406754016876
          }
        },
        "entropy": 68336.953125,
        "std_entropy": 10859665.0,
        "free_energy": -0.6133787414978991,
        "std_free_energy": 0.0006827109609730542
      },
      {
        "obs_stats": {
          "Q": {
            "mean": 0.006690110545605421,
            "error": 0.00788266584277153,
            "error_ess": 0.008090103976428509,
            "ess_q": 0.376700222492218
          },
          "Chi_t": {
            "mean": 1.2327675819396973,
            "error": 0.013444595970213413,
            "error_ess": 0.012715390883386135,
            "ess_q": 0.376700222492218
          }
        },
        "entropy": 68328.4609375,
        "std_entropy": 10902887.0,
        "free_energy": -0.6134737622553526,
        "std_free_energy": 0.0006875762483105063
      }
    ],
    [
      {
        "obs_stats": {
          "Q": {
            "mean": 0.0037019052542746067,
            "error": 0.004832587670534849,
            "error_ess": 0.005080985836684704,
            "ess_q": 0.37976595759391785
          },
          "Chi_t": {
            "mean": 1.2255284786224365,
            "error": 0.008148005232214928,
            "error_ess": 0.00799579918384552,
            "ess_q": 0.37976595759391785
          }
        },
        "entropy": 172476.765625,
        "std_entropy": 42936624.0,
        "free_energy": -0.6134407388575688,
        "std_free_energy": 0.00043203355744481087
      },
      {
        "obs_stats": {
          "Q": {
            "mean": 0.007582591846585274,
            "error": 0.004875157028436661,
            "error_ess": 0.005205616354942322,
            "ess_q": 0.35799282789230347
          },
          "Chi_t": {
            "mean": 1.2126786708831787,
            "error": 0.008026205003261566,
            "error_ess": 0.008095436729490757,
            "ess_q": 0.35799282789230347
          }
        },
        "entropy": 172594.921875,
        "std_entropy": 44292728.0,
        "free_energy": -0.613442279972463,
        "std_free_energy": 0.00045272085117176175
      },
      {
        "obs_stats": {
          "Q": {
            "mean": -0.0023223869502544403,
            "error": 0.0051919217221438885,
            "error_ess": 0.005198915954679251,
            "ess_q": 0.3588886559009552
          },
          "Chi_t": {
            "mean": 1.212533712387085,
            "error": 0.008904648944735527,
            "error_ess": 0.008013587445020676,
            "ess_q": 0.3588886559009552
          }
        },
        "entropy": 172589.515625,
        "std_entropy": 44230684.0,
        "free_energy": -0.6134903209470787,
        "std_free_energy": 0.0004518399073276669
      }
    ],
    [
      {
        "obs_stats": {
          "Q": {
            "mean": -0.000869592244271189,
            "error": 0.003626966616138816,
            "error_ess": 0.003793595591560006,
            "ess_q": 0.3402482569217682
          },
          "Chi_t": {
            "mean": 1.224155306816101,
            "error": 0.006050181575119495,
            "error_ess": 0.005946590565145016,
            "ess_q": 0.3402482569217682
          }
        },
        "entropy": 347819.15625,
        "std_entropy": 128636296.0,
        "free_energy": -0.6134398876037707,
        "std_free_energy": 0.0003328696184325963
      },
      {
        "obs_stats": {
          "Q": {
            "mean": 0.000623508938588202,
            "error": 0.003474947763606906,
            "error_ess": 0.003582871286198497,
            "ess_q": 0.3767472803592682
          },
          "Chi_t": {
            "mean": 1.2090685367584229,
            "error": 0.006114432122558355,
            "error_ess": 0.005587019491940737,
            "ess_q": 0.3767472803592682
          }
        },
        "entropy": 347583.46875,
        "std_entropy": 122059192.0,
        "free_energy": -0.6134170459317773,
        "std_free_energy": 0.0003074601700063795
      },
      {
        "obs_stats": {
          "Q": {
            "mean": 0.002473391592502594,
            "error": 0.003571227192878723,
            "error_ess": 0.003709528362378478,
            "ess_q": 0.35323190689086914
          },
          "Chi_t": {
            "mean": 1.2151720523834229,
            "error": 0.005960325710475445,
            "error_ess": 0.005806894972920418,
            "ess_q": 0.35323190689086914
          }
        },
        "entropy": 347585.28125,
        "std_entropy": 126056080.0,
        "free_energy": -0.6134267401641709,
        "std_free_energy": 0.00032346416264772415
      }
    ],
    [
      {
        "obs_stats": {
          "Q": {
            "mean": 0.002173257991671562,
            "error": 0.002504563657566905,
            "error_ess": 0.0026475752238184214,
            "ess_q": 0.3468869626522064
          },
          "Chi_t": {
            "mean": 1.2157812118530273,
            "error": 0.004192973021417856,
            "error_ess": 0.004140779841691256,
            "ess_q": 0.3468869626522064
          }
        },
        "entropy": 700089.5625,
        "std_entropy": 359717376.0,
        "free_energy": -0.6134774771486319,
        "std_free_energy": 0.00023193516244646162
      },
      {
        "obs_stats": {
          "Q": {
            "mean": 0.002617334481328726,
            "error": 0.0025068875402212143,
            "error_ess": 0.0026698987931013107,
            "ess_q": 0.33984285593032837
          },
          "Chi_t": {
            "mean": 1.2112655639648438,
            "error": 0.004170932341367006,
            "error_ess": 0.004164790268987417,
            "ess_q": 0.33984285593032837
          }
        },
        "entropy": 700354.0,
        "std_entropy": 363761088.0,
        "free_energy": -0.6134543842741376,
        "std_free_energy": 0.00023558684915769845
      },
      {
        "obs_stats": {
          "Q": {
            "mean": 8.636400161776692e-05,
            "error": 0.0024764633271843195,
            "error_ess": 0.002589600859209895,
            "ess_q": 0.36082518100738525
          },
          "Chi_t": {
            "mean": 1.2098503112792969,
            "error": 0.004161858465522528,
            "error_ess": 0.004049194045364857,
            "ess_q": 0.36082518100738525
          }
        },
        "entropy": 700189.4375,
        "std_entropy": 352815840.0,
        "free_energy": -0.6134826082856959,
        "std_free_energy": 0.0002249716781079769
      }
    ],
    [
      {
        "obs_stats": {
          "Q": {
            "mean": 0.0008491932530887425,
            "error": 0.0017782488139346242,
            "error_ess": 0.0018536654533818364,
            "ess_q": 0.35375499725341797
          },
          "Chi_t": {
            "mean": 1.2155282497406006,
            "error": 0.0029936921782791615,
            "error_ess": 0.002889101393520832,