{
  "observables": [
    "Chi_t"
  ],
  "n_samples": [
    50000,
    80000,
    100000
  ],
  "nip": [],
  "nmcmc": [
    [
      {
        "acc_rate": 0.6186,
        "n_steps": 50000,
        "obs_stats": {
          "Q": {
            "mean": -0.0007399999885819852,
            "error": 0.006053740900799277,
            "tau_int": 1.3770399409548713,
            "dtau_int": 0.04107728389084538
          },
          "Chi_t": {
            "mean": 0.6653000116348267,
            "error": 0.00692037567179369,
            "tau_int": 1.3215064407521115,
            "dtau_int": 0.03951899741103554
          }
        },
        "n_skipped": 0,
        "step_size": 0
      },
      {
        "acc_rate": 0.61858,
        "n_steps": 50000,
        "obs_stats": {
          "Q": {
            "mean": -3.9999998989515007e-05,
            "error": 0.006035458052078269,
            "tau_int": 1.3650823995208328,
            "dtau_int": 0.04074247094045575
          },
          "Chi_t": {
            "mean": 0.6670799851417542,
            "error": 0.007026953992529119,
            "tau_int": 1.3739740202079072,
            "dtau_int": 0.040991475324193234
          }
        },
        "n_skipped": 0,
        "step_size": 0
      },
      {
        "acc_rate": 0.61322,
        "n_steps": 50000,
        "obs_stats": {
          "Q": {
            "mean": -0.0009200000204145908,
            "error": 0.006018887142265957,
            "tau_int": 1.3714963731663556,
            "dtau_int": 0.04092211229693039
          },
          "Chi_t": {
            "mean": 0.660319983959198,
            "error": 0.006503753349128286,
            "tau_int": 1.1983755129558562,
            "dtau_int": 0.03440256129263485
          }
        },
        "n_skipped": 0,
        "step_size": 0
      }
    ],
    [
      {
        "acc_rate": 0.6187625,
        "n_steps": 80000,
        "obs_stats": {
          "Q": {
            "mean": 0.0036124999169260263,
            "error": 0.004777016152302559,
            "tau_int": 1.3560618237412665,
            "dtau_int": 0.03341521545512583
          },
          "Chi_t": {
            "mean": 0.6731125116348267,
            "error": 0.005527005054865732,
            "tau_int": 1.3241164174088167,
            "dtau_int": 0.03130055996067757
          }
        },
        "n_skipped": 0,
        "step_size": 0
      },
      {
        "acc_rate": 0.6203,
        "n_steps": 80000,
        "obs_stats": {
          "Q": {
            "mean": -3.7500001781154424e-05,
            "error": 0.004755772781311632,
            "tau_int": 1.351430339826843,
            "dtau_int": 0.03330743898459431
          },
          "Chi_t": {
            "mean": 0.6694124937057495,
            "error": 0.005230662672261249,
            "tau_int": 1.214068010706104,
            "dtau_int": 0.027532765921318654
          }
        },
        "n_skipped": 0,
        "step_size": 0
      },
      {
        "acc_rate": 0.6174125,
        "n_steps": 80000,
        "obs_stats": {
          "Q": {
            "mean": 0.0002125000028172508,
            "error": 0.004866916401952311,
            "tau_int": 1.4299650988397388,
            "dtau_int": 0.03512891229853895
          },
          "Chi_t": {
            "mean": 0.6625624895095825,
            "error": 0.00527266250087877,
            "tau_int": 1.2470979589959243,
            "dtau_int": 0.029581339769681816
          }
        },
        "n_skipped": 0,
        "step_size": 0
      }
    ],
    [
      {
        "acc_rate": 0.61648,
        "n_steps": 100000,
        "obs_stats": {
          "Q": {
            "mean": -0.0017999999690800905,
            "error": 0.004308701811811095,
            "tau_int": 1.4016431950741037,
            "dtau_int": 0.030834056426727957
          },
          "Chi_t": {
            "mean": 0.6622400283813477,
            "error": 0.004732982879795036,
            "tau_int": 1.276125919328079,
            "dtau_int": 0.027039267247157724
          }
        },
        "n_skipped": 0,
        "step_size": 0
      },
      {
        "acc_rate": 0.61811,
        "n_steps": 100000,
        "obs_stats": {
          "Q": {
            "mean": 0.003229999914765358,
            "error": 0.004308675516566478,
            "tau_int": 1.4017892184331529,
            "dtau_int": 0.0308370826238622
          },
          "Chi_t": {
            "mean": 0.6621699929237366,
            "error": 0.004710597632672849,
            "tau_int": 1.2642234240113874,
            "dtau_int": 0.0268012701180293
          }
        },
        "n_skipped": 0,
        "step_size": 0
      },
      {
        "acc_rate": 0.62102,
        "n_steps": 100000,
        "obs_stats": {
          "Q": {
            "mean": -0.00622999994084239,
            "error": 0.004268585109634429,
            "tau_int": 1.3719887480993813,
            "dtau_int": 0.03021866964575021
          },
          "Chi_t": {
            "mean": 0.6640499830245972,
            "error": 0.004671726330513887,
            "tau_int": 1.2393970930324614,
            "dtau_int": 0.026303969407667216
          }
        },
        "n_skipped": 0,
        "step_size": 0
      }
    ]
  ],
  "exact_sus": 0.6629736823224884
}