{
  "observables": [
    "Chi_t"
  ],
  "n_samples": [
    50000,
    80000,
    100000
  ],
  "nip": [],
  "nmcmc": [
    [
      {
        "acc_rate": 0.61928,
        "n_steps": 50000,
        "obs_stats": {
          "Q": {
            "mean": 0.0031999999191612005,
            "error": 0.006026009431390933,
            "tau_int": 1.390258897068737,
            "dtau_int": 0.04144695654581399
          },
          "Chi_t": {
            "mean": 0.6529600024223328,
            "error": 0.006525568751253183,
            "tau_int": 1.2313420144354992,
            "dtau_int": 0.03529234665008983
          }
        },
        "n_skipped": 0,
        "step_size": 0
      }
    ],
    [
      {
        "acc_rate": 0.6192625,
        "n_steps": 80000,
        "obs_stats": {
          "Q": {
            "mean": -0.0016125000547617674,
            "error": 0.004558269017494952,
            "tau_int": 1.2614487900897087,
            "dtau_int": 0.029902657817125644
          },
          "Chi_t": {
            "mean": 0.6588374972343445,
            "error": 0.005306306858482987,
            "tau_int": 1.282045878771153,
            "dtau_int": 0.030363050288340916
          }
        },
        "n_skipped": 0,
        "step_size": 0
      }
    ],
    [
      {
        "acc_rate": 0.62003,
        "n_steps": 100000,
        "obs_stats": {
          "Q": {
            "mean": -0.004889999981969595,
            "error": 0.004220215519392864,
            "tau_int": 1.3457034988713903,
            "dtau_int": 0.029671827162720085
          },
          "Chi_t": {
            "mean": 0.6617500185966492,
            "error": 0.0048154628667158575,
            "tau_int": 1.3075241240668567,
            "dtau_int": 0.02766577175081469
          }
        },
        "n_skipped": 0,
        "step_size": 0
      }
    ]
  ],
  "exact_sus": 0.6629736823224884
}