{
  "observables": [
    "Chi_t",
    "Q"
  ],
  "n_samples": [
    5000,
    10000,
    25000,
    50000,
    75000,
    100000,
    150000,
    250000,
    500000,
    1000000,
    2500000,
    5000000
  ],
  "nip": [
    {
      "obs_stats": {
        "Q": {
          "mean": -0.0012792719062417746,
          "error": 0.006886390037834644,
          "error_ess": 0.005826319567859173,
          "ess_q": 0.10338174551725388
        },
        "Chi_t": {
          "mean": 0.01754862070083618,
          "error": 0.0068819401785731316,
          "error_ess": 0.005775241646915674,
          "ess_q": 0.10338174551725388
        }
      },
      "entropy": 4441.705078125,
      "std_entropy": 551627.625,
      "free_energy": -0.04595428308677199,
      "std_free_energy": 0.008329651318490505,
      "ess_p": {
        "0-1": {
          "log_ess_p": -12.379011730550435,
          "ess_p": 4.205944271429991e-06
        },
        "0.05-1": {
          "log_ess_p": -12.31488296001994,
          "ess_p": 4.484502651992434e-06
        },
        "0.1-1": {
          "log_ess_p": -12.29238549557666,
          "ess_p": 4.586536033612065e-06
        }
      }
    },
    {
      "obs_stats": {
        "Q": {
          "mean": 0.1789701133966446,
          "error": 0.17786747217178345,
          "error_ess": 0.07668003439903259,
          "ess_q": 0.002970215631648898
        },
        "Chi_t": {
          "mean": 0.20667384564876556,
          "error": 0.1778644621372223,
          "error_ess": 0.07429757714271545,
          "ess_q": 0.002970215631648898
        }
      },
      "entropy": 9827.80859375,
      "std_entropy": 10217853.0,
      "free_energy": -0.05745598923839793,
      "std_free_energy": 0.03664292022585869,
      "ess_p": {
        "0-1": {
          "log_ess_p": -12.88828423935108,
          "ess_p": 2.5274889970599807e-06
        },
        "0.05-1": {
          "log_ess_p": -12.825828973947162,
          "ess_p": 2.6903776766955204e-06
        },
        "0.1-1": {
          "log_ess_p": -12.802927301039642,
          "ess_p": 2.7527027767395117e-06
        }
      }
    },
    {
      "obs_stats": {
        "Q": {
          "mean": 0.0014000119408592582,
          "error": 0.003931568004190922,
          "error_ess": 0.01069431658834219,
          "ess_q": 0.0064824242144823074
        },
        "Chi_t": {
          "mean": 0.01853657327592373,
          "error": 0.003929829690605402,
          "error_ess": 0.010595295578241348,
          "ess_q": 0.0064824242144823074
        }
      },
      "entropy": 24288.802734375,
      "std_entropy": 25306536.0,
      "free_energy": -0.051022392989566255,
      "std_free_energy": 0.015659542754292488,
      "ess_p": {
        "0-1": {
          "log_ess_p": -12.52694239775694,
          "ess_p": 3.6275887095335827e-06
        },
        "0.05-1": {
          "log_ess_p": -12.458196277302312,
          "ess_p": 3.88574325932185e-06
        },
        "0.1-1": {
          "log_ess_p": -12.435671322198854,
          "ess_p": 3.9742626568402654e-06
        }
      }
    },
    {
      "obs_stats": {
        "Q": {
          "mean": -0.007536066696047783,
          "error": 0.003964465111494064,
          "error_ess": 0.00382920796982944,
          "ess_q": 0.033870574086904526
        },
        "Chi_t": {
          "mean": 0.024888716638088226,
          "error": 0.00396304577589035,
          "error_ess": 0.003785576904192567,
          "ess_q": 0.033870574086904526
        }
      },
      "entropy": 49329.453125,
      "std_entropy": 30728676.0,
      "free_energy": -0.047971885085352425,
      "std_free_energy": 0.00477695744484663,
      "ess_p": {
        "0-1": {
          "log_ess_p": -12.793289464113249,
          "ess_p": 2.7793611353119514e-06
        },
        "0.05-1": {
          "log_ess_p": -12.728374911104234,
          "ess_p": 2.9657668908869337e-06
        },
        "0.1-1": {
          "log_ess_p": -12.705526766206338,
          "ess_p": 3.0343092132188807e-06
        }
      }
    },
    {
      "obs_stats": {
        "Q": {
          "mean": 0.0008222825126722455,
          "error": 0.0035535437054932117,
          "error_ess": 0.010625134222209454,
          "ess_q": 0.0025035825092345476
        },
        "Chi_t": {
          "mean": 0.021198535338044167,
          "error": 0.0035527017898857594,
          "error_ess": 0.010512079112231731,
          "ess_q": 0.0025035825092345476
        }
      },
      "entropy": 76320.125,
      "std_entropy": 211868432.0,
      "free_energy": -0.0524640882788016,
      "std_free_energy": 0.014577198773622513,
      "ess_p": {
        "0-1": {
          "log_ess_p": -12.979496988670771,
          "ess_p": 2.3071513213275883e-06
        },
        "0.05-1": {
          "log_ess_p": -12.916068470285358,
          "ess_p": 2.4582312510006844e-06
        },
        "0.1-1": {
          "log_ess_p": -12.89341439828969,
          "ess_p": 2.514555779884586e-06
        }
      }
    },
    {
      "obs_stats": {
        "Q": {
          "mean": 0.01224246434867382,
          "error": 0.006843047682195902,
          "error_ess": 0.005421428941190243,
          "ess_q": 0.010578327812254429
        },
        "Chi_t": {
          "mean": 0.031241582706570625,
          "error": 0.006842444185167551,
          "error_ess": 0.005348915699869394,
          "ess_q": 0.010578327812254429
        }
      },
      "entropy": 101626.3828125,
      "std_entropy": 155896928.0,
      "free_energy": -0.048701448779035775,
      "std_free_energy": 0.0061166295781731606,
      "ess_p": {
        "0-1": {
          "log_ess_p": -12.8400770445406,
          "ess_p": 2.652316776715058e-06
        },
        "0.05-1": {
          "log_ess_p": -12.775356952948016,
          "ess_p": 2.8296516296557377e-06
        },
        "0.1-1": {
          "log_ess_p": -12.752711160553577,
          "ess_p": 2.8944624090072408e-06
        }
      }
    },
    {
      "obs_stats": {
        "Q": {
          "mean": -0.005748375318944454,
          "error": 0.004739419557154179,
          "error_ess": 0.004913978278636932,
          "ess_q": 0.007946048863232136
        },
        "Chi_t": {
          "mean": 0.028814248740673065,
          "error": 0.004738859366625547,
          "error_ess": 0.004845443647354841,
          "ess_q": 0.007946048863232136
        }
      },
      "entropy": 154753.09375,
      "std_entropy": 329499616.0,
      "free_energy": -0.04936703801169692,
      "std_free_energy": 0.0057700080797076225,
      "ess_p": {
        "0-1": {
          "log_ess_p": -12.460860960663336,
          "ess_p": 3.875402767100893e-06
        },
        "0.05-1": {
          "log_ess_p": -12.395481787862927,
          "ess_p": 4.137239467337946e-06
        },
        "0.1-1": {
          "log_ess_p": -12.37304737632829,
          "ess_p": 4.231104971980828e-06
        }
      }
    },
    {
      "obs_stats": {
        "Q": {
          "mean": -0.004194173030555248,
          "error": 0.0027217252645641565,
          "error_ess": 0.006059249863028526,
          "ess_q": 0.0026169659104198217
        },
        "Chi_t": {
          "mean": 0.024037746712565422,
          "error": 0.0027213136199861765,
          "error_ess": 0.005988194141536951,
          "ess_q": 0.0026169659104198217
        }
      },
      "entropy": 261991.578125,
      "std_entropy": 1219422592.0,
      "free_energy": -0.051748986848336787,
      "std_free_energy": 0.007808937691152096,
      "ess_p": {
        "0-1": {
          "log_ess_p": -12.409805615108006,
          "ess_p": 4.078400767622467e-06
        },
        "0.05-1": {
          "log_ess_p": -12.342571553921035,
          "ess_p": 4.36203636293427e-06
        },
        "0.1-1": {
          "log_ess_p": -12.319919489056797,
          "ess_p": 4.461973107148064e-06
        }
      }
    },
    {
      "obs_stats": {
        "Q": {
          "mean": -0.0012270932784304023,
          "error": 0.0029132154304534197,