{
  "observables": [
    "Chi_t"
  ],
  "n_samples": [
    50000,
    80000,
    100000,
    150000,
    200000
  ],
  "nip": [],
  "nmcmc": [
    [
      {
        "acc_rate": 0.35024,
        "n_steps": 50000,
        "obs_stats": {
          "Q": {
            "mean": 0.002580000087618828,
            "error": 0.01075937629372396,
            "tau_int": 4.910180276423144,
            "dtau_int": 0.2582953455036574
          },
          "Chi_t": {
            "mean": 0.5892999768257141,
            "error": 0.01025952513973311,
            "tau_int": 3.7653911991814413,
            "dtau_int": 0.1773642631304605
          }
        },
        "n_skipped": 0,
        "step_size": 0
      },
      {
        "acc_rate": 0.35452,
        "n_steps": 50000,
        "obs_stats": {
          "Q": {
            "mean": 0.013220000080764294,
            "error": 0.011023737530754625,
            "tau_int": 4.950845839100985,
            "dtau_int": 0.26028138350605234
          },
          "Chi_t": {
            "mean": 0.6136999726295471,
            "error": 0.011045173125043642,
            "tau_int": 4.266817535800175,
            "dtau_int": 0.20984131412809728
          }
        },
        "n_skipped": 0,
        "step_size": 0
      },
      {
        "acc_rate": 0.35784,
        "n_steps": 50000,
        "obs_stats": {
          "Q": {
            "mean": 0.0055599999614059925,
            "error": 0.010668436548325666,
            "tau_int": 4.775722676653146,
            "dtau_int": 0.24805924589914352
          },
          "Chi_t": {
            "mean": 0.5957199931144714,
            "error": 0.011648458594251603,
            "tau_int": 4.623410763398615,
            "dtau_int": 0.23711053530275064
          }
        },
        "n_skipped": 0,
        "step_size": 0
      }
    ],
    [
      {
        "acc_rate": 0.3588875,
        "n_steps": 80000,
        "obs_stats": {
          "Q": {
            "mean": 0.0027000000700354576,
            "error": 0.008849563160273969,
            "tau_int": 5.177656456802725,
            "dtau_int": 0.2266440192309088
          },
          "Chi_t": {
            "mean": 0.6049500107765198,
            "error": 0.009068855613750166,
            "tau_int": 4.577908666742483,
            "dtau_int": 0.18853562960930859
          }
        },
        "n_skipped": 0,
        "step_size": 0
      },
      {
        "acc_rate": 0.3534625,
        "n_steps": 80000,
        "obs_stats": {
          "Q": {
            "mean": -0.00576250022277236,
            "error": 0.008755103078046904,
            "tau_int": 5.220572959603011,
            "dtau_int": 0.22839462869296792
          },
          "Chi_t": {
            "mean": 0.5872625112533569,
            "error": 0.010076868309914864,
            "tau_int": 5.491893915269117,
            "dtau_int": 0.2456298473174464
          }
        },
        "n_skipped": 0,
        "step_size": 0
      },
      {
        "acc_rate": 0.354725,
        "n_steps": 80000,
        "obs_stats": {
          "Q": {
            "mean": -0.009025000035762787,
            "error": 0.007813408836795733,
            "tau_int": 4.171430455847626,
            "dtau_int": 0.1650974222907556
          },
          "Chi_t": {
            "mean": 0.5854250192642212,
            "error": 0.007797801015462308,
            "tau_int": 3.413349550847024,
            "dtau_int": 0.12327497608199096
          }
        },
        "n_skipped": 0,
        "step_size": 0
      }
    ],
    [
      {
        "acc_rate": 0.34874,
        "n_steps": 100000,
        "obs_stats": {
          "Q": {
            "mean": -0.003289999905973673,
            "error": 0.007821241724403794,
            "tau_int": 5.1705540726119965,
            "dtau_int": 0.20508126799649928
          },
          "Chi_t": {
            "mean": 0.5914899706840515,
            "error": 0.007886624234933656,
            "tau_int": 4.384326741862454,
            "dtau_int": 0.1619607880687918
          }
        },
        "n_skipped": 0,
        "step_size": 0
      },
      {
        "acc_rate": 0.34938,
        "n_steps": 100000,
        "obs_stats": {
          "Q": {
            "mean": -0.00031999999191612005,
            "error": 0.007676757436902662,
            "tau_int": 4.9628403785340005,
            "dtau_int": 0.192305190447752
          },
          "Chi_t": {
            "mean": 0.5936800241470337,
            "error": 0.008271658346931103,
            "tau_int": 4.66375607365339,
            "dtau_int": 0.17657412601801692
          }
        },
        "n_skipped": 0,
        "step_size": 0
      },
      {
        "acc_rate": 0.34153,
        "n_steps": 100000,
        "obs_stats": {
          "Q": {
            "mean": -0.009119999594986439,
            "error": 0.008463157286249414,
            "tau_int": 6.1610986508325984,
            "dtau_int": 0.26237572669285486
          },
          "Chi_t": {
            "mean": 0.581279993057251,
            "error": 0.007905436800399143,
            "tau_int": 4.689520551460771,
            "dtau_int": 0.17748575687801785
          }
        },
        "n_skipped": 0,
        "step_size": 0
      }
    ],
    [
      {
        "acc_rate": 0.3520933333333333,
        "n_steps": 150000,
        "obs_stats": {
          "Q": {
            "mean": 0.0031799999997019768,
            "error": 0.00649399808120244,
            "tau_int": 5.383000890755222,
            "dtau_int": 0.1804004130592812
          },
          "Chi_t": {
            "mean": 0.5875399708747864,
            "error": 0.0073210929847309465,
            "tau_int": 5.5303946956945165,
            "dtau_int": 0.1872066085898914
          }
        },
        "n_skipped": 0,
        "step_size": 0
      },
      {
        "acc_rate": 0.3481066666666667,
        "n_steps": 150000,
        "obs_stats": {
          "Q": {
            "mean": -0.01759333349764347,
            "error": 0.006340036548781515,
            "tau_int": 5.150371515977021,
            "dtau_int": 0.16894396937152095
          },
          "Chi_t": {
            "mean": 0.5856066942214966,
            "error": 0.007289614750763471,
            "tau_int": 5.540763188065991,
            "dtau_int": 0.1875349571809741
          }
        },
        "n_skipped": 0,
        "step_size": 0
      },
      {
        "acc_rate": 0.3449333333333333,
        "n_steps": 150000,
        "obs_stats": {
          "Q": {
            "mean": -0.0015733332838863134,
            "error": 0.007046661565604793,
            "tau_int": 6.16643291622646,
            "dtau_int": 0.21908013231638182
          },
          "Chi_t": {
            "mean": 0.6038933396339417,
            "error": 0.0075148993755898,
            "tau_int": 5.682659798449843,
            "dtau_int": 0.19424910611824509
          }
        },
        "n_skipped": 0,
        "step_size": 0
      }
    ],
    [
      {
        "acc_rate": 0.352805,
        "n_steps": 200000,
        "obs_stats": {
          "Q": {
            "mean": 0.0008900000248104334,
            "error": 0.005869138704308306,
            "tau_int": 5.859955597527107,
            "dtau_int": 0.17897352863017207
          },
          "Chi_t": {
            "mean": 0.5878000259399414,
            "error": 0.0058815917871699,
            "tau_int": 4.982405256498165,
            "dtau_int": 0.1418325382240381
          }
        },
        "n_skipped": 0,
        "step_size": 0
      },
      {
        "acc_rate": 0.34541,
        "n_steps": 200000,
        "obs_stats": {
          "Q": {
            "mean": -0.007765000220388174,
            "error": 0.006104818507815416,
            "tau_int": 6.356155757958582,
            "dtau_int": 0.20128821184288204
          },
          "Chi_t": {
            "mean": 0.5863649845123291,
            "error": 0.0065293668745527705,
            "tau_int": 6.013881777395972,
            "dtau_int": 0.18533319764344858
          }
        },
        "n_skipped": 0,