{
  "observables": [
    "Chi_t"
  ],
  "n_samples": [
    50000,
    125000
  ],
  "nip": [
    [
      {
        "obs_stats": {
          "Q": {
            "mean": 0.022285789251327515,
            "error": 0.02356361225247383,
            "error_ess": 0.02292948216199875,
            "ess_q": 0.01748976670205593
          },
          "Chi_t": {
            "mean": 0.46025943756103516,
            "error": 0.023966625332832336,
            "error_ess": 0.022459402680397034,
            "ess_q": 0.01748976670205593
          }
        },
        "entropy": 45515.046875,
        "std_entropy": 45788784.0,
        "free_energy": -0.2141046210152794,
        "std_free_energy": 0.004006331320852041
      },
      {
        "obs_stats": {
          "Q": {
            "mean": -0.006099204067140818,
            "error": 0.018088199198246002,
            "error_ess": 0.021295448765158653,
            "ess_q": 0.021351385861635208
          },
          "Chi_t": {
            "mean": 0.48416605591773987,
            "error": 0.023512423038482666,
            "error_ess": 0.022236131131649017,
            "ess_q": 0.021351385861635208
          }
        },
        "entropy": 45408.94140625,
        "std_entropy": 41285760.0,
        "free_energy": -0.21402167014258083,
        "std_free_energy": 0.0036188506055623293
      },
      {
        "obs_stats": {
          "Q": {
            "mean": -0.024790896102786064,
            "error": 0.01579931192100048,
            "error_ess": 0.02397364377975464,
            "ess_q": 0.016695568338036537
          },
          "Chi_t": {
            "mean": 0.48038196563720703,
            "error": 0.017705881968140602,
            "error_ess": 0.024572202935814857,
            "ess_q": 0.016695568338036537
          }
        },
        "entropy": 45412.4609375,
        "std_entropy": 46716036.0,
        "free_energy": -0.2137770446011412,
        "std_free_energy": 0.004102170467376709
      }
    ],
    [
      {
        "obs_stats": {
          "Q": {
            "mean": 0.013264375738799572,
            "error": 0.009104852564632893,
            "error_ess": 0.013658690266311169,
            "ess_q": 0.0195704847574234
          },
          "Chi_t": {
            "mean": 0.4565555155277252,
            "error": 0.010059498250484467,
            "error_ess": 0.013637728057801723,
            "ess_q": 0.0195704847574234
          }
        },
        "entropy": 114840.28125,
        "std_entropy": 169632336.0,
        "free_energy": -0.21409894426758613,
        "std_free_energy": 0.0023927928414195776
      },
      {
        "obs_stats": {
          "Q": {
            "mean": -0.015288230031728745,
            "error": 0.011078896932303905,
            "error_ess": 0.039454154670238495,
            "ess_q": 0.0022378917783498764
          },
          "Chi_t": {
            "mean": 0.4356765151023865,
            "error": 0.011420690454542637,
            "error_ess": 0.03927029296755791,
            "ess_q": 0.0022378917783498764
          }
        },
        "entropy": 115200.7109375,
        "std_entropy": 503603968.0,
        "free_energy": -0.21487679301022325,
        "std_free_energy": 0.007138248533010483
      },
      {
        "obs_stats": {
          "Q": {
            "mean": -0.010673779994249344,
            "error": 0.013100004754960537,
            "error_ess": 0.04136383533477783,
            "ess_q": 0.0020552375353872776
          },
          "Chi_t": {
            "mean": 0.439665824174881,
            "error": 0.013219782151281834,
            "error_ess": 0.039892733097076416,
            "ess_q": 0.0020552375353872776
          }
        },
        "entropy": 116106.5546875,
        "std_entropy": 532905824.0,
        "free_energy": -0.21453233003652908,
        "std_free_energy": 0.007449376862496138
      }
    ]
  ],
  "nmcmc": [
    [
      {
        "acc_rate": 0.26008,
        "n_steps": 50000,
        "obs_stats": {
          "Q": {
            "mean": 0.025880517438054085,
            "error": 0.018475030802543636,
            "tau_int": 17.33504249144695,
            "dtau_int": 1.5595140750530663
          },
          "Chi_t": {
            "mean": 0.49256986379623413,
            "error": 0.021553949577729565,
            "tau_int": 23.7754223666082,
            "dtau_int": 2.440680799844589
          }
        },
        "n_skipped": 0,
        "step_size": 0
      },
      {
        "acc_rate": 0.23186,
        "n_steps": 50000,
        "obs_stats": {
          "Q": {
            "mean": 0.0021800436079502106,
            "error": 0.026769967315034306,
            "tau_int": 37.2450342738807,
            "dtau_int": 4.6070621895380075
          },
          "Chi_t": {
            "mean": 0.4803096055984497,
            "error": 0.020056853358753693,
            "tau_int": 22.38728695551418,
            "dtau_int": 2.2397602015455598
          }
        },
        "n_skipped": 0,
        "step_size": 0
      },
      {
        "acc_rate": 0.23508,
        "n_steps": 50000,
        "obs_stats": {
          "Q": {
            "mean": 0.005900118034332991,
            "error": 0.014216430835281459,
            "tau_int": 12.509006402103257,
            "dtau_int": 0.9817301152348895
          },
          "Chi_t": {
            "mean": 0.4037480652332306,
            "error": 0.01550701193946373,
            "tau_int": 15.043270306505171,
            "dtau_int": 1.2726181254474096
          }
        },
        "n_skipped": 0,
        "step_size": 0
      }
    ],
    [
      {
        "acc_rate": 0.2656,
        "n_steps": 125000,
        "obs_stats": {
          "Q": {
            "mean": -0.010936087928712368,
            "error": 0.010403439841709881,
            "tau_int": 14.664954469065194,
            "dtau_int": 0.8247321574294786
          },
          "Chi_t": {
            "mean": 0.46127569675445557,
            "error": 0.009288157503624573,
            "tau_int": 12.490903331541453,
            "dtau_int": 0.6553039214662555
          }
        },
        "n_skipped": 0,
        "step_size": 0
      },
      {
        "acc_rate": 0.246856,
        "n_steps": 125000,
        "obs_stats": {
          "Q": {
            "mean": -0.007688061334192753,
            "error": 0.011449111243801794,
            "tau_int": 18.07574958164038,
            "dtau_int": 1.11273914065357
          },
          "Chi_t": {
            "mean": 0.45316362380981445,
            "error": 0.011155904230120924,
            "tau_int": 17.998880660645504,
            "dtau_int": 1.108366651057892
          }
        },
        "n_skipped": 0,
        "step_size": 0
      },
      {
        "acc_rate": 0.248096,
        "n_steps": 125000,
        "obs_stats": {
          "Q": {
            "mean": 0.01665613241493702,
            "error": 0.012601864876916457,
            "tau_int": 20.89035356195963,
            "dtau_int": 1.371073094428768
          },
          "Chi_t": {
            "mean": 0.47523579001426697,
            "error": 0.011987321876510406,
            "tau_int": 19.367627833308095,
            "dtau_int": 1.2304569942952528
          }
        },
        "n_skipped": 0,
        "step_size": 0
      }
    ]
  ],
  "exact_sus": 0.47129626463306434
}