{
  "observables": [
    "Chi_t"
  ],
  "n_samples": [
    50000,
    80000,
    100000
  ],
  "nip": [],
  "nmcmc": [
    [
      {
        "acc_rate": 0.8088,
        "n_steps": 50000,
        "obs_stats": {
          "Q": {
            "mean": 0.008019999600946903,
            "error": 0.004418973304939708,
            "tau_int": 0.7529330133319674,
            "dtau_int": 0.016144494927171096
          },
          "Chi_t": {
            "mean": 0.648419976234436,
            "error": 0.004965275426053099,
            "tau_int": 0.7266928100301089,
            "dtau_int": 0.01561738044260099
          }
        },
        "n_skipped": 0,
        "step_size": 0
      },
      {
        "acc_rate": 0.80786,
        "n_steps": 50000,
        "obs_stats": {
          "Q": {
            "mean": -0.008899999782443047,
            "error": 0.004444264449198837,
            "tau_int": 0.7532749180645155,
            "dtau_int": 0.017500280399083606
          },
          "Chi_t": {
            "mean": 0.6555799841880798,
            "error": 0.005166450209227089,
            "tau_int": 0.7810389784243597,
            "dtau_int": 0.018107928149007732
          }
        },
        "n_skipped": 0,
        "step_size": 0
      },
      {
        "acc_rate": 0.80696,
        "n_steps": 50000,
        "obs_stats": {
          "Q": {
            "mean": -0.0005000000237487257,
            "error": 0.0045509968068156844,
            "tau_int": 0.7864351554247535,
            "dtau_int": 0.01822571214130947
          },
          "Chi_t": {
            "mean": 0.6583799719810486,
            "error": 0.005069980269178637,
            "tau_int": 0.7359495360432668,
            "dtau_int": 0.015803632301879665
          }
        },
        "n_skipped": 0,
        "step_size": 0
      }
    ],
    [
      {
        "acc_rate": 0.8081,
        "n_steps": 80000,
        "obs_stats": {
          "Q": {
            "mean": 0.003449999960139394,
            "error": 0.003507154636912401,
            "tau_int": 0.7567270876206327,
            "dtau_int": 0.013895035179719562
          },
          "Chi_t": {
            "mean": 0.6501749753952026,
            "error": 0.003916833957977342,
            "tau_int": 0.7195759010690659,
            "dtau_int": 0.012233239091369268
          }
        },
        "n_skipped": 0,
        "step_size": 0
      },
      {
        "acc_rate": 0.8069625,
        "n_steps": 80000,
        "obs_stats": {
          "Q": {
            "mean": -0.002712500048801303,
            "error": 0.00348728108241328,
            "tau_int": 0.753661812892009,
            "dtau_int": 0.013841895522770254
          },
          "Chi_t": {
            "mean": 0.645437479019165,
            "error": 0.00397047783722383,
            "tau_int": 0.7505981048261345,
            "dtau_int": 0.01378875675190699
          }
        },
        "n_skipped": 0,
        "step_size": 0
      },
      {
        "acc_rate": 0.8083875,
        "n_steps": 80000,
        "obs_stats": {
          "Q": {
            "mean": -0.0028375000692903996,
            "error": 0.0035058138910910278,
            "tau_int": 0.7559552107928569,
            "dtau_int": 0.013881656386792864
          },
          "Chi_t": {
            "mean": 0.6503375172615051,
            "error": 0.003916168184885591,
            "tau_int": 0.7291195009437901,
            "dtau_int": 0.01238524941196397
          }
        },
        "n_skipped": 0,
        "step_size": 0
      }
    ],
    [
      {
        "acc_rate": 0.80956,
        "n_steps": 100000,
        "obs_stats": {
          "Q": {
            "mean": -0.003289999905973673,
            "error": 0.0031777700060463135,
            "tau_int": 0.7753200316969551,
            "dtau_int": 0.012715891421926124
          },
          "Chi_t": {
            "mean": 0.651229977607727,
            "error": 0.0034941209848796738,
            "tau_int": 0.7215806002607974,
            "dtau_int": 0.01097032197809425
          }
        },
        "n_skipped": 0,
        "step_size": 0
      },
      {
        "acc_rate": 0.80556,
        "n_steps": 100000,
        "obs_stats": {
          "Q": {
            "mean": 0.005189999938011169,
            "error": 0.00314568998917372,
            "tau_int": 0.7618702118934715,
            "dtau_int": 0.012507792713073127
          },
          "Chi_t": {
            "mean": 0.649429976940155,
            "error": 0.0035194907174749867,
            "tau_int": 0.7440751923333515,
            "dtau_int": 0.01223176770092394
          }
        },
        "n_skipped": 0,
        "step_size": 0
      },
      {
        "acc_rate": 0.80505,
        "n_steps": 100000,
        "obs_stats": {
          "Q": {
            "mean": -0.0020699999295175076,
            "error": 0.0031458535606489436,
            "tau_int": 0.7616178248726515,
            "dtau_int": 0.012503883388739154
          },
          "Chi_t": {
            "mean": 0.6496899724006653,
            "error": 0.003547844991964205,
            "tau_int": 0.7491621241349167,
            "dtau_int": 0.012310753832836032
          }
        },
        "n_skipped": 0,
        "step_size": 0
      }
    ]
  ],
  "exact_sus": 0.6500977944017748
}