{
  "observables": [
    "Chi_t"
  ],
  "n_samples": [
    50000,
    80000,
    100000
  ],
  "nip": [],
  "nmcmc": [
    [
      {
        "acc_rate": 0.7938,
        "n_steps": 50000,
        "obs_stats": {
          "Q": {
            "mean": -0.0027199999894946814,
            "error": 0.004483044643022294,
            "tau_int": 0.7794964855831663,
            "dtau_int": 0.018074240684825302
          },
          "Chi_t": {
            "mean": 0.6445599794387817,
            "error": 0.004897380111492633,
            "tau_int": 0.733801042092576,
            "dtau_int": 0.01576043242829956
          }
        },
        "n_skipped": 0,
        "step_size": 0
      },
      {
        "acc_rate": 0.78984,
        "n_steps": 50000,
        "obs_stats": {
          "Q": {
            "mean": 0.0035200000274926424,
            "error": 0.004551705122670607,
            "tau_int": 0.7978186033116956,
            "dtau_int": 0.018473842697324796
          },
          "Chi_t": {
            "mean": 0.6492000222206116,
            "error": 0.004982021278915617,
            "tau_int": 0.7448745314153464,
            "dtau_int": 0.01598289759337621
          }
        },
        "n_skipped": 0,
        "step_size": 0
      },
      {
        "acc_rate": 0.79416,
        "n_steps": 50000,
        "obs_stats": {
          "Q": {
            "mean": -0.007439999841153622,
            "error": 0.004410682575517846,
            "tau_int": 0.7430636388916705,
            "dtau_int": 0.01594654922669359
          },
          "Chi_t": {
            "mean": 0.6545600295066833,
            "error": 0.005055718638716173,
            "tau_int": 0.7501699321565058,
            "dtau_int": 0.016089114831422908
          }
        },
        "n_skipped": 0,
        "step_size": 0
      }
    ],
    [
      {
        "acc_rate": 0.7924,
        "n_steps": 80000,
        "obs_stats": {
          "Q": {
            "mean": -0.005499999970197678,
            "error": 0.003610783853924802,
            "tau_int": 0.799791740133218,
            "dtau_int": 0.014638819900780848
          },
          "Chi_t": {
            "mean": 0.6520749926567078,
            "error": 0.004062001359374483,
            "tau_int": 0.773606369199815,
            "dtau_int": 0.01418718324593166
          }
        },
        "n_skipped": 0,
        "step_size": 0
      },
      {
        "acc_rate": 0.7896875,
        "n_steps": 80000,
        "obs_stats": {
          "Q": {
            "mean": 0.0005249999812804163,
            "error": 0.0035473434308925487,
            "tau_int": 0.7803662009229069,
            "dtau_int": 0.014303958984834393
          },
          "Chi_t": {
            "mean": 0.6449999809265137,
            "error": 0.003955100634501261,
            "tau_int": 0.7619579860955599,
            "dtau_int": 0.013985657381118163
          }
        },
        "n_skipped": 0,
        "step_size": 0
      },
      {
        "acc_rate": 0.7941625,
        "n_steps": 80000,
        "obs_stats": {
          "Q": {
            "mean": 0.0002125000028172508,
            "error": 0.0036668250863387,
            "tau_int": 0.8211986063639676,
            "dtau_int": 0.015006605659758282
          },
          "Chi_t": {
            "mean": 0.6549124717712402,
            "error": 0.004013963345020627,
            "tau_int": 0.7576561554201062,
            "dtau_int": 0.013911136321638356
          }
        },
        "n_skipped": 0,
        "step_size": 0
      }
    ],
    [
      {
        "acc_rate": 0.79291,
        "n_steps": 100000,
        "obs_stats": {
          "Q": {
            "mean": 0.002360000042244792,
            "error": 0.00320477288523284,
            "tau_int": 0.7895764303637447,
            "dtau_int": 0.012935974133703225
          },
          "Chi_t": {
            "mean": 0.65038001537323,
            "error": 0.0036066530533967237,
            "tau_int": 0.7689011487050146,
            "dtau_int": 0.012616633564400733
          }
        },
        "n_skipped": 0,
        "step_size": 0
      },
      {
        "acc_rate": 0.79245,
        "n_steps": 100000,
        "obs_stats": {
          "Q": {
            "mean": 0.0014100000262260437,
            "error": 0.0032186031810854374,
            "tau_int": 0.7928056905052316,
            "dtau_int": 0.012985754808883296
          },
          "Chi_t": {
            "mean": 0.6533300280570984,
            "error": 0.0036080289098938227,
            "tau_int": 0.7552872686126881,
            "dtau_int": 0.012405774660457747
          }
        },
        "n_skipped": 0,
        "step_size": 0
      },
      {
        "acc_rate": 0.79344,
        "n_steps": 100000,
        "obs_stats": {
          "Q": {
            "mean": -0.0003600000054575503,
            "error": 0.0031717097314099556,
            "tau_int": 0.7764424795039402,
            "dtau_int": 0.012733237681504339
          },
          "Chi_t": {
            "mean": 0.6478000283241272,
            "error": 0.0035296899350750082,
            "tau_int": 0.7460237510353309,
            "dtau_int": 0.012262031132826505
          }
        },
        "n_skipped": 0,
        "step_size": 0
      }
    ]
  ],
  "exact_sus": 0.6500977944017748
}