{
  "observables": [
    "Chi_t"
  ],
  "n_samples": [
    25000,
    40000,
    50000,
    75000,
    100000,
    125000,
    150000,
    175000,
    200000,
    225000,
    250000,
    80000
  ],
  "nip": {},
  "nmcmc": [
    [
      {
        "acc_rate": 0.37476,
        "n_steps": 25000.0,
        "obs_stats": {
          "Q": {
            "mean": 0.009720388799905777,
            "error": 0.014925994812395583,
            "tau_int": 5.022646355662953,
            "dtau_int": 0.3620692106003842
          },
          "Chi_t": {
            "mean": 0.5543021559715271,
            "error": 0.014331463309198838,
            "tau_int": 4.261259695558457,
            "dtau_int": 0.2864371470872981
          }
        },
        "n_skipped": 0.0,
        "step_size": 0.0
      },
      {
        "acc_rate": 0.35424,
        "n_steps": 25000.0,
        "obs_stats": {
          "Q": {
            "mean": -0.020280811935663223,
            "error": 0.01494737772025599,
            "tau_int": 5.259375418506331,
            "dtau_int": 0.3835636452318358
          },
          "Chi_t": {
            "mean": 0.531181275844574,
            "error": 0.015278392501020893,
            "tau_int": 4.607390776899811,
            "dtau_int": 0.3186439216083195
          }
        },
        "n_skipped": 0.0,
        "step_size": 0.0
      },
      {
        "acc_rate": 0.34788,
        "n_steps": 25000.0,
        "obs_stats": {
          "Q": {
            "mean": 0.038841553032398224,
            "error": 0.0154437840634513,
            "tau_int": 5.3033041313173825,
            "dtau_int": 0.39229004190624905
          },
          "Chi_t": {
            "mean": 0.5634225606918335,
            "error": 0.019904027137144124,
            "tau_int": 7.289225149705928,
            "dtau_int": 0.6130757041108814
          }
        },
        "n_skipped": 0.0,
        "step_size": 0.0
      }
    ],
    [
      {
        "acc_rate": 0.36445,
        "n_steps": 40000.0,
        "obs_stats": {
          "Q": {
            "mean": -0.01627540774643421,
            "error": 0.010044605367239138,
            "tau_int": 3.776063421493908,
            "dtau_int": 0.19520679223654144
          },
          "Chi_t": {
            "mean": 0.5345383882522583,
            "error": 0.010584161936429783,
            "tau_int": 3.514798593309391,
            "dtau_int": 0.17569010403091864
          }
        },
        "n_skipped": 0.0,
        "step_size": 0.0
      },
      {
        "acc_rate": 0.369525,
        "n_steps": 40000.0,
        "obs_stats": {
          "Q": {
            "mean": 0.02777569368481636,
            "error": 0.009980551479759635,
            "tau_int": 3.7351035175643874,
            "dtau_int": 0.19323725317213125
          },
          "Chi_t": {
            "mean": 0.5340383648872375,
            "error": 0.009874545598588053,
            "tau_int": 3.183561980925508,
            "dtau_int": 0.15372688992657066
          }
        },
        "n_skipped": 0.0,
        "step_size": 0.0
      },
      {
        "acc_rate": 0.361075,
        "n_steps": 40000.0,
        "obs_stats": {
          "Q": {
            "mean": -0.018975473940372467,
            "error": 0.012729554986128112,
            "tau_int": 5.8204124395643895,
            "dtau_int": 0.36199294479512817
          },
          "Chi_t": {
            "mean": 0.5569888949394226,
            "error": 0.01106398571537562,
            "tau_int": 4.018120479461858,
            "dtau_int": 0.21444341057759597
          }
        },
        "n_skipped": 0.0,
        "step_size": 0.0
      }
    ],
    [
      {
        "acc_rate": 0.36562,
        "n_steps": 50000.0,
        "obs_stats": {
          "Q": {
            "mean": 0.015780314803123474,
            "error": 0.010769899465475824,
            "tau_int": 5.215514026445784,
            "dtau_int": 0.2810004023204493
          },
          "Chi_t": {
            "mean": 0.5561110973358154,
            "error": 0.009752880405015662,
            "tau_int": 3.9553300974983854,
            "dtau_int": 0.18901426551581052
          }
        },
        "n_skipped": 0.0,
        "step_size": 0.0
      },
      {
        "acc_rate": 0.34568,
        "n_steps": 50000.0,
        "obs_stats": {
          "Q": {
            "mean": -0.07704154402017593,
            "error": 0.019843856525989315,
            "tau_int": 16.56981369974421,
            "dtau_int": 1.4591383960966262
          },
          "Chi_t": {
            "mean": 0.5996519923210144,
            "error": 0.010012115813271227,
            "tau_int": 4.241606475891205,
            "dtau_int": 0.20869048257705983
          }
        },
        "n_skipped": 0.0,
        "step_size": 0.0
      },
      {
        "acc_rate": 0.37756,
        "n_steps": 50000.0,
        "obs_stats": {
          "Q": {
            "mean": -0.011940238997340202,
            "error": 0.017502894756892564,
            "tau_int": 11.813119348378605,
            "dtau_int": 0.9008281395190803
          },
          "Chi_t": {
            "mean": 0.6481529474258423,
            "error": 0.03362437246062881,
            "tau_int": 31.786835854785863,
            "dtau_int": 3.681969715147808
          }
        },
        "n_skipped": 0.0,
        "step_size": 0.0
      }
    ],
    [
      {
        "acc_rate": 0.38054666666666664,
        "n_steps": 75000.0,
        "obs_stats": {
          "Q": {
            "mean": 0.01506686769425869,
            "error": 0.007890233877112044,
            "tau_int": 4.04797703770792,
            "dtau_int": 0.16313546074711385
          },
          "Chi_t": {
            "mean": 0.5768876671791077,
            "error": 0.00802052744416682,
            "tau_int": 3.6488189935129816,
            "dtau_int": 0.14062948524638036
          }
        },
        "n_skipped": 0.0,
        "step_size": 0.0
      },
      {
        "acc_rate": 0.36674666666666667,
        "n_steps": 75000.0,
        "obs_stats": {
          "Q": {
            "mean": 0.0043733916245400906,
            "error": 0.009604836731677143,
            "tau_int": 6.116108275818221,
            "dtau_int": 0.29419932932051485
          },
          "Chi_t": {
            "mean": 0.5655542016029358,
            "error": 0.008567325543474833,
            "tau_int": 4.211043421434904,
            "dtau_int": 0.17202339684184656
          }
        },
        "n_skipped": 0.0,
        "step_size": 0.0
      },
      {
        "acc_rate": 0.35917333333333334,
        "n_steps": 75000.0,
        "obs_stats": {
          "Q": {
            "mean": 0.008906785398721695,
            "error": 0.010202642054351993,
            "tau_int": 6.769269291523117,
            "dtau_int": 0.34154119381507086
          },
          "Chi_t": {
            "mean": 0.5766209959983826,
            "error": 0.008369519079364628,
            "tau_int": 4.1205662125803535,
            "dtau_int": 0.16857055157192366
          }
        },
        "n_skipped": 0.0,
        "step_size": 0.0
      }
    ],
    [
      {
        "acc_rate": 0.36139,
        "n_steps": 100000.0,
        "obs_stats": {
          "Q": {
            "mean": -0.00575005728751421,
            "error": 0.0073742450541671644,
            "tau_int": 4.847326644141928,
            "dtau_int": 0.18560397867225675
          },
          "Chi_t": {
            "mean": 0.5608956217765808,
            "error": 0.008797315662107145,
            "tau_int": 5.7809295371837655,
            "dtau_int": 0.23896854543486598
          }
        },
        "n_skipped": 0.0,
        "step_size": 0.0
      },
      {
        "acc_rate": 0.37613,
        "n_steps": 100000.0,
        "obs_stats": {
          "Q": {
            "mean": 0.011110111139714718,
            "error": 0.00807300607607292,
            "tau_int": 5.661316300736359,
            "dtau_int": 0.23160002037778973
          },
          "Chi_t": {
            "mean": 0.5756557583808899,