{
  "observables": [
    "Chi_t"
  ],
  "n_samples": [
    25000,
    40000,
    50000,
    75000,
    100000,
    125000,
    150000,
    175000,
    200000,
    225000,
    250000,
    80000
  ],
  "nip": {},
  "nmcmc": [
    [
      {
        "acc_rate": 0.7726,
        "n_steps": 25000.0,
        "obs_stats": {
          "Q": {
            "mean": 0.003640145529061556,
            "error": 0.006838339429285151,
            "tau_int": 0.8609693973295591,
            "dtau_int": 0.02806136079185129
          },
          "Chi_t": {
            "mean": 0.6788671612739563,
            "error": 0.007646809316709877,
            "tau_int": 0.7987428446782003,
            "dtau_int": 0.026154944333683018
          }
        },
        "n_skipped": 0.0,
        "step_size": 0.0
      },
      {
        "acc_rate": 0.77044,
        "n_steps": 25000.0,
        "obs_stats": {
          "Q": {
            "mean": 0.004680186975747347,
            "error": 0.006611029940826229,
            "tau_int": 0.8266142761612141,
            "dtau_int": 0.02701125064754143
          },
          "Chi_t": {
            "mean": 0.6608664393424988,
            "error": 0.007723938757006992,
            "tau_int": 0.8159033299814669,
            "dtau_int": 0.026682636768947054
          }
        },
        "n_skipped": 0.0,
        "step_size": 0.0
      },
      {
        "acc_rate": 0.76896,
        "n_steps": 25000.0,
        "obs_stats": {
          "Q": {
            "mean": 0.000960038392804563,
            "error": 0.006611126968955496,
            "tau_int": 0.8165792749518703,
            "dtau_int": 0.026703391997697792
          },
          "Chi_t": {
            "mean": 0.6689867377281189,
            "error": 0.0075467370063324,
            "tau_int": 0.7911899476115678,
            "dtau_int": 0.023912348674124236
          }
        },
        "n_skipped": 0.0,
        "step_size": 0.0
      }
    ],
    [
      {
        "acc_rate": 0.774975,
        "n_steps": 40000.0,
        "obs_stats": {
          "Q": {
            "mean": -0.005025125574320555,
            "error": 0.005410573276861212,
            "tau_int": 0.8714372189290189,
            "dtau_int": 0.02406926872750253
          },
          "Chi_t": {
            "mean": 0.6718418002128601,
            "error": 0.006152316920491197,
            "tau_int": 0.8243275616962524,
            "dtau_int": 0.02129868344970297
          }
        },
        "n_skipped": 0.0,
        "step_size": 0.0
      },
      {
        "acc_rate": 0.77655,
        "n_steps": 40000.0,
        "obs_stats": {
          "Q": {
            "mean": 0.00030000749393366277,
            "error": 0.005149913008837646,
            "tau_int": 0.7998559070564135,
            "dtau_int": 0.020704238250638888
          },
          "Chi_t": {
            "mean": 0.6631165742874146,
            "error": 0.005933544986071206,
            "tau_int": 0.7887152289493287,
            "dtau_int": 0.020432828450545112
          }
        },
        "n_skipped": 0.0,
        "step_size": 0.0
      },
      {
        "acc_rate": 0.76495,
        "n_steps": 40000.0,
        "obs_stats": {
          "Q": {
            "mean": 0.005300132557749748,
            "error": 0.005344578692975805,
            "tau_int": 0.8571065336802788,
            "dtau_int": 0.022091178166348313
          },
          "Chi_t": {
            "mean": 0.6665166616439819,
            "error": 0.005947475035731127,
            "tau_int": 0.7854899852058104,
            "dtau_int": 0.020354162806429113
          }
        },
        "n_skipped": 0.0,
        "step_size": 0.0
      }
    ],
    [
      {
        "acc_rate": 0.77486,
        "n_steps": 50000.0,
        "obs_stats": {
          "Q": {
            "mean": -0.011140222661197186,
            "error": 0.004628792465708608,
            "tau_int": 0.8085131374326233,
            "dtau_int": 0.018706723729435257
          },
          "Chi_t": {
            "mean": 0.6625932455062866,
            "error": 0.0053406128454201495,
            "tau_int": 0.780672447568421,
            "dtau_int": 0.018100105019968
          }
        },
        "n_skipped": 0.0,
        "step_size": 0.0
      },
      {
        "acc_rate": 0.76958,
        "n_steps": 50000.0,
        "obs_stats": {
          "Q": {
            "mean": 0.0022400447633117437,
            "error": 0.004692017231278299,
            "tau_int": 0.8329390054924042,
            "dtau_int": 0.01923666361465748
          },
          "Chi_t": {
            "mean": 0.6607332229614258,
            "error": 0.005258763767300367,
            "tau_int": 0.7880929649059778,
            "dtau_int": 0.018262059501114702
          }
        },
        "n_skipped": 0.0,
        "step_size": 0.0
      },
      {
        "acc_rate": 0.7735,
        "n_steps": 50000.0,
        "obs_stats": {
          "Q": {
            "mean": -0.005400108173489571,
            "error": 0.004712861899317603,
            "tau_int": 0.8246601862554186,
            "dtau_int": 0.01905728608681047
          },
          "Chi_t": {
            "mean": 0.673333466053009,
            "error": 0.005481102785041835,
            "tau_int": 0.8186339401629046,
            "dtau_int": 0.01892656131763897
          }
        },
        "n_skipped": 0.0,
        "step_size": 0.0
      }
    ],
    [
      {
        "acc_rate": 0.7721066666666667,
        "n_steps": 75000.0,
        "obs_stats": {
          "Q": {
            "mean": -0.001973359612748027,
            "error": 0.0039549968029526615,
            "tau_int": 0.869081826167611,
            "dtau_int": 0.017532801901843652
          },
          "Chi_t": {
            "mean": 0.6749156713485718,
            "error": 0.004578604365828495,
            "tau_int": 0.852191581925106,
            "dtau_int": 0.01721107508210019
          }
        },
        "n_skipped": 0.0,
        "step_size": 0.0
      },
      {
        "acc_rate": 0.7660666666666667,
        "n_steps": 75000.0,
        "obs_stats": {
          "Q": {
            "mean": 8.00010675447993e-05,
            "error": 0.003929170403026143,
            "tau_int": 0.8667016591269117,
            "dtau_int": 0.01748751119760866
          },
          "Chi_t": {
            "mean": 0.6679555773735046,
            "error": 0.004504850330610965,
            "tau_int": 0.8550782988613044,
            "dtau_int": 0.017266116412987365
          }
        },
        "n_skipped": 0.0,
        "step_size": 0.0
      },
      {
        "acc_rate": 0.7716133333333334,
        "n_steps": 75000.0,
        "obs_stats": {
          "Q": {
            "mean": 0.004426725674420595,
            "error": 0.0038351229142689625,
            "tau_int": 0.825798989310524,
            "dtau_int": 0.015580315487342535
          },
          "Chi_t": {
            "mean": 0.6679022312164307,
            "error": 0.0044159015198363604,
            "tau_int": 0.8195659084232239,
            "dtau_int": 0.015469934889158215
          }
        },
        "n_skipped": 0.0,
        "step_size": 0.0
      }
    ],
    [
      {
        "acc_rate": 0.77237,
        "n_steps": 100000.0,
        "obs_stats": {
          "Q": {
            "mean": 0.003740037325769663,
            "error": 0.003349514109594161,
            "tau_int": 0.8296652523672301,
            "dtau_int": 0.014532563443767601
          },
          "Chi_t": {
            "mean": 0.6761267781257629,
            "error": 0.003880407836004749,
            "tau_int": 0.827474738753327,
            "dtau_int": 0.014496263516066478
          }
        },
        "n_skipped": 0.0,
        "step_size": 0.0
      },
      {
        "acc_rate": 0.76936,
        "n_steps": 100000.0,
        "obs_stats": {
          "Q": {
            "mean": -0.00021000209380872548,
            "error": 0.0034300757443086554,
            "tau_int": 0.8669463099701322,
            "dtau_int": 0.015148635927451297
          },