{
  "observables": [
    "Chi_t"
  ],
  "n_samples": [
    50000,
    80000,
    100000
  ],
  "nip": [],
  "nmcmc": [
    [
      {
        "acc_rate": 0.66332,
        "n_steps": 50000,
        "obs_stats": {
          "Q": {
            "mean": -0.0004199999966658652,
            "error": 0.005529302513597896,
            "tau_int": 1.149834144744141,
            "dtau_int": 0.03144776980357666
          },
          "Chi_t": {
            "mean": 0.6646999716758728,
            "error": 0.006206486770621648,
            "tau_int": 1.0969840359466183,
            "dtau_int": 0.030087000114728646
          }
        },
        "n_skipped": 0,
        "step_size": 0
      },
      {
        "acc_rate": 0.6657,
        "n_steps": 50000,
        "obs_stats": {
          "Q": {
            "mean": -0.001339999958872795,
            "error": 0.005564873516755605,
            "tau_int": 1.1472125371187372,
            "dtau_int": 0.03138046759396682
          },
          "Chi_t": {
            "mean": 0.6748200058937073,
            "error": 0.006457479386501449,
            "tau_int": 1.1656115215146934,
            "dtau_int": 0.0318523706512965
          }
        },
        "n_skipped": 0,
        "step_size": 0
      },
      {
        "acc_rate": 0.65864,
        "n_steps": 50000,
        "obs_stats": {
          "Q": {
            "mean": -0.004240000154823065,
            "error": 0.005554469327631855,
            "tau_int": 1.1636815672034615,
            "dtau_int": 0.03180291851428471
          },
          "Chi_t": {
            "mean": 0.6628000140190125,
            "error": 0.006366333792074212,
            "tau_int": 1.0990507744861022,
            "dtau_int": 0.03014037168650584
          }
        },
        "n_skipped": 0,
        "step_size": 0
      }
    ],
    [
      {
        "acc_rate": 0.6635625,
        "n_steps": 80000,
        "obs_stats": {
          "Q": {
            "mean": -0.004512500017881393,
            "error": 0.004507968707930541,
            "tau_int": 1.2108687756485823,
            "dtau_int": 0.027464483467208905
          },
          "Chi_t": {
            "mean": 0.6713125109672546,
            "error": 0.0051317912192063225,
            "tau_int": 1.1437336311208155,
            "dtau_int": 0.026026244168279453
          }
        },
        "n_skipped": 0,
        "step_size": 0
      },
      {
        "acc_rate": 0.6644125,
        "n_steps": 80000,
        "obs_stats": {
          "Q": {
            "mean": 0.0051750000566244125,
            "error": 0.0042813425300927315,
            "tau_int": 1.1113378524609294,
            "dtau_int": 0.024078696048205346
          },
          "Chi_t": {
            "mean": 0.6597499847412109,
            "error": 0.0047637481948697566,
            "tau_int": 1.0142225646025202,
            "dtau_int": 0.020891233790056554
          }
        },
        "n_skipped": 0,
        "step_size": 0
      },
      {
        "acc_rate": 0.662275,
        "n_steps": 80000,
        "obs_stats": {
          "Q": {
            "mean": 8.749999688006938e-05,
            "error": 0.0044663688693354605,
            "tau_int": 1.197462496556691,
            "dtau_int": 0.027178095779207916
          },
          "Chi_t": {
            "mean": 0.6663374900817871,
            "error": 0.005003153105783253,
            "tau_int": 1.1120719599848419,
            "dtau_int": 0.024093659511996175
          }
        },
        "n_skipped": 0,
        "step_size": 0
      }
    ],
    [
      {
        "acc_rate": 0.66417,
        "n_steps": 100000,
        "obs_stats": {
          "Q": {
            "mean": 0.00011000000085914508,
            "error": 0.0039040241825227095,
            "tau_int": 1.1425251527324418,
            "dtau_int": 0.023255340844074754
          },
          "Chi_t": {
            "mean": 0.6669899821281433,
            "error": 0.00431757496485621,
            "tau_int": 1.0487656784285189,
            "dtau_int": 0.02039166685478916
          }
        },
        "n_skipped": 0,
        "step_size": 0
      },
      {
        "acc_rate": 0.66511,
        "n_steps": 100000,
        "obs_stats": {
          "Q": {
            "mean": 0.00570000009611249,
            "error": 0.0038290861703434505,
            "tau_int": 1.1178941589261,
            "dtau_int": 0.022781032761292
          },
          "Chi_t": {
            "mean": 0.6557999849319458,
            "error": 0.004273146399587833,
            "tau_int": 1.0355286524366003,
            "dtau_int": 0.020148387563423884
          }
        },
        "n_skipped": 0,
        "step_size": 0
      },
      {
        "acc_rate": 0.65847,
        "n_steps": 100000,
        "obs_stats": {
          "Q": {
            "mean": -0.00419999985024333,
            "error": 0.0038985382546623446,
            "tau_int": 1.1493586532776767,
            "dtau_int": 0.023386713521784456
          },
          "Chi_t": {
            "mean": 0.6611800193786621,
            "error": 0.004340959670244792,
            "tau_int": 1.0708729306467462,
            "dtau_int": 0.020797143122181488
          }
        },
        "n_skipped": 0,
        "step_size": 0
      }
    ]
  ],
  "exact_sus": 0.6629736823224884
}