{
  "observables": [
    "Chi_t"
  ],
  "n_samples": [
    50000,
    80000,
    100000
  ],
  "nip": [],
  "nmcmc": [
    [
      {
        "acc_rate": 0.46602,
        "n_steps": 50000,
        "obs_stats": {
          "Q": {
            "mean": -0.0011599999852478504,
            "error": 0.007865183607587012,
            "tau_int": 2.4764238777171634,
            "dtau_int": 0.09660865962071281
          },
          "Chi_t": {
            "mean": 0.6244400143623352,
            "error": 0.00884237507183638,
            "tau_int": 2.4842507228458377,
            "dtau_int": 0.09689405683126158
          }
        },
        "n_skipped": 0,
        "step_size": 0
      },
      {
        "acc_rate": 0.47358,
        "n_steps": 50000,
        "obs_stats": {
          "Q": {
            "mean": 0.0026199999265372753,
            "error": 0.007782867572031531,
            "tau_int": 2.421241397806725,
            "dtau_int": 0.09459281301761756
          },
          "Chi_t": {
            "mean": 0.6253799796104431,
            "error": 0.008657783262177126,
            "tau_int": 2.336004345364466,
            "dtau_int": 0.08904803377471103
          }
        },
        "n_skipped": 0,
        "step_size": 0
      },
      {
        "acc_rate": 0.47204,
        "n_steps": 50000,
        "obs_stats": {
          "Q": {
            "mean": 0.010900000110268593,
            "error": 0.007807639287329452,
            "tau_int": 2.499795673114655,
            "dtau_int": 0.09746050136272719
          },
          "Chi_t": {
            "mean": 0.6097000241279602,
            "error": 0.007657501479828249,
            "tau_int": 1.9361341300909918,
            "dtau_int": 0.06831863395117908
          }
        },
        "n_skipped": 0,
        "step_size": 0
      }
    ],
    [
      {
        "acc_rate": 0.469675,
        "n_steps": 80000,
        "obs_stats": {
          "Q": {
            "mean": 0.0024500000290572643,
            "error": 0.006672342791773761,
            "tau_int": 2.844109415208396,
            "dtau_int": 0.09572422777899904
          },
          "Chi_t": {
            "mean": 0.6261000037193298,
            "error": 0.007514698609848183,
            "tau_int": 2.8375266504503465,
            "dtau_int": 0.09551654492421158
          }
        },
        "n_skipped": 0,
        "step_size": 0
      },
      {
        "acc_rate": 0.47195,
        "n_steps": 80000,
        "obs_stats": {
          "Q": {
            "mean": 0.0030624999199062586,
            "error": 0.006187704700212423,
            "tau_int": 2.462363998914796,
            "dtau_int": 0.07794001707631977
          },
          "Chi_t": {
            "mean": 0.6219375133514404,
            "error": 0.006699124521439783,
            "tau_int": 2.266647583591058,
            "dtau_int": 0.06843878122080443
          }
        },
        "n_skipped": 0,
        "step_size": 0
      },
      {
        "acc_rate": 0.47765,
        "n_steps": 80000,
        "obs_stats": {
          "Q": {
            "mean": -0.0011874999618157744,
            "error": 0.0061856354993201365,
            "tau_int": 2.4829417459593826,
            "dtau_int": 0.07855098930243826
          },
          "Chi_t": {
            "mean": 0.6163625121116638,
            "error": 0.006303483446498682,
            "tau_int": 2.04484685416565,
            "dtau_int": 0.05865388105853505
          }
        },
        "n_skipped": 0,
        "step_size": 0
      }
    ],
    [
      {
        "acc_rate": 0.46769,
        "n_steps": 100000,
        "obs_stats": {
          "Q": {
            "mean": 0.00535999983549118,
            "error": 0.006076241845525278,
            "tau_int": 2.916106502917682,
            "dtau_int": 0.08956557729785694
          },
          "Chi_t": {
            "mean": 0.6330400109291077,
            "error": 0.00669871753370944,
            "tau_int": 2.7494748467997683,
            "dtau_int": 0.08294218261761602
          }
        },
        "n_skipped": 0,
        "step_size": 0
      },
      {
        "acc_rate": 0.46776,
        "n_steps": 100000,
        "obs_stats": {
          "Q": {
            "mean": 0.0005300000193528831,
            "error": 0.006073550917817988,
            "tau_int": 2.9498776750701254,
            "dtau_int": 0.09053793533308045
          },
          "Chi_t": {
            "mean": 0.6252099871635437,
            "error": 0.0062066446227029065,
            "tau_int": 2.498987738826716,
            "dtau_int": 0.07242929120319717
          }
        },
        "n_skipped": 0,
        "step_size": 0
      },
      {
        "acc_rate": 0.46942,
        "n_steps": 100000,
        "obs_stats": {
          "Q": {
            "mean": 0.0008900000248104334,
            "error": 0.005848604153564241,
            "tau_int": 2.775828775739382,
            "dtau_int": 0.08368867572960909
          },
          "Chi_t": {
            "mean": 0.6161100268363953,
            "error": 0.0066425505720679135,
            "tau_int": 2.7904972156304724,
            "dtau_int": 0.08410375804167279
          }
        },
        "n_skipped": 0,
        "step_size": 0
      }
    ]
  ],
  "exact_sus": 0.6194099585690315
}