{
  "observables": [
    "Chi_t"
  ],
  "n_samples": [
    50000,
    80000,
    100000
  ],
  "nip": [],
  "nmcmc": [
    [
      {
        "acc_rate": 0.68162,
        "n_steps": 50000,
        "obs_stats": {
          "Q": {
            "mean": -0.005739999935030937,
            "error": 0.005373903258480241,
            "tau_int": 1.0961939567187524,
            "dtau_int": 0.03006659367657018
          },
          "Chi_t": {
            "mean": 0.6586199998855591,
            "error": 0.006794424558274804,
            "tau_int": 1.2664578091398873,
            "dtau_int": 0.03623670596029164
          }
        },
        "n_skipped": 0,
        "step_size": 0
      },
      {
        "acc_rate": 0.67888,
        "n_steps": 50000,
        "obs_stats": {
          "Q": {
            "mean": -0.00546000013127923,
            "error": 0.005418353812462054,
            "tau_int": 1.109948352207647,
            "dtau_int": 0.03042157920269255
          },
          "Chi_t": {
            "mean": 0.6612600088119507,
            "error": 0.00608461100293813,
            "tau_int": 1.047831396667235,
            "dtau_int": 0.027247111982402376
          }
        },
        "n_skipped": 0,
        "step_size": 0
      },
      {
        "acc_rate": 0.68034,
        "n_steps": 50000,
        "obs_stats": {
          "Q": {
            "mean": 0.0017000000225380063,
            "error": 0.0052848520401052165,
            "tau_int": 1.0585751682813318,
            "dtau_int": 0.027508985507073896
          },
          "Chi_t": {
            "mean": 0.6595799922943115,
            "error": 0.005978166693658383,
            "tau_int": 1.0037882854113924,
            "dtau_int": 0.026169762390067696
          }
        },
        "n_skipped": 0,
        "step_size": 0
      }
    ],
    [
      {
        "acc_rate": 0.6824125,
        "n_steps": 80000,
        "obs_stats": {
          "Q": {
            "mean": 0.0007249999907799065,
            "error": 0.00417787850433338,
            "tau_int": 1.0487347764338195,
            "dtau_int": 0.022797942138653285
          },
          "Chi_t": {
            "mean": 0.6657249927520752,
            "error": 0.004663008160489144,
            "tau_int": 0.9624201144325621,
            "dtau_int": 0.019884610272427876
          }
        },
        "n_skipped": 0,
        "step_size": 0
      },
      {
        "acc_rate": 0.683,
        "n_steps": 80000,
        "obs_stats": {
          "Q": {
            "mean": 0.006012499798089266,
            "error": 0.004293433532135986,
            "tau_int": 1.0957771462482562,
            "dtau_int": 0.023761217884099486
          },
          "Chi_t": {
            "mean": 0.6729124784469604,
            "error": 0.005034485531556058,
            "tau_int": 1.1097502973470006,
            "dtau_int": 0.024046332209039782
          }
        },
        "n_skipped": 0,
        "step_size": 0
      },
      {
        "acc_rate": 0.68225,
        "n_steps": 80000,
        "obs_stats": {
          "Q": {
            "mean": 0.00028750000637955964,
            "error": 0.004211856054933925,
            "tau_int": 1.0730133346109216,
            "dtau_int": 0.023295743061243795
          },
          "Chi_t": {
            "mean": 0.6612874865531921,
            "error": 0.004814105578087413,
            "tau_int": 1.0467053100381505,
            "dtau_int": 0.022756267371068492
          }
        },
        "n_skipped": 0,
        "step_size": 0
      }
    ],
    [
      {
        "acc_rate": 0.68269,
        "n_steps": 100000,
        "obs_stats": {
          "Q": {
            "mean": 0.0005600000149570405,
            "error": 0.003760593599879554,
            "tau_int": 1.0619494440101682,
            "dtau_int": 0.02063359905476328
          },
          "Chi_t": {
            "mean": 0.6658400297164917,
            "error": 0.004246441229542623,
            "tau_int": 1.0057762637199346,
            "dtau_int": 0.0185392954566664
          }
        },
        "n_skipped": 0,
        "step_size": 0
      },
      {
        "acc_rate": 0.6817,
        "n_steps": 100000,
        "obs_stats": {
          "Q": {
            "mean": 0.005539999809116125,
            "error": 0.003898140485316528,
            "tau_int": 1.1334774922260313,
            "dtau_int": 0.023081256313531414
          },
          "Chi_t": {
            "mean": 0.6703199744224548,
            "error": 0.004503447912315491,
            "tau_int": 1.1213777100495672,
            "dtau_int": 0.02284818825221383
          }
        },
        "n_skipped": 0,
        "step_size": 0
      },
      {
        "acc_rate": 0.68444,
        "n_steps": 100000,
        "obs_stats": {
          "Q": {
            "mean": 0.001550000044517219,
            "error": 0.00378586268803647,
            "tau_int": 1.0835132067145998,
            "dtau_int": 0.02102851747453512
          },
          "Chi_t": {
            "mean": 0.6613900065422058,
            "error": 0.004351977078308931,
            "tau_int": 1.0515841455308579,
            "dtau_int": 0.02044341878315569
          }
        },
        "n_skipped": 0,
        "step_size": 0
      }
    ]
  ],
  "exact_sus": 0.6629736823224884
}