{
  "observables": [
    "Chi_t"
  ],
  "n_samples": [
    50000,
    80000,
    100000
  ],
  "nip": [],
  "nmcmc": [
    [
      {
        "acc_rate": 0.66868,
        "n_steps": 50000,
        "obs_stats": {
          "Q": {
            "mean": -0.0015800000401213765,
            "error": 0.005734964777995627,
            "tau_int": 1.2345836994211894,
            "dtau_int": 0.03537967305016098
          },
          "Chi_t": {
            "mean": 0.6659799814224243,
            "error": 0.006697103928804604,
            "tau_int": 1.253869914094803,
            "dtau_int": 0.03589859141055146
          }
        },
        "n_skipped": 0,
        "step_size": 0
      },
      {
        "acc_rate": 0.66954,
        "n_steps": 50000,
        "obs_stats": {
          "Q": {
            "mean": 0.0032399999909102917,
            "error": 0.005675751418337393,
            "tau_int": 1.2134273915790623,
            "dtau_int": 0.03480920749956089
          },
          "Chi_t": {
            "mean": 0.6636800169944763,
            "error": 0.006676621529230238,
            "tau_int": 1.2518703924835368,
            "dtau_int": 0.03584484166509219
          }
        },
        "n_skipped": 0,
        "step_size": 0
      },
      {
        "acc_rate": 0.6662,
        "n_steps": 50000,
        "obs_stats": {
          "Q": {
            "mean": -0.011880000121891499,
            "error": 0.005531593009868712,
            "tau_int": 1.1571948952934628,
            "dtau_int": 0.03163662504852189
          },
          "Chi_t": {
            "mean": 0.6611599922180176,
            "error": 0.006228876320532903,
            "tau_int": 1.1190445978849817,
            "dtau_int": 0.03065603083206898
          }
        },
        "n_skipped": 0,
        "step_size": 0
      }
    ],
    [
      {
        "acc_rate": 0.6733125,
        "n_steps": 80000,
        "obs_stats": {
          "Q": {
            "mean": 0.005574999842792749,
            "error": 0.004405628581266908,
            "tau_int": 1.166591933162687,
            "dtau_int": 0.026517083806746614
          },
          "Chi_t": {
            "mean": 0.6655250191688538,
            "error": 0.004960481777563612,
            "tau_int": 1.0872432234368008,
            "dtau_int": 0.023586860039861844
          }
        },
        "n_skipped": 0,
        "step_size": 0
      },
      {
        "acc_rate": 0.6707375,
        "n_steps": 80000,
        "obs_stats": {
          "Q": {
            "mean": 0.009537500329315662,
            "error": 0.004230443677192749,
            "tau_int": 1.082039939020955,
            "dtau_int": 0.02348046620628944
          },
          "Chi_t": {
            "mean": 0.6616625189781189,
            "error": 0.004992011193272094,
            "tau_int": 1.0950432971909916,
            "dtau_int": 0.02374623129486978
          }
        },
        "n_skipped": 0,
        "step_size": 0
      },
      {
        "acc_rate": 0.667175,
        "n_steps": 80000,
        "obs_stats": {
          "Q": {
            "mean": -0.009750000201165676,
            "error": 0.004386074980751518,
            "tau_int": 1.1713329083103459,
            "dtau_int": 0.026618739546694612
          },
          "Chi_t": {
            "mean": 0.6570249795913696,
            "error": 0.004902237957211937,
            "tau_int": 1.1154074926065645,
            "dtau_int": 0.024161632226959554
          }
        },
        "n_skipped": 0,
        "step_size": 0
      }
    ],
    [
      {
        "acc_rate": 0.67074,
        "n_steps": 100000,
        "obs_stats": {
          "Q": {
            "mean": 0.0006900000153109431,
            "error": 0.003983728812299426,
            "tau_int": 1.196902388940641,
            "dtau_int": 0.024298117989914426
          },
          "Chi_t": {
            "mean": 0.6629499793052673,
            "error": 0.0044959296613696,
            "tau_int": 1.1485039609594991,
            "dtau_int": 0.02337028739454387
          }
        },
        "n_skipped": 0,
        "step_size": 0
      },
      {
        "acc_rate": 0.67085,
        "n_steps": 100000,
        "obs_stats": {
          "Q": {
            "mean": -0.0011699999449774623,
            "error": 0.003949960534439222,
            "tau_int": 1.1698876656577104,
            "dtau_int": 0.023780812019037305
          },
          "Chi_t": {
            "mean": 0.6668099761009216,
            "error": 0.004588237211028583,
            "tau_int": 1.1577225322213789,
            "dtau_int": 0.023547379006608003
          }
        },
        "n_skipped": 0,
        "step_size": 0
      },
      {
        "acc_rate": 0.67257,
        "n_steps": 100000,
        "obs_stats": {
          "Q": {
            "mean": -0.00406000018119812,
            "error": 0.0039684040851289265,
            "tau_int": 1.1868630175155406,
            "dtau_int": 0.024106046294974027
          },
          "Chi_t": {
            "mean": 0.6634399890899658,
            "error": 0.0043823236788635145,
            "tau_int": 1.0751182978746625,
            "dtau_int": 0.020874890349301282
          }
        },
        "n_skipped": 0,
        "step_size": 0
      }
    ]
  ],
  "exact_sus": 0.6629736823224884
}