{
  "observables": [
    "Chi_t"
  ],
  "n_samples": [
    50000,
    80000,
    100000
  ],
  "nip": [],
  "nmcmc": [
    [
      {
        "acc_rate": 0.66604,
        "n_steps": 50000,
        "obs_stats": {
          "Q": {
            "mean": -0.0010999999940395355,
            "error": 0.005359240241317101,
            "tau_int": 1.1026230715424066,
            "dtau_int": 0.030232592643719698
          },
          "Chi_t": {
            "mean": 0.6511800289154053,
            "error": 0.006066998350065119,
            "tau_int": 1.0454321377058535,
            "dtau_int": 0.027188581341663996
          }
        },
        "n_skipped": 0,
        "step_size": 0
      },
      {
        "acc_rate": 0.6663,
        "n_steps": 50000,
        "obs_stats": {
          "Q": {
            "mean": -0.007319999858736992,
            "error": 0.005535906741880468,
            "tau_int": 1.1451291074131118,
            "dtau_int": 0.03132696677480516
          },
          "Chi_t": {
            "mean": 0.6690800189971924,
            "error": 0.006096900618086254,
            "tau_int": 1.0195906609939753,
            "dtau_int": 0.026557014467915883
          }
        },
        "n_skipped": 0,
        "step_size": 0
      },
      {
        "acc_rate": 0.66674,
        "n_steps": 50000,
        "obs_stats": {
          "Q": {
            "mean": -0.001339999958872795,
            "error": 0.005449414205840682,
            "tau_int": 1.1215766895221362,
            "dtau_int": 0.030721250085650218
          },
          "Chi_t": {
            "mean": 0.661899983882904,
            "error": 0.006399707805744277,
            "tau_int": 1.1293551658275804,
            "dtau_int": 0.03092148018195493
          }
        },
        "n_skipped": 0,
        "step_size": 0
      }
    ],
    [
      {
        "acc_rate": 0.670725,
        "n_steps": 80000,
        "obs_stats": {
          "Q": {
            "mean": 0.0009250000002793968,
            "error": 0.004333915202774053,
            "tau_int": 1.1168733544925997,
            "dtau_int": 0.024191495737777156
          },
          "Chi_t": {
            "mean": 0.6726750135421753,
            "error": 0.004812784248494031,
            "tau_int": 1.0365373314809447,
            "dtau_int": 0.022547323028036907
          }
        },
        "n_skipped": 0,
        "step_size": 0
      },
      {
        "acc_rate": 0.6668,
        "n_steps": 80000,
        "obs_stats": {
          "Q": {
            "mean": -0.002950000111013651,
            "error": 0.0044782043943542875,
            "tau_int": 1.1875482865478948,
            "dtau_int": 0.026966044294852883
          },
          "Chi_t": {
            "mean": 0.675475001335144,
            "error": 0.005028468673207512,
            "tau_int": 1.1207071612583344,
            "dtau_int": 0.024269576442271432
          }
        },
        "n_skipped": 0,
        "step_size": 0
      },
      {
        "acc_rate": 0.66945,
        "n_steps": 80000,
        "obs_stats": {
          "Q": {
            "mean": -0.005887500010430813,
            "error": 0.00426683245113745,
            "tau_int": 1.0979024367542383,
            "dtau_int": 0.0238046131361015
          },
          "Chi_t": {
            "mean": 0.6633124947547913,
            "error": 0.004693094507337407,
            "tau_int": 1.0093421921127834,
            "dtau_int": 0.020796684298281513
          }
        },
        "n_skipped": 0,
        "step_size": 0
      }
    ],
    [
      {
        "acc_rate": 0.6646,
        "n_steps": 100000,
        "obs_stats": {
          "Q": {
            "mean": 0.0030300000216811895,
            "error": 0.003859716717797265,
            "tau_int": 1.1250876588461896,
            "dtau_int": 0.022919681307030385
          },
          "Chi_t": {
            "mean": 0.6620500087738037,
            "error": 0.004227767610879814,
            "tau_int": 1.0194178628948223,
            "dtau_int": 0.019851792977996826
          }
        },
        "n_skipped": 0,
        "step_size": 0
      },
      {
        "acc_rate": 0.66711,
        "n_steps": 100000,
        "obs_stats": {
          "Q": {
            "mean": 0.0034600000362843275,
            "error": 0.0039282829850776175,
            "tau_int": 1.1513164907621016,
            "dtau_int": 0.02342433516932174
          },
          "Chi_t": {
            "mean": 0.6701599955558777,
            "error": 0.0044524557408195525,
            "tau_int": 1.0986856566199887,
            "dtau_int": 0.02130579468093228
          }
        },
        "n_skipped": 0,
        "step_size": 0
      },
      {
        "acc_rate": 0.66802,
        "n_steps": 100000,
        "obs_stats": {
          "Q": {
            "mean": 0.004970000125467777,
            "error": 0.003833689863173094,
            "tau_int": 1.1029942502242083,
            "dtau_int": 0.021384445353450715
          },
          "Chi_t": {
            "mean": 0.6662499904632568,
            "error": 0.00426496513612601,
            "tau_int": 1.0379309583862537,
            "dtau_int": 0.02019256631488777
          }
        },
        "n_skipped": 0,
        "step_size": 0
      }
    ]
  ],
  "exact_sus": 0.6687749432186545
}