{
  "observables": [
    "Chi_t"
  ],
  "n_samples": [
    50000,
    125000,
    250000
  ],
  "nip": [
    {
      "obs_stats": {
        "Q": {
          "mean": -0.0023859613575041294,
          "error": 0.011345792561769485,
          "error_ess": 0.011906621977686882,
          "ess_q": 0.24228404462337494
        },
        "Chi_t": {
          "mean": 1.7173733711242676,
          "error": 0.022710274904966354,
          "error_ess": 0.021796155720949173,
          "ess_q": 0.24228404462337494
        }
      },
      "entropy": 69067.4921875,
      "std_entropy": 13699864.0,
      "free_energy": -0.657982470815378,
      "std_free_energy": 0.0008336598984897137
    },
    {
      "obs_stats": {
        "Q": {
          "mean": -0.008402607403695583,
          "error": 0.007154665421694517,
          "error_ess": 0.007412809878587723,
          "ess_q": 0.2518008053302765
        },
        "Chi_t": {
          "mean": 1.7296054363250732,
          "error": 0.014795265160501003,
          "error_ess": 0.013707497157156467,
          "ess_q": 0.2518008053302765
        }
      },
      "entropy": 173999.28125,
      "std_entropy": 53166704.0,
      "free_energy": -0.6579185533045276,
      "std_free_energy": 0.0005139318527653813
    },
    {
      "obs_stats": {
        "Q": {
          "mean": 0.0009255176410079002,
          "error": 0.005028348416090012,
          "error_ess": 0.005266503896564245,
          "ess_q": 0.24875150620937347
        },
        "Chi_t": {
          "mean": 1.7248406410217285,
          "error": 0.011112782172858715,
          "error_ess": 0.00989933218806982,
          "ess_q": 0.24875150620937347
        }
      },
      "entropy": 349968.40625,
      "std_entropy": 151328368.0,
      "free_energy": -0.6579711983130637,
      "std_free_energy": 0.0003663688839878887
    }
  ],
  "nmcmc": [
    {
      "acc_rate": 0.41828,
      "n_steps": 50000,
      "obs_stats": {
        "Q": {
          "mean": -0.01226024515926838,
          "error": 0.016140136573810426,
          "tau_int": 3.775423252758963,
          "dtau_int": 0.17780642300175845
        },
        "Chi_t": {
          "mean": 1.7248544692993164,
          "error": 0.027331236718236732,
          "tau_int": 3.1730602613948453,
          "dtau_int": 0.1370744589404355
        }
      },
      "n_skipped": 0,
      "step_size": 0
    },
    {
      "acc_rate": 0.419584,
      "n_steps": 125000,
      "obs_stats": {
        "Q": {
          "mean": 0.0024720197543501854,
          "error": 0.00983776686072893,
          "tau_int": 3.5058865583033736,
          "dtau_int": 0.10493199858930205
        },
        "Chi_t": {
          "mean": 1.7252378463745117,
          "error": 0.017929573354505783,
          "tau_int": 3.2958521110410843,
          "dtau_int": 0.09724381894087854
        }
      },
      "n_skipped": 0,
      "step_size": 0
    },
    {
      "acc_rate": 0.417152,
      "n_steps": 250000,
      "obs_stats": {
        "Q": {
          "mean": 0.0003840015269815922,
          "error": 0.007125834499648085,
          "tau_int": 3.6455462412900514,
          "dtau_int": 0.08230165193806116
        },
        "Chi_t": {
          "mean": 1.7410229444503784,
          "error": 0.013685444796711018,
          "tau_int": 3.7315612389773882,
          "dtau_int": 0.08412970562515376
        }
      },
      "n_skipped": 0,
      "step_size": 0
    }
  ],
  "exact_sus": 1.7276970180829267
}