{
  "observables": [
    "Chi_t"
  ],
  "n_samples": [
    25000,
    40000,
    50000,
    75000,
    100000,
    125000,
    150000,
    175000,
    200000,
    225000,
    250000
  ],
  "nip": {},
  "nmcmc": [
    [
      {
        "acc_rate": 0.46784,
        "n_steps": 25000,
        "obs_stats": {
          "Q": {
            "mean": 0.021720869466662407,
            "error": 0.010488024352739008,
            "tau_int": 2.298511438298203,
            "dtau_int": 0.1170288145823983
          },
          "Chi_t": {
            "mean": 0.5985439419746399,
            "error": 0.012032928250857361,
            "tau_int": 2.495432125763657,
            "dtau_int": 0.13393861087352718
          }
        },
        "n_skipped": 0,
        "step_size": 0
      },
      {
        "acc_rate": 0.45944,
        "n_steps": 25000,
        "obs_stats": {
          "Q": {
            "mean": -0.029401175677776337,
            "error": 0.01154446643260286,
            "tau_int": 2.7784247526851864,
            "dtau_int": 0.1560767155527489
          },
          "Chi_t": {
            "mean": 0.6003040075302124,
            "error": 0.011268759888392984,
            "tau_int": 2.270857910391487,
            "dtau_int": 0.11571946565132284
          }
        },
        "n_skipped": 0,
        "step_size": 0
      },
      {
        "acc_rate": 0.45964,
        "n_steps": 25000,
        "obs_stats": {
          "Q": {
            "mean": 0.009040361270308495,
            "error": 0.011480749935153857,
            "tau_int": 2.7860309785606407,
            "dtau_int": 0.15647380857132975
          },
          "Chi_t": {
            "mean": 0.5913036465644836,
            "error": 0.010865135795300898,
            "tau_int": 2.2525267743299073,
            "dtau_int": 0.11485014669187722
          }
        },
        "n_skipped": 0,
        "step_size": 0
      }
    ],
    [
      {
        "acc_rate": 0.4596,
        "n_steps": 40000,
        "obs_stats": {
          "Q": {
            "mean": -0.01675041951239109,
            "error": 0.00897982062435427,
            "tau_int": 2.763065542251711,
            "dtau_int": 0.12582556613704834
          },
          "Chi_t": {
            "mean": 0.5838645696640015,
            "error": 0.009653265926330987,
            "tau_int": 2.69482718889493,
            "dtau_int": 0.11992940175294926
          }
        },
        "n_skipped": 0,
        "step_size": 0
      },
      {
        "acc_rate": 0.4521,
        "n_steps": 40000,
        "obs_stats": {
          "Q": {
            "mean": -0.012600314803421497,
            "error": 0.009162661651148216,
            "tau_int": 2.8099296395796047,
            "dtau_int": 0.12781500986262026
          },
          "Chi_t": {
            "mean": 0.5976149439811707,
            "error": 0.00993546065979423,
            "tau_int": 2.6229091810907224,
            "dtau_int": 0.11694053948635605
          }
        },
        "n_skipped": 0,
        "step_size": 0
      },
      {
        "acc_rate": 0.455625,
        "n_steps": 40000,
        "obs_stats": {
          "Q": {
            "mean": -0.002400059951469302,
            "error": 0.009213945971099603,
            "tau_int": 2.8531524178472085,
            "dtau_int": 0.12964544934251837
          },
          "Chi_t": {
            "mean": 0.5950148701667786,
            "error": 0.01083050048418727,
            "tau_int": 3.221105565590233,
            "dtau_int": 0.15541450961349967
          }
        },
        "n_skipped": 0,
        "step_size": 0
      }
    ],
    [
      {
        "acc_rate": 0.45386,
        "n_steps": 50000,
        "obs_stats": {
          "Q": {
            "mean": 0.0028600571677088737,
            "error": 0.008236435346350423,
            "tau_int": 2.844332669508873,
            "dtau_int": 0.11839013388044131
          },
          "Chi_t": {
            "mean": 0.596191942691803,
            "error": 0.00819090043108917,
            "tau_int": 2.363826439448102,
            "dtau_int": 0.09004047015687222
          }
        },
        "n_skipped": 0,
        "step_size": 0
      },
      {
        "acc_rate": 0.46302,
        "n_steps": 50000,
        "obs_stats": {
          "Q": {
            "mean": 0.008260165341198444,
            "error": 0.007722657535144951,
            "tau_int": 2.5600955383151804,
            "dtau_int": 0.10225087798155413
          },
          "Chi_t": {
            "mean": 0.582391619682312,
            "error": 0.007945080851692309,
            "tau_int": 2.3435736835483594,
            "dtau_int": 0.08931885247332505
          }
        },
        "n_skipped": 0,
        "step_size": 0
      },
      {
        "acc_rate": 0.456,
        "n_steps": 50000,
        "obs_stats": {
          "Q": {
            "mean": -0.010440208949148655,
            "error": 0.008164018446266732,
            "tau_int": 2.8312038939023783,
            "dtau_int": 0.11787938868518277
          },
          "Chi_t": {
            "mean": 0.5885717868804932,
            "error": 0.00830269385733218,
            "tau_int": 2.4479410808959448,
            "dtau_int": 0.0955699271752656
          }
        },
        "n_skipped": 0,
        "step_size": 0
      }
    ],
    [
      {
        "acc_rate": 0.45286666666666664,
        "n_steps": 75000,
        "obs_stats": {
          "Q": {
            "mean": 0.0037600500509142876,
            "error": 0.006414669043068257,
            "tau_int": 2.647090816655152,
            "dtau_int": 0.08827839458831234
          },
          "Chi_t": {
            "mean": 0.5828877687454224,
            "error": 0.006679290669407045,
            "tau_int": 2.4103992293631054,
            "dtau_int": 0.07691121321098632
          }
        },
        "n_skipped": 0,
        "step_size": 0
      },
      {
        "acc_rate": 0.46312,
        "n_steps": 75000,
        "obs_stats": {
          "Q": {
            "mean": 0.01036013849079609,
            "error": 0.006700811884721439,
            "tau_int": 2.7886114137079323,
            "dtau_int": 0.09489297447122085
          },
          "Chi_t": {
            "mean": 0.603861391544342,
            "error": 0.006530145983738183,
            "tau_int": 2.23516243051488,
            "dtau_int": 0.06976205343472751
          }
        },
        "n_skipped": 0,
        "step_size": 0
      },
      {
        "acc_rate": 0.46,
        "n_steps": 75000,
        "obs_stats": {
          "Q": {
            "mean": 0.008066774345934391,
            "error": 0.006819702577199145,
            "tau_int": 2.9146212131107747,
            "dtau_int": 0.1011574958957724
          },
          "Chi_t": {
            "mean": 0.5983946323394775,
            "error": 0.007587961587783557,
            "tau_int": 2.8581536557172296,
            "dtau_int": 0.09932161018373159
          }
        },
        "n_skipped": 0,
        "step_size": 0
      }
    ],
    [
      {
        "acc_rate": 0.45229,
        "n_steps": 100000,
        "obs_stats": {
          "Q": {
            "mean": -0.004470044746994972,
            "error": 0.005724568314054456,
            "tau_int": 2.7708149044471413,
            "dtau_int": 0.08354714524301335
          },
          "Chi_t": {
            "mean": 0.5913358926773071,
            "error": 0.005958805970161159,
            "tau_int": 2.5190216232897225,
            "dtau_int": 0.07297547503835679
          }
        },
        "n_skipped": 0,
        "step_size": 0
      },
      {
        "acc_rate": 0.45237,
        "n_steps": 100000,
        "obs_stats": {
          "Q": {
            "mean": -0.005570055916905403,
            "error": 0.0058837561178765084,
            "tau_int": 2.911642712250657,
            "dtau_int": 0.0894373859781394
          },
          "Chi_t": {
            "mean": 0.5944759249687195,
            "error": 0.0061020933552420505,
            "tau_int": 2.597333012489789,