{
  "observables": [
    "Chi_t"
  ],
  "n_samples": [
    50000,
    80000,
    100000,
    150000,
    200000,
    250000,
    300000
  ],
  "nip": [],
  "nmcmc": [
    [
      {
        "acc_rate": 0.05324,
        "n_steps": 50000,
        "obs_stats": {
          "Q": {
            "mean": 0.07016000151634216,
            "error": 0.13224109472559326,
            "tau_int": 579.4387343058461,
            "dtau_int": 199.78867849329473
          },
          "Chi_t": {
            "mean": 0.7432799935340881,
            "error": 0.17723510820909183,
            "tau_int": 847.8809833660981,
            "dtau_int": 326.8573177574237
          }
        },
        "n_skipped": 0,
        "step_size": 0
      },
      {
        "acc_rate": 0.07056,
        "n_steps": 50000,
        "obs_stats": {
          "Q": {
            "mean": -0.04983999952673912,
            "error": 0.052739857304889275,
            "tau_int": 132.83004828747113,
            "dtau_int": 27.291192072557944
          },
          "Chi_t": {
            "mean": 0.5232800245285034,
            "error": 0.0301576663287157,
            "tau_int": 49.313060977720866,
            "dtau_int": 6.849893944286805
          }
        },
        "n_skipped": 0,
        "step_size": 0
      },
      {
        "acc_rate": 0.0286,
        "n_steps": 50000,
        "obs_stats": {
          "Q": {
            "mean": -0.31779998540878296,
            "error": 0.18484289813907298,
            "tau_int": 1299.9782102153547,
            "dtau_int": 557.9341452213894
          },
          "Chi_t": {
            "mean": 0.7282000184059143,
            "error": 0.17819827138637795,
            "tau_int": 953.7703709475295,
            "dtau_int": 379.5698968151733
          }
        },
        "n_skipped": 0,
        "step_size": 0
      }
    ],
    [
      {
        "acc_rate": 0.0672125,
        "n_steps": 80000,
        "obs_stats": {
          "Q": {
            "mean": -0.0011625000042840838,
            "error": 0.029429363005117188,
            "tau_int": 75.75368866142759,
            "dtau_int": 10.341784030863352
          },
          "Chi_t": {
            "mean": 0.4564625024795532,
            "error": 0.02758181329027649,
            "tau_int": 58.09424072820105,
            "dtau_int": 7.108012079526126
          }
        },
        "n_skipped": 0,
        "step_size": 0
      },
      {
        "acc_rate": 0.0569375,
        "n_steps": 80000,
        "obs_stats": {
          "Q": {
            "mean": -0.22546249628067017,
            "error": 0.10130745076323032,
            "tau_int": 556.2567407253196,
            "dtau_int": 162.2822799186428
          },
          "Chi_t": {
            "mean": 0.7791374921798706,
            "error": 0.21121922650253439,
            "tau_int": 1397.6592084378246,
            "dtau_int": 543.1880548848048
          }
        },
        "n_skipped": 0,
        "step_size": 0
      },
      {
        "acc_rate": 0.0348375,
        "n_steps": 80000,
        "obs_stats": {
          "Q": {
            "mean": -0.4017375111579895,
            "error": 0.15190901207664664,
            "tau_int": 1833.0274131407114,
            "dtau_int": 763.8989269234069
          },
          "Chi_t": {
            "mean": 0.644587516784668,
            "error": 0.07557884843628418,
            "tau_int": 726.4200738022607,
            "dtau_int": 231.72002907798299
          }
        },
        "n_skipped": 0,
        "step_size": 0
      }
    ],
    [
      {
        "acc_rate": 0.04153,
        "n_steps": 100000,
        "obs_stats": {
          "Q": {
            "mean": 0.24679000675678253,
            "error": 0.1134789123843232,
            "tau_int": 981.4472530084523,
            "dtau_int": 321.0429478038932
          },
          "Chi_t": {
            "mean": 0.7049499750137329,
            "error": 0.14347680002028287,
            "tau_int": 1136.5330035981126,
            "dtau_int": 389.41588058928863
          }
        },
        "n_skipped": 0,
        "step_size": 0
      },
      {
        "acc_rate": 0.06015,
        "n_steps": 100000,
        "obs_stats": {
          "Q": {
            "mean": -0.017109999433159828,
            "error": 0.04253508819783556,
            "tau_int": 164.4414533353462,
            "dtau_int": 28.023806339143373
          },
          "Chi_t": {
            "mean": 0.5486299991607666,
            "error": 0.05419412863517371,
            "tau_int": 207.14921959076457,
            "dtau_int": 38.65097543490492
          }
        },
        "n_skipped": 0,
        "step_size": 0
      },
      {
        "acc_rate": 0.03989,
        "n_steps": 100000,
        "obs_stats": {
          "Q": {
            "mean": -0.13184000551700592,
            "error": 0.1472574094204371,
            "tau_int": 1755.9662512752063,
            "dtau_int": 683.3875718165638
          },
          "Chi_t": {
            "mean": 0.6153200268745422,
            "error": 0.06057491663443209,
            "tau_int": 358.4642665644686,
            "dtau_int": 82.46347886186332
          }
        },
        "n_skipped": 0,
        "step_size": 0
      }
    ],
    [
      {
        "acc_rate": 0.047893333333333336,
        "n_steps": 150000,
        "obs_stats": {
          "Q": {
            "mean": -0.2423466593027115,
            "error": 0.11934775517569216,
            "tau_int": 1795.2417498163823,
            "dtau_int": 625.0094554225221
          },
          "Chi_t": {
            "mean": 0.640666663646698,
            "error": 0.05715490628300097,
            "tau_int": 398.11989785696545,
            "dtau_int": 81.75538820732382
          }
        },
        "n_skipped": 0,
        "step_size": 0
      },
      {
        "acc_rate": 0.06062,
        "n_steps": 150000,
        "obs_stats": {
          "Q": {
            "mean": -0.04797333478927612,
            "error": 0.03152870887344678,
            "tau_int": 141.08358362450386,
            "dtau_int": 19.184827926880914
          },
          "Chi_t": {
            "mean": 0.5297600030899048,
            "error": 0.029342377398586836,
            "tau_int": 116.7672439617304,
            "dtau_int": 14.692675962510839
          }
        },
        "n_skipped": 0,
        "step_size": 0
      },
      {
        "acc_rate": 0.05733333333333333,
        "n_steps": 150000,
        "obs_stats": {
          "Q": {
            "mean": 0.01894666627049446,
            "error": 0.04335594298065668,
            "tau_int": 246.93202010166195,
            "dtau_int": 42.0909706779247
          },
          "Chi_t": {
            "mean": 0.5694400072097778,
            "error": 0.041071556161556534,
            "tau_int": 205.58260951760795,
            "dtau_int": 32.5646555063598
          }
        },
        "n_skipped": 0,
        "step_size": 0
      }
    ],
    [
      {
        "acc_rate": 0.04541,
        "n_steps": 200000,
        "obs_stats": {
          "Q": {
            "mean": 0.02659500017762184,
            "error": 0.0356630261500498,
            "tau_int": 271.32795837383577,
            "dtau_int": 42.80059078721521
          },
          "Chi_t": {
            "mean": 0.4682050049304962,
            "error": 0.03860346605575611,
            "tau_int": 308.94855370618353,
            "dtau_int": 51.33664252903918
          }
        },
        "n_skipped": 0,
        "step_size": 0
      },
      {
        "acc_rate": 0.050275,
        "n_steps": 200000,
        "obs_stats": {
          "Q": {
            "mean": -0.025830000638961792,
            "error": 0.03840712871055223,
            "tau_int": 277.5860523195386,
            "dtau_int": 44.18615352247971
          },
          "Chi_t": {
            "mean": 0.5306199789047241,
            "error": 0.0402508341312654,
            "tau_int": 242.96344183471237,
            "dtau_int": 36.663119905491776
          }
        },
        "n_skipped": 0,