{
  "observables": [
    "Chi_t"
  ],
  "n_samples": [
    50000,
    80000,
    100000,
    150000,
    200000,
    250000,
    300000
  ],
  "nip": [],
  "nmcmc": [
    [
      {
        "acc_rate": 0.0982,
        "n_steps": 50000,
        "obs_stats": {
          "Q": {
            "mean": -0.014440000057220459,
            "error": 0.0366425107083395,
            "tau_int": 55.45329604443055,
            "dtau_int": 8.074833244207083
          },
          "Chi_t": {
            "mean": 0.604200005531311,
            "error": 0.06201331970751231,
            "tau_int": 123.21781087708007,
            "dtau_int": 24.60119277364097
          }
        },
        "n_skipped": 0,
        "step_size": 0
      }
    ],
    [
      {
        "acc_rate": 0.09955,
        "n_steps": 80000,
        "obs_stats": {
          "Q": {
            "mean": 0.03528749942779541,
            "error": 0.044484571533611274,
            "tau_int": 126.12091812532644,
            "dtau_int": 21.130036086375995
          },
          "Chi_t": {
            "mean": 0.6269124746322632,
            "error": 0.053314738056030674,
            "tau_int": 147.5585529390616,
            "dtau_int": 26.312248078552546
          }
        },
        "n_skipped": 0,
        "step_size": 0
      }
    ],
    [
      {
        "acc_rate": 0.07922,
        "n_steps": 100000,
        "obs_stats": {
          "Q": {
            "mean": -0.002219999907538295,
            "error": 0.030345183402842375,
            "tau_int": 91.8834536885664,
            "dtau_int": 12.376896250323458
          },
          "Chi_t": {
            "mean": 0.5001800060272217,
            "error": 0.03932543624033061,
            "tau_int": 121.80820095820275,
            "dtau_int": 18.403793027190222
          }
        },
        "n_skipped": 0,
        "step_size": 0
      }
    ],
    [
      {
        "acc_rate": 0.10298666666666667,
        "n_steps": 150000,
        "obs_stats": {
          "Q": {
            "mean": -0.05798666551709175,
            "error": 0.030065239868103177,
            "tau_int": 110.27459621736058,
            "dtau_int": 13.550474942527343
          },
          "Chi_t": {
            "mean": 0.6172400116920471,
            "error": 0.03748832929160624,
            "tau_int": 134.4898753273961,
            "dtau_int": 17.9366019446461
          }
        },
        "n_skipped": 0,
        "step_size": 0
      }
    ],
    [
      {
        "acc_rate": 0.10147,
        "n_steps": 200000,
        "obs_stats": {
          "Q": {
            "mean": -0.011749999597668648,
            "error": 0.014780128925731944,
            "tau_int": 41.15142389212891,
            "dtau_int": 2.9523017885078984
          },
          "Chi_t": {
            "mean": 0.5307700037956238,
            "error": 0.019005228613613347,
            "tau_int": 57.78505640894063,
            "dtau_int": 4.791039445697658
          }
        },
        "n_skipped": 0,
        "step_size": 0
      }
    ],
    [
      {
        "acc_rate": 0.087072,
        "n_steps": 250000,
        "obs_stats": {
          "Q": {
            "mean": 0.0012679999927058816,
            "error": 0.02256770319857699,
            "tau_int": 129.93113168507932,
            "dtau_int": 13.814986396959624
          },
          "Chi_t": {
            "mean": 0.4894680082798004,
            "error": 0.046272769917206184,
            "tau_int": 378.52137197720356,
            "dtau_int": 62.39021851188551
          }
        },
        "n_skipped": 0,
        "step_size": 0
      }
    ],
    [
      {
        "acc_rate": 0.0953,
        "n_steps": 300000,
        "obs_stats": {
          "Q": {
            "mean": 0.04781666770577431,
            "error": 0.019900533519032503,
            "tau_int": 108.28593491349086,
            "dtau_int": 9.870974770441105
          },
          "Chi_t": {
            "mean": 0.5504833459854126,
            "error": 0.015351529100159238,
            "tau_int": 57.0935565210711,
            "dtau_int": 3.957789928670453
          }
        },
        "n_skipped": 0,
        "step_size": 0
      }
    ]
  ],
  "exact_sus": 0.5698456448544804
}