{
  "observables": [
    "Chi_t"
  ],
  "n_samples": [
    50000,
    80000,
    100000,
    150000,
    200000,
    250000
  ],
  "nip": [],
  "nmcmc": [
    [
      {
        "acc_rate": 0.29354,
        "n_steps": 50000,
        "obs_stats": {
          "Q": {
            "mean": -0.006639999803155661,
            "error": 0.013156677228047808,
            "tau_int": 7.1707307102787174,
            "dtau_int": 0.44123840554361465
          },
          "Chi_t": {
            "mean": 0.6033599972724915,
            "error": 0.012573755709839145,
            "tau_int": 5.273672632987024,
            "dtau_int": 0.28390321743185204
          }
        },
        "n_skipped": 0,
        "step_size": 0
      },
      {
        "acc_rate": 0.28732,
        "n_steps": 50000,
        "obs_stats": {
          "Q": {
            "mean": 0.007060000207275152,
            "error": 0.015582092052915964,
            "tau_int": 10.177591507074643,
            "dtau_int": 0.7300811881694523
          },
          "Chi_t": {
            "mean": 0.5962200164794922,
            "error": 0.013230012641001924,
            "tau_int": 6.05570525882298,
            "dtau_int": 0.34869209310868615
          }
        },
        "n_skipped": 0,
        "step_size": 0
      },
      {
        "acc_rate": 0.28788,
        "n_steps": 50000,
        "obs_stats": {
          "Q": {
            "mean": -0.007019999902695417,
            "error": 0.011417125258627023,
            "tau_int": 5.823171809083228,
            "dtau_int": 0.32807494963555295
          },
          "Chi_t": {
            "mean": 0.5595399737358093,
            "error": 0.011639288618174155,
            "tau_int": 4.9611452587712375,
            "dtau_int": 0.2607839763318117
          }
        },
        "n_skipped": 0,
        "step_size": 0
      }
    ],
    [
      {
        "acc_rate": 0.279675,
        "n_steps": 80000,
        "obs_stats": {
          "Q": {
            "mean": 0.006062500178813934,
            "error": 0.01080969626084622,
            "tau_int": 8.166764662832467,
            "dtau_int": 0.4334284255973334
          },
          "Chi_t": {
            "mean": 0.572237491607666,
            "error": 0.009998329768601657,
            "tau_int": 6.293822756094651,
            "dtau_int": 0.2992253628169996
          }
        },
        "n_skipped": 0,
        "step_size": 0
      },
      {
        "acc_rate": 0.2934625,
        "n_steps": 80000,
        "obs_stats": {
          "Q": {
            "mean": 0.02317499928176403,
            "error": 0.010690734629900969,
            "tau_int": 7.687656059500831,
            "dtau_int": 0.3987676343215934
          },
          "Chi_t": {
            "mean": 0.5950999855995178,
            "error": 0.009787663714464559,
            "tau_int": 5.513958111538229,
            "dtau_int": 0.2465486750644586
          }
        },
        "n_skipped": 0,
        "step_size": 0
      },
      {
        "acc_rate": 0.2883875,
        "n_steps": 80000,
        "obs_stats": {
          "Q": {
            "mean": 0.0006000000284984708,
            "error": 0.011948113212748334,
            "tau_int": 9.704091829109894,
            "dtau_int": 0.5565950538005229
          },
          "Chi_t": {
            "mean": 0.5882999897003174,
            "error": 0.01669332371707705,
            "tau_int": 14.425046485805133,
            "dtau_int": 0.9787527102752739
          }
        },
        "n_skipped": 0,
        "step_size": 0
      }
    ],
    [
      {
        "acc_rate": 0.28044,
        "n_steps": 100000,
        "obs_stats": {
          "Q": {
            "mean": 0.005319999996572733,
            "error": 0.011391048262536372,
            "tau_int": 10.652479137948715,
            "dtau_int": 0.5750267869428076
          },
          "Chi_t": {
            "mean": 0.6089400053024292,
            "error": 0.010624047817933762,
            "tau_int": 7.657788639597818,
            "dtau_int": 0.35866652915365854
          }
        },
        "n_skipped": 0,
        "step_size": 0
      },
      {
        "acc_rate": 0.28918,
        "n_steps": 100000,
        "obs_stats": {
          "Q": {
            "mean": -0.005940000060945749,
            "error": 0.009255786193020569,
            "tau_int": 7.252632283751719,
            "dtau_int": 0.33155674091238757
          },
          "Chi_t": {
            "mean": 0.5905600190162659,
            "error": 0.011001452992502275,
            "tau_int": 8.501348242660068,
            "dtau_int": 0.4164746270851195
          }
        },
        "n_skipped": 0,
        "step_size": 0
      },
      {
        "acc_rate": 0.28646,
        "n_steps": 100000,
        "obs_stats": {
          "Q": {
            "mean": 0.028710000216960907,
            "error": 0.01004486943092381,
            "tau_int": 8.593232672141463,
            "dtau_int": 0.4241498731632497
          },
          "Chi_t": {
            "mean": 0.5878099799156189,
            "error": 0.01024893467130135,
            "tau_int": 7.655641169517814,
            "dtau_int": 0.3585729686261393
          }
        },
        "n_skipped": 0,
        "step_size": 0
      }
    ],
    [
      {
        "acc_rate": 0.28548,
        "n_steps": 150000,
        "obs_stats": {
          "Q": {
            "mean": 0.0012533332919701934,
            "error": 0.007997945546520389,
            "tau_int": 8.0732728337089,
            "dtau_int": 0.32407724036884944
          },
          "Chi_t": {
            "mean": 0.5941866636276245,
            "error": 0.008929313538188578,
            "tau_int": 8.106333372355152,
            "dtau_int": 0.3253153267544487
          }
        },
        "n_skipped": 0,
        "step_size": 0
      },
      {
        "acc_rate": 0.28678,
        "n_steps": 150000,
        "obs_stats": {
          "Q": {
            "mean": 0.02295333333313465,
            "error": 0.008875311863273882,
            "tau_int": 9.951461810333358,
            "dtau_int": 0.43770910419246284
          },
          "Chi_t": {
            "mean": 0.5941133499145508,
            "error": 0.0082598205957535,
            "tau_int": 7.488535748965434,
            "dtau_int": 0.28941413387967163
          }
        },
        "n_skipped": 0,
        "step_size": 0
      },
      {
        "acc_rate": 0.2756533333333333,
        "n_steps": 150000,
        "obs_stats": {
          "Q": {
            "mean": -0.01143999956548214,
            "error": 0.008605090007729944,
            "tau_int": 9.585752702915615,
            "dtau_int": 0.4138980973680622
          },
          "Chi_t": {
            "mean": 0.5794133543968201,
            "error": 0.009685351850974508,
            "tau_int": 9.89644243738581,
            "dtau_int": 0.43244488965212036
          }
        },
        "n_skipped": 0,
        "step_size": 0
      }
    ],
    [
      {
        "acc_rate": 0.288145,
        "n_steps": 200000,
        "obs_stats": {
          "Q": {
            "mean": -0.005330000072717667,
            "error": 0.007052408329456708,
            "tau_int": 8.353855584232804,
            "dtau_int": 0.29921767213876005
          },
          "Chi_t": {
            "mean": 0.5953500270843506,
            "error": 0.0065249919553418394,
            "tau_int": 6.124644249764222,
            "dtau_int": 0.19050568992936232
          }
        },
        "n_skipped": 0,
        "step_size": 0
      },
      {
        "acc_rate": 0.280005,
        "n_steps": 200000,
        "obs_stats": {
          "Q": {
            "mean": 0.00033999999868683517,
            "error": 0.006894674628574143,
            "tau_int": 8.199103068616274,
            "dtau_int": 0.29173348196562143
          },
          "Chi_t": {
            "mean": 0.5797299742698669,
            "error": 0.0071794813331565325,
            "tau_int": 7.551990571197759,
            "dtau_int": 0.2593050704558755
          }
        },
        "n_skipped": 0,