{
  "observables": [
    "Chi_t"
  ],
  "n_samples": [
    50000,
    80000,
    100000
  ],
  "nip": [],
  "nmcmc": [
    [
      {
        "acc_rate": 0.58886,
        "n_steps": 50000,
        "obs_stats": {
          "Q": {
            "mean": 0.004660000093281269,
            "error": 0.006365796610406469,
            "tau_int": 1.5892044828134213,
            "dtau_int": 0.05107416513395833
          },
          "Chi_t": {
            "mean": 0.6374599933624268,
            "error": 0.0068595592014095205,
            "tau_int": 1.4347839751914586,
            "dtau_int": 0.04457579137061975
          }
        },
        "n_skipped": 0,
        "step_size": 0
      },
      {
        "acc_rate": 0.59758,
        "n_steps": 50000,
        "obs_stats": {
          "Q": {
            "mean": -0.0047599999234080315,
            "error": 0.006133904089087635,
            "tau_int": 1.4266185679276788,
            "dtau_int": 0.044337104394029575
          },
          "Chi_t": {
            "mean": 0.6593199968338013,
            "error": 0.0068749409409377205,
            "tau_int": 1.3729165545076285,
            "dtau_int": 0.04096187309329089
          }
        },
        "n_skipped": 0,
        "step_size": 0
      },
      {
        "acc_rate": 0.58486,
        "n_steps": 50000,
        "obs_stats": {
          "Q": {
            "mean": 0.011500000022351742,
            "error": 0.006491110765384813,
            "tau_int": 1.6306691281159469,
            "dtau_int": 0.05232254089317616
          },
          "Chi_t": {
            "mean": 0.6460599899291992,
            "error": 0.0065967079095974965,
            "tau_int": 1.298862127897307,
            "dtau_int": 0.038881151530860324
          }
        },
        "n_skipped": 0,
        "step_size": 0
      }
    ],
    [
      {
        "acc_rate": 0.5947,
        "n_steps": 80000,
        "obs_stats": {
          "Q": {
            "mean": -0.0011375000467523932,
            "error": 0.0049284924781396715,
            "tau_int": 1.4926233619576712,
            "dtau_int": 0.038065373439144595
          },
          "Chi_t": {
            "mean": 0.6509125232696533,
            "error": 0.005367717339342112,
            "tau_int": 1.361315523323044,
            "dtau_int": 0.03353741697015277
          }
        },
        "n_skipped": 0,
        "step_size": 0
      },
      {
        "acc_rate": 0.594175,
        "n_steps": 80000,
        "obs_stats": {
          "Q": {
            "mean": -0.0015124999918043613,
            "error": 0.004824870774974757,
            "tau_int": 1.4500142001696505,
            "dtau_int": 0.03559184693923371
          },
          "Chi_t": {
            "mean": 0.6421625018119812,
            "error": 0.005313058432884614,
            "tau_int": 1.3461126752286436,
            "dtau_int": 0.03178919587401503
          }
        },
        "n_skipped": 0,
        "step_size": 0
      },
      {
        "acc_rate": 0.589075,
        "n_steps": 80000,
        "obs_stats": {
          "Q": {
            "mean": 0.0048500001430511475,
            "error": 0.005090750516983019,
            "tau_int": 1.6142420466529144,
            "dtau_int": 0.042534218019698894
          },
          "Chi_t": {
            "mean": 0.642175018787384,
            "error": 0.0057379529440831755,
            "tau_int": 1.5602562716665296,
            "dtau_int": 0.03968658928840075
          }
        },
        "n_skipped": 0,
        "step_size": 0
      }
    ],
    [
      {
        "acc_rate": 0.58828,
        "n_steps": 100000,
        "obs_stats": {
          "Q": {
            "mean": -0.005309999920427799,
            "error": 0.004400945182188276,
            "tau_int": 1.5102680634688475,
            "dtau_int": 0.03442580693675029
          },
          "Chi_t": {
            "mean": 0.6412299871444702,
            "error": 0.004984160903035019,
            "tau_int": 1.4886081323741143,
            "dtau_int": 0.03396035811919796
          }
        },
        "n_skipped": 0,
        "step_size": 0
      },
      {
        "acc_rate": 0.58956,
        "n_steps": 100000,
        "obs_stats": {
          "Q": {
            "mean": 0.008270000107586384,
            "error": 0.004314959889258931,
            "tau_int": 1.448398619986153,
            "dtau_int": 0.03309405608734225
          },
          "Chi_t": {
            "mean": 0.6427900195121765,
            "error": 0.004829763749891321,
            "tau_int": 1.3917458343099125,
            "dtau_int": 0.030628849938693792
          }
        },
        "n_skipped": 0,
        "step_size": 0
      },
      {
        "acc_rate": 0.59231,
        "n_steps": 100000,
        "obs_stats": {
          "Q": {
            "mean": 0.0008900000248104334,
            "error": 0.004490812533991421,
            "tau_int": 1.5784651044961984,
            "dtau_int": 0.037248478793516504
          },
          "Chi_t": {
            "mean": 0.6388099789619446,
            "error": 0.0048685136037437855,
            "tau_int": 1.4126824872656445,
            "dtau_int": 0.03106272287909915
          }
        },
        "n_skipped": 0,
        "step_size": 0
      }
    ]
  ],
  "exact_sus": 0.6439874072967454
}