{
  "observables": [
    "Chi_t"
  ],
  "n_samples": [
    50000,
    80000,
    100000
  ],
  "nip": [],
  "nmcmc": [
    [
      {
        "acc_rate": 0.5169,
        "n_steps": 50000,
        "obs_stats": {
          "Q": {
            "mean": -0.005779999773949385,
            "error": 0.007853090730089593,
            "tau_int": 2.4576861694815797,
            "dtau_int": 0.09592488300592955
          },
          "Chi_t": {
            "mean": 0.6273000240325928,
            "error": 0.008040786996645033,
            "tau_int": 2.064366837981125,
            "dtau_int": 0.07485573640016317
          }
        },
        "n_skipped": 0,
        "step_size": 0
      },
      {
        "acc_rate": 0.51478,
        "n_steps": 50000,
        "obs_stats": {
          "Q": {
            "mean": 0.007439999841153622,
            "error": 0.007911384668666902,
            "tau_int": 2.4995723815601156,
            "dtau_int": 0.09745236843650087
          },
          "Chi_t": {
            "mean": 0.6259999871253967,
            "error": 0.009206495731341288,
            "tau_int": 2.5711870107855153,
            "dtau_int": 0.10266428215191137
          }
        },
        "n_skipped": 0,
        "step_size": 0
      },
      {
        "acc_rate": 0.51526,
        "n_steps": 50000,
        "obs_stats": {
          "Q": {
            "mean": 0.0012199999764561653,
            "error": 0.007238789407852274,
            "tau_int": 2.1114386311251967,
            "dtau_int": 0.07645288396277826
          },
          "Chi_t": {
            "mean": 0.6203799843788147,
            "error": 0.00840433739420253,
            "tau_int": 2.203808526372605,
            "dtau_int": 0.08197739142834955
          }
        },
        "n_skipped": 0,
        "step_size": 0
      }
    ],
    [
      {
        "acc_rate": 0.5218125,
        "n_steps": 80000,
        "obs_stats": {
          "Q": {
            "mean": -0.002262500114738941,
            "error": 0.0057628488074911695,
            "tau_int": 2.1418635807652637,
            "dtau_int": 0.06309985440028612
          },
          "Chi_t": {
            "mean": 0.620187520980835,
            "error": 0.00605081747759197,
            "tau_int": 1.8977735084201748,
            "dtau_int": 0.05300571182453479
          }
        },
        "n_skipped": 0,
        "step_size": 0
      },
      {
        "acc_rate": 0.5191125,
        "n_steps": 80000,
        "obs_stats": {
          "Q": {
            "mean": -0.006037500221282244,
            "error": 0.005665179130652934,
            "tau_int": 2.081649383216158,
            "dtau_int": 0.06143220424204812
          },
          "Chi_t": {
            "mean": 0.6167125105857849,
            "error": 0.00604534296135069,
            "tau_int": 1.882817119718894,
            "dtau_int": 0.052613172349822226
          }
        },
        "n_skipped": 0,
        "step_size": 0
      },
      {
        "acc_rate": 0.5165375,
        "n_steps": 80000,
        "obs_stats": {
          "Q": {
            "mean": -0.009025000035762787,
            "error": 0.006008207320585282,
            "tau_int": 2.3275138371834436,
            "dtau_int": 0.07206368899699458
          },
          "Chi_t": {
            "mean": 0.6204249858856201,
            "error": 0.005959577065644443,
            "tau_int": 1.8661414542632322,
            "dtau_int": 0.052175023290611904
          }
        },
        "n_skipped": 0,
        "step_size": 0
      }
    ],
    [
      {
        "acc_rate": 0.51476,
        "n_steps": 100000,
        "obs_stats": {
          "Q": {
            "mean": 0.008740000426769257,
            "error": 0.005253618529174536,
            "tau_int": 2.2229390818416603,
            "dtau_int": 0.06010501870683044
          },
          "Chi_t": {
            "mean": 0.6208599805831909,
            "error": 0.005826894180227198,
            "tau_int": 2.2149991794050576,
            "dtau_int": 0.059903342704977616
          }
        },
        "n_skipped": 0,
        "step_size": 0
      },
      {
        "acc_rate": 0.51873,
        "n_steps": 100000,
        "obs_stats": {
          "Q": {
            "mean": 0.006440000142902136,
            "error": 0.0051725670972945165,
            "tau_int": 2.1485997695034684,
            "dtau_int": 0.05821301913763113
          },
          "Chi_t": {
            "mean": 0.6226400136947632,
            "error": 0.005517160240753286,
            "tau_int": 1.9586799084859519,
            "dtau_int": 0.05038236467198412
          }
        },
        "n_skipped": 0,
        "step_size": 0
      },
      {
        "acc_rate": 0.51577,
        "n_steps": 100000,
        "obs_stats": {
          "Q": {
            "mean": -0.003920000046491623,
            "error": 0.005247702150074708,
            "tau_int": 2.220435202526474,
            "dtau_int": 0.06004142976272166
          },
          "Chi_t": {
            "mean": 0.6201000213623047,
            "error": 0.005886990024774189,
            "tau_int": 2.214621920475027,
            "dtau_int": 0.05989375781937104
          }
        },
        "n_skipped": 0,
        "step_size": 0
      }
    ]
  ],
  "exact_sus": 0.6194099585690315
}