{
  "observables": [
    "Chi_t"
  ],
  "n_samples": [
    50000,
    80000,
    100000
  ],
  "nip": [],
  "nmcmc": [
    [
      {
        "acc_rate": 0.6063,
        "n_steps": 50000,
        "obs_stats": {
          "Q": {
            "mean": -0.000539999979082495,
            "error": 0.005898983753019054,
            "tau_int": 1.3433980063517028,
            "dtau_int": 0.040134297259878625
          },
          "Chi_t": {
            "mean": 0.6475399732589722,
            "error": 0.00624111776279636,
            "tau_int": 1.163551451371648,
            "dtau_int": 0.0317995840898922
          }
        },
        "n_skipped": 0,
        "step_size": 0
      },
      {
        "acc_rate": 0.6109,
        "n_steps": 50000,
        "obs_stats": {
          "Q": {
            "mean": 0.002259999979287386,
            "error": 0.006302583037269593,
            "tau_int": 1.5089067762533186,
            "dtau_int": 0.04673441298909237
          },
          "Chi_t": {
            "mean": 0.6581000089645386,
            "error": 0.007849428343843803,
            "tau_int": 1.71067702967281,
            "dtau_int": 0.05681780987580208
          }
        },
        "n_skipped": 0,
        "step_size": 0
      },
      {
        "acc_rate": 0.60356,
        "n_steps": 50000,
        "obs_stats": {
          "Q": {
            "mean": -0.006440000142902136,
            "error": 0.005830941456181404,
            "tau_int": 1.3262294935708625,
            "dtau_int": 0.03965185861528241
          },
          "Chi_t": {
            "mean": 0.6409199833869934,
            "error": 0.006593950324654001,
            "tau_int": 1.3104886546415047,
            "dtau_int": 0.03920882425686863
          }
        },
        "n_skipped": 0,
        "step_size": 0
      }
    ],
    [
      {
        "acc_rate": 0.6080625,
        "n_steps": 80000,
        "obs_stats": {
          "Q": {
            "mean": -0.004550000187009573,
            "error": 0.004707248124679237,
            "tau_int": 1.3427139026199293,
            "dtau_int": 0.031713762725837015
          },
          "Chi_t": {
            "mean": 0.660099983215332,
            "error": 0.005131717092054786,
            "tau_int": 1.2181413950631945,
            "dtau_int": 0.027619672044803475
          }
        },
        "n_skipped": 0,
        "step_size": 0
      },
      {
        "acc_rate": 0.605475,
        "n_steps": 80000,
        "obs_stats": {
          "Q": {
            "mean": -0.009262500330805779,
            "error": 0.0046997574855748864,
            "tau_int": 1.372656731221094,
            "dtau_int": 0.03380101809807139
          },
          "Chi_t": {
            "mean": 0.6437125205993652,
            "error": 0.004947485176756018,
            "tau_int": 1.1980898898946473,
            "dtau_int": 0.027191507375492557
          }
        },
        "n_skipped": 0,
        "step_size": 0
      },
      {
        "acc_rate": 0.6074375,
        "n_steps": 80000,
        "obs_stats": {
          "Q": {
            "mean": -0.003074999898672104,
            "error": 0.0045986058407469005,
            "tau_int": 1.3055592205845523,
            "dtau_int": 0.030887501542901697
          },
          "Chi_t": {
            "mean": 0.6478999853134155,
            "error": 0.005052226711992525,
            "tau_int": 1.2117958321494797,
            "dtau_int": 0.02748427236642026
          }
        },
        "n_skipped": 0,
        "step_size": 0
      }
    ],
    [
      {
        "acc_rate": 0.60488,
        "n_steps": 100000,
        "obs_stats": {
          "Q": {
            "mean": -0.005900000222027302,
            "error": 0.004247141549049754,
            "tau_int": 1.3831215582430796,
            "dtau_int": 0.03044988955525719
          },
          "Chi_t": {
            "mean": 0.6521000266075134,
            "error": 0.0046430113227130835,
            "tau_int": 1.279217246570695,
            "dtau_int": 0.02710103509934994
          }
        },
        "n_skipped": 0,
        "step_size": 0
      },
      {
        "acc_rate": 0.60991,
        "n_steps": 100000,
        "obs_stats": {
          "Q": {
            "mean": -0.0017500000540167093,
            "error": 0.004123743403245718,
            "tau_int": 1.3202352423063513,
            "dtau_int": 0.02791885800680779
          },
          "Chi_t": {
            "mean": 0.6440100073814392,
            "error": 0.004453681284377354,
            "tau_int": 1.1929975785843134,
            "dtau_int": 0.024223436040870655
          }
        },
        "n_skipped": 0,
        "step_size": 0
      },
      {
        "acc_rate": 0.60593,
        "n_steps": 100000,
        "obs_stats": {
          "Q": {
            "mean": 0.007930000312626362,
            "error": 0.0041616255448671995,
            "tau_int": 1.3529203207471268,
            "dtau_int": 0.029822095435984994
          },
          "Chi_t": {
            "mean": 0.6401100158691406,
            "error": 0.004425686697730064,
            "tau_int": 1.184848642084175,
            "dtau_int": 0.02406748297494314
          }
        },
        "n_skipped": 0,
        "step_size": 0
      }
    ]
  ],
  "exact_sus": 0.6500977944017748
}