{
  "observables": [
    "Chi_t"
  ],
  "n_samples": [
    50000,
    80000,
    100000
  ],
  "nip": [],
  "nmcmc": [
    [
      {
        "acc_rate": 0.61862,
        "n_steps": 50000,
        "obs_stats": {
          "Q": {
            "mean": -0.004360000137239695,
            "error": 0.0059657604448521305,
            "tau_int": 1.3821764043700828,
            "dtau_int": 0.04122098427366766
          },
          "Chi_t": {
            "mean": 0.6437199711799622,
            "error": 0.006657293468683703,
            "tau_int": 1.3440778508609381,
            "dtau_int": 0.040153384297527205
          }
        },
        "n_skipped": 0,
        "step_size": 0
      },
      {
        "acc_rate": 0.61234,
        "n_steps": 50000,
        "obs_stats": {
          "Q": {
            "mean": -0.0066200001165270805,
            "error": 0.0063617646292201836,
            "tau_int": 1.5467733864678785,
            "dtau_int": 0.04979212557909125
          },
          "Chi_t": {
            "mean": 0.6541399955749512,
            "error": 0.007357525761391683,
            "tau_int": 1.5650946869666256,
            "dtau_int": 0.050346262702869904
          }
        },
        "n_skipped": 0,
        "step_size": 0
      },
      {
        "acc_rate": 0.62264,
        "n_steps": 50000,
        "obs_stats": {
          "Q": {
            "mean": 0.002580000087618828,
            "error": 0.005825989727503143,
            "tau_int": 1.313129473270223,
            "dtau_int": 0.03928319913947047
          },
          "Chi_t": {
            "mean": 0.6461799740791321,
            "error": 0.006635650755306893,
            "tau_int": 1.329150614552932,
            "dtau_int": 0.0397340000582244
          }
        },
        "n_skipped": 0,
        "step_size": 0
      }
    ],
    [
      {
        "acc_rate": 0.62325,
        "n_steps": 80000,
        "obs_stats": {
          "Q": {
            "mean": -0.004124999977648258,
            "error": 0.00472399618657266,
            "tau_int": 1.380350665309105,
            "dtau_int": 0.03397969358256001
          },
          "Chi_t": {
            "mean": 0.6466749906539917,
            "error": 0.005185661197031933,
            "tau_int": 1.2978112947732559,
            "dtau_int": 0.03071482136023108
          }
        },
        "n_skipped": 0,
        "step_size": 0
      },
      {
        "acc_rate": 0.6234625,
        "n_steps": 80000,
        "obs_stats": {
          "Q": {
            "mean": 0.004937500227242708,
            "error": 0.00479494798344555,
            "tau_int": 1.3991259565820289,
            "dtau_int": 0.03441519115123344
          },
          "Chi_t": {
            "mean": 0.6573125123977661,
            "error": 0.005631917860926803,
            "tau_int": 1.4421851332074982,
            "dtau_int": 0.03541117374837089
          }
        },
        "n_skipped": 0,
        "step_size": 0
      },
      {
        "acc_rate": 0.6168,
        "n_steps": 80000,
        "obs_stats": {
          "Q": {
            "mean": -0.0070500001311302185,
            "error": 0.004613214673632034,
            "tau_int": 1.3244256938313188,
            "dtau_int": 0.031307437689736047
          },
          "Chi_t": {
            "mean": 0.6427749991416931,
            "error": 0.005040044239263218,
            "tau_int": 1.2305098436328965,
            "dtau_int": 0.027883323402242626
          }
        },
        "n_skipped": 0,
        "step_size": 0
      }
    ],
    [
      {
        "acc_rate": 0.61931,
        "n_steps": 100000,
        "obs_stats": {
          "Q": {
            "mean": -0.006430000066757202,
            "error": 0.004193212244880312,
            "tau_int": 1.3596816634207838,
            "dtau_int": 0.029962791606564183
          },
          "Chi_t": {
            "mean": 0.6466100215911865,
            "error": 0.004486146424339842,
            "tau_int": 1.1693187754477508,
            "dtau_int": 0.023769902431754558
          }
        },
        "n_skipped": 0,
        "step_size": 0
      },
      {
        "acc_rate": 0.62185,
        "n_steps": 100000,
        "obs_stats": {
          "Q": {
            "mean": 0.004379999823868275,
            "error": 0.004164953213164744,
            "tau_int": 1.3523517001868932,
            "dtau_int": 0.029810259174452326
          },
          "Chi_t": {
            "mean": 0.6413599848747253,
            "error": 0.0045327490020526506,
            "tau_int": 1.242312656002085,
            "dtau_int": 0.026362433471017962
          }
        },
        "n_skipped": 0,
        "step_size": 0
      },
      {
        "acc_rate": 0.6197,
        "n_steps": 100000,
        "obs_stats": {
          "Q": {
            "mean": -0.0005200000014156103,
            "error": 0.004332732426251966,
            "tau_int": 1.4421391054199433,
            "dtau_int": 0.0329589348534878
          },
          "Chi_t": {
            "mean": 0.6508399844169617,
            "error": 0.004982198344006983,
            "tau_int": 1.440891603824041,
            "dtau_int": 0.0329319971933563
          }
        },
        "n_skipped": 0,
        "step_size": 0
      }
    ]
  ],
  "exact_sus": 0.6439874072967454
}