{
  "observables": [
    "Chi_t"
  ],
  "n_samples": [
    50000,
    80000,
    100000,
    150000,
    200000,
    250000,
    300000
  ],
  "nip": [],
  "nmcmc": [
    [
      {
        "acc_rate": 0.19528,
        "n_steps": 50000,
        "obs_stats": {
          "Q": {
            "mean": 0.06549999862909317,
            "error": 0.021246325066587163,
            "tau_int": 18.87343260879199,
            "dtau_int": 1.7593972800425834
          },
          "Chi_t": {
            "mean": 0.6017799973487854,
            "error": 0.030188620030998772,
            "tau_int": 27.72342076080363,
            "dtau_int": 3.034686017014198
          }
        },
        "n_skipped": 0,
        "step_size": 0
      },
      {
        "acc_rate": 0.20256,
        "n_steps": 50000,
        "obs_stats": {
          "Q": {
            "mean": -0.01730000041425228,
            "error": 0.02217651215375731,
            "tau_int": 21.4762661400329,
            "dtau_int": 2.11319242197821
          },
          "Chi_t": {
            "mean": 0.5723000168800354,
            "error": 0.014786918555146513,
            "tau_int": 9.248171410998477,
            "dtau_int": 0.6367247667738755
          }
        },
        "n_skipped": 0,
        "step_size": 0
      },
      {
        "acc_rate": 0.20302,
        "n_steps": 50000,
        "obs_stats": {
          "Q": {
            "mean": 1.9999999494757503e-05,
            "error": 0.016834361169207036,
            "tau_int": 13.033705860798575,
            "dtau_int": 1.0392125659768847
          },
          "Chi_t": {
            "mean": 0.5432999730110168,
            "error": 0.01844047894333426,
            "tau_int": 12.740507714221552,
            "dtau_int": 1.0048666590300612
          }
        },
        "n_skipped": 0,
        "step_size": 0
      }
    ],
    [
      {
        "acc_rate": 0.204725,
        "n_steps": 80000,
        "obs_stats": {
          "Q": {
            "mean": -0.017400000244379044,
            "error": 0.01918562726100583,
            "tau_int": 25.498002949807038,
            "dtau_int": 2.2082065295478195
          },
          "Chi_t": {
            "mean": 0.5773749947547913,
            "error": 0.012999226255884583,
            "tau_int": 10.653096651743201,
            "dtau_int": 0.63404678623759
          }
        },
        "n_skipped": 0,
        "step_size": 0
      },
      {
        "acc_rate": 0.19925,
        "n_steps": 80000,
        "obs_stats": {
          "Q": {
            "mean": 0.027662500739097595,
            "error": 0.016689095996634446,
            "tau_int": 19.145968863294886,
            "dtau_int": 1.4665989057013258
          },
          "Chi_t": {
            "mean": 0.5823875069618225,
            "error": 0.014201504649917924,
            "tau_int": 12.74228020859249,
            "dtau_int": 0.8196650386295304
          }
        },
        "n_skipped": 0,
        "step_size": 0
      },
      {
        "acc_rate": 0.1945,
        "n_steps": 80000,
        "obs_stats": {
          "Q": {
            "mean": 0.019349999725818634,
            "error": 0.018297742850812194,
            "tau_int": 23.525836643717998,
            "dtau_int": 1.968131079125767
          },
          "Chi_t": {
            "mean": 0.5692999958992004,
            "error": 0.014425544987914398,
            "tau_int": 13.47544874319479,
            "dtau_int": 0.8888922810152131
          }
        },
        "n_skipped": 0,
        "step_size": 0
      }
    ],
    [
      {
        "acc_rate": 0.21369,
        "n_steps": 100000,
        "obs_stats": {
          "Q": {
            "mean": -0.004559999797493219,
            "error": 0.013168726206423743,
            "tau_int": 14.84180928870041,
            "dtau_int": 0.9276222976714211
          },
          "Chi_t": {
            "mean": 0.58406001329422,
            "error": 0.015928597684392375,
            "tau_int": 18.38373983199406,
            "dtau_int": 1.2582659919231312
          }
        },
        "n_skipped": 0,
        "step_size": 0
      },
      {
        "acc_rate": 0.2075,
        "n_steps": 100000,
        "obs_stats": {
          "Q": {
            "mean": 0.023830000311136246,
            "error": 0.014346340773191501,
            "tau_int": 17.13239992666586,
            "dtau_int": 1.1383321422132522
          },
          "Chi_t": {
            "mean": 0.6010299921035767,
            "error": 0.0183562658739159,
            "tau_int": 21.696071982026364,
            "dtau_int": 1.5931709627352995
          }
        },
        "n_skipped": 0,
        "step_size": 0
      },
      {
        "acc_rate": 0.19187,
        "n_steps": 100000,
        "obs_stats": {
          "Q": {
            "mean": -0.017139999195933342,
            "error": 0.025607013511413482,
            "tau_int": 52.03645207890945,
            "dtau_int": 5.540976178025357
          },
          "Chi_t": {
            "mean": 0.6297000050544739,
            "error": 0.040357413338102756,
            "tau_int": 98.83158463825716,
            "dtau_int": 13.718285562727527
          }
        },
        "n_skipped": 0,
        "step_size": 0
      }
    ],
    [
      {
        "acc_rate": 0.20426666666666668,
        "n_steps": 150000,
        "obs_stats": {
          "Q": {
            "mean": -0.008666666224598885,
            "error": 0.012035160477288148,
            "tau_int": 19.27443185491814,
            "dtau_int": 1.1270761700611316
          },
          "Chi_t": {
            "mean": 0.5635466575622559,
            "error": 0.01059764683066884,
            "tau_int": 13.448942617499867,
            "dtau_int": 0.6735259730433008
          }
        },
        "n_skipped": 0,
        "step_size": 0
      },
      {
        "acc_rate": 0.20004,
        "n_steps": 150000,
        "obs_stats": {
          "Q": {
            "mean": -0.00713333347812295,
            "error": 0.017150714700824733,
            "tau_int": 36.49734470381321,
            "dtau_int": 2.814496108882623
          },
          "Chi_t": {
            "mean": 0.6042133569717407,
            "error": 0.022373596511197413,
            "tau_int": 49.03024428873094,
            "dtau_int": 4.285364938964383
          }
        },
        "n_skipped": 0,
        "step_size": 0
      },
      {
        "acc_rate": 0.19752,
        "n_steps": 150000,
        "obs_stats": {
          "Q": {
            "mean": -0.03017333336174488,
            "error": 0.015948949867784102,
            "tau_int": 33.01112666563135,
            "dtau_int": 2.4376960533118073
          },
          "Chi_t": {
            "mean": 0.5785733461380005,
            "error": 0.012102489423367781,
            "tau_int": 17.901448224551288,
            "dtau_int": 1.0151812295711518
          }
        },
        "n_skipped": 0,
        "step_size": 0
      }
    ],
    [
      {
        "acc_rate": 0.20118,
        "n_steps": 200000,
        "obs_stats": {
          "Q": {
            "mean": 0.013899999670684338,
            "error": 0.011363033730060876,
            "tau_int": 22.87892839284808,
            "dtau_int": 1.2722867850615134
          },
          "Chi_t": {
            "mean": 0.5644199848175049,
            "error": 0.010019444482278459,
            "tau_int": 15.660122224954737,
            "dtau_int": 0.7373236499161516
          }
        },
        "n_skipped": 0,
        "step_size": 0
      },
      {
        "acc_rate": 0.19838,
        "n_steps": 200000,
        "obs_stats": {
          "Q": {
            "mean": 0.018644999712705612,
            "error": 0.01043948649515421,
            "tau_int": 19.581648356188243,
            "dtau_int": 1.01718455791637
          },
          "Chi_t": {
            "mean": 0.5567950010299683,
            "error": 0.011976718820239204,
            "tau_int": 21.70737518057393,
            "dtau_int": 1.1801811981452066
          }
        },
        "n_skipped": 0,