{
  "observables": [
    "Chi_t"
  ],
  "n_samples": [
    50000,
    125000,
    250000,
    375000
  ],
  "nip": [
    [
      {
        "obs_stats": {
          "Q": {
            "mean": -0.1517549753189087,
            "error": 0.18029244244098663,
            "error_ess": 0.13388115167617798,
            "ess_q": 0.0006005189497955143
          },
          "Chi_t": {
            "mean": 0.5612087845802307,
            "error": 0.18264201283454895,
            "error_ess": 0.12367323786020279,
            "ess_q": 0.0006005189497955143
          }
        },
        "entropy": 41237.8515625,
        "std_entropy": 249117280.0,
        "free_energy": -0.14347524848767795,
        "std_free_energy": 0.020397668704390526
      },
      {
        "obs_stats": {
          "Q": {
            "mean": -0.025426339358091354,
            "error": 0.02859111689031124,
            "error_ess": 0.03185427188873291,
            "ess_q": 0.009199283085763454
          },
          "Chi_t": {
            "mean": 0.46736037731170654,
            "error": 0.04117678850889206,
            "error_ess": 0.03386826440691948,
            "ess_q": 0.009199283085763454
          }
        },
        "entropy": 40277.234375,
        "std_entropy": 61749100.0,
        "free_energy": -0.14056185201958765,
        "std_free_energy": 0.005189081653952599
      },
      {
        "obs_stats": {
          "Q": {
            "mean": 0.01319730281829834,
            "error": 0.04065145552158356,
            "error_ess": 0.03637808561325073,
            "ess_q": 0.0075317020528018475
          },
          "Chi_t": {
            "mean": 0.4985238015651703,
            "error": 0.04102996364235878,
            "error_ess": 0.03268435224890709,
            "ess_q": 0.0075317020528018475
          }
        },
        "entropy": 40403.984375,
        "std_entropy": 68536464.0,
        "free_energy": -0.1408224122611717,
        "std_free_energy": 0.005739659070968628
      }
    ],
    [
      {
        "obs_stats": {
          "Q": {
            "mean": -0.07233449071645737,
            "error": 0.05115006864070892,
            "error_ess": 0.05403139442205429,
            "ess_q": 0.0013291476061567664
          },
          "Chi_t": {
            "mean": 0.49026623368263245,
            "error": 0.05435339733958244,
            "error_ess": 0.052776724100112915,
            "ess_q": 0.0013291476061567664
          }
        },
        "entropy": 103426.8203125,
        "std_entropy": 652108864.0,
        "free_energy": -0.14276046470657183,
        "std_free_energy": 0.008668147958815098
      },
      {
        "obs_stats": {
          "Q": {
            "mean": 0.017991144210100174,
            "error": 0.03168724849820137,
            "error_ess": 0.052478302270174026,
            "ess_q": 0.0012957873987033963
          },
          "Chi_t": {
            "mean": 0.44639045000076294,
            "error": 0.03186928853392601,
            "error_ess": 0.049939144402742386,
            "ess_q": 0.0012957873987033963
          }
        },
        "entropy": 102529.015625,
        "std_entropy": 653428352.0,
        "free_energy": -0.141297392197679,
        "std_free_energy": 0.008779166266322136
      },
      {
        "obs_stats": {
          "Q": {
            "mean": -0.034821152687072754,
            "error": 0.04196678102016449,
            "error_ess": 0.03520462289452553,
            "ess_q": 0.003267834661528468
          },
          "Chi_t": {
            "mean": 0.5074635744094849,
            "error": 0.042920347303152084,
            "error_ess": 0.03226815164089203,
            "ess_q": 0.003267834661528468
          }
        },
        "entropy": 102277.703125,
        "std_entropy": 409060032.0,
        "free_energy": -0.14240030857933958,
        "std_free_energy": 0.005522820632904768
      }
    ],
    [
      {
        "obs_stats": {
          "Q": {
            "mean": -0.014640862122178078,
            "error": 0.028029052540659904,
            "error_ess": 0.020510002970695496,
            "ess_q": 0.004683977458626032
          },
          "Chi_t": {
            "mean": 0.4928031265735626,
            "error": 0.04947272688150406,
            "error_ess": 0.022168129682540894,
            "ess_q": 0.004683977458626032
          }
        },
        "entropy": 205710.75,
        "std_entropy": 961434112.0,
        "free_energy": -0.14107515482566874,
        "std_free_energy": 0.0032595598604530096
      },
      {
        "obs_stats": {
          "Q": {
            "mean": 0.005720224697142839,
            "error": 0.03720330819487572,
            "error_ess": 0.029806366190314293,
            "ess_q": 0.002290312899276614
          },
          "Chi_t": {
            "mean": 0.5087202787399292,
            "error": 0.04194977506995201,
            "error_ess": 0.029206575825810432,
            "ess_q": 0.002290312899276614
          }
        },
        "entropy": 206879.015625,
        "std_entropy": 1385358336.0,
        "free_energy": -0.14175416639099353,
        "std_free_energy": 0.004667029716074467
      },
      {
        "obs_stats": {
          "Q": {
            "mean": -0.011607149615883827,
            "error": 0.013291320763528347,
            "error_ess": 0.053055599331855774,
            "ess_q": 0.0005558794364333153
          },
          "Chi_t": {
            "mean": 0.3913189470767975,
            "error": 0.013497031293809414,
            "error_ess": 0.051995329558849335,
            "ess_q": 0.0005558794364333153
          }
        },
        "entropy": 207174.0,
        "std_entropy": 2813462016.0,
        "free_energy": -0.1426633682792155,
        "std_free_energy": 0.009481450542807579
      }
    ],
    [
      {
        "obs_stats": {
          "Q": {
            "mean": 0.0032325093634426594,
            "error": 0.015617985278367996,
            "error_ess": 0.01874309778213501,
            "ess_q": 0.0035571178887039423
          },
          "Chi_t": {
            "mean": 0.4686199128627777,
            "error": 0.016019511967897415,
            "error_ess": 0.017580077052116394,
            "ess_q": 0.0035571178887039423
          }
        },
        "entropy": 311352.375,
        "std_entropy": 2034238464.0,
        "free_energy": -0.1415100447088869,
        "std_free_energy": 0.0030557443387806416
      },
      {
        "obs_stats": {
          "Q": {
            "mean": -0.010617739520967007,
            "error": 0.0239305067807436,
            "error_ess": 0.02530534565448761,
            "ess_q": 0.0020424744579941034
          },
          "Chi_t": {
            "mean": 0.4905813932418823,
            "error": 0.03906801715493202,
            "error_ess": 0.02606600895524025,
            "ess_q": 0.0020424744579941034
          }
        },
        "entropy": 313845.6875,
        "std_entropy": 2715090432.0,
        "free_energy": -0.14214951080691104,
        "std_free_energy": 0.004035688936710358
      },
      {
        "obs_stats": {
          "Q": {
            "mean": -0.0035128227900713682,
            "error": 0.011415981687605381,
            "error_ess": 0.017570478841662407,
            "ess_q": 0.003801954910159111
          },
          "Chi_t": {
            "mean": 0.4401659667491913,
            "error": 0.01174909994006157,
            "error_ess": 0.01701618731021881,
            "ess_q": 0.003801954910159111
          }
        },
        "entropy": 311260.28125,
        "std_entropy": 1966600576.0,
        "free_energy": -0.14154575033975358,
        "std_free_energy": 0.002955352421849966
      }
    ]
  ],
  "nmcmc": [
    [
      {
        "acc_rate": 0.15478,
        "n_steps": 50000.0,
        "obs_stats": {
          "Q": {
            "mean": -0.046400927007198334,
            "error": 0.028267645025441265,
            "tau_int": 41.675234004688804,
            "dtau_int": 5.399527498320657
          },
          "Chi_t": {
            "mean": 0.4806896150112152,