{
  "observables": [
    "Chi_t"
  ],
  "n_samples": [
    50000,
    125000,
    250000,
    500000,
    1000000
  ],
  "nip": [
    [
      {
        "obs_stats": {
          "Q": {
            "mean": 0.03852066025137901,
            "error": 0.019570454955101013,
            "error_ess": 0.019504811614751816,
            "ess_q": 0.024933582171797752
          },
          "Chi_t": {
            "mean": 0.47575801610946655,
            "error": 0.020248914137482643,
            "error_ess": 0.01943267323076725,
            "ess_q": 0.024933582171797752
          }
        },
        "entropy": 47854.640625,
        "std_entropy": 38742948.0,
        "free_energy": -0.24597071806572698,
        "std_free_energy": 0.003442485583946109
      },
      {
        "obs_stats": {
          "Q": {
            "mean": -0.05170315504074097,
            "error": 0.028720421716570854,
            "error_ess": 0.03794345259666443,
            "ess_q": 0.0066209943033754826
          },
          "Chi_t": {
            "mean": 0.4792777895927429,
            "error": 0.028958376497030258,
            "error_ess": 0.03656535968184471,
            "ess_q": 0.0066209943033754826
          }
        },
        "entropy": 47897.73828125,
        "std_entropy": 75245672.0,
        "free_energy": -0.2463804791150834,
        "std_free_energy": 0.006742845755070448
      },
      {
        "obs_stats": {
          "Q": {
            "mean": -0.014009837061166763,
            "error": 0.01695961505174637,
            "error_ess": 0.030308308079838753,
            "ess_q": 0.010390108451247215
          },
          "Chi_t": {
            "mean": 0.47740110754966736,
            "error": 0.01844312809407711,
            "error_ess": 0.02955745719373226,
            "ess_q": 0.010390108451247215
          }
        },
        "entropy": 47987.8828125,
        "std_entropy": 60302912.0,
        "free_energy": -0.24602926595969063,
        "std_free_energy": 0.0053724125027656555
      }
    ],
    [
      {
        "obs_stats": {
          "Q": {
            "mean": -0.03061414696276188,
            "error": 0.03212389349937439,
            "error_ess": 0.024524150416254997,
            "ess_q": 0.006677617318928242
          },
          "Chi_t": {
            "mean": 0.5029513835906982,
            "error": 0.03239580988883972,
            "error_ess": 0.02388754114508629,
            "ess_q": 0.006677617318928242
          }
        },
        "entropy": 121936.46875,
        "std_entropy": 298300928.0,
        "free_energy": -0.24609873566117618,
        "std_free_energy": 0.00424628471955657
      },
      {
        "obs_stats": {
          "Q": {
            "mean": 0.009487279690802097,
            "error": 0.012369188480079174,
            "error_ess": 0.013281537219882011,
            "ess_q": 0.021772993728518486
          },
          "Chi_t": {
            "mean": 0.4801785945892334,
            "error": 0.014766992069780827,
            "error_ess": 0.013467075303196907,
            "ess_q": 0.021772993728518486
          }
        },
        "entropy": 121164.28125,
        "std_entropy": 163250528.0,
        "free_energy": -0.24642748743489026,
        "std_free_energy": 0.0023336487356573343
      },
      {
        "obs_stats": {
          "Q": {
            "mean": 0.0007024118676781654,
            "error": 0.010126018896698952,
            "error_ess": 0.011207851581275463,
            "ess_q": 0.0306074358522892
          },
          "Chi_t": {
            "mean": 0.480594277381897,
            "error": 0.011021027341485023,
            "error_ess": 0.011023745872080326,
            "ess_q": 0.0306074358522892
          }
        },
        "entropy": 120896.328125,
        "std_entropy": 137271728.0,
        "free_energy": -0.2459369513889269,
        "std_free_energy": 0.001959345769137144
      }
    ],
    [
      {
        "obs_stats": {
          "Q": {
            "mean": 0.0051734973676502705,
            "error": 0.006129532586783171,
            "error_ess": 0.00899840984493494,
            "ess_q": 0.02327733486890793
          },
          "Chi_t": {
            "mean": 0.471224308013916,
            "error": 0.006498654838651419,
            "error_ess": 0.008857914246618748,
            "ess_q": 0.02327733486890793
          }
        },
        "entropy": 244017.59375,
        "std_entropy": 444058528.0,
        "free_energy": -0.24575100761107133,
        "std_free_energy": 0.0015946959611028433
      },
      {
        "obs_stats": {
          "Q": {
            "mean": -0.013163357973098755,
            "error": 0.009062043391168118,
            "error_ess": 0.009404445067048073,
            "ess_q": 0.021549344062805176
          },
          "Chi_t": {
            "mean": 0.47664666175842285,
            "error": 0.011382542550563812,
            "error_ess": 0.009427831508219242,
            "ess_q": 0.021549344062805176
          }
        },
        "entropy": 244386.75,
        "std_entropy": 462724096.0,
        "free_energy": -0.24581237165628597,
        "std_free_energy": 0.0016588660655543208
      },
      {
        "obs_stats": {
          "Q": {
            "mean": 0.01924195885658264,
            "error": 0.014422168023884296,
            "error_ess": 0.013826222158968449,
            "ess_q": 0.010378028266131878
          },
          "Chi_t": {
            "mean": 0.4963456988334656,
            "error": 0.026236867532134056,
            "error_ess": 0.014442363753914833,
            "ess_q": 0.010378028266131878
          }
        },
        "entropy": 244949.0625,
        "std_entropy": 669165056.0,
        "free_energy": -0.2461168771324804,
        "std_free_energy": 0.002404009224846959
      }
    ],
    [
      {
        "obs_stats": {
          "Q": {
            "mean": -0.0015237800544127822,
            "error": 0.006101289764046669,
            "error_ess": 0.007013422902673483,
            "ess_q": 0.019188323989510536
          },
          "Chi_t": {
            "mean": 0.4719199538230896,
            "error": 0.008789830841124058,
            "error_ess": 0.007077629677951336,
            "ess_q": 0.019188323989510536
          }
        },
        "entropy": 493679.3125,
        "std_entropy": 1384431360.0,
        "free_energy": -0.24611553923491122,
        "std_free_energy": 0.0012445655884221196
      },
      {
        "obs_stats": {
          "Q": {
            "mean": -0.008363435044884682,
            "error": 0.004992883186787367,
            "error_ess": 0.006731567904353142,
            "ess_q": 0.021049413830041885
          },
          "Chi_t": {
            "mean": 0.4769856333732605,
            "error": 0.005610927473753691,
            "error_ess": 0.006707982625812292,
            "ess_q": 0.021049413830041885
          }
        },
        "entropy": 493806.28125,
        "std_entropy": 1322685568.0,
        "free_energy": -0.24601134323673737,
        "std_free_energy": 0.0011871452443301678
      },
      {
        "obs_stats": {
          "Q": {
            "mean": 0.0013356623239815235,
            "error": 0.004431833978742361,
            "error_ess": 0.006514204666018486,
            "ess_q": 0.022278521209955215
          },
          "Chi_t": {
            "mean": 0.47269386053085327,
            "error": 0.005373209714889526,
            "error_ess": 0.006513144355267286,
            "ess_q": 0.022278521209955215
          }
        },
        "entropy": 493420.71875,
        "std_entropy": 1284196864.0,
        "free_energy": -0.24586695832235628,
        "std_free_energy": 0.0011532086646184325
      }
    ],
    [
      {
        "obs_stats": {
          "Q": {
            "mean": -0.005024271551519632,
            "error": 0.004644871223717928,
            "error_ess": 0.005377038381993771,
            "ess_q": 0.01649586111307144
          },
          "Chi_t": {
            "mean": 0.4769619405269623,
            "error": 0.00499312998726964,