{
  "observables": [
    "Chi_t"
  ],
  "n_samples": [
    25000,
    40000,
    50000,
    75000,
    100000,
    125000,
    150000,
    175000
  ],
  "nip": [],
  "nmcmc": [
    [
      {
        "acc_rate": 0.1888,
        "n_steps": 25000,
        "obs_stats": {
          "Q": {
            "mean": 0.10520420968532562,
            "error": 0.05053226603951119,
            "tau_int": 61.960967640547004,
            "dtau_int": 12.405794039607374
          },
          "Chi_t": {
            "mean": 0.5237009525299072,
            "error": 0.030417491799470363,
            "tau_int": 24.495451467256096,
            "dtau_int": 3.3943215335719144
          }
        },
        "n_skipped": 0,
        "step_size": 0
      },
      {
        "acc_rate": 0.24068,
        "n_steps": 25000,
        "obs_stats": {
          "Q": {
            "mean": -0.04080163314938545,
            "error": 0.015872887747348966,
            "tau_int": 6.121586128223752,
            "dtau_int": 0.47970710686655793
          },
          "Chi_t": {
            "mean": 0.5158606171607971,
            "error": 0.019222123029121164,
            "tau_int": 7.463891124533313,
            "dtau_int": 0.6335988835594346
          }
        },
        "n_skipped": 0,
        "step_size": 0
      },
      {
        "acc_rate": 0.25112,
        "n_steps": 25000,
        "obs_stats": {
          "Q": {
            "mean": 0.01472058892250061,
            "error": 0.0185445327079714,
            "tau_int": 8.361908300155223,
            "dtau_int": 0.7414523076989725
          },
          "Chi_t": {
            "mean": 0.5139405727386475,
            "error": 0.01879755156156908,
            "tau_int": 7.958404514870283,
            "dtau_int": 0.6941152139647377
          }
        },
        "n_skipped": 0,
        "step_size": 0
      }
    ],
    [
      {
        "acc_rate": 0.222875,
        "n_steps": 40000,
        "obs_stats": {
          "Q": {
            "mean": 0.02755068801343441,
            "error": 0.02064503299632591,
            "tau_int": 15.993398253864434,
            "dtau_int": 1.5299329364878262
          },
          "Chi_t": {
            "mean": 0.5333133339881897,
            "error": 0.015976524905937053,
            "tau_int": 9.097099354634022,
            "dtau_int": 0.6832176641459913
          }
        },
        "n_skipped": 0,
        "step_size": 0
      },
      {
        "acc_rate": 0.2322,
        "n_steps": 40000,
        "obs_stats": {
          "Q": {
            "mean": 0.005225130822509527,
            "error": 0.019699747997550716,
            "tau_int": 13.421109199450953,
            "dtau_int": 1.1935046715708273
          },
          "Chi_t": {
            "mean": 0.5779394507408142,
            "error": 0.01953292345519486,
            "tau_int": 12.392935678466804,
            "dtau_int": 1.066864905155124
          }
        },
        "n_skipped": 0,
        "step_size": 0
      },
      {
        "acc_rate": 0.238825,
        "n_steps": 40000,
        "obs_stats": {
          "Q": {
            "mean": -0.02650066278874874,
            "error": 0.016155812293682948,
            "tau_int": 9.587417186812486,
            "dtau_int": 0.7358869240758852
          },
          "Chi_t": {
            "mean": 0.544913649559021,
            "error": 0.01849109466823618,
            "tau_int": 10.534414192602497,
            "dtau_int": 0.8425370533699378
          }
        },
        "n_skipped": 0,
        "step_size": 0
      }
    ],
    [
      {
        "acc_rate": 0.2172,
        "n_steps": 50000,
        "obs_stats": {
          "Q": {
            "mean": -0.04426088556647301,
            "error": 0.017943297740996175,
            "tau_int": 14.692239238549579,
            "dtau_int": 1.2314131273178017
          },
          "Chi_t": {
            "mean": 0.5494709610939026,
            "error": 0.017791293686573915,
            "tau_int": 12.456942917488128,
            "dtau_int": 0.9716069100915653
          }
        },
        "n_skipped": 0,
        "step_size": 0
      },
      {
        "acc_rate": 0.22724,
        "n_steps": 50000,
        "obs_stats": {
          "Q": {
            "mean": -0.011940238997340202,
            "error": 0.015127393784916548,
            "tau_int": 11.009317126394663,
            "dtau_int": 0.8149396838862394
          },
          "Chi_t": {
            "mean": 0.5195503830909729,
            "error": 0.018258275141685695,
            "tau_int": 13.898325946818941,
            "dtau_int": 1.1366305274421828
          }
        },
        "n_skipped": 0,
        "step_size": 0
      },
      {
        "acc_rate": 0.23112,
        "n_steps": 50000,
        "obs_stats": {
          "Q": {
            "mean": -0.018480369821190834,
            "error": 0.01683145986549676,
            "tau_int": 13.428947242430887,
            "dtau_int": 1.0814942392492153
          },
          "Chi_t": {
            "mean": 0.5274505615234375,
            "error": 0.014851213895914083,
            "tau_int": 9.594769155605325,
            "dtau_int": 0.6697475963061721
          }
        },
        "n_skipped": 0,
        "step_size": 0
      }
    ],
    [
      {
        "acc_rate": 0.23053333333333334,
        "n_steps": 75000,
        "obs_stats": {
          "Q": {
            "mean": 0.03326711058616638,
            "error": 0.012645450855145943,
            "tau_int": 11.504938729812574,
            "dtau_int": 0.7276171076158872
          },
          "Chi_t": {
            "mean": 0.5221536159515381,
            "error": 0.01128088114309852,
            "tau_int": 8.889280004147045,
            "dtau_int": 0.5054096933627884
          }
        },
        "n_skipped": 0,
        "step_size": 0
      },
      {
        "acc_rate": 0.23173333333333335,
        "n_steps": 75000,
        "obs_stats": {
          "Q": {
            "mean": -0.032080426812171936,
            "error": 0.01789817335269256,
            "tau_int": 21.944975115721256,
            "dtau_int": 1.8311931198567606
          },
          "Chi_t": {
            "mean": 0.548114001750946,
            "error": 0.01246820644863475,
            "tau_int": 10.879152907267699,
            "dtau_int": 0.6723835298434971
          }
        },
        "n_skipped": 0,
        "step_size": 0
      },
      {
        "acc_rate": 0.2448,
        "n_steps": 75000,
        "obs_stats": {
          "Q": {
            "mean": -0.022880304604768753,
            "error": 0.015755828477388677,
            "tau_int": 16.285339130051728,
            "dtau_int": 1.1965222481120097
          },
          "Chi_t": {
            "mean": 0.5719009637832642,
            "error": 0.02431288992112247,
            "tau_int": 31.595033866425425,
            "dtau_int": 3.0776208830287946
          }
        },
        "n_skipped": 0,
        "step_size": 0
      }
    ],
    [
      {
        "acc_rate": 0.21397,
        "n_steps": 100000,
        "obs_stats": {
          "Q": {
            "mean": -0.015990160405635834,
            "error": 0.021256624348815412,
            "tau_int": 40.395525985263276,
            "dtau_int": 3.8670716574574113
          },
          "Chi_t": {
            "mean": 0.5590755939483643,
            "error": 0.0142235785342052,
            "tau_int": 17.810225243653598,
            "dtau_int": 1.201053303630205
          }
        },
        "n_skipped": 0,
        "step_size": 0
      },
      {
        "acc_rate": 0.233,
        "n_steps": 100000,
        "obs_stats": {
          "Q": {
            "mean": -0.013650136068463326,
            "error": 0.010771628709339277,
            "tau_int": 10.901397950134427,
            "dtau_int": 0.5954971746462895
          },
          "Chi_t": {
            "mean": 0.532235324382782,
            "error": 0.011546918124359542,
            "tau_int": 10.516014886222269,
            "dtau_int": 0.564288633533433
          }
        },
        "n_skipped": 0,