{
  "observables": [
    "Chi_t"
  ],
  "n_samples": [
    50000,
    125000,
    250000
  ],
  "nip": [
    [
      {
        "obs_stats": {
          "Q": {
            "mean": 0.013651725836098194,
            "error": 0.006458668038249016,
            "error_ess": 0.006506785284727812,
            "ess_q": 0.24858982861042023
          },
          "Chi_t": {
            "mean": 0.5264188647270203,
            "error": 0.007176525425165892,
            "error_ess": 0.006812319625169039,
            "ess_q": 0.24858982861042023
          }
        },
        "entropy": 59081.5390625,
        "std_entropy": 12674551.0,
        "free_energy": -0.40001253067201276,
        "std_free_energy": 0.0010995910270139575
      },
      {
        "obs_stats": {
          "Q": {
            "mean": 0.0016267006285488605,
            "error": 0.007157587446272373,
            "error_ess": 0.006789823994040489,
            "ess_q": 0.23389090597629547
          },
          "Chi_t": {
            "mean": 0.539130449295044,
            "error": 0.007724231109023094,
            "error_ess": 0.006925946567207575,
            "ess_q": 0.23389090597629547
          }
        },
        "entropy": 59206.7734375,
        "std_entropy": 13123587.0,
        "free_energy": -0.40005793238296755,
        "std_free_energy": 0.0011446507414802909
      },
      {
        "obs_stats": {
          "Q": {
            "mean": -0.006944429129362106,
            "error": 0.005884057842195034,
            "error_ess": 0.006332591641694307,
            "ess_q": 0.25735387206077576
          },
          "Chi_t": {
            "mean": 0.5160545110702515,
            "error": 0.006692684255540371,
            "error_ess": 0.006452476605772972,
            "ess_q": 0.25735387206077576
          }
        },
        "entropy": 59092.2734375,
        "std_entropy": 12465997.0,
        "free_energy": -0.3998129612636843,
        "std_free_energy": 0.0010743850143626332
      }
    ],
    [
      {
        "obs_stats": {
          "Q": {
            "mean": 0.0008854980696924031,
            "error": 0.0036885649897158146,
            "error_ess": 0.003990903962403536,
            "ess_q": 0.2613982856273651
          },
          "Chi_t": {
            "mean": 0.5204181671142578,
            "error": 0.004321625456213951,
            "error_ess": 0.004118728917092085,
            "ess_q": 0.2613982856273651
          }
        },
        "entropy": 149955.296875,
        "std_entropy": 48838128.0,
        "free_energy": -0.39992505133969525,
        "std_free_energy": 0.0006723811384290457
      },
      {
        "obs_stats": {
          "Q": {
            "mean": 0.001786528155207634,
            "error": 0.0036457888782024384,
            "error_ess": 0.004116896539926529,
            "ess_q": 0.24480535089969635
          },
          "Chi_t": {
            "mean": 0.5186448693275452,
            "error": 0.004105628468096256,
            "error_ess": 0.00421174569055438,
            "ess_q": 0.24480535089969635
          }
        },
        "entropy": 150249.015625,
        "std_entropy": 50675496.0,
        "free_energy": -0.3999306307638022,
        "std_free_energy": 0.0007025556406006217
      },
      {
        "obs_stats": {
          "Q": {
            "mean": -0.00801380816847086,
            "error": 0.0037609597202390432,
            "error_ess": 0.00410081259906292,
            "ess_q": 0.24548998475074768
          },
          "Chi_t": {
            "mean": 0.516100287437439,
            "error": 0.0042146495543420315,
            "error_ess": 0.004246235359460115,
            "ess_q": 0.24548998475074768
          }
        },
        "entropy": 150076.84375,
        "std_entropy": 50460624.0,
        "free_energy": -0.4001696823589096,
        "std_free_energy": 0.000701257202308625
      }
    ],
    [
      {
        "obs_stats": {
          "Q": {
            "mean": 0.0011822715168818831,
            "error": 0.00258463341742754,
            "error_ess": 0.0029394105076789856,
            "ess_q": 0.24173590540885925
          },
          "Chi_t": {
            "mean": 0.5221569538116455,
            "error": 0.003035392612218857,
            "error_ess": 0.0030431116465479136,
            "ess_q": 0.24173590540885925
          }
        },
        "entropy": 303715.625,
        "std_entropy": 143976416.0,
        "free_energy": -0.3999711329914766,
        "std_free_energy": 0.0005009397864341736
      },
      {
        "obs_stats": {
          "Q": {
            "mean": -0.005003777798265219,
            "error": 0.0036563207395374775,
            "error_ess": 0.0030671297572553158,
            "ess_q": 0.22449292242527008
          },
          "Chi_t": {
            "mean": 0.5279901027679443,
            "error": 0.005662578623741865,
            "error_ess": 0.003200296312570572,
            "ess_q": 0.22449292242527008
          }
        },
        "entropy": 303742.46875,
        "std_entropy": 149398176.0,
        "free_energy": -0.40009870569516237,
        "std_free_energy": 0.0005256993463262916
      },
      {
        "obs_stats": {
          "Q": {
            "mean": -0.001382232178002596,
            "error": 0.0026901003438979387,
            "error_ess": 0.003026044461876154,
            "ess_q": 0.22844240069389343
          },
          "Chi_t": {
            "mean": 0.5229583978652954,
            "error": 0.003319220617413521,
            "error_ess": 0.0031460546888411045,
            "ess_q": 0.22844240069389343
          }
        },
        "entropy": 303685.09375,
        "std_entropy": 148063104.0,
        "free_energy": -0.4000145824140807,
        "std_free_energy": 0.000519806460943073
      }
    ]
  ],
  "nmcmc": [
    [
      {
        "acc_rate": 0.47038,
        "n_steps": 50000,
        "obs_stats": {
          "Q": {
            "mean": 0.004600091837346554,
            "error": 0.007273640644215809,
            "tau_int": 2.5527187350184546,
            "dtau_int": 0.10197510425371281
          },
          "Chi_t": {
            "mean": 0.5180903673171997,
            "error": 0.008843421092925983,
            "tau_int": 3.302568984390914,
            "dtau_int": 0.1453067752306297
          }
        },
        "n_skipped": 0,
        "step_size": 0
      },
      {
        "acc_rate": 0.45964,
        "n_steps": 50000,
        "obs_stats": {
          "Q": {
            "mean": 0.0034000680316239595,
            "error": 0.007745982076919375,
            "tau_int": 2.8760580492799916,
            "dtau_int": 0.11962292495437392
          },
          "Chi_t": {
            "mean": 0.5214904546737671,
            "error": 0.007839083126993742,
            "tau_int": 2.6940126363442993,
            "dtau_int": 0.1099114988020943
          }
        },
        "n_skipped": 0,
        "step_size": 0
      },
      {
        "acc_rate": 0.4726,
        "n_steps": 50000,
        "obs_stats": {
          "Q": {
            "mean": 0.003000060096383095,
            "error": 0.0071859869263118,
            "tau_int": 2.464494807737372,
            "dtau_int": 0.09617439159572011
          },
          "Chi_t": {
            "mean": 0.5237704515457153,
            "error": 0.0067919762372226815,
            "tau_int": 2.0451789261522517,
            "dtau_int": 0.07420398477444619
          }
        },
        "n_skipped": 0,
        "step_size": 0
      }
    ],
    [
      {
        "acc_rate": 0.469208,
        "n_steps": 125000,
        "obs_stats": {
          "Q": {
            "mean": -0.005848046857863665,
            "error": 0.004898704519172707,
            "tau_int": 2.8552659672908383,
            "dtau_int": 0.07853993035827743
          },
          "Chi_t": {
            "mean": 0.5252922177314758,
            "error": 0.004688522257663741,
            "tau_int": 2.508210682690518,
            "dtau_int": 0.06500780002692426
          }
        },
        "n_skipped": 0,