{
  "observables": [
    "Chi_t"
  ],
  "n_samples": [
    25000,
    40000,
    50000,
    75000,
    100000,
    125000,
    150000,
    175000
  ],
  "nip": [],
  "nmcmc": [
    [
      {
        "acc_rate": 0.07328,
        "n_steps": 25000,
        "obs_stats": {
          "Q": {
            "mean": -0.1017240658402443,
            "error": 0.07178337137408758,
            "tau_int": 104.18622536381116,
            "dtau_int": 25.36085638990668
          },
          "Chi_t": {
            "mean": 0.6235849261283875,
            "error": 0.10009189460370028,
            "tau_int": 132.42705170250093,
            "dtau_int": 35.180385893535075
          }
        },
        "n_skipped": 0,
        "step_size": 0
      },
      {
        "acc_rate": 0.06984,
        "n_steps": 25000,
        "obs_stats": {
          "Q": {
            "mean": -0.1304452121257782,
            "error": 0.11822712208834277,
            "tau_int": 246.29952907549614,
            "dtau_int": 80.71576832479145
          },
          "Chi_t": {
            "mean": 0.7133485078811646,
            "error": 0.09956637465537403,
            "tau_int": 157.9229964589522,
            "dtau_int": 44.6046539867392
          }
        },
        "n_skipped": 0,
        "step_size": 0
      },
      {
        "acc_rate": 0.08628,
        "n_steps": 25000,
        "obs_stats": {
          "Q": {
            "mean": 0.04716188833117485,
            "error": 0.06361178179148488,
            "tau_int": 85.46030276034783,
            "dtau_int": 19.33904526424258
          },
          "Chi_t": {
            "mean": 0.590143620967865,
            "error": 0.03468859742880271,
            "tau_int": 29.605686713577203,
            "dtau_int": 4.429389245982138
          }
        },
        "n_skipped": 0,
        "step_size": 0
      }
    ],
    [
      {
        "acc_rate": 0.043975,
        "n_steps": 40000,
        "obs_stats": {
          "Q": {
            "mean": -0.18962973356246948,
            "error": 0.1775446771095117,
            "tau_int": 1015.8573937744969,
            "dtau_int": 433.6995122436742
          },
          "Chi_t": {
            "mean": 0.6289407014846802,
            "error": 0.13337207943867746,
            "tau_int": 489.9062749276263,
            "dtau_int": 171.7905420280855
          }
        },
        "n_skipped": 0,
        "step_size": 0
      },
      {
        "acc_rate": 0.0746,
        "n_steps": 40000,
        "obs_stats": {
          "Q": {
            "mean": 0.027625691145658493,
            "error": 0.05541875680408446,
            "tau_int": 110.88926697708366,
            "dtau_int": 23.17085957221573
          },
          "Chi_t": {
            "mean": 0.5516887903213501,
            "error": 0.04076881218881689,
            "tau_int": 50.64328495099626,
            "dtau_int": 7.777704156769869
          }
        },
        "n_skipped": 0,
        "step_size": 0
      },
      {
        "acc_rate": 0.043925,
        "n_steps": 40000,
        "obs_stats": {
          "Q": {
            "mean": -0.10520263016223907,
            "error": 0.05754347823817651,
            "tau_int": 166.85885820530453,
            "dtau_int": 40.62099853133009
          },
          "Chi_t": {
            "mean": 0.40476012229919434,
            "error": 0.07578226116075232,
            "tau_int": 252.32493739363176,
            "dtau_int": 71.19834330476337
          }
        },
        "n_skipped": 0,
        "step_size": 0
      }
    ],
    [
      {
        "acc_rate": 0.08476,
        "n_steps": 50000,
        "obs_stats": {
          "Q": {
            "mean": -0.010540210641920567,
            "error": 0.035723260934334145,
            "tau_int": 61.04486915842312,
            "dtau_int": 9.241166742070758
          },
          "Chi_t": {
            "mean": 0.5214704275131226,
            "error": 0.04361508795385037,
            "tau_int": 67.9854544891921,
            "dtau_int": 10.749801862874227
          }
        },
        "n_skipped": 0,
        "step_size": 0
      },
      {
        "acc_rate": 0.06362,
        "n_steps": 50000,
        "obs_stats": {
          "Q": {
            "mean": -0.077921561896801,
            "error": 0.10860181337755871,
            "tau_int": 586.2055177807692,
            "dtau_int": 202.81859772399835
          },
          "Chi_t": {
            "mean": 0.4981699585914612,
            "error": 0.05216084739318122,
            "tau_int": 148.5600731524557,
            "dtau_int": 31.861240129179006
          }
        },
        "n_skipped": 0,
        "step_size": 0
      },
      {
        "acc_rate": 0.06324,
        "n_steps": 50000,
        "obs_stats": {
          "Q": {
            "mean": 0.04108082130551338,
            "error": 0.0512370437912911,
            "tau_int": 139.18814207499426,
            "dtau_int": 29.125205817432363
          },
          "Chi_t": {
            "mean": 0.4706494212150574,
            "error": 0.05798535850907719,
            "tau_int": 142.9677815375227,
            "dtau_int": 30.221194762826826
          }
        },
        "n_skipped": 0,
        "step_size": 0
      }
    ],
    [
      {
        "acc_rate": 0.07024,
        "n_steps": 75000,
        "obs_stats": {
          "Q": {
            "mean": -0.029147055000066757,
            "error": 0.035365731287713,
            "tau_int": 94.91434471424881,
            "dtau_int": 14.566043129694862
          },
          "Chi_t": {
            "mean": 0.49376657605171204,
            "error": 0.039677713664460906,
            "tau_int": 117.02572022924548,
            "dtau_int": 19.535118046778255
          }
        },
        "n_skipped": 0,
        "step_size": 0
      },
      {
        "acc_rate": 0.06722666666666667,
        "n_steps": 75000,
        "obs_stats": {
          "Q": {
            "mean": -0.0366138219833374,
            "error": 0.04855913546007317,
            "tau_int": 161.92002670260572,
            "dtau_int": 30.712809641263483
          },
          "Chi_t": {
            "mean": 0.545127272605896,
            "error": 0.06329604333665083,
            "tau_int": 193.71597326486526,
            "dtau_int": 39.37839594429289
          }
        },
        "n_skipped": 0,
        "step_size": 0
      },
      {
        "acc_rate": 0.052026666666666666,
        "n_steps": 75000,
        "obs_stats": {
          "Q": {
            "mean": 0.0769210234284401,
            "error": 0.08750174017595519,
            "tau_int": 574.4625118803287,
            "dtau_int": 173.1823085547703
          },
          "Chi_t": {
            "mean": 0.4984999895095825,
            "error": 0.07375102891548954,
            "tau_int": 417.835933774342,
            "dtau_int": 112.84901273522588
          }
        },
        "n_skipped": 0,
        "step_size": 0
      }
    ],
    [
      {
        "acc_rate": 0.05933,
        "n_steps": 100000,
        "obs_stats": {
          "Q": {
            "mean": 0.10294102877378464,
            "error": 0.037484877584869764,
            "tau_int": 155.84214605892612,
            "dtau_int": 25.99650312960704
          },
          "Chi_t": {
            "mean": 0.4600245952606201,
            "error": 0.03983956304590927,
            "tau_int": 183.19164089647714,
            "dtau_int": 32.57137612321145
          }
        },
        "n_skipped": 0,
        "step_size": 0
      },
      {
        "acc_rate": 0.0553,
        "n_steps": 100000,
        "obs_stats": {
          "Q": {
            "mean": 0.04453044384717941,
            "error": 0.08380215678330813,
            "tau_int": 629.7667648582556,
            "dtau_int": 177.53405925840437
          },
          "Chi_t": {
            "mean": 0.5528755187988281,
            "error": 0.06286719599785771,
            "tau_int": 388.3108262122476,
            "dtau_int": 92.02895196708951
          }
        },
        "n_skipped": 0,