{
  "observables": [
    "Chi_t"
  ],
  "n_samples": [
    50000,
    80000,
    100000,
    150000
  ],
  "nip": [],
  "nmcmc": [
    [
      {
        "acc_rate": 0.36916,
        "n_steps": 50000,
        "obs_stats": {
          "Q": {
            "mean": -0.008440000005066395,
            "error": 0.01111854141786725,
            "tau_int": 5.022570324051585,
            "dtau_int": 0.2675759608989145
          },
          "Chi_t": {
            "mean": 0.6152799725532532,
            "error": 0.009770418485731673,
            "tau_int": 3.306144279001773,
            "dtau_int": 0.1454518799465908
          }
        },
        "n_skipped": 0,
        "step_size": 0
      }
    ],
    [
      {
        "acc_rate": 0.3653125,
        "n_steps": 80000,
        "obs_stats": {
          "Q": {
            "mean": 0.007262500002980232,
            "error": 0.008009766361739988,
            "tau_int": 4.245961427600178,
            "dtau_int": 0.1705112731588196
          },
          "Chi_t": {
            "mean": 0.6043875217437744,
            "error": 0.00821432959408775,
            "tau_int": 3.58186407321232,
            "dtau_int": 0.13382501841551855
          }
        },
        "n_skipped": 0,
        "step_size": 0
      }
    ],
    [
      {
        "acc_rate": 0.37089,
        "n_steps": 100000,
        "obs_stats": {
          "Q": {
            "mean": -0.00041000000783242285,
            "error": 0.0075293703069441425,
            "tau_int": 4.673912196293881,
            "dtau_int": 0.17693356909030136
          },
          "Chi_t": {
            "mean": 0.606410026550293,
            "error": 0.008085512130752178,
            "tau_int": 4.335808192512842,
            "dtau_int": 0.15791913861316506
          }
        },
        "n_skipped": 0,
        "step_size": 0
      }
    ],
    [
      {
        "acc_rate": 0.37289333333333335,
        "n_steps": 150000,
        "obs_stats": {
          "Q": {
            "mean": 0.0038933332543820143,
            "error": 0.006029626488641007,
            "tau_int": 4.411270411887367,
            "dtau_int": 0.13493725444580829
          },
          "Chi_t": {
            "mean": 0.6181066632270813,
            "error": 0.006415394661900485,
            "tau_int": 4.003357538517517,
            "dtau_int": 0.11784956688371996
          }
        },
        "n_skipped": 0,
        "step_size": 0
      }
    ]
  ],
  "exact_sus": 0.6194099585690315
}