{
  "observables": [
    "Chi_t"
  ],
  "n_samples": [
    50000,
    80000,
    100000,
    150000,
    200000,
    250000,
    300000
  ],
  "nip": [],
  "nmcmc": [
    [
      {
        "acc_rate": 0.0104,
        "n_steps": 50000,
        "obs_stats": {
          "Q": {
            "mean": -0.023360000923275948,
            "error": 0.032097498199361356,
            "tau_int": 147.87500862444136,
            "dtau_int": 31.65008827066003
          },
          "Chi_t": {
            "mean": 0.17372000217437744,
            "error": 0.04276404751440814,
            "tau_int": 239.1967820417856,
            "dtau_int": 61.20085024702551
          }
        },
        "n_skipped": 0,
        "step_size": 0
      },
      {
        "acc_rate": 0.01634,
        "n_steps": 50000,
        "obs_stats": {
          "Q": {
            "mean": -0.10689999908208847,
            "error": 0.12439548648371423,
            "tau_int": 539.8937700312417,
            "dtau_int": 182.07191856872666
          },
          "Chi_t": {
            "mean": 0.7136200070381165,
            "error": 0.11545474460491241,
            "tau_int": 393.5913716516369,
            "dtau_int": 119.79197021294577
          }
        },
        "n_skipped": 0,
        "step_size": 0
      },
      {
        "acc_rate": 0.01486,
        "n_steps": 50000,
        "obs_stats": {
          "Q": {
            "mean": 0.06762000173330307,
            "error": 0.04738676387505864,
            "tau_int": 185.77677830313837,
            "dtau_int": 43.32139911852527
          },
          "Chi_t": {
            "mean": 0.3045800030231476,
            "error": 0.07275503755145717,
            "tau_int": 393.4772465112141,
            "dtau_int": 119.71141574602555
          }
        },
        "n_skipped": 0,
        "step_size": 0
      }
    ],
    [
      {
        "acc_rate": 0.0017875,
        "n_steps": 80000,
        "obs_stats": {
          "Q": {
            "mean": 0.9104750156402588,
            "error": 0.09159886913862109,
            "tau_int": 2722.4159037558734,
            "dtau_int": 1232.6388670404153
          },
          "Chi_t": {
            "mean": 0.9450749754905701,
            "error": 0.05196481642983295,
            "tau_int": 1621.4752589223608,
            "dtau_int": 655.4476285252722
          }
        },
        "n_skipped": 0,
        "step_size": 0
      },
      {
        "acc_rate": 0.0132625,
        "n_steps": 80000,
        "obs_stats": {
          "Q": {
            "mean": 0.027562500908970833,
            "error": 0.12619250857475275,
            "tau_int": 1040.410947550726,
            "dtau_int": 371.5075027311888
          },
          "Chi_t": {
            "mean": 0.5983874797821045,
            "error": 0.08906479728891814,
            "tau_int": 524.5987623434313,
            "dtau_int": 149.9885218435342
          }
        },
        "n_skipped": 0,
        "step_size": 0
      },
      {
        "acc_rate": 0.0099625,
        "n_steps": 80000,
        "obs_stats": {
          "Q": {
            "mean": 0.19796249270439148,
            "error": 0.13681623635433632,
            "tau_int": 1807.9477180817346,
            "dtau_int": 750.9571829377418
          },
          "Chi_t": {
            "mean": 0.436787486076355,
            "error": 0.10412314825956001,
            "tau_int": 1020.3547236533491,
            "dtau_int": 362.2004369891384
          }
        },
        "n_skipped": 0,
        "step_size": 0
      }
    ],
    [
      {
        "acc_rate": 0.0218,
        "n_steps": 100000,
        "obs_stats": {
          "Q": {
            "mean": 0.12630000710487366,
            "error": 0.08934431389691522,
            "tau_int": 830.4166926171058,
            "dtau_int": 257.19244035806605
          },
          "Chi_t": {
            "mean": 0.489080011844635,
            "error": 0.06579855841765672,
            "tau_int": 559.2262921133445,
            "dtau_int": 151.2300808014614
          }
        },
        "n_skipped": 0,
        "step_size": 0
      },
      {
        "acc_rate": 0.02045,
        "n_steps": 100000,
        "obs_stats": {
          "Q": {
            "mean": -0.04879999905824661,
            "error": 0.06324400330222893,
            "tau_int": 424.9234011784106,
            "dtau_int": 104.10455435326615
          },
          "Chi_t": {
            "mean": 0.46917998790740967,
            "error": 0.0582821851451895,
            "tau_int": 270.8271696501817,
            "dtau_int": 56.04677370027801
          }
        },
        "n_skipped": 0,
        "step_size": 0
      },
      {
        "acc_rate": 0.0143,
        "n_steps": 100000,
        "obs_stats": {
          "Q": {
            "mean": 0.33180999755859375,
            "error": 0.15633030058746206,
            "tau_int": 2014.8405920248345,
            "dtau_int": 813.2231505372966
          },
          "Chi_t": {
            "mean": 0.6947900056838989,
            "error": 0.13198245622397448,
            "tau_int": 1009.999275676188,
            "dtau_int": 333.4222069733349
          }
        },
        "n_skipped": 0,
        "step_size": 0
      }
    ],
    [
      {
        "acc_rate": 0.01104,
        "n_steps": 150000,
        "obs_stats": {
          "Q": {
            "mean": 0.3734733462333679,
            "error": 0.30736782030156845,
            "tau_int": 11183.088549044136,
            "dtau_int": 5152.45120655514
          },
          "Chi_t": {
            "mean": 0.6978200078010559,
            "error": 0.08597699421775414,
            "tau_int": 1815.5797512570207,
            "dtau_int": 634.2878160581248
          }
        },
        "n_skipped": 0,
        "step_size": 0
      },
      {
        "acc_rate": 0.01404,
        "n_steps": 150000,
        "obs_stats": {
          "Q": {
            "mean": -0.10214667022228241,
            "error": 0.1573753771514517,
            "tau_int": 2997.5964272260885,
            "dtau_int": 1207.2938674396496
          },
          "Chi_t": {
            "mean": 0.6080133318901062,
            "error": 0.07439736978349722,
            "tau_int": 1045.8287742465827,
            "dtau_int": 305.34719767306433
          }
        },
        "n_skipped": 0,
        "step_size": 0
      },
      {
        "acc_rate": 0.00916,
        "n_steps": 150000,
        "obs_stats": {
          "Q": {
            "mean": 0.22154666483402252,
            "error": 0.21081624731478524,
            "tau_int": 4950.577320060588,
            "dtau_int": 2229.2514616998164
          },
          "Chi_t": {
            "mean": 0.6843199729919434,
            "error": 0.0781245203393569,
            "tau_int": 1439.671911090784,
            "dtau_int": 467.5323888786216
          }
        },
        "n_skipped": 0,
        "step_size": 0
      }
    ],
    [
      {
        "acc_rate": 0.009745,
        "n_steps": 200000,
        "obs_stats": {
          "Q": {
            "mean": 0.23138000071048737,
            "error": 0.18885952118164875,
            "tau_int": 9370.54589590403,
            "dtau_int": 4424.635260830807
          },
          "Chi_t": {
            "mean": 0.4045799970626831,
            "error": 0.14843224613009212,
            "tau_int": 7103.342942162847,
            "dtau_int": 3239.1800018563404
          }
        },
        "n_skipped": 0,
        "step_size": 0
      },
      {
        "acc_rate": 0.00925,
        "n_steps": 200000,
        "obs_stats": {
          "Q": {
            "mean": -0.17328499257564545,
            "error": 0.11280316696772248,
            "tau_int": 2564.744475651536,
            "dtau_int": 911.8924024115239
          },
          "Chi_t": {
            "mean": 0.5144749879837036,
            "error": 0.13012552027917104,
            "tau_int": 4542.627407463801,
            "dtau_int": 1888.976392563722
          }
        },
        "n_skipped": 0,
        "step_size": 0
      },
      {
        "acc_rate": 0.021225,