{
  "observables": [
    "Chi_t"
  ],
  "n_samples": [
    50000,
    80000,
    100000,
    150000,
    200000,
    250000,
    300000,
    350000,
    500000
  ],
  "nip": [],
  "nmcmc": [
    [
      {
        "acc_rate": 0.0033,
        "n_steps": 50000,
        "obs_stats": {
          "Q": {
            "mean": -0.07903999835252762,
            "error": 0.18324233729154005,
            "tau_int": 1243.0912361328317,
            "dtau_int": 528.1495171548863
          },
          "Chi_t": {
            "mean": 0.6520799994468689,
            "error": 0.14117115268953087,
            "tau_int": 885.6502078254542,
            "dtau_int": 345.548869087465
          }
        },
        "n_skipped": 0,
        "step_size": 0
      },
      {
        "acc_rate": 0.00386,
        "n_steps": 50000,
        "obs_stats": {
          "Q": {
            "mean": 0.14560000598430634,
            "error": 0.08808202078261475,
            "tau_int": 673.7922885657237,
            "dtau_int": 243.21626007338452
          },
          "Chi_t": {
            "mean": 0.3019599914550781,
            "error": 0.15715971755833397,
            "tau_int": 2068.8085990542245,
            "dtau_int": 964.4627533148687
          }
        },
        "n_skipped": 0,
        "step_size": 0
      },
      {
        "acc_rate": 0.0071,
        "n_steps": 50000,
        "obs_stats": {
          "Q": {
            "mean": 0.11150000244379044,
            "error": 0.2023519006359843,
            "tau_int": 1815.3608591609652,
            "dtau_int": 830.8149879112565
          },
          "Chi_t": {
            "mean": 0.5415400266647339,
            "error": 0.09799035115562092,
            "tau_int": 438.7000144400584,
            "dtau_int": 138.3846488022372
          }
        },
        "n_skipped": 0,
        "step_size": 0
      }
    ],
    [
      {
        "acc_rate": 0.004,
        "n_steps": 80000,
        "obs_stats": {
          "Q": {
            "mean": -0.20170000195503235,
            "error": 0.1735832337662712,
            "tau_int": 2543.183314350557,
            "dtau_int": 1137.3911757857995
          },
          "Chi_t": {
            "mean": 0.4887000024318695,
            "error": 0.1600641110725151,
            "tau_int": 3274.733638205731,
            "dtau_int": 1524.557575675807
          }
        },
        "n_skipped": 0,
        "step_size": 0
      },
      {
        "acc_rate": 0.004175,
        "n_steps": 80000,
        "obs_stats": {
          "Q": {
            "mean": 0.07562500238418579,
            "error": 0.34263192012657384,
            "tau_int": 5611.900368452712,
            "dtau_int": 2621.304074110465
          },
          "Chi_t": {
            "mean": 0.7485250234603882,
            "error": 0.09529325864915547,
            "tau_int": 939.027650279991,
            "dtau_int": 324.9817431589475
          }
        },
        "n_skipped": 0,
        "step_size": 0
      },
      {
        "acc_rate": 0.002175,
        "n_steps": 80000,
        "obs_stats": {
          "Q": {
            "mean": -0.7125999927520752,
            "error": 0.19766482313768266,
            "tau_int": 5744.393661537023,
            "dtau_int": 2670.712601775558
          },
          "Chi_t": {
            "mean": 0.7486500144004822,
            "error": 0.16677027576111497,
            "tau_int": 4622.703824275862,
            "dtau_int": 2199.016899294241
          }
        },
        "n_skipped": 0,
        "step_size": 0
      }
    ],
    [
      {
        "acc_rate": 0.00264,
        "n_steps": 100000,
        "obs_stats": {
          "Q": {
            "mean": 0.01018999982625246,
            "error": 0.020414711174568067,
            "tau_int": 274.64739172316604,
            "dtau_int": 57.15972729083444
          },
          "Chi_t": {
            "mean": 0.0755700021982193,
            "error": 0.04709862596243047,
            "tau_int": 1265.881997440324,
            "dtau_int": 448.31657311530165
          }
        },
        "n_skipped": 0,
        "step_size": 0
      },
      {
        "acc_rate": 0.0065,
        "n_steps": 100000,
        "obs_stats": {
          "Q": {
            "mean": -0.16245999932289124,
            "error": 0.07381456817630473,
            "tau_int": 948.4627895554751,
            "dtau_int": 306.8705711763841
          },
          "Chi_t": {
            "mean": 0.3085399866104126,
            "error": 0.061026184396731395,
            "tau_int": 531.1416986273707,
            "dtau_int": 141.02220407066676
          }
        },
        "n_skipped": 0,
        "step_size": 0
      },
      {
        "acc_rate": 0.00401,
        "n_steps": 100000,
        "obs_stats": {
          "Q": {
            "mean": -0.4936099946498871,
            "error": 0.46087960424075314,
            "tau_int": 7450.031136411318,
            "dtau_int": 3433.314776374539
          },
          "Chi_t": {
            "mean": 1.4999899864196777,
            "error": 0.7835581239898418,
            "tau_int": 9266.098498882235,
            "dtau_int": 3812.1416184851737
          }
        },
        "n_skipped": 0,
        "step_size": 0
      }
    ],
    [
      {
        "acc_rate": 0.005413333333333333,
        "n_steps": 150000,
        "obs_stats": {
          "Q": {
            "mean": -0.0455133318901062,
            "error": 0.08121250901549444,
            "tau_int": 1416.987237194701,
            "dtau_int": 457.8140970693546
          },
          "Chi_t": {
            "mean": 0.34500667452812195,
            "error": 0.11353449046656929,
            "tau_int": 1729.4161110850607,
            "dtau_int": 595.2196287198282
          }
        },
        "n_skipped": 0,
        "step_size": 0
      },
      {
        "acc_rate": 0.0019066666666666668,
        "n_steps": 150000,
        "obs_stats": {
          "Q": {
            "mean": -0.03121333383023739,
            "error": 0.1630718284390601,
            "tau_int": 6035.874165291926,
            "dtau_int": 2803.770354294917
          },
          "Chi_t": {
            "mean": 0.30902665853500366,
            "error": 0.12045394217636873,
            "tau_int": 3902.398819565319,
            "dtau_int": 1674.803757960178
          }
        },
        "n_skipped": 0,
        "step_size": 0
      },
      {
        "acc_rate": 0.00728,
        "n_steps": 150000,
        "obs_stats": {
          "Q": {
            "mean": -0.0028466666117310524,
            "error": 0.053760264865293644,
            "tau_int": 464.9911038369389,
            "dtau_int": 101.29292026177993
          },
          "Chi_t": {
            "mean": 0.46336665749549866,
            "error": 0.06928946592203965,
            "tau_int": 498.58962606265345,
            "dtau_int": 111.51509193646905
          }
        },
        "n_skipped": 0,
        "step_size": 0
      }
    ],
    [
      {
        "acc_rate": 0.00383,
        "n_steps": 200000,
        "obs_stats": {
          "Q": {
            "mean": -0.09424500167369843,
            "error": 0.05852410797526767,
            "tau_int": 1064.322977755941,
            "dtau_int": 282.7646777769646
          },
          "Chi_t": {
            "mean": 0.32741498947143555,
            "error": 0.07573609426161017,
            "tau_int": 1498.7852992888359,
            "dtau_int": 448.470758832524
          }
        },
        "n_skipped": 0,
        "step_size": 0
      },
      {
        "acc_rate": 0.00553,
        "n_steps": 200000,
        "obs_stats": {
          "Q": {
            "mean": 0.010104999877512455,
            "error": 0.05205566059948509,
            "tau_int": 999.2258018380766,
            "dtau_int": 259.5400953485482
          },
          "Chi_t": {
            "mean": 0.26869499683380127,
            "error": 0.051318598812175965,
            "tau_int": 886.3432138374765,
            "dtau_int": 220.45395207399304
          }
        },
        "n_skipped": 0,