{
  "observables": [
    "Chi_t"
  ],
  "n_samples": [
    50000,
    80000,
    100000
  ],
  "nip": [],
  "nmcmc": [
    [
      {
        "acc_rate": 0.72548,
        "n_steps": 50000,
        "obs_stats": {
          "Q": {
            "mean": -0.0020200000144541264,
            "error": 0.005077292274824961,
            "tau_int": 0.9889981475515357,
            "dtau_int": 0.02580660141501714
          },
          "Chi_t": {
            "mean": 0.6516199707984924,
            "error": 0.005564426823460426,
            "tau_int": 0.8877754034199141,
            "dtau_int": 0.02190805883739458
          }
        },
        "n_skipped": 0,
        "step_size": 0
      },
      {
        "acc_rate": 0.7252,
        "n_steps": 50000,
        "obs_stats": {
          "Q": {
            "mean": -0.006639999803155661,
            "error": 0.00508975611429261,
            "tau_int": 0.9904247216881588,
            "dtau_int": 0.02584165998326724
          },
          "Chi_t": {
            "mean": 0.6539199948310852,
            "error": 0.005817199345806965,
            "tau_int": 0.9954495904403184,
            "dtau_int": 0.025965096775083976
          }
        },
        "n_skipped": 0,
        "step_size": 0
      },
      {
        "acc_rate": 0.7257,
        "n_steps": 50000,
        "obs_stats": {
          "Q": {
            "mean": -0.004360000137239695,
            "error": 0.005006568010530556,
            "tau_int": 0.944072294159856,
            "dtau_int": 0.023211015575394667
          },
          "Chi_t": {
            "mean": 0.6637600064277649,
            "error": 0.005618522653869468,
            "tau_int": 0.9068555206415139,
            "dtau_int": 0.022350843953294203
          }
        },
        "n_skipped": 0,
        "step_size": 0
      }
    ],
    [
      {
        "acc_rate": 0.7270875,
        "n_steps": 80000,
        "obs_stats": {
          "Q": {
            "mean": 0.002937499899417162,
            "error": 0.003932808188109888,
            "tau_int": 0.9477762146029414,
            "dtau_int": 0.019598838574346265
          },
          "Chi_t": {
            "mean": 0.6527624726295471,
            "error": 0.004407988017254043,
            "tau_int": 0.9012401339598006,
            "dtau_int": 0.017566971056733674
          }
        },
        "n_skipped": 0,
        "step_size": 0
      },
      {
        "acc_rate": 0.7259625,
        "n_steps": 80000,
        "obs_stats": {
          "Q": {
            "mean": 0.0007375000277534127,
            "error": 0.0038059338251799826,
            "tau_int": 0.904259083261655,
            "dtau_int": 0.017622314738850224
          },
          "Chi_t": {
            "mean": 0.6407374739646912,
            "error": 0.004152923011837212,
            "tau_int": 0.8423740565769127,
            "dtau_int": 0.01648303038843384
          }
        },
        "n_skipped": 0,
        "step_size": 0
      },
      {
        "acc_rate": 0.7250375,
        "n_steps": 80000,
        "obs_stats": {
          "Q": {
            "mean": -0.0005750000127591193,
            "error": 0.003953371120854871,
            "tau_int": 0.9625113720406515,
            "dtau_int": 0.019886389467466133
          },
          "Chi_t": {
            "mean": 0.6495000123977661,
            "error": 0.0043498643731650485,
            "tau_int": 0.8984815823928172,
            "dtau_int": 0.01751637996466476
          }
        },
        "n_skipped": 0,
        "step_size": 0
      }
    ],
    [
      {
        "acc_rate": 0.72462,
        "n_steps": 100000,
        "obs_stats": {
          "Q": {
            "mean": -0.003169999923557043,
            "error": 0.0034308768481944234,
            "tau_int": 0.9022184737191714,
            "dtau_int": 0.016731501385824424
          },
          "Chi_t": {
            "mean": 0.6523299813270569,
            "error": 0.0038054866441388246,
            "tau_int": 0.8715847614274501,
            "dtau_int": 0.015224981960330492
          }
        },
        "n_skipped": 0,
        "step_size": 0
      },
      {
        "acc_rate": 0.72751,
        "n_steps": 100000,
        "obs_stats": {
          "Q": {
            "mean": -0.0018700000364333391,
            "error": 0.003427477411513435,
            "tau_int": 0.9026086912074971,
            "dtau_int": 0.015734819107511306
          },
          "Chi_t": {
            "mean": 0.6507499814033508,
            "error": 0.0038498666074953856,
            "tau_int": 0.8743517209263703,
            "dtau_int": 0.015270545450783053
          }
        },
        "n_skipped": 0,
        "step_size": 0
      },
      {
        "acc_rate": 0.72305,
        "n_steps": 100000,
        "obs_stats": {
          "Q": {
            "mean": 0.0021299999207258224,
            "error": 0.0034756918565282454,
            "tau_int": 0.9345586645664219,
            "dtau_int": 0.017298619117777563
          },
          "Chi_t": {
            "mean": 0.6463099718093872,
            "error": 0.003816941289003178,
            "tau_int": 0.8886509399571465,
            "dtau_int": 0.015505722950924906
          }
        },
        "n_skipped": 0,
        "step_size": 0
      }
    ]
  ],
  "exact_sus": 0.6500977944017748
}