{
  "observables": [
    "Chi_t"
  ],
  "n_samples": [
    50000,
    80000,
    100000
  ],
  "nip": [],
  "nmcmc": [
    [
      {
        "acc_rate": 0.6065,
        "n_steps": 50000,
        "obs_stats": {
          "Q": {
            "mean": 0.0008200000156648457,
            "error": 0.005991470644899841,
            "tau_int": 1.367104824581368,
            "dtau_int": 0.04079912690804109
          },
          "Chi_t": {
            "mean": 0.6564199924468994,
            "error": 0.006729830312576539,
            "tau_int": 1.3054488123654513,
            "dtau_int": 0.03906683103769209
          }
        },
        "n_skipped": 0,
        "step_size": 0
      },
      {
        "acc_rate": 0.60734,
        "n_steps": 50000,
        "obs_stats": {
          "Q": {
            "mean": -0.0016199999954551458,
            "error": 0.006250120115334311,
            "tau_int": 1.4619401325620502,
            "dtau_int": 0.0453683339674785
          },
          "Chi_t": {
            "mean": 0.6679800152778625,
            "error": 0.0064672154729704424,
            "tau_int": 1.1945260216851752,
            "dtau_int": 0.03429845788710675
          }
        },
        "n_skipped": 0,
        "step_size": 0
      },
      {
        "acc_rate": 0.60872,
        "n_steps": 50000,
        "obs_stats": {
          "Q": {
            "mean": -0.0003800000122282654,
            "error": 0.0061365609603443,
            "tau_int": 1.4301051923513206,
            "dtau_int": 0.04443904522383738
          },
          "Chi_t": {
            "mean": 0.6582599878311157,
            "error": 0.006592767454204705,
            "tau_int": 1.2453791054373375,
            "dtau_int": 0.03567026807459702
          }
        },
        "n_skipped": 0,
        "step_size": 0
      }
    ],
    [
      {
        "acc_rate": 0.6026125,
        "n_steps": 80000,
        "obs_stats": {
          "Q": {
            "mean": 0.0023624999448657036,
            "error": 0.004981495575251881,
            "tau_int": 1.5004183162896498,
            "dtau_int": 0.038252695900718295
          },
          "Chi_t": {
            "mean": 0.6615375280380249,
            "error": 0.00540263798075774,
            "tau_int": 1.3208439435184431,
            "dtau_int": 0.03122777350091036
          }
        },
        "n_skipped": 0,
        "step_size": 0
      },
      {
        "acc_rate": 0.600375,
        "n_steps": 80000,
        "obs_stats": {
          "Q": {
            "mean": -0.010625000111758709,
            "error": 0.00492254966262108,
            "tau_int": 1.4703883491045806,
            "dtau_int": 0.03753036523486886
          },
          "Chi_t": {
            "mean": 0.6592749953269958,
            "error": 0.005694439787351179,
            "tau_int": 1.4741664660259999,
            "dtau_int": 0.037621342733742964
          }
        },
        "n_skipped": 0,
        "step_size": 0
      },
      {
        "acc_rate": 0.604425,
        "n_steps": 80000,
        "obs_stats": {
          "Q": {
            "mean": -0.008674999698996544,
            "error": 0.005117137194920648,
            "tau_int": 1.5685544157293894,
            "dtau_int": 0.03988486534481768
          },
          "Chi_t": {
            "mean": 0.6678000092506409,
            "error": 0.005712209469153133,
            "tau_int": 1.4840354174180568,
            "dtau_int": 0.03785885255653117
          }
        },
        "n_skipped": 0,
        "step_size": 0
      }
    ],
    [
      {
        "acc_rate": 0.60707,
        "n_steps": 100000,
        "obs_stats": {
          "Q": {
            "mean": -0.0027600000612437725,
            "error": 0.004325222513236438,
            "tau_int": 1.403857087990541,
            "dtau_int": 0.030879932997701864
          },
          "Chi_t": {
            "mean": 0.6662799715995789,
            "error": 0.004794390645049363,
            "tau_int": 1.2730863971352435,
            "dtau_int": 0.026978516422841315
          }
        },
        "n_skipped": 0,
        "step_size": 0
      },
      {
        "acc_rate": 0.60933,
        "n_steps": 100000,
        "obs_stats": {
          "Q": {
            "mean": 0.0029100000392645597,
            "error": 0.004275358858250276,
            "tau_int": 1.3814009614000382,
            "dtau_int": 0.03041416920920254
          },
          "Chi_t": {
            "mean": 0.6615899801254272,
            "error": 0.004663964318811925,
            "tau_int": 1.2366854334373985,
            "dtau_int": 0.026249579322938085
          }
        },
        "n_skipped": 0,
        "step_size": 0
      },
      {
        "acc_rate": 0.61216,
        "n_steps": 100000,
        "obs_stats": {
          "Q": {
            "mean": -0.0009599999757483602,
            "error": 0.004273151564395958,
            "tau_int": 1.380021978270443,
            "dtau_int": 0.030385536920464837
          },
          "Chi_t": {
            "mean": 0.6615599989891052,
            "error": 0.0049800721793796165,
            "tau_int": 1.3824434857136776,
            "dtau_int": 0.03043581313226186
          }
        },
        "n_skipped": 0,
        "step_size": 0
      }
    ]
  ],
  "exact_sus": 0.6629736823224884
}