{
  "observables": [
    "Chi_t"
  ],
  "n_samples": [
    50000,
    80000,
    100000
  ],
  "nip": [],
  "nmcmc": [
    [
      {
        "acc_rate": 0.6956,
        "n_steps": 50000,
        "obs_stats": {
          "Q": {
            "mean": -0.002959999954327941,
            "error": 0.005285204328633504,
            "tau_int": 1.0251248849487984,
            "dtau_int": 0.026692449101322742
          },
          "Chi_t": {
            "mean": 0.6812000274658203,
            "error": 0.005968250229004568,
            "tau_int": 0.9590100200397416,
            "dtau_int": 0.02506814767961698
          }
        },
        "n_skipped": 0,
        "step_size": 0
      },
      {
        "acc_rate": 0.6949,
        "n_steps": 50000,
        "obs_stats": {
          "Q": {
            "mean": -0.0003000000142492354,
            "error": 0.005218208551868127,
            "tau_int": 1.027307661461919,
            "dtau_int": 0.026745839787560583
          },
          "Chi_t": {
            "mean": 0.6626200079917908,
            "error": 0.005831631657324924,
            "tau_int": 0.9417467096410552,
            "dtau_int": 0.02315740152343092
          }
        },
        "n_skipped": 0,
        "step_size": 0
      },
      {
        "acc_rate": 0.69492,
        "n_steps": 50000,
        "obs_stats": {
          "Q": {
            "mean": 0.008340000174939632,
            "error": 0.005197930435487411,
            "tau_int": 1.0132679097278132,
            "dtau_int": 0.026402164249594157
          },
          "Chi_t": {
            "mean": 0.6666600108146667,
            "error": 0.005738995489937388,
            "tau_int": 0.9269856175398743,
            "dtau_int": 0.022816676257139852
          }
        },
        "n_skipped": 0,
        "step_size": 0
      }
    ],
    [
      {
        "acc_rate": 0.695925,
        "n_steps": 80000,
        "obs_stats": {
          "Q": {
            "mean": -0.0040374998934566975,
            "error": 0.0041576774184295924,
            "tau_int": 1.0469974653482095,
            "dtau_int": 0.02276226733344316
          },
          "Chi_t": {
            "mean": 0.6604124903678894,
            "error": 0.004685403259347237,
            "tau_int": 0.9851688598790116,
            "dtau_int": 0.02032748727465404
          }
        },
        "n_skipped": 0,
        "step_size": 0
      },
      {
        "acc_rate": 0.6965125,
        "n_steps": 80000,
        "obs_stats": {
          "Q": {
            "mean": -0.00853750016540289,
            "error": 0.004143235465261957,
            "tau_int": 1.0355135429831448,
            "dtau_int": 0.02252627140875022
          },
          "Chi_t": {
            "mean": 0.6631625294685364,
            "error": 0.004606674775682496,
            "tau_int": 0.9682984296386368,
            "dtau_int": 0.019999173940600013
          }
        },
        "n_skipped": 0,
        "step_size": 0
      },
      {
        "acc_rate": 0.697025,
        "n_steps": 80000,
        "obs_stats": {
          "Q": {
            "mean": -1.249999968422344e-05,
            "error": 0.004161535177265074,
            "tau_int": 1.031923219840215,
            "dtau_int": 0.022452425942606165
          },
          "Chi_t": {
            "mean": 0.671287477016449,
            "error": 0.004574020103529105,
            "tau_int": 0.9340217876046553,
            "dtau_int": 0.019329939371825252
          }
        },
        "n_skipped": 0,
        "step_size": 0
      }
    ],
    [
      {
        "acc_rate": 0.70038,
        "n_steps": 100000,
        "obs_stats": {
          "Q": {
            "mean": -0.001970000099390745,
            "error": 0.0037410394659228665,
            "tau_int": 1.046429948606715,
            "dtau_int": 0.02034876609033059
          },
          "Chi_t": {
            "mean": 0.6687099933624268,
            "error": 0.004177206212800324,
            "tau_int": 0.9749442056709983,
            "dtau_int": 0.018003559285847296
          }
        },
        "n_skipped": 0,
        "step_size": 0
      },
      {
        "acc_rate": 0.69507,
        "n_steps": 100000,
        "obs_stats": {
          "Q": {
            "mean": 0.002460000105202198,
            "error": 0.0038340303265426328,
            "tau_int": 1.0834340828536184,
            "dtau_int": 0.021027070202514316
          },
          "Chi_t": {
            "mean": 0.678380012512207,
            "error": 0.00451770794499249,
            "tau_int": 1.0961151365790347,
            "dtau_int": 0.021258852679675973
          }
        },
        "n_skipped": 0,
        "step_size": 0
      },
      {
        "acc_rate": 0.69734,
        "n_steps": 100000,
        "obs_stats": {
          "Q": {
            "mean": 5.999999848427251e-05,
            "error": 0.003815159477377318,
            "tau_int": 1.082133510372343,
            "dtau_int": 0.021003279241670086
          },
          "Chi_t": {
            "mean": 0.6725199818611145,
            "error": 0.0043462813024945385,
            "tau_int": 1.0446528525787444,
            "dtau_int": 0.020316118126685948
          }
        },
        "n_skipped": 0,
        "step_size": 0
      }
    ]
  ],
  "exact_sus": 0.6687749432186545
}