{
  "observables": [
    "Chi_t",
    "Q"
  ],
  "n_samples": [
    50000,
    250000,
    500000,
    2500000,
    5000000
  ],
  "nip": [
    {
      "obs_stats": {
        "Q": {
          "mean": -0.005183983128517866,
          "error": 0.0038932044990360737,
          "error_ess": 0.003995238803327084,
          "ess_q": 0.7865315079689026
        },
        "Chi_t": {
          "mean": 0.6277424097061157,
          "error": 0.004464928526431322,
          "error_ess": 0.004548539407551289,
          "ess_q": 0.7865315079689026
        }
      },
      "entropy": 83406.8984375,
      "std_entropy": 7645451.5,
      "free_energy": -0.7010234239846298,
      "std_free_energy": 0.0004253706429153681,
      "ess_p": {
        "0-1": {
          "log_ess_p": -0.2386354497150478,
          "ess_p": 0.7877019870212936
        },
        "0.05-1": {
          "log_ess_p": -0.19603268259092488,
          "ess_p": 0.8219853696275975
        },
        "0.1-1": {
          "log_ess_p": -0.1764227341158513,
          "ess_p": 0.838263545827043
        }
      }
    },
    {
      "obs_stats": {
        "Q": {
          "mean": -0.001160927931778133,
          "error": 0.001746808527968824,
          "error_ess": 0.001787799410521984,
          "ess_q": 0.789135754108429
        },
        "Chi_t": {
          "mean": 0.6305630803108215,
          "error": 0.0020140879787504673,
          "error_ess": 0.002025783061981201,
          "ess_q": 0.789135754108429
        }
      },
      "entropy": 430634.46875,
      "std_entropy": 85438760.0,
      "free_energy": -0.701048366509955,
      "std_free_energy": 0.0001887538528535515,
      "ess_p": {
        "0-1": {
          "log_ess_p": -0.23940646882946304,
          "ess_p": 0.7870948878054624
        },
        "0.05-1": {
          "log_ess_p": -0.19716024357321515,
          "ess_p": 0.8210590533339897
        },
        "0.1-1": {
          "log_ess_p": -0.1775597874004493,
          "ess_p": 0.8373109371949234
        }
      }
    },
    {
      "obs_stats": {
        "Q": {
          "mean": -0.0014086116570979357,
          "error": 0.001237782184034586,
          "error_ess": 0.0012680512154474854,
          "ess_q": 0.7881076335906982
        },
        "Chi_t": {
          "mean": 0.6336210370063782,
          "error": 0.0014253355329856277,
          "error_ess": 0.0014400057261809707,
          "ess_q": 0.7881076335906982
        }
      },
      "entropy": 872798.6875,
      "std_entropy": 241819328.0,
      "free_energy": -0.7009909663428509,
      "std_free_energy": 0.0001338812435278669,
      "ess_p": {
        "0-1": {
          "log_ess_p": -0.24057870523303748,
          "ess_p": 0.7861727671022314
        },
        "0.05-1": {
          "log_ess_p": -0.19819698414462295,
          "ess_p": 0.8202082691992957
        },
        "0.1-1": {
          "log_ess_p": -0.1784132408075063,
          "ess_p": 0.8365966361774839
        }
      }
    },
    {
      "obs_stats": {
        "Q": {
          "mean": -0.0007529781432822347,
          "error": 0.0005520923878066242,
          "error_ess": 0.0005660280003212392,
          "ess_q": 0.7883373498916626
        },
        "Chi_t": {
          "mean": 0.6314343810081482,
          "error": 0.0006337136728689075,
          "error_ess": 0.0006417713011614978,
          "ess_q": 0.7883373498916626
        }
      },
      "entropy": 4497655.0,
      "std_entropy": 2702402048.0,
      "free_energy": -0.7009919826928521,
      "std_free_energy": 5.9832269471371546e-05,
      "ess_p": {
        "0-1": {
          "log_ess_p": -0.23964623539977836,
          "ess_p": 0.7869061913861511
        },
        "0.05-1": {
          "log_ess_p": -0.19774805145446628,
          "ess_p": 0.8205765701690629
        },
        "0.1-1": {
          "log_ess_p": -0.17828914805565077,
          "ess_p": 0.8367004581979072
        }
      }
    },
    {
      "obs_stats": {
        "Q": {
          "mean": 0.0005082103307358921,
          "error": 0.00039336475310847163,
          "error_ess": 0.0004008117539342493,
          "ess_q": 0.7864384651184082
        },
        "Chi_t": {
          "mean": 0.6317070722579956,
          "error": 0.0004579713859129697,
          "error_ess": 0.00045457505621016026,
          "ess_q": 0.7864384651184082
        }
      },
      "entropy": 9111616.0,
      "std_entropy": 7654921728.0,
      "free_energy": -0.7009774644966446,
      "std_free_energy": 4.254843224771321e-05,
      "ess_p": {
        "0-1": {
          "log_ess_p": -0.23827592542163956,
          "ess_p": 0.7879852359359757
        },
        "0.05-1": {
          "log_ess_p": -0.19649244104129338,
          "ess_p": 0.8216075417692625
        },
        "0.1-1": {
          "log_ess_p": -0.1770147380288094,
          "ess_p": 0.83776743739138
        }
      }
    }
  ],
  "nmcmc": [
    {
      "acc_rate": 0.74592,
      "n_steps": 50000,
      "obs_stats": {
        "Q": {
          "mean": -0.002300045918673277,
          "error": 0.0047741440695054345,
          "tau_int": 0.9206210804929209,
          "dtau_int": 0.022669767259188518
        },
        "Chi_t": {
          "mean": 0.618912398815155,
          "error": 0.004983140111553666,
          "tau_int": 0.7890977096356628,
          "dtau_int": 0.01828397324557631
        }
      },
      "n_skipped": 0,
      "step_size": 0
    },
    {
      "acc_rate": 0.741756,
      "n_steps": 250000,
      "obs_stats": {
        "Q": {
          "mean": -0.0005080020055174828,
          "error": 0.002142786292146386,
          "tau_int": 0.9061777208471522,
          "dtau_int": 0.010625941594806936
        },
        "Chi_t": {
          "mean": 0.6333585381507874,
          "error": 0.0024400019707943765,
          "tau_int": 0.9078955270351432,
          "dtau_int": 0.010645020714742277
        }
      },
      "n_skipped": 0,
      "step_size": 0
    },
    {
      "acc_rate": 0.742912,
      "n_steps": 500000,
      "obs_stats": {
        "Q": {
          "mean": 0.0020440041553229094,
          "error": 0.0015290052919014637,
          "tau_int": 0.9222042355901012,
          "dtau_int": 0.008072449305124837
        },
        "Chi_t": {
          "mean": 0.6337692737579346,
          "error": 0.001685208017029949,
          "tau_int": 0.8737682196592831,
          "dtau_int": 0.007258589464778502
        }
      },
      "n_skipped": 0,
      "step_size": 0
    },
    {
      "acc_rate": 0.7409764,
      "n_steps": 2500000,
      "obs_stats": {
        "Q": {
          "mean": 0.0010076004546135664,
          "error": 0.0006857333412871277,
          "tau_int": 0.9300056428257921,
          "dtau_int": 0.003824573746857976
        },
        "Chi_t": {
          "mean": 0.6320262551307678,
          "error": 0.0007644918834543877,
          "tau_int": 0.8991330264523365,
          "dtau_int": 0.0035240272221037194
        }
      },
      "n_skipped": 0,
      "step_size": 0
    },
    {
      "acc_rate": 0.7411932,
      "n_steps": 5000000,
      "obs_stats": {
        "Q": {
          "mean": 0.0010518002090975642,
          "error": 0.00048502092416826206,
          "tau_int": 0.9313807939664469,
          "dtau_int": 0.0027082044050202488
        },
        "Chi_t": {
          "mean": 0.6314431428909302,
          "error": 0.0005413107228786628,
          "tau_int": 0.9062295996284897,
          "dtau_int": 0.0026382051160753653
        }
      },
      "n_skipped": 0,
      "step_size": 0
    }
  ],
  "exact_sus": 0.6320492811365326
}