{
  "observables": [
    "Chi_t"
  ],
  "n_samples": [
    25000,
    40000,
    50000,
    75000,
    100000,
    125000,
    150000,
    175000,
    200000,
    225000,
    250000,
    80000
  ],
  "nip": {},
  "nmcmc": [
    [
      {
        "acc_rate": 0.38492,
        "n_steps": 25000.0,
        "obs_stats": {
          "Q": {
            "mean": -0.011400455608963966,
            "error": 0.01258490044767864,
            "tau_int": 3.2963021778856736,
            "dtau_int": 0.19647547568202703
          },
          "Chi_t": {
            "mean": 0.6005440354347229,
            "error": 0.013386981112800816,
            "tau_int": 3.0458258044133477,
            "dtau_int": 0.17845537792652497
          }
        },
        "n_skipped": 0.0,
        "step_size": 0.0
      },
      {
        "acc_rate": 0.37724,
        "n_steps": 25000.0,
        "obs_stats": {
          "Q": {
            "mean": -0.013240529224276543,
            "error": 0.014141670923791042,
            "tau_int": 4.325346139280891,
            "dtau_int": 0.2904148635488536
          },
          "Chi_t": {
            "mean": 0.5779030919075012,
            "error": 0.015678662085208645,
            "tau_int": 4.308505350430889,
            "dtau_int": 0.28937057341955463
          }
        },
        "n_skipped": 0.0,
        "step_size": 0.0
      },
      {
        "acc_rate": 0.37552,
        "n_steps": 25000.0,
        "obs_stats": {
          "Q": {
            "mean": -0.02596103772521019,
            "error": 0.012769137190081757,
            "tau_int": 3.633470873168344,
            "dtau_int": 0.22919120387255743
          },
          "Chi_t": {
            "mean": 0.5614224672317505,
            "error": 0.013783120748864642,
            "tau_int": 3.57858901346013,
            "dtau_int": 0.22139810431135132
          }
        },
        "n_skipped": 0.0,
        "step_size": 0.0
      }
    ],
    [
      {
        "acc_rate": 0.37845,
        "n_steps": 40000.0,
        "obs_stats": {
          "Q": {
            "mean": 0.0009000225109048188,
            "error": 0.010523253288166936,
            "tau_int": 3.7990041007819766,
            "dtau_int": 0.196308417065774
          },
          "Chi_t": {
            "mean": 0.5828645825386047,
            "error": 0.010230256633449248,
            "tau_int": 3.061674546819248,
            "dtau_int": 0.1450306100947725
          }
        },
        "n_skipped": 0.0,
        "step_size": 0.0
      },
      {
        "acc_rate": 0.374025,
        "n_steps": 40000.0,
        "obs_stats": {
          "Q": {
            "mean": -0.015425385907292366,
            "error": 0.010664881252795324,
            "tau_int": 3.879385009928903,
            "dtau_int": 0.20388486322370808
          },
          "Chi_t": {
            "mean": 0.5864896774291992,
            "error": 0.013097142034198947,
            "tau_int": 4.766713903611846,
            "dtau_int": 0.2727214632889877
          }
        },
        "n_skipped": 0.0,
        "step_size": 0.0
      },
      {
        "acc_rate": 0.384075,
        "n_steps": 40000.0,
        "obs_stats": {
          "Q": {
            "mean": -0.0068001700565218925,
            "error": 0.010329595327344163,
            "tau_int": 3.6482588077216276,
            "dtau_int": 0.18549660612453556
          },
          "Chi_t": {
            "mean": 0.584864616394043,
            "error": 0.010875179935056734,
            "tau_int": 3.3440393425964348,
            "dtau_int": 0.1643572869806576
          }
        },
        "n_skipped": 0.0,
        "step_size": 0.0
      }
    ],
    [
      {
        "acc_rate": 0.3685,
        "n_steps": 50000.0,
        "obs_stats": {
          "Q": {
            "mean": -0.03252065181732178,
            "error": 0.012555396050795968,
            "tau_int": 6.394277065260513,
            "dtau_int": 0.3754985406236189
          },
          "Chi_t": {
            "mean": 0.6172123551368713,
            "error": 0.011307824166425237,
            "tau_int": 4.541163436188924,
            "dtau_int": 0.22962118258000022
          }
        },
        "n_skipped": 0.0,
        "step_size": 0.0
      },
      {
        "acc_rate": 0.37228,
        "n_steps": 50000.0,
        "obs_stats": {
          "Q": {
            "mean": 0.03200063854455948,
            "error": 0.012772173676398593,
            "tau_int": 6.71240604291492,
            "dtau_int": 0.4017967525438995
          },
          "Chi_t": {
            "mean": 0.6084121465682983,
            "error": 0.012401097223303893,
            "tau_int": 5.400256469058325,
            "dtau_int": 0.29420440842012335
          }
        },
        "n_skipped": 0.0,
        "step_size": 0.0
      },
      {
        "acc_rate": 0.37668,
        "n_steps": 50000.0,
        "obs_stats": {
          "Q": {
            "mean": 0.0038400767371058464,
            "error": 0.009897704194623819,
            "tau_int": 4.1455132127990515,
            "dtau_int": 0.20089303785905196
          },
          "Chi_t": {
            "mean": 0.5906918048858643,
            "error": 0.012689978840207748,
            "tau_int": 5.789991029441768,
            "dtau_int": 0.32634519294645664
          }
        },
        "n_skipped": 0.0,
        "step_size": 0.0
      }
    ],
    [
      {
        "acc_rate": 0.37981333333333334,
        "n_steps": 75000.0,
        "obs_stats": {
          "Q": {
            "mean": 0.018200242891907692,
            "error": 0.008838328772647262,
            "tau_int": 4.933872983139522,
            "dtau_int": 0.21788619056831912
          },
          "Chi_t": {
            "mean": 0.5939679145812988,
            "error": 0.008726995626577649,
            "tau_int": 4.144553401269785,
            "dtau_int": 0.16948703977797067
          }
        },
        "n_skipped": 0.0,
        "step_size": 0.0
      },
      {
        "acc_rate": 0.3695866666666667,
        "n_steps": 75000.0,
        "obs_stats": {
          "Q": {
            "mean": 0.001306684105657041,
            "error": 0.009540840015035367,
            "tau_int": 5.651562062875635,
            "dtau_int": 0.26379009680524257
          },
          "Chi_t": {
            "mean": 0.6039013862609863,
            "error": 0.012883888522624572,
            "tau_int": 8.254526852855893,
            "dtau_int": 0.45210387687452236
          }
        },
        "n_skipped": 0.0,
        "step_size": 0.0
      },
      {
        "acc_rate": 0.37832,
        "n_steps": 75000.0,
        "obs_stats": {
          "Q": {
            "mean": -0.0028400379233062267,
            "error": 0.008107816532033426,
            "tau_int": 4.216053925337242,
            "dtau_int": 0.1722142880781573
          },
          "Chi_t": {
            "mean": 0.5846344828605652,
            "error": 0.007970023100096372,
            "tau_int": 3.4160243450773926,
            "dtau_int": 0.12741193445256938
          }
        },
        "n_skipped": 0.0,
        "step_size": 0.0
      }
    ],
    [
      {
        "acc_rate": 0.36948,
        "n_steps": 100000.0,
        "obs_stats": {
          "Q": {
            "mean": 0.0013400133466348052,
            "error": 0.007493597620144786,
            "tau_int": 4.708644910879892,
            "dtau_int": 0.17816286113256535
          },
          "Chi_t": {
            "mean": 0.5962259769439697,
            "error": 0.008264755586433341,
            "tau_int": 4.678115494875325,
            "dtau_int": 0.17708318372353962
          }
        },
        "n_skipped": 0.0,
        "step_size": 0.0
      },
      {
        "acc_rate": 0.37398,
        "n_steps": 100000.0,
        "obs_stats": {
          "Q": {
            "mean": -0.00021000209380872548,
            "error": 0.00773492429100313,
            "tau_int": 4.965381404774965,
            "dtau_int": 0.1923981023517086
          },
          "Chi_t": {
            "mean": 0.6023960113525391,