{
  "observables": [
    "Chi_t"
  ],
  "n_samples": 500000,
  "nip": {
    "Chi_t": {
      "mean": NaN,
      "error": NaN,
      "error_ess": NaN,
      "ess_q": NaN
    }
  },
  "nmcmc": {
    "Chi_t": {
      "mean": 0.4072900116443634,
      "error": 0.0018455831137531617,
      "tau_int": 2.342030277939794,
      "dtau_int": 0.031181893302826228,
      "tau_int_basic": 5.99483063656653
    },
    "acc_rate": 0.58918
  },
  "exact_sus": 0.40769523318797735
}