{
  "observables": [
    "Chi_t"
  ],
  "n_samples": [
    50000,
    80000,
    100000,
    150000,
    200000,
    250000,
    300000,
    400000,
    500000
  ],
  "nip": [],
  "nmcmc": [
    [
      {
        "acc_rate": 0.0529,
        "n_steps": 50000,
        "obs_stats": {
          "Q": {
            "mean": -0.13235999643802643,
            "error": 0.14200988194726083,
            "tau_int": 678.6154151222621,
            "dtau_int": 245.42130643298634
          },
          "Chi_t": {
            "mean": 0.7419999837875366,
            "error": 0.3058807260301861,
            "tau_int": 1493.3228285087982,
            "dtau_int": 659.9307235743004
          }
        },
        "n_skipped": 0,
        "step_size": 0
      },
      {
        "acc_rate": 0.05542,
        "n_steps": 50000,
        "obs_stats": {
          "Q": {
            "mean": 0.05077999830245972,
            "error": 0.07474890379568747,
            "tau_int": 290.8609813965721,
            "dtau_int": 79.78880368247131
          },
          "Chi_t": {
            "mean": 0.47749999165534973,
            "error": 0.045143152242920266,
            "tau_int": 130.24748196166587,
            "dtau_int": 26.571827529907974
          }
        },
        "n_skipped": 0,
        "step_size": 0
      },
      {
        "acc_rate": 0.04514,
        "n_steps": 50000,
        "obs_stats": {
          "Q": {
            "mean": -0.13369999825954437,
            "error": 0.05040589360343937,
            "tau_int": 180.16360593979405,
            "dtau_int": 41.53422215630009
          },
          "Chi_t": {
            "mean": 0.3679800033569336,
            "error": 0.05047104864633052,
            "tau_int": 156.51454505078993,
            "dtau_int": 34.233003694805916
          }
        },
        "n_skipped": 0,
        "step_size": 0
      }
    ],
    [
      {
        "acc_rate": 0.030675,
        "n_steps": 80000,
        "obs_stats": {
          "Q": {
            "mean": -0.42502498626708984,
            "error": 0.17432748912023574,
            "tau_int": 2104.5155353691807,
            "dtau_int": 905.4290703364918
          },
          "Chi_t": {
            "mean": 0.7317249774932861,
            "error": 0.06287593258774452,
            "tau_int": 458.39852534480116,
            "dtau_int": 125.03871087585354
          }
        },
        "n_skipped": 0,
        "step_size": 0
      },
      {
        "acc_rate": 0.023475,
        "n_steps": 80000,
        "obs_stats": {
          "Q": {
            "mean": 0.49123749136924744,
            "error": 0.22095109576952587,
            "tau_int": 3849.6899137191235,
            "dtau_int": 1821.5604426821699
          },
          "Chi_t": {
            "mean": 0.7081624865531921,
            "error": 0.11078687125441049,
            "tau_int": 1378.3675870439404,
            "dtau_int": 533.6732798086814
          }
        },
        "n_skipped": 0,
        "step_size": 0
      },
      {
        "acc_rate": 0.0491,
        "n_steps": 80000,
        "obs_stats": {
          "Q": {
            "mean": -0.09188749641180038,
            "error": 0.07088255075425247,
            "tau_int": 398.2167306953872,
            "dtau_int": 103.31722408013252
          },
          "Chi_t": {
            "mean": 0.5083125233650208,
            "error": 0.04558027304814361,
            "tau_int": 189.03686809684444,
            "dtau_int": 37.12693550645435
          }
        },
        "n_skipped": 0,
        "step_size": 0
      }
    ],
    [
      {
        "acc_rate": 0.06241,
        "n_steps": 100000,
        "obs_stats": {
          "Q": {
            "mean": -0.08677999675273895,
            "error": 0.03699328786991209,
            "tau_int": 143.23988521583408,
            "dtau_int": 23.101358413520895
          },
          "Chi_t": {
            "mean": 0.48388001322746277,
            "error": 0.0319462842833381,
            "tau_int": 113.25831060534594,
            "dtau_int": 16.618382141461534
          }
        },
        "n_skipped": 0,
        "step_size": 0
      },
      {
        "acc_rate": 0.03941,
        "n_steps": 100000,
        "obs_stats": {
          "Q": {
            "mean": -0.03878000006079674,
            "error": 0.054996988869615106,
            "tau_int": 345.4039897082224,
            "dtau_int": 78.37234063945725
          },
          "Chi_t": {
            "mean": 0.4364199936389923,
            "error": 0.06031035442349083,
            "tau_int": 452.30013411071684,
            "dtau_int": 113.35330315672799
          }
        },
        "n_skipped": 0,
        "step_size": 0
      },
      {
        "acc_rate": 0.05428,
        "n_steps": 100000,
        "obs_stats": {
          "Q": {
            "mean": -0.04091000184416771,
            "error": 0.06098615575330614,
            "tau_int": 365.33119772888415,
            "dtau_int": 84.6487065197809
          },
          "Chi_t": {
            "mean": 0.5071099996566772,
            "error": 0.03973127012996755,
            "tau_int": 192.5012138075838,
            "dtau_int": 34.90591735231872
          }
        },
        "n_skipped": 0,
        "step_size": 0
      }
    ],
    [
      {
        "acc_rate": 0.06910666666666666,
        "n_steps": 150000,
        "obs_stats": {
          "Q": {
            "mean": 0.03353999927639961,
            "error": 0.023718798706827568,
            "tau_int": 82.21875735314688,
            "dtau_int": 8.939123801691121
          },
          "Chi_t": {
            "mean": 0.513753354549408,
            "error": 0.027466003064766584,
            "tau_int": 87.01191191977568,
            "dtau_int": 9.694320275027918
          }
        },
        "n_skipped": 0,
        "step_size": 0
      },
      {
        "acc_rate": 0.054733333333333335,
        "n_steps": 150000,
        "obs_stats": {
          "Q": {
            "mean": -0.07158000022172928,
            "error": 0.061148239404091295,
            "tau_int": 506.7464077422804,
            "dtau_int": 114.02743341307583
          },
          "Chi_t": {
            "mean": 0.5548999905586243,
            "error": 0.036783200406232876,
            "tau_int": 188.98109492696108,
            "dtau_int": 28.941785237229077
          }
        },
        "n_skipped": 0,
        "step_size": 0
      },
      {
        "acc_rate": 0.05683333333333333,
        "n_steps": 150000,
        "obs_stats": {
          "Q": {
            "mean": 0.057126667350530624,
            "error": 0.079813515501683,
            "tau_int": 754.0098997151283,
            "dtau_int": 196.29336734760696
          },
          "Chi_t": {
            "mean": 0.6307933330535889,
            "error": 0.11057813811743684,
            "tau_int": 994.0328489968506,
            "dtau_int": 285.2241373935081
          }
        },
        "n_skipped": 0,
        "step_size": 0
      }
    ],
    [
      {
        "acc_rate": 0.038955,
        "n_steps": 200000,
        "obs_stats": {
          "Q": {
            "mean": -0.0073449998162686825,
            "error": 0.05018189328785493,
            "tau_int": 562.0637373829225,
            "dtau_int": 117.96474661640762
          },
          "Chi_t": {
            "mean": 0.44563499093055725,
            "error": 0.044196971717499554,
            "tau_int": 441.4256026139251,
            "dtau_int": 84.40524786178244
          }
        },
        "n_skipped": 0,
        "step_size": 0
      },
      {
        "acc_rate": 0.055505,
        "n_steps": 200000,
        "obs_stats": {
          "Q": {
            "mean": -0.13970500230789185,
            "error": 0.056108727884984735,
            "tau_int": 532.2342005617152,
            "dtau_int": 109.39363653522685
          },
          "Chi_t": {
            "mean": 0.6079549789428711,
            "error": 0.06600809715481899,
            "tau_int": 578.5336057012179,
            "dtau_int": 122.75186372103462
          }
        },
        "n_skipped": 0,