{
  "observables": [
    "Chi_t"
  ],
  "n_samples": [
    100000,
    150000,
    250000,
    500000,
    1000000,
    2000000,
    3000000
  ],
  "nip": [
    [
      {
        "obs_stats": {
          "Q": {
            "mean": -0.12137055397033691,
            "error": 0.08932165801525116,
            "error_ess": 0.07183130830526352,
            "ess_q": 0.0008298329194076359
          },
          "Chi_t": {
            "mean": 0.44290274381637573,
            "error": 0.08962192386388779,
            "error_ess": 0.0666385293006897,
            "ess_q": 0.0008298329194076359
          }
        },
        "entropy": 77346.9453125,
        "std_entropy": 592134080.0,
        "free_energy": -0.10018841595478206,
        "std_free_energy": 0.011832463555037975
      }
    ],
    [
      {
        "obs_stats": {
          "Q": {
            "mean": 0.6264157295227051,
            "error": 0.662222683429718,
            "error_ess": 0.44410237669944763,
            "ess_q": 1.5184718904492911e-05
          },
          "Chi_t": {
            "mean": 0.841621994972229,
            "error": 0.6623017191886902,
            "error_ess": 0.30488577485084534,
            "ess_q": 1.5184718904492911e-05
          }
        },
        "entropy": 107360.8828125,
        "std_entropy": 6915635200.0,
        "free_energy": -0.11327872209827344,
        "std_free_energy": 0.0714493840932846
      }
    ],
    [
      {
        "obs_stats": {
          "Q": {
            "mean": -0.13931305706501007,
            "error": 0.13408643007278442,
            "error_ess": 0.10241372883319855,
            "ess_q": 0.00021517097775358707
          },
          "Chi_t": {
            "mean": 0.5836172103881836,
            "error": 0.1401926726102829,
            "error_ess": 0.1000523641705513,
            "ess_q": 0.00021517097775358707
          }
        },
        "entropy": 192726.515625,
        "std_entropy": 4471540224.0,
        "free_energy": -0.10164482149598851,
        "std_free_energy": 0.014700841158628464
      }
    ],
    [
      {
        "obs_stats": {
          "Q": {
            "mean": -0.06435665488243103,
            "error": 0.09169857949018478,
            "error_ess": 0.046309880912303925,
            "ess_q": 0.0006116012227721512
          },
          "Chi_t": {
            "mean": 0.6599633097648621,
            "error": 0.17689983546733856,
            "error_ess": 0.05730539932847023,
            "ess_q": 0.0006116012227721512
          }
        },
        "entropy": 393004.9375,
        "std_entropy": 7619803136.0,
        "free_energy": -0.1004285248536973,
        "std_free_energy": 0.006164512597024441
      }
    ],
    [
      {
        "obs_stats": {
          "Q": {
            "mean": 0.3092004358768463,
            "error": 0.2969079315662384,
            "error_ess": 0.215462327003479,
            "ess_q": 1.1252042895648628e-05
          },
          "Chi_t": {
            "mean": 0.6179698705673218,
            "error": 0.2969322204589844,
            "error_ess": 0.1749480664730072,
            "ess_q": 1.1252042895648628e-05
          }
        },
        "entropy": 795370.0625,
        "std_entropy": 158101929984.0,
        "free_energy": -0.1043858849506594,
        "std_free_energy": 0.03214642032980919
      }
    ],
    [
      {
        "obs_stats": {
          "Q": {
            "mean": 0.006382286082953215,
            "error": 0.006165653467178345,
            "error_ess": 0.22290445864200592,
            "ess_q": 1.0846126770047704e-06
          },
          "Chi_t": {
            "mean": 0.10782172530889511,
            "error": 0.007542387116700411,
            "error_ess": 0.26769670844078064,
            "ess_q": 1.0846126770047704e-06
          }
        },
        "entropy": 1474733.0,
        "std_entropy": 1220481515520.0,
        "free_energy": -0.11927090983359706,
        "std_free_energy": 0.07321468740701675
      }
    ],
    [
      {
        "obs_stats": {
          "Q": {
            "mean": 0.059016212821006775,
            "error": 0.03453695401549339,
            "error_ess": 0.07425746321678162,
            "ess_q": 2.8761873181792907e-05
          },
          "Chi_t": {
            "mean": 0.4792765974998474,
            "error": 0.03647497668862343,
            "error_ess": 0.07081270962953568,
            "ess_q": 2.8761873181792907e-05
          }
        },
        "entropy": 2405053.5,
        "std_entropy": 509726949376.0,
        "free_energy": -0.10216931445719112,
        "std_free_energy": 0.011608478613197803
      }
    ]
  ],
  "nmcmc": [
    [
      {
        "acc_rate": 0.00198,
        "n_steps": 100000,
        "obs_stats": {
          "Q": {
            "mean": -0.0005000000237487257,
            "error": 0.0007557014463841874,
            "tau_int": 8.497473450307043,
            "dtau_int": 0.4162982458302279
          },
          "Chi_t": {
            "mean": 0.0033599999733269215,
            "error": 0.0031398091985614398,
            "tau_int": 114.14302318622336,
            "dtau_int": 16.796594427685974
          }
        },
        "n_skipped": 0,
        "step_size": 0
      }
    ],
    [
      {
        "acc_rate": 0.046946666666666664,
        "n_steps": 150000,
        "obs_stats": {
          "Q": {
            "mean": 0.38670000433921814,
            "error": 0.24973469913460153,
            "tau_int": 8605.918799338297,
            "dtau_int": 4094.2426800809294
          },
          "Chi_t": {
            "mean": 0.6422733068466187,
            "error": 0.10506139094524246,
            "tau_int": 2829.9869601403075,
            "dtau_int": 1122.7608952623284
          }
        },
        "n_skipped": 0,
        "step_size": 0
      }
    ],
    [
      {
        "acc_rate": 0.065244,
        "n_steps": 250000,
        "obs_stats": {
          "Q": {
            "mean": -0.1666720062494278,
            "error": 0.11576769816238962,
            "tau_int": 4298.576760857043,
            "dtau_int": 1663.2257922304486
          },
          "Chi_t": {
            "mean": 0.40542399883270264,
            "error": 0.09852926913967196,
            "tau_int": 3508.9862016545694,
            "dtau_int": 1281.5450823253054
          }
        },
        "n_skipped": 0,
        "step_size": 0
      }
    ],
    [
      {
        "acc_rate": 0.090656,
        "n_steps": 500000,
        "obs_stats": {
          "Q": {
            "mean": -0.010528000071644783,
            "error": 0.042157887329055954,
            "tau_int": 912.6564080283172,
            "dtau_int": 161.9875109038588
          },
          "Chi_t": {
            "mean": 0.4852119982242584,
            "error": 0.03084846398675707,
            "tau_int": 528.0139592362212,
            "dtau_int": 75.25984381214977
          }
        },
        "n_skipped": 0,
        "step_size": 0
      }
    ],
    [
      {
        "acc_rate": 0.077513,
        "n_steps": 1000000,
        "obs_stats": {
          "Q": {
            "mean": 0.05346899852156639,
            "error": 0.039178784339932035,
            "tau_int": 1646.560840459443,
            "dtau_int": 280.5526917504629
          },
          "Chi_t": {
            "mean": 0.4674670100212097,
            "error": 0.031778431947316076,
            "tau_int": 1272.1531159939755,
            "dtau_int": 195.5038498879074
          }
        },
        "n_skipped": 0,
        "step_size": 0
      }
    ],
    [
      {
        "acc_rate": 0.0133425,
        "n_steps": 2000000,
        "obs_stats": {
          "Q": {
            "mean": 0.024997500702738762,
            "error": 0.024218426107596922,
            "tau_int": 5774.372763904004,
            "dtau_int": 1224.1432537162812
          },
          "Chi_t": {
            "mean": 0.10162950307130814,
            "error": 0.05938097500366657,
            "tau_int": 22458.423174955577,
            "dtau_int": 7665.601485863345
          }
        },
        "n_skipped": 0,