{
  "observables": [
    "Chi_t"
  ],
  "n_samples": [
    25000,
    40000,
    50000,
    75000,
    100000,
    125000,
    150000,
    175000,
    200000,
    225000,
    250000,
    80000
  ],
  "nip": {},
  "nmcmc": [
    [
      {
        "acc_rate": 0.7518,
        "n_steps": 25000.0,
        "obs_stats": {
          "Q": {
            "mean": -0.00020000799850095063,
            "error": 0.006787749427447848,
            "tau_int": 0.9092265682691569,
            "dtau_int": 0.0316871959484631
          },
          "Chi_t": {
            "mean": 0.6333453059196472,
            "error": 0.00725758341368079,
            "tau_int": 0.8184180878588541,
            "dtau_int": 0.02675984200972113
          }
        },
        "n_skipped": 0.0,
        "step_size": 0.0
      },
      {
        "acc_rate": 0.74432,
        "n_steps": 25000.0,
        "obs_stats": {
          "Q": {
            "mean": -0.005760230589658022,
            "error": 0.006806818128683469,
            "tau_int": 0.8781720312734032,
            "dtau_int": 0.028584936088920765
          },
          "Chi_t": {
            "mean": 0.6594663858413696,
            "error": 0.007687039415793956,
            "tau_int": 0.8644545230675609,
            "dtau_int": 0.028167554505530143
          }
        },
        "n_skipped": 0.0,
        "step_size": 0.0
      },
      {
        "acc_rate": 0.75068,
        "n_steps": 25000.0,
        "obs_stats": {
          "Q": {
            "mean": 0.0014000559458509088,
            "error": 0.006528093653897175,
            "tau_int": 0.8224076667708349,
            "dtau_int": 0.026882260089693015
          },
          "Chi_t": {
            "mean": 0.6476659178733826,
            "error": 0.007444973398692213,
            "tau_int": 0.8142796303229884,
            "dtau_int": 0.026632770845085904
          }
        },
        "n_skipped": 0.0,
        "step_size": 0.0
      }
    ],
    [
      {
        "acc_rate": 0.756025,
        "n_steps": 40000.0,
        "obs_stats": {
          "Q": {
            "mean": 0.005775144323706627,
            "error": 0.0051853137751594666,
            "tau_int": 0.8354680191347819,
            "dtau_int": 0.021568507168732372
          },
          "Chi_t": {
            "mean": 0.6436411142349243,
            "error": 0.0058474716194720135,
            "tau_int": 0.8241868331287254,
            "dtau_int": 0.021295271812057624
          }
        },
        "n_skipped": 0.0,
        "step_size": 0.0
      },
      {
        "acc_rate": 0.755525,
        "n_steps": 40000.0,
        "obs_stats": {
          "Q": {
            "mean": -0.008150204084813595,
            "error": 0.005302457756805011,
            "tau_int": 0.855573688375695,
            "dtau_int": 0.02205421446773375
          },
          "Chi_t": {
            "mean": 0.6572664380073547,
            "error": 0.005781640804484205,
            "tau_int": 0.7756327131813399,
            "dtau_int": 0.02011348193412053
          }
        },
        "n_skipped": 0.0,
        "step_size": 0.0
      },
      {
        "acc_rate": 0.748425,
        "n_steps": 40000.0,
        "obs_stats": {
          "Q": {
            "mean": -0.0042251055128872395,
            "error": 0.0053237982688043054,
            "tau_int": 0.8662655113493587,
            "dtau_int": 0.02231184557831763
          },
          "Chi_t": {
            "mean": 0.6543413400650024,
            "error": 0.006134855889511443,
            "tau_int": 0.8729785289014975,
            "dtau_int": 0.024109404057794173
          }
        },
        "n_skipped": 0.0,
        "step_size": 0.0
      }
    ],
    [
      {
        "acc_rate": 0.75338,
        "n_steps": 50000.0,
        "obs_stats": {
          "Q": {
            "mean": 0.003660073271021247,
            "error": 0.0048136831240989724,
            "tau_int": 0.8857950633836271,
            "dtau_int": 0.02186225083897138
          },
          "Chi_t": {
            "mean": 0.6539530754089355,
            "error": 0.005379872476129006,
            "tau_int": 0.8402364218827554,
            "dtau_int": 0.019394574032140403
          }
        },
        "n_skipped": 0.0,
        "step_size": 0.0
      },
      {
        "acc_rate": 0.75014,
        "n_steps": 50000.0,
        "obs_stats": {
          "Q": {
            "mean": 0.0071001420728862286,
            "error": 0.004851208051522127,
            "tau_int": 0.8982810198560589,
            "dtau_int": 0.022152230676544933
          },
          "Chi_t": {
            "mean": 0.6549931168556213,
            "error": 0.005423077820595264,
            "tau_int": 0.8569717092904099,
            "dtau_int": 0.02119085867400432
          }
        },
        "n_skipped": 0.0,
        "step_size": 0.0
      },
      {
        "acc_rate": 0.753,
        "n_steps": 50000.0,
        "obs_stats": {
          "Q": {
            "mean": 0.0009600191842764616,
            "error": 0.0047144559569362995,
            "tau_int": 0.856579821822264,
            "dtau_int": 0.02118171124818041
          },
          "Chi_t": {
            "mean": 0.648652970790863,
            "error": 0.005492185910199878,
            "tau_int": 0.8846381162747972,
            "dtau_int": 0.021835355009133302
          }
        },
        "n_skipped": 0.0,
        "step_size": 0.0
      }
    ],
    [
      {
        "acc_rate": 0.74952,
        "n_steps": 75000.0,
        "obs_stats": {
          "Q": {
            "mean": -0.004080054350197315,
            "error": 0.00394783601317269,
            "tau_int": 0.8952426153219455,
            "dtau_int": 0.01802958324982736
          },
          "Chi_t": {
            "mean": 0.6528353691101074,
            "error": 0.004288155491976168,
            "tau_int": 0.8159712703580886,
            "dtau_int": 0.015406226593548825
          }
        },
        "n_skipped": 0.0,
        "step_size": 0.0
      },
      {
        "acc_rate": 0.7518266666666666,
        "n_steps": 75000.0,
        "obs_stats": {
          "Q": {
            "mean": 0.0026533687487244606,
            "error": 0.0038903777386401777,
            "tau_int": 0.8800915911623524,
            "dtau_int": 0.017742099332951594
          },
          "Chi_t": {
            "mean": 0.6448752880096436,
            "error": 0.004326232142353577,
            "tau_int": 0.8370538543420118,
            "dtau_int": 0.01692207230948171
          }
        },
        "n_skipped": 0.0,
        "step_size": 0.0
      },
      {
        "acc_rate": 0.75068,
        "n_steps": 75000.0,
        "obs_stats": {
          "Q": {
            "mean": 0.0007600101525895298,
            "error": 0.003942778459639628,
            "tau_int": 0.9011551523846628,
            "dtau_int": 0.018141601294204605
          },
          "Chi_t": {
            "mean": 0.646875262260437,
            "error": 0.004310357350438351,
            "tau_int": 0.8288105271042598,
            "dtau_int": 0.016764433124978575
          }
        },
        "n_skipped": 0.0,
        "step_size": 0.0
      }
    ],
    [
      {
        "acc_rate": 0.75479,
        "n_steps": 100000.0,
        "obs_stats": {
          "Q": {
            "mean": -0.004380043596029282,
            "error": 0.00337132085269908,
            "tau_int": 0.8704023708490183,
            "dtau_int": 0.01520558207677837
          },
          "Chi_t": {
            "mean": 0.6529065370559692,
            "error": 0.003810163781865478,
            "tau_int": 0.8515084507886015,
            "dtau_int": 0.014893920288984399
          }
        },
        "n_skipped": 0.0,
        "step_size": 0.0
      },
      {
        "acc_rate": 0.75298,
        "n_steps": 100000.0,
        "obs_stats": {
          "Q": {
            "mean": -1.0000099791795947e-05,
            "error": 0.003368076395126613,
            "tau_int": 0.8694879484888458,
            "dtau_int": 0.01519051770802639
          },