{
  "observables": [
    "Chi_t"
  ],
  "n_samples": [
    50000,
    125000,
    250000
  ],
  "nip": [
    [
      {
        "obs_stats": {
          "Q": {
            "mean": 0.012480610981583595,
            "error": 0.012213028036057949,
            "error_ess": 0.015393025241792202,
            "ess_q": 0.10541260987520218
          },
          "Chi_t": {
            "mean": 1.2489814758300781,
            "error": 0.02046150527894497,
            "error_ess": 0.024213096126914024,
            "ess_q": 0.10541260987520218
          }
        },
        "entropy": 64931.6640625,
        "std_entropy": 20475300.0,
        "free_energy": -0.5687882059673075,
        "std_free_energy": 0.0014565971214324236
      },
      {
        "obs_stats": {
          "Q": {
            "mean": 0.011798441410064697,
            "error": 0.010397945530712605,
            "error_ess": 0.010830249637365341,
            "ess_q": 0.2152225524187088
          },
          "Chi_t": {
            "mean": 1.2623330354690552,
            "error": 0.017919020727276802,
            "error_ess": 0.017224904149770737,
            "ess_q": 0.2152225524187088
          }
        },
        "entropy": 64820.0703125,
        "std_entropy": 14280971.0,
        "free_energy": -0.5685739358315344,
        "std_free_energy": 0.0009547809022478759
      },
      {
        "obs_stats": {
          "Q": {
            "mean": 0.007199532352387905,
            "error": 0.012204018421471119,
            "error_ess": 0.011296487413346767,
            "ess_q": 0.19814157485961914
          },
          "Chi_t": {
            "mean": 1.264275074005127,
            "error": 0.022438140586018562,
            "error_ess": 0.01782304421067238,
            "ess_q": 0.19814157485961914
          }
        },
        "entropy": 64795.0390625,
        "std_entropy": 14868970.0,
        "free_energy": -0.5686633316307385,
        "std_free_energy": 0.0010058550396934152
      }
    ],
    [
      {
        "obs_stats": {
          "Q": {
            "mean": -0.005807651672512293,
            "error": 0.007544796448200941,
            "error_ess": 0.008415072225034237,
            "ess_q": 0.13989022374153137
          },
          "Chi_t": {
            "mean": 1.2382872104644775,
            "error": 0.011422601528465748,
            "error_ess": 0.013273856602609158,
            "ess_q": 0.13989022374153137
          }
        },
        "entropy": 163647.609375,
        "std_entropy": 70169416.0,
        "free_energy": -0.5686300006023346,
        "std_free_energy": 0.000784124422352761
      },
      {
        "obs_stats": {
          "Q": {
            "mean": 0.01056631188839674,
            "error": 0.006712837610393763,
            "error_ess": 0.006960762199014425,
            "ess_q": 0.20653946697711945
          },
          "Chi_t": {
            "mean": 1.2510133981704712,
            "error": 0.011695273220539093,
            "error_ess": 0.011044941842556,
            "ess_q": 0.20653946697711945
          }
        },
        "entropy": 163493.625,
        "std_entropy": 57629556.0,
        "free_energy": -0.568620574068565,
        "std_free_energy": 0.0006198161281645298
      },
      {
        "obs_stats": {
          "Q": {
            "mean": 0.006152022164314985,
            "error": 0.0069736093282699585,
            "error_ess": 0.007418402936309576,
            "ess_q": 0.18298925459384918
          },
          "Chi_t": {
            "mean": 1.2588268518447876,
            "error": 0.01266029104590416,
            "error_ess": 0.01190755981951952,
            "ess_q": 0.18298925459384918
          }
        },
        "entropy": 163641.03125,
        "std_entropy": 61348012.0,
        "free_energy": -0.5686161636128304,
        "std_free_energy": 0.0006681943777948618
      }
    ],
    [
      {
        "obs_stats": {
          "Q": {
            "mean": 0.006291537545621395,
            "error": 0.004617384169250727,
            "error_ess": 0.004780964460223913,
            "ess_q": 0.2189016193151474
          },
          "Chi_t": {
            "mean": 1.2509270906448364,
            "error": 0.008226991631090641,
            "error_ess": 0.007565888110548258,
            "ess_q": 0.2189016193151474
          }
        },
        "entropy": 329362.78125,
        "std_entropy": 158559904.0,
        "free_energy": -0.5686033465880472,
        "std_free_energy": 0.0004223905852995813
      },
      {
        "obs_stats": {
          "Q": {
            "mean": 0.004856696352362633,
            "error": 0.004761379677802324,
            "error_ess": 0.00506410701200366,
            "ess_q": 0.19422154128551483
          },
          "Chi_t": {
            "mean": 1.2452300786972046,
            "error": 0.008277155458927155,
            "error_ess": 0.008073657751083374,
            "ess_q": 0.19422154128551483
          }
        },
        "entropy": 329368.1875,
        "std_entropy": 168356752.0,
        "free_energy": -0.5685413068041932,
        "std_free_energy": 0.0004554544866550714
      },
      {
        "obs_stats": {
          "Q": {
            "mean": 0.006202431861311197,
            "error": 0.00456804595887661,
            "error_ess": 0.004825117532163858,
            "ess_q": 0.21473543345928192
          },
          "Chi_t": {
            "mean": 1.2498879432678223,
            "error": 0.007598440162837505,
            "error_ess": 0.007634717505425215,
            "ess_q": 0.21473543345928192
          }
        },
        "entropy": 329371.5625,
        "std_entropy": 160141216.0,
        "free_energy": -0.5684511791238493,
        "std_free_energy": 0.00042760424548760056
      }
    ]
  ],
  "nmcmc": [
    [
      {
        "acc_rate": 0.3887,
        "n_steps": 50000,
        "obs_stats": {
          "Q": {
            "mean": -0.020320406183600426,
            "error": 0.015196138246672942,
            "tau_int": 4.623084482494199,
            "dtau_int": 0.2370973495542218
          },
          "Chi_t": {
            "mean": 1.2489049434661865,
            "error": 0.018312750000075415,
            "tau_int": 2.7202808166870507,
            "dtau_int": 0.11091311751539909
          }
        },
        "n_skipped": 0,
        "step_size": 0
      },
      {
        "acc_rate": 0.41164,
        "n_steps": 50000,
        "obs_stats": {
          "Q": {
            "mean": -0.010540210641920567,
            "error": 0.012793241142442555,
            "tau_int": 3.3122346990886147,
            "dtau_int": 0.14570293896197034
          },
          "Chi_t": {
            "mean": 1.2352447509765625,
            "error": 0.019058620968059208,
            "tau_int": 2.9203249302075975,
            "dtau_int": 0.12133971288992146
          }
        },
        "n_skipped": 0,
        "step_size": 0
      },
      {
        "acc_rate": 0.4118,
        "n_steps": 50000,
        "obs_stats": {
          "Q": {
            "mean": -0.008100162260234356,
            "error": 0.015082552396656302,
            "tau_int": 4.485817094859175,
            "dtau_int": 0.22701894915846688
          },
          "Chi_t": {
            "mean": 1.2676053047180176,
            "error": 0.02102132515041422,
            "tau_int": 3.711878795062198,
            "dtau_int": 0.1718360380395541
          }
        },
        "n_skipped": 0,
        "step_size": 0
      }
    ],
    [
      {
        "acc_rate": 0.409176,
        "n_steps": 125000,
        "obs_stats": {
          "Q": {
            "mean": -0.015280121937394142,
            "error": 0.00810026162186006,
            "tau_int": 3.362587970084705,
            "dtau_int": 0.09909108769865578
          },
          "Chi_t": {
            "mean": 1.219721794128418,
            "error": 0.012229112865641783,
            "tau_int": 3.069056733766747,
            "dtau_int": 0.0875513561536522
          }
        },
        "n_skipped": 0,
        "step_size": 0
      },
      {
        "acc_rate": 0.41124,