{
  "observables": [
    "Chi_t"
  ],
  "n_samples": [
    25000,
    40000,
    50000,
    75000,
    100000,
    125000,
    150000,
    175000,
    200000,
    225000,
    250000
  ],
  "nip": {},
  "nmcmc": [
    [
      {
        "acc_rate": 0.58564,
        "n_steps": 25000,
        "obs_stats": {
          "Q": {
            "mean": -0.005000200122594833,
            "error": 0.00849573431454,
            "tau_int": 1.3698627878936993,
            "dtau_int": 0.05515100230332934
          },
          "Chi_t": {
            "mean": 0.6585463285446167,
            "error": 0.009472754948228003,
            "tau_int": 1.2517793126336088,
            "dtau_int": 0.048153242843096355
          }
        },
        "n_skipped": 0,
        "step_size": 0
      },
      {
        "acc_rate": 0.58456,
        "n_steps": 25000,
        "obs_stats": {
          "Q": {
            "mean": -0.00504020182415843,
            "error": 0.008948959516756484,
            "tau_int": 1.499230885469442,
            "dtau_int": 0.06289972153156773
          },
          "Chi_t": {
            "mean": 0.667626678943634,
            "error": 0.010378506950847941,
            "tau_int": 1.4681036889250507,
            "dtau_int": 0.061680870311195915
          }
        },
        "n_skipped": 0,
        "step_size": 0
      },
      {
        "acc_rate": 0.59808,
        "n_steps": 25000,
        "obs_stats": {
          "Q": {
            "mean": 0.006360254250466824,
            "error": 0.008911267850882757,
            "tau_int": 1.4831977930349896,
            "dtau_int": 0.06227238855890109
          },
          "Chi_t": {
            "mean": 0.6691867709159851,
            "error": 0.009455236378624568,
            "tau_int": 1.2608421904923826,
            "dtau_int": 0.05103422552557038
          }
        },
        "n_skipped": 0,
        "step_size": 0
      }
    ],
    [
      {
        "acc_rate": 0.594525,
        "n_steps": 40000,
        "obs_stats": {
          "Q": {
            "mean": -0.0030000749975442886,
            "error": 0.007012099030832144,
            "tau_int": 1.4877920988529225,
            "dtau_int": 0.05156548380564097
          },
          "Chi_t": {
            "mean": 0.6609165072441101,
            "error": 0.007535457340615924,
            "tau_int": 1.3074622993358558,
            "dtau_int": 0.04174224154687092
          }
        },
        "n_skipped": 0,
        "step_size": 0
      },
      {
        "acc_rate": 0.588075,
        "n_steps": 40000,
        "obs_stats": {
          "Q": {
            "mean": 0.009700242429971695,
            "error": 0.007060470317603492,
            "tau_int": 1.5084676869870268,
            "dtau_int": 0.05223706664998873
          },
          "Chi_t": {
            "mean": 0.6609665155410767,
            "error": 0.008260217447174477,
            "tau_int": 1.5360522289244103,
            "dtau_int": 0.053131082676450704
          }
        },
        "n_skipped": 0,
        "step_size": 0
      },
      {
        "acc_rate": 0.584675,
        "n_steps": 40000,
        "obs_stats": {
          "Q": {
            "mean": 0.0054751369170844555,
            "error": 0.007276737778255055,
            "tau_int": 1.5971173796553133,
            "dtau_int": 0.05737010406001311
          },
          "Chi_t": {
            "mean": 0.6630415916442871,
            "error": 0.00791212855283244,
            "tau_int": 1.415179368406478,
            "dtau_int": 0.04711739291643537
          }
        },
        "n_skipped": 0,
        "step_size": 0
      }
    ],
    [
      {
        "acc_rate": 0.5923,
        "n_steps": 50000,
        "obs_stats": {
          "Q": {
            "mean": 0.0033600672613829374,
            "error": 0.006264350044917073,
            "tau_int": 1.4569180599141456,
            "dtau_int": 0.0452223663530775
          },
          "Chi_t": {
            "mean": 0.673333466053009,
            "error": 0.0069261303469418285,
            "tau_int": 1.310582429039989,
            "dtau_int": 0.03921185772801717
          }
        },
        "n_skipped": 0,
        "step_size": 0
      },
      {
        "acc_rate": 0.59414,
        "n_steps": 50000,
        "obs_stats": {
          "Q": {
            "mean": -0.004700093995779753,
            "error": 0.0061853659928841976,
            "tau_int": 1.4236916274132079,
            "dtau_int": 0.04425194507326332
          },
          "Chi_t": {
            "mean": 0.6717934608459473,
            "error": 0.006739150828962554,
            "tau_int": 1.2744692744198725,
            "dtau_int": 0.03645202296623321
          }
        },
        "n_skipped": 0,
        "step_size": 0
      },
      {
        "acc_rate": 0.60118,
        "n_steps": 50000,
        "obs_stats": {
          "Q": {
            "mean": 0.015020300634205341,
            "error": 0.0063174129239467495,
            "tau_int": 1.4828355932553805,
            "dtau_int": 0.045977286878414146
          },
          "Chi_t": {
            "mean": 0.6730334758758545,
            "error": 0.006645941611751926,
            "tau_int": 1.2271558101317468,
            "dtau_int": 0.03517988334327107
          }
        },
        "n_skipped": 0,
        "step_size": 0
      }
    ],
    [
      {
        "acc_rate": 0.591,
        "n_steps": 75000,
        "obs_stats": {
          "Q": {
            "mean": 0.0013466846430674195,
            "error": 0.0048989468046750665,
            "tau_int": 1.3523081295505126,
            "dtau_int": 0.03442110450223016
          },
          "Chi_t": {
            "mean": 0.6654888987541199,
            "error": 0.0055013951817364706,
            "tau_int": 1.297347328115459,
            "dtau_int": 0.03171165855142526
          }
        },
        "n_skipped": 0,
        "step_size": 0
      },
      {
        "acc_rate": 0.5878133333333333,
        "n_steps": 75000,
        "obs_stats": {
          "Q": {
            "mean": -0.007426765747368336,
            "error": 0.0052114217157510625,
            "tau_int": 1.529027416864229,
            "dtau_int": 0.04021645657301012
          },
          "Chi_t": {
            "mean": 0.6661022305488586,
            "error": 0.005959557460208806,
            "tau_int": 1.5078831799748489,
            "dtau_int": 0.03969263353704052
          }
        },
        "n_skipped": 0,
        "step_size": 0
      },
      {
        "acc_rate": 0.594,
        "n_steps": 75000,
        "obs_stats": {
          "Q": {
            "mean": -0.004960066173225641,
            "error": 0.0050371165452596225,
            "tau_int": 1.4276796279310928,
            "dtau_int": 0.0362266685664051
          },
          "Chi_t": {
            "mean": 0.6664355397224426,
            "error": 0.005616088474050165,
            "tau_int": 1.324380640153578,
            "dtau_int": 0.03233336341144425
          }
        },
        "n_skipped": 0,
        "step_size": 0
      }
    ],
    [
      {
        "acc_rate": 0.59024,
        "n_steps": 100000,
        "obs_stats": {
          "Q": {
            "mean": -0.0011300112819299102,
            "error": 0.0044121615942580295,
            "tau_int": 1.456858400821509,
            "dtau_int": 0.03327672780558844
          },
          "Chi_t": {
            "mean": 0.668096661567688,
            "error": 0.004947593652364571,
            "tau_int": 1.3797592959472418,
            "dtau_int": 0.030380234258059694
          }
        },
        "n_skipped": 0,
        "step_size": 0
      },
      {
        "acc_rate": 0.58848,
        "n_steps": 100000,
        "obs_stats": {
          "Q": {
            "mean": 0.009020090103149414,
            "error": 0.004513181301490488,
            "tau_int": 1.5200320737520054,
            "dtau_int": 0.034635521313505974
          },
          "Chi_t": {
            "mean": 0.6700667142868042,
            "error": 0.0050649329146330345,
            "tau_int": 1.424692277548215,