{
  "observables": [
    "Chi_t"
  ],
  "n_samples": [
    50000,
    80000,
    100000,
    150000,
    200000,
    250000,
    300000
  ],
  "nip": [],
  "nmcmc": [
    [
      {
        "acc_rate": 0.12454,
        "n_steps": 50000.0,
        "obs_stats": {
          "Q": {
            "mean": -0.013779999688267708,
            "error": 0.020660165647611237,
            "tau_int": 22.212197070503105,
            "dtau_int": 2.2148828833490075
          },
          "Chi_t": {
            "mean": 0.4801799952983856,
            "error": 0.027926365005330803,
            "tau_int": 34.95219510919887,
            "dtau_int": 4.212257872207233
          }
        },
        "n_skipped": 0.0,
        "step_size": 0.0
      },
      {
        "acc_rate": 0.12302,
        "n_steps": 50000.0,
        "obs_stats": {
          "Q": {
            "mean": -0.00953999999910593,
            "error": 0.030642217724939556,
            "tau_int": 40.8422772024254,
            "dtau_int": 5.251468464624723
          },
          "Chi_t": {
            "mean": 0.5738999843597412,
            "error": 0.030307019110399135,
            "tau_int": 32.9051980032077,
            "dtau_int": 3.866547572738576
          }
        },
        "n_skipped": 0.0,
        "step_size": 0.0
      },
      {
        "acc_rate": 0.13912,
        "n_steps": 50000.0,
        "obs_stats": {
          "Q": {
            "mean": -0.016019999980926514,
            "error": 0.02300397651078587,
            "tau_int": 23.615411283207557,
            "dtau_int": 2.4164886709853532
          },
          "Chi_t": {
            "mean": 0.559939980506897,
            "error": 0.02753650548775822,
            "tau_int": 25.704381881199062,
            "dtau_int": 2.7280148346785063
          }
        },
        "n_skipped": 0.0,
        "step_size": 0.0
      }
    ],
    [
      {
        "acc_rate": 0.1301875,
        "n_steps": 80000.0,
        "obs_stats": {
          "Q": {
            "mean": 0.030774999409914017,
            "error": 0.016495856461022286,
            "tau_int": 21.640349440380245,
            "dtau_int": 1.7504598328040015
          },
          "Chi_t": {
            "mean": 0.5036500096321106,
            "error": 0.02288296220535575,
            "tau_int": 32.255265381823094,
            "dtau_int": 3.0874602420886057
          }
        },
        "n_skipped": 0.0,
        "step_size": 0.0
      },
      {
        "acc_rate": 0.140725,
        "n_steps": 80000.0,
        "obs_stats": {
          "Q": {
            "mean": -0.05687500163912773,
            "error": 0.027406894602024605,
            "tau_int": 47.56401989986491,
            "dtau_int": 5.359517266934339
          },
          "Chi_t": {
            "mean": 0.6341750025749207,
            "error": 0.06397421184579495,
            "tau_int": 133.46298483700508,
            "dtau_int": 22.884855145728046
          }
        },
        "n_skipped": 0.0,
        "step_size": 0.0
      },
      {
        "acc_rate": 0.13535,
        "n_steps": 80000.0,
        "obs_stats": {
          "Q": {
            "mean": 0.010537499561905861,
            "error": 0.03591518996872933,
            "tau_int": 78.87172949154086,
            "dtau_int": 10.937724176838858
          },
          "Chi_t": {
            "mean": 0.6530125141143799,
            "error": 0.04404863866193192,
            "tau_int": 93.94885264678737,
            "dtau_int": 13.990986460096101
          }
        },
        "n_skipped": 0.0,
        "step_size": 0.0
      }
    ],
    [
      {
        "acc_rate": 0.14243,
        "n_steps": 100000.0,
        "obs_stats": {
          "Q": {
            "mean": 0.010060000233352184,
            "error": 0.01674675932727188,
            "tau_int": 23.871741902042693,
            "dtau_int": 1.8281967964987893
          },
          "Chi_t": {
            "mean": 0.5872399806976318,
            "error": 0.019367587726730102,
            "tau_int": 27.087083940768522,
            "dtau_int": 2.189956252215182
          }
        },
        "n_skipped": 0.0,
        "step_size": 0.0
      },
      {
        "acc_rate": 0.12871,
        "n_steps": 100000.0,
        "obs_stats": {
          "Q": {
            "mean": 0.0040699997916817665,
            "error": 0.016305339846188597,
            "tau_int": 25.280982811177253,
            "dtau_int": 1.9856052597677867
          },
          "Chi_t": {
            "mean": 0.5255699753761292,
            "error": 0.019595640646571478,
            "tau_int": 28.78096429471737,
            "dtau_int": 2.385308506042395
          }
        },
        "n_skipped": 0.0,
        "step_size": 0.0
      },
      {
        "acc_rate": 0.12875,
        "n_steps": 100000.0,
        "obs_stats": {
          "Q": {
            "mean": 0.031530000269412994,
            "error": 0.031381587969518336,
            "tau_int": 78.95217701012182,
            "dtau_int": 9.993584596168693
          },
          "Chi_t": {
            "mean": 0.6236900091171265,
            "error": 0.030668097657227947,
            "tau_int": 62.04087378997922,
            "dtau_int": 7.111292922374633
          }
        },
        "n_skipped": 0.0,
        "step_size": 0.0
      }
    ],
    [
      {
        "acc_rate": 0.13155333333333333,
        "n_steps": 150000,
        "obs_stats": {
          "Q": {
            "mean": 0.03322666510939598,
            "error": 0.020208490882040856,
            "tau_int": 50.8685127302496,
            "dtau_int": 4.516570050431048
          },
          "Chi_t": {
            "mean": 0.6028133630752563,
            "error": 0.019743294181450464,
            "tau_int": 39.891542221149656,
            "dtau_int": 3.195366203458962
          }
        },
        "n_skipped": 0,
        "step_size": 0
      },
      {
        "acc_rate": 0.13258,
        "n_steps": 150000,
        "obs_stats": {
          "Q": {
            "mean": -0.003220000071451068,
            "error": 0.023944728086828806,
            "tau_int": 68.45519866630275,
            "dtau_int": 6.89141175561862
          },
          "Chi_t": {
            "mean": 0.6276066899299622,
            "error": 0.02942372034261109,
            "tau_int": 86.8794918350098,
            "dtau_int": 9.670542232761832
          }
        },
        "n_skipped": 0,
        "step_size": 0
      },
      {
        "acc_rate": 0.13118,
        "n_steps": 150000,
        "obs_stats": {
          "Q": {
            "mean": -0.03296000137925148,
            "error": 0.017501745779660738,
            "tau_int": 40.37927096377218,
            "dtau_int": 3.2512759717678725
          },
          "Chi_t": {
            "mean": 0.5697199702262878,
            "error": 0.016488820990085244,
            "tau_int": 29.85123905310854,
            "dtau_int": 2.1116385362631838
          }
        },
        "n_skipped": 0,
        "step_size": 0
      }
    ],
    [
      {
        "acc_rate": 0.1298,
        "n_steps": 200000,
        "obs_stats": {
          "Q": {
            "mean": -0.05383000150322914,
            "error": 0.024474697249647983,
            "tau_int": 94.54269587447828,
            "dtau_int": 9.659629508124667
          },
          "Chi_t": {
            "mean": 0.635890007019043,
            "error": 0.01828259836931544,
            "tau_int": 46.616577559668016,
            "dtau_int": 3.5249249111222842
          }
        },
        "n_skipped": 0,
        "step_size": 0
      },
      {
        "acc_rate": 0.135925,
        "n_steps": 200000,
        "obs_stats": {
          "Q": {
            "mean": -0.011714999563992023,
            "error": 0.014830272568291898,
            "tau_int": 37.29913148531689,
            "dtau_int": 2.5636247884483714
          },
          "Chi_t": {
            "mean": 0.5895749926567078,
            "error": 0.011826131988103753,
            "tau_int": 21.31595663931964,
            "dtau_int": 1.1486276582367312
          }
        },