{
  "observables": [
    "Chi_t"
  ],
  "n_samples": [
    50000,
    80000,
    100000
  ],
  "nip": [],
  "nmcmc": [
    [
      {
        "acc_rate": 0.73546,
        "n_steps": 50000,
        "obs_stats": {
          "Q": {
            "mean": 0.001879999996162951,
            "error": 0.0049595625231665915,
            "tau_int": 0.9532329460855584,
            "dtau_int": 0.023422028771953596
          },
          "Chi_t": {
            "mean": 0.6450799703598022,
            "error": 0.005447521715261766,
            "tau_int": 0.8970159533138198,
            "dtau_int": 0.022122652629413563
          }
        },
        "n_skipped": 0,
        "step_size": 0
      },
      {
        "acc_rate": 0.74148,
        "n_steps": 50000,
        "obs_stats": {
          "Q": {
            "mean": -0.004040000028908253,
            "error": 0.004886291364964411,
            "tau_int": 0.9190262522597701,
            "dtau_int": 0.022632649989089735
          },
          "Chi_t": {
            "mean": 0.6494799852371216,
            "error": 0.005398904296717798,
            "tau_int": 0.8743278638564695,
            "dtau_int": 0.021595257010750123
          }
        },
        "n_skipped": 0,
        "step_size": 0
      },
      {
        "acc_rate": 0.73344,
        "n_steps": 50000,
        "obs_stats": {
          "Q": {
            "mean": 0.0013000000035390258,
            "error": 0.0049088093744851045,
            "tau_int": 0.9259267627220655,
            "dtau_int": 0.022792207003424016
          },
          "Chi_t": {
            "mean": 0.6505799889564514,
            "error": 0.005576536346325339,
            "tau_int": 0.9318331237543922,
            "dtau_int": 0.022928650133400015
          }
        },
        "n_skipped": 0,
        "step_size": 0
      }
    ],
    [
      {
        "acc_rate": 0.7391125,
        "n_steps": 80000,
        "obs_stats": {
          "Q": {
            "mean": 0.002612499985843897,
            "error": 0.003892638046740089,
            "tau_int": 0.9342723341466885,
            "dtau_int": 0.01933484175979913
          },
          "Chi_t": {
            "mean": 0.6487374901771545,
            "error": 0.004331885451511292,
            "tau_int": 0.8859402532121907,
            "dtau_int": 0.017286122123982322
          }
        },
        "n_skipped": 0,
        "step_size": 0
      },
      {
        "acc_rate": 0.7394125,
        "n_steps": 80000,
        "obs_stats": {
          "Q": {
            "mean": 0.0017999999690800905,
            "error": 0.003955658086466719,
            "tau_int": 0.9597137702560479,
            "dtau_int": 0.019831836878929886
          },
          "Chi_t": {
            "mean": 0.6521499752998352,
            "error": 0.004456093759036658,
            "tau_int": 0.9133536705603464,
            "dtau_int": 0.017788892064824233
          }
        },
        "n_skipped": 0,
        "step_size": 0
      },
      {
        "acc_rate": 0.740775,
        "n_steps": 80000,
        "obs_stats": {
          "Q": {
            "mean": 0.004662500228732824,
            "error": 0.0038620139053040414,
            "tau_int": 0.9194387007113658,
            "dtau_int": 0.017900223935586476
          },
          "Chi_t": {
            "mean": 0.6488875150680542,
            "error": 0.004487495381877888,
            "tau_int": 0.9514552996607961,
            "dtau_int": 0.019670685061760458
          }
        },
        "n_skipped": 0,
        "step_size": 0
      }
    ],
    [
      {
        "acc_rate": 0.74067,
        "n_steps": 100000,
        "obs_stats": {
          "Q": {
            "mean": 0.0011599999852478504,
            "error": 0.0034386734114337488,
            "tau_int": 0.9047721083638203,
            "dtau_int": 0.015770287263677633
          },
          "Chi_t": {
            "mean": 0.653439998626709,
            "error": 0.0039089030973948335,
            "tau_int": 0.8875275884513973,
            "dtau_int": 0.015487264778107175
          }
        },
        "n_skipped": 0,
        "step_size": 0
      },
      {
        "acc_rate": 0.74063,
        "n_steps": 100000,
        "obs_stats": {
          "Q": {
            "mean": -0.0021200000774115324,
            "error": 0.0033546426282216693,
            "tau_int": 0.8636881196025135,
            "dtau_int": 0.0150948489013003
          },
          "Chi_t": {
            "mean": 0.6514800190925598,
            "error": 0.0038256965589905565,
            "tau_int": 0.862899225025739,
            "dtau_int": 0.015081840213467031
          }
        },
        "n_skipped": 0,
        "step_size": 0
      },
      {
        "acc_rate": 0.73924,
        "n_steps": 100000,
        "obs_stats": {
          "Q": {
            "mean": 0.0013500000350177288,
            "error": 0.0034068544388712973,
            "tau_int": 0.8878479777153645,
            "dtau_int": 0.015492529507153291
          },
          "Chi_t": {
            "mean": 0.6536300182342529,
            "error": 0.003797349786023006,
            "tau_int": 0.8545691069328485,
            "dtau_int": 0.014944389150589913
          }
        },
        "n_skipped": 0,
        "step_size": 0
      }
    ]
  ],
  "exact_sus": 0.6500977944017748
}