{
  "observables": [
    "Chi_t"
  ],
  "n_samples": [
    50000,
    80000,
    100000
  ],
  "nip": [],
  "nmcmc": [
    [
      {
        "acc_rate": 0.79824,
        "n_steps": 50000,
        "obs_stats": {
          "Q": {
            "mean": 0.001979999942705035,
            "error": 0.004510605832737989,
            "tau_int": 0.7874203419921053,
            "dtau_int": 0.01824720494046386
          },
          "Chi_t": {
            "mean": 0.6459400057792664,
            "error": 0.0049921700495041705,
            "tau_int": 0.7515913440325339,
            "dtau_int": 0.016117607688065125
          }
        },
        "n_skipped": 0,
        "step_size": 0
      },
      {
        "acc_rate": 0.7978,
        "n_steps": 50000,
        "obs_stats": {
          "Q": {
            "mean": 0.0033199999015778303,
            "error": 0.0044659306709302,
            "tau_int": 0.7781970749621707,
            "dtau_int": 0.01804585548978285
          },
          "Chi_t": {
            "mean": 0.640720009803772,
            "error": 0.005045651207229586,
            "tau_int": 0.7639687154229711,
            "dtau_int": 0.01773464974989221
          }
        },
        "n_skipped": 0,
        "step_size": 0
      },
      {
        "acc_rate": 0.79668,
        "n_steps": 50000,
        "obs_stats": {
          "Q": {
            "mean": -0.00203999993391335,
            "error": 0.00441517136419197,
            "tau_int": 0.7508967740784889,
            "dtau_int": 0.01610368568533938
          },
          "Chi_t": {
            "mean": 0.6489999890327454,
            "error": 0.005190702466110266,
            "tau_int": 0.8011370585761881,
            "dtau_int": 0.018546089922739227
          }
        },
        "n_skipped": 0,
        "step_size": 0
      }
    ],
    [
      {
        "acc_rate": 0.796925,
        "n_steps": 80000,
        "obs_stats": {
          "Q": {
            "mean": -0.000512500002514571,
            "error": 0.0034812797726736407,
            "tau_int": 0.750741986660397,
            "dtau_int": 0.01379125291151718
          },
          "Chi_t": {
            "mean": 0.6457124948501587,
            "error": 0.0038622371112681723,
            "tau_int": 0.7262506161446063,
            "dtau_int": 0.012339582913028462
          }
        },
        "n_skipped": 0,
        "step_size": 0
      },
      {
        "acc_rate": 0.7962125,
        "n_steps": 80000,
        "obs_stats": {
          "Q": {
            "mean": 0.0007875000010244548,
            "error": 0.003550748601390165,
            "tau_int": 0.7910172215104583,
            "dtau_int": 0.014487694499516642
          },
          "Chi_t": {
            "mean": 0.6375374794006348,
            "error": 0.003926029555860018,
            "tau_int": 0.7629143257878539,
            "dtau_int": 0.014002217111055945
          }
        },
        "n_skipped": 0,
        "step_size": 0
      },
      {
        "acc_rate": 0.7966,
        "n_steps": 80000,
        "obs_stats": {
          "Q": {
            "mean": -0.00022499999613501132,
            "error": 0.0036015218439259325,
            "tau_int": 0.803854882133906,
            "dtau_int": 0.014708726901432927
          },
          "Chi_t": {
            "mean": 0.645425021648407,
            "error": 0.004011270503882524,
            "tau_int": 0.775652860400319,
            "dtau_int": 0.014222549806143767
          }
        },
        "n_skipped": 0,
        "step_size": 0
      }
    ],
    [
      {
        "acc_rate": 0.79545,
        "n_steps": 100000,
        "obs_stats": {
          "Q": {
            "mean": -0.001449999981559813,
            "error": 0.0032007476456689093,
            "tau_int": 0.7924763057362276,
            "dtau_int": 0.012980678377005785
          },
          "Chi_t": {
            "mean": 0.646369993686676,
            "error": 0.003489082815015176,
            "tau_int": 0.7318493089890403,
            "dtau_int": 0.012041668649694566
          }
        },
        "n_skipped": 0,
        "step_size": 0
      },
      {
        "acc_rate": 0.79741,
        "n_steps": 100000,
        "obs_stats": {
          "Q": {
            "mean": -0.0008900000248104334,
            "error": 0.0031839537157930713,
            "tau_int": 0.7784239254494216,
            "dtau_int": 0.01276385114366293
          },
          "Chi_t": {
            "mean": 0.6511499881744385,
            "error": 0.003554819557406453,
            "tau_int": 0.7602178883773578,
            "dtau_int": 0.012482196310477657
          }
        },
        "n_skipped": 0,
        "step_size": 0
      },
      {
        "acc_rate": 0.79681,
        "n_steps": 100000,
        "obs_stats": {
          "Q": {
            "mean": -0.0020000000949949026,
            "error": 0.003234352858311241,
            "tau_int": 0.802465097413332,
            "dtau_int": 0.013134502896026981
          },
          "Chi_t": {
            "mean": 0.6517999768257141,
            "error": 0.003679819925460662,
            "tau_int": 0.8010476964658344,
            "dtau_int": 0.01311269061227603
          }
        },
        "n_skipped": 0,
        "step_size": 0
      }
    ]
  ],
  "exact_sus": 0.6500977944017748
}