{
  "observables": [
    "Chi_t"
  ],
  "n_samples": [
    50000,
    125000
  ],
  "nip": [
    [
      {
        "obs_stats": {
          "Q": {
            "mean": 0.01979679800570011,
            "error": 0.07200904190540314,
            "error_ess": 0.06898204982280731,
            "ess_q": 0.0020093503408133984
          },
          "Chi_t": {
            "mean": 0.47845932841300964,
            "error": 0.08010121434926987,
            "error_ess": 0.07097232341766357,
            "ess_q": 0.0020093503408133984
          }
        },
        "entropy": 35262.28515625,
        "std_entropy": 127067032.0,
        "free_energy": -0.0755624950867019,
        "std_free_energy": 0.010505905374884605
      },
      {
        "obs_stats": {
          "Q": {
            "mean": -0.28968480229377747,
            "error": 0.29081016778945923,
            "error_ess": 0.21361854672431946,
            "ess_q": 0.00022734022059012204
          },
          "Chi_t": {
            "mean": 0.6026163697242737,
            "error": 0.29087215662002563,
            "error_ess": 0.17091642320156097,
            "ess_q": 0.00022734022059012204
          }
        },
        "entropy": 38040.50390625,
        "std_entropy": 416862208.0,
        "free_energy": -0.07839736455684031,
        "std_free_energy": 0.03126155212521553
      },
      {
        "obs_stats": {
          "Q": {
            "mean": -0.3194461464881897,
            "error": 0.19839756190776825,
            "error_ess": 0.14707830548286438,
            "ess_q": 0.0004472485452424735
          },
          "Chi_t": {
            "mean": 0.5857808589935303,
            "error": 0.1985020637512207,
            "error_ess": 0.12243176996707916,
            "ess_q": 0.0004472485452424735
          }
        },
        "entropy": 35967.734375,
        "std_entropy": 275212352.0,
        "free_energy": -0.07854558794500513,
        "std_free_energy": 0.022285711020231247
      }
    ],
    [
      {
        "obs_stats": {
          "Q": {
            "mean": -0.002255083527415991,
            "error": 0.018202947452664375,
            "error_ess": 0.25999194383621216,
            "ess_q": 1.559042175358627e-05
          },
          "Chi_t": {
            "mean": 0.1317349374294281,
            "error": 0.018316783010959625,
            "error_ess": 0.27637428045272827,
            "ess_q": 1.559042175358627e-05
          }
        },
        "entropy": 92759.0078125,
        "std_entropy": 5845985280.0,
        "free_energy": -0.08936594742184134,
        "std_free_energy": 0.07550803571939468
      },
      {
        "obs_stats": {
          "Q": {
            "mean": 0.07468103617429733,
            "error": 0.0520084910094738,
            "error_ess": 0.06760870665311813,
            "ess_q": 0.0006891816155984998
          },
          "Chi_t": {
            "mean": 0.39934980869293213,
            "error": 0.052156344056129456,
            "error_ess": 0.061522357165813446,
            "ess_q": 0.0006891816155984998
          }
        },
        "entropy": 89969.4296875,
        "std_entropy": 863859584.0,
        "free_energy": -0.07620039070431699,
        "std_free_energy": 0.011352955363690853
      },
      {
        "obs_stats": {
          "Q": {
            "mean": 0.04809245839715004,
            "error": 0.08202952146530151,
            "error_ess": 0.11482692509889603,
            "ess_q": 0.0002684796054381877
          },
          "Chi_t": {
            "mean": 0.44480472803115845,
            "error": 0.08226639032363892,
            "error_ess": 0.1048145443201065,
            "ess_q": 0.0002684796054381877
          }
        },
        "entropy": 88756.6171875,
        "std_entropy": 1355065216.0,
        "free_energy": -0.0772480030303141,
        "std_free_energy": 0.018193300813436508
      }
    ]
  ],
  "nmcmc": [
    [
      {
        "acc_rate": 0.08878,
        "n_steps": 50000,
        "obs_stats": {
          "Q": {
            "mean": -0.00948018953204155,
            "error": 0.04842134489030454,
            "tau_int": 120.97227888178027,
            "dtau_int": 23.988837720512283
          },
          "Chi_t": {
            "mean": 0.4823296368122101,
            "error": 0.04725877242649311,
            "tau_int": 107.1832004391577,
            "dtau_int": 20.27606438852818
          }
        },
        "n_skipped": 0,
        "step_size": 0
      },
      {
        "acc_rate": 0.07602,
        "n_steps": 50000,
        "obs_stats": {
          "Q": {
            "mean": -0.11500229686498642,
            "error": 0.06211851971337808,
            "tau_int": 225.2336331587989,
            "dtau_int": 56.38158986362872
          },
          "Chi_t": {
            "mean": 0.4378087520599365,
            "error": 0.04738514351196839,
            "tau_int": 127.06436276092877,
            "dtau_int": 25.67695933402051
          }
        },
        "n_skipped": 0,
        "step_size": 0
      },
      {
        "acc_rate": 0.03472,
        "n_steps": 50000,
        "obs_stats": {
          "Q": {
            "mean": -0.534710705280304,
            "error": 0.2416140476058818,
            "tau_int": 3035.4986513595027,
            "dtau_int": 1441.5410781744436
          },
          "Chi_t": {
            "mean": 0.7193943858146667,
            "error": 0.13374832562382288,
            "tau_int": 1732.2518412592324,
            "dtau_int": 786.7245926880453
          }
        },
        "n_skipped": 0,
        "step_size": 0
      }
    ],
    [
      {
        "acc_rate": 0.073384,
        "n_steps": 125000,
        "obs_stats": {
          "Q": {
            "mean": -0.07253658026456833,
            "error": 0.05869802955248679,
            "tau_int": 454.438451489879,
            "dtau_int": 105.08676447242343
          },
          "Chi_t": {
            "mean": 0.47578781843185425,
            "error": 0.04187013855769382,
            "tau_int": 264.93792633315377,
            "dtau_int": 49.87752523129931
          }
        },
        "n_skipped": 0,
        "step_size": 0
      },
      {
        "acc_rate": 0.070328,
        "n_steps": 125000,
        "obs_stats": {
          "Q": {
            "mean": 0.010664084926247597,
            "error": 0.09884433365426598,
            "tau_int": 1163.4407485871263,
            "dtau_int": 374.10495289579154
          },
          "Chi_t": {
            "mean": 0.5158361196517944,
            "error": 0.042194093454208804,
            "tau_int": 292.79148354528786,
            "dtau_int": 57.29666673878595
          }
        },
        "n_skipped": 0,
        "step_size": 0
      },
      {
        "acc_rate": 0.079384,
        "n_steps": 125000,
        "obs_stats": {
          "Q": {
            "mean": 0.04375234991312027,
            "error": 0.04944127907325002,
            "tau_int": 349.8425856807431,
            "dtau_int": 73.32135473273388
          },
          "Chi_t": {
            "mean": 0.4362354874610901,
            "error": 0.08952158293793057,
            "tau_int": 845.216738575203,
            "dtau_int": 244.23361049448528
          }
        },
        "n_skipped": 0,
        "step_size": 0
      }
    ]
  ],
  "exact_sus": 0.4497122690619565
}