{
  "observables": [
    "Chi_t"
  ],
  "n_samples": [
    50000,
    80000,
    100000
  ],
  "nip": [],
  "nmcmc": [
    [
      {
        "acc_rate": 0.53286,
        "n_steps": 50000,
        "obs_stats": {
          "Q": {
            "mean": -0.0004400000034365803,
            "error": 0.006746970189346546,
            "tau_int": 1.7443762526211262,
            "dtau_int": 0.05786624524441073
          },
          "Chi_t": {
            "mean": 0.6523600220680237,
            "error": 0.007093177733315768,
            "tau_int": 1.4879976665409342,
            "dtau_int": 0.04612697213461204
          }
        },
        "n_skipped": 0,
        "step_size": 0
      },
      {
        "acc_rate": 0.53498,
        "n_steps": 50000,
        "obs_stats": {
          "Q": {
            "mean": -0.009580000303685665,
            "error": 0.0066400457674200405,
            "tau_int": 1.6800309852010216,
            "dtau_int": 0.055861915012944234
          },
          "Chi_t": {
            "mean": 0.6561400294303894,
            "error": 0.007133642735475527,
            "tau_int": 1.5649421715706087,
            "dtau_int": 0.05034165334513864
          }
        },
        "n_skipped": 0,
        "step_size": 0
      },
      {
        "acc_rate": 0.53094,
        "n_steps": 50000,
        "obs_stats": {
          "Q": {
            "mean": -0.0066200001165270805,
            "error": 0.0067795712028915905,
            "tau_int": 1.7989492091821888,
            "dtau_int": 0.061693311773333925
          },
          "Chi_t": {
            "mean": 0.6387400031089783,
            "error": 0.006986844120885476,
            "tau_int": 1.5068154501323168,
            "dtau_int": 0.046673709240753626
          }
        },
        "n_skipped": 0,
        "step_size": 0
      }
    ],
    [
      {
        "acc_rate": 0.53695,
        "n_steps": 80000,
        "obs_stats": {
          "Q": {
            "mean": -0.006275000050663948,
            "error": 0.005182390469102797,
            "tau_int": 1.6687628566429016,
            "dtau_int": 0.043884397542187925
          },
          "Chi_t": {
            "mean": 0.6437749862670898,
            "error": 0.005697043930728869,
            "tau_int": 1.5491141016690473,
            "dtau_int": 0.039420138706868744
          }
        },
        "n_skipped": 0,
        "step_size": 0
      },
      {
        "acc_rate": 0.535925,
        "n_steps": 80000,
        "obs_stats": {
          "Q": {
            "mean": -0.0017500000540167093,
            "error": 0.005324041633391371,
            "tau_int": 1.7391156088116668,
            "dtau_int": 0.047246500309319164
          },
          "Chi_t": {
            "mean": 0.6519250273704529,
            "error": 0.005633064968992893,
            "tau_int": 1.509132809228034,
            "dtau_int": 0.038461970866963506
          }
        },
        "n_skipped": 0,
        "step_size": 0
      },
      {
        "acc_rate": 0.5355125,
        "n_steps": 80000,
        "obs_stats": {
          "Q": {
            "mean": -0.009399999864399433,
            "error": 0.00514662841345863,
            "tau_int": 1.6377322085568413,
            "dtau_int": 0.043116652387412274
          },
          "Chi_t": {
            "mean": 0.6470000147819519,
            "error": 0.005450732281030414,
            "tau_int": 1.4265529298470345,
            "dtau_int": 0.03505004125499405
          }
        },
        "n_skipped": 0,
        "step_size": 0
      }
    ],
    [
      {
        "acc_rate": 0.53032,
        "n_steps": 100000,
        "obs_stats": {
          "Q": {
            "mean": 0.0025599999353289604,
            "error": 0.00471504253165832,
            "tau_int": 1.736694942730718,
            "dtau_int": 0.0422031951576455
          },
          "Chi_t": {
            "mean": 0.6400399804115295,
            "error": 0.005044220539892042,
            "tau_int": 1.524964521294311,
            "dtau_int": 0.03474113577431152
          }
        },
        "n_skipped": 0,
        "step_size": 0
      },
      {
        "acc_rate": 0.53348,
        "n_steps": 100000,
        "obs_stats": {
          "Q": {
            "mean": 0.001069999998435378,
            "error": 0.004680585509750851,
            "tau_int": 1.7050775380652312,
            "dtau_int": 0.04147920992854415
          },
          "Chi_t": {
            "mean": 0.6424099802970886,
            "error": 0.0052589910208934235,
            "tau_int": 1.633980782899377,
            "dtau_int": 0.03848157502147655
          }
        },
        "n_skipped": 0,
        "step_size": 0
      },
      {
        "acc_rate": 0.5371,
        "n_steps": 100000,
        "obs_stats": {
          "Q": {
            "mean": -0.004579999949783087,
            "error": 0.004767356476113334,
            "tau_int": 1.7431300170583763,
            "dtau_int": 0.0423503401356475
          },
          "Chi_t": {
            "mean": 0.6519200205802917,
            "error": 0.004954910247551204,
            "tau_int": 1.4686770815427148,
            "dtau_int": 0.033531313562463895
          }
        },
        "n_skipped": 0,
        "step_size": 0
      }
    ]
  ],
  "exact_sus": 0.6500977944017748
}