{
  "observables": [
    "Chi_t"
  ],
  "n_samples": [
    50000,
    80000,
    100000,
    150000,
    200000,
    250000,
    300000,
    350000,
    500000
  ],
  "nip": [],
  "nmcmc": [
    [
      {
        "acc_rate": 0.07942,
        "n_steps": 50000,
        "obs_stats": {
          "Q": {
            "mean": -0.049219999462366104,
            "error": 0.03351669130122332,
            "tau_int": 51.84006317827897,
            "dtau_int": 7.3409620438544385
          },
          "Chi_t": {
            "mean": 0.5430600047111511,
            "error": 0.03975226392223567,
            "tau_int": 55.10017455510769,
            "dtau_int": 7.998447703442807
          }
        },
        "n_skipped": 0,
        "step_size": 0
      },
      {
        "acc_rate": 0.08144,
        "n_steps": 50000,
        "obs_stats": {
          "Q": {
            "mean": -0.008299999870359898,
            "error": 0.03998361216196947,
            "tau_int": 78.25007483243562,
            "dtau_int": 13.079704003028823
          },
          "Chi_t": {
            "mean": 0.5092599987983704,
            "error": 0.033947760120006484,
            "tau_int": 54.04958272338732,
            "dtau_int": 7.786898712668594
          }
        },
        "n_skipped": 0,
        "step_size": 0
      },
      {
        "acc_rate": 0.09752,
        "n_steps": 50000,
        "obs_stats": {
          "Q": {
            "mean": 0.01056000031530857,
            "error": 0.031713198629101304,
            "tau_int": 41.03773057941014,
            "dtau_int": 5.286860991645898
          },
          "Chi_t": {
            "mean": 0.6118000149726868,
            "error": 0.027068182612512974,
            "tau_int": 26.661434999495892,
            "dtau_int": 2.869925485741598
          }
        },
        "n_skipped": 0,
        "step_size": 0
      }
    ],
    [
      {
        "acc_rate": 0.0617375,
        "n_steps": 80000,
        "obs_stats": {
          "Q": {
            "mean": -0.05615000054240227,
            "error": 0.05801664710700141,
            "tau_int": 244.45438966344773,
            "dtau_int": 52.9695381043236
          },
          "Chi_t": {
            "mean": 0.5506500005722046,
            "error": 0.04592765078761699,
            "tau_int": 115.801158368274,
            "dtau_int": 18.75654997675046
          }
        },
        "n_skipped": 0,
        "step_size": 0
      },
      {
        "acc_rate": 0.0564875,
        "n_steps": 80000,
        "obs_stats": {
          "Q": {
            "mean": -0.25773748755455017,
            "error": 0.2358220106953187,
            "tau_int": 2986.982394941142,
            "dtau_int": 1372.9591723237043
          },
          "Chi_t": {
            "mean": 0.7640374898910522,
            "error": 0.027881585718971633,
            "tau_int": 66.23014398240015,
            "dtau_int": 8.549460660521008
          }
        },
        "n_skipped": 0,
        "step_size": 0
      },
      {
        "acc_rate": 0.0883375,
        "n_steps": 80000,
        "obs_stats": {
          "Q": {
            "mean": 0.043425001204013824,
            "error": 0.050826696926379464,
            "tau_int": 162.77091998830224,
            "dtau_int": 30.161611345805028
          },
          "Chi_t": {
            "mean": 0.6341999769210815,
            "error": 0.02395444316157719,
            "tau_int": 37.50055262769538,
            "dtau_int": 3.824315912029032
          }
        },
        "n_skipped": 0,
        "step_size": 0
      }
    ],
    [
      {
        "acc_rate": 0.089,
        "n_steps": 100000,
        "obs_stats": {
          "Q": {
            "mean": -0.026259999722242355,
            "error": 0.030223727183812815,
            "tau_int": 80.9135646945154,
            "dtau_int": 10.34411410434124
          },
          "Chi_t": {
            "mean": 0.5642600059509277,
            "error": 0.0286535658265369,
            "tau_int": 60.369136746533705,
            "dtau_int": 6.842045921725155
          }
        },
        "n_skipped": 0,
        "step_size": 0
      },
      {
        "acc_rate": 0.0721,
        "n_steps": 100000,
        "obs_stats": {
          "Q": {
            "mean": -0.014179999940097332,
            "error": 0.022695482411894986,
            "tau_int": 53.331305218032206,
            "dtau_int": 5.735718724068549
          },
          "Chi_t": {
            "mean": 0.48260000348091125,
            "error": 0.028989417221982006,
            "tau_int": 71.45044663999684,
            "dtau_int": 8.681150504604997
          }
        },
        "n_skipped": 0,
        "step_size": 0
      },
      {
        "acc_rate": 0.08381,
        "n_steps": 100000,
        "obs_stats": {
          "Q": {
            "mean": 0.03977999836206436,
            "error": 0.03705101630722901,
            "tau_int": 121.61139859121776,
            "dtau_int": 18.36112401961082
          },
          "Chi_t": {
            "mean": 0.5646399855613708,
            "error": 0.02432821449160876,
            "tau_int": 47.104033456833676,
            "dtau_int": 4.807344207556826
          }
        },
        "n_skipped": 0,
        "step_size": 0
      }
    ],
    [
      {
        "acc_rate": 0.07491333333333333,
        "n_steps": 150000,
        "obs_stats": {
          "Q": {
            "mean": -0.058053333312273026,
            "error": 0.07900538480224553,
            "tau_int": 712.2293761928655,
            "dtau_int": 181.64951443634493
          },
          "Chi_t": {
            "mean": 0.6546666622161865,
            "error": 0.031853002603001765,
            "tau_int": 126.46363861910864,
            "dtau_int": 16.44398688840543
          }
        },
        "n_skipped": 0,
        "step_size": 0
      },
      {
        "acc_rate": 0.0733,
        "n_steps": 150000,
        "obs_stats": {
          "Q": {
            "mean": -0.05691999942064285,
            "error": 0.02500081533451004,
            "tau_int": 91.36947737570344,
            "dtau_int": 10.381658503686158
          },
          "Chi_t": {
            "mean": 0.5156800150871277,
            "error": 0.028261967424040857,
            "tau_int": 97.83565938746813,
            "dtau_int": 11.439264387926118
          }
        },
        "n_skipped": 0,
        "step_size": 0
      },
      {
        "acc_rate": 0.07462666666666666,
        "n_steps": 150000,
        "obs_stats": {
          "Q": {
            "mean": -0.036079999059438705,
            "error": 0.04279195795456937,
            "tau_int": 231.5624554437397,
            "dtau_int": 38.46888363828936
          },
          "Chi_t": {
            "mean": 0.5925866961479187,
            "error": 0.051100340350216975,
            "tau_int": 241.90319311391713,
            "dtau_int": 40.89231265106574
          }
        },
        "n_skipped": 0,
        "step_size": 0
      }
    ],
    [
      {
        "acc_rate": 0.087305,
        "n_steps": 200000,
        "obs_stats": {
          "Q": {
            "mean": 0.02246999926865101,
            "error": 0.021012569916858747,
            "tau_int": 77.37767748808055,
            "dtau_int": 7.267921127083272
          },
          "Chi_t": {
            "mean": 0.5706800222396851,
            "error": 0.01609340582791209,
            "tau_int": 39.275251056832026,
            "dtau_int": 2.761721875185015
          }
        },
        "n_skipped": 0,
        "step_size": 0
      },
      {
        "acc_rate": 0.076635,
        "n_steps": 200000,
        "obs_stats": {
          "Q": {
            "mean": 0.024210000410676003,
            "error": 0.056303015974859635,
            "tau_int": 457.75840820927027,
            "dtau_int": 88.78015369766497
          },
          "Chi_t": {
            "mean": 0.6899999976158142,
            "error": 0.09286912418203191,
            "tau_int": 885.440274594149,
            "dtau_int": 220.15470343711993
          }
        },
        "n_skipped": 0,