{
  "observables": [
    "Chi_t"
  ],
  "n_samples": [
    25000,
    40000,
    50000,
    75000,
    100000,
    125000,
    150000,
    175000,
    200000,
    225000,
    250000,
    80000
  ],
  "nip": {},
  "nmcmc": [
    [
      {
        "acc_rate": 0.451,
        "n_steps": 25000.0,
        "obs_stats": {
          "Q": {
            "mean": 0.009160366840660572,
            "error": 0.011398691937047126,
            "tau_int": 2.3601667298474593,
            "dtau_int": 0.12359891486752204
          },
          "Chi_t": {
            "mean": 0.6880674958229065,
            "error": 0.014439915590234763,
            "tau_int": 2.6791886666874567,
            "dtau_int": 0.14702498555418178
          }
        },
        "n_skipped": 0.0,
        "step_size": 0.0
      },
      {
        "acc_rate": 0.45196,
        "n_steps": 25000.0,
        "obs_stats": {
          "Q": {
            "mean": 0.01172046922147274,
            "error": 0.011544283128262427,
            "tau_int": 2.507615230352264,
            "dtau_int": 0.13454697601364568
          },
          "Chi_t": {
            "mean": 0.6643065810203552,
            "error": 0.012240837465278797,
            "tau_int": 2.0312122489139606,
            "dtau_int": 0.0977327360535693
          }
        },
        "n_skipped": 0.0,
        "step_size": 0.0
      },
      {
        "acc_rate": 0.44804,
        "n_steps": 25000.0,
        "obs_stats": {
          "Q": {
            "mean": 0.011280450969934464,
            "error": 0.011205361019121392,
            "tau_int": 2.4320924737759433,
            "dtau_int": 0.12709805419442893
          },
          "Chi_t": {
            "mean": 0.6453058123588562,
            "error": 0.011301364366017199,
            "tau_int": 1.9278944712241812,
            "dtau_int": 0.09309215610481339
          }
        },
        "n_skipped": 0.0,
        "step_size": 0.0
      }
    ],
    [
      {
        "acc_rate": 0.44105,
        "n_steps": 40000.0,
        "obs_stats": {
          "Q": {
            "mean": 0.008575214073061943,
            "error": 0.009627311360162387,
            "tau_int": 2.7518206236136327,
            "dtau_int": 0.12534746257627608
          },
          "Chi_t": {
            "mean": 0.6735918521881104,
            "error": 0.010909456292479252,
            "tau_int": 2.613946489050342,
            "dtau_int": 0.11656721576164819
          }
        },
        "n_skipped": 0.0,
        "step_size": 0.0
      },
      {
        "acc_rate": 0.451375,
        "n_steps": 40000.0,
        "obs_stats": {
          "Q": {
            "mean": 0.004425110761076212,
            "error": 0.009877984991811781,
            "tau_int": 2.9544066314870907,
            "dtau_int": 0.13713708940605357
          },
          "Chi_t": {
            "mean": 0.660441517829895,
            "error": 0.009841673424419675,
            "tau_int": 2.265716587970486,
            "dtau_int": 0.09406057477624204
          }
        },
        "n_skipped": 0.0,
        "step_size": 0.0
      },
      {
        "acc_rate": 0.44715,
        "n_steps": 40000.0,
        "obs_stats": {
          "Q": {
            "mean": 0.008425210602581501,
            "error": 0.009696900682585986,
            "tau_int": 2.832519632271786,
            "dtau_int": 0.12877220262366373
          },
          "Chi_t": {
            "mean": 0.663891613483429,
            "error": 0.010621422672265178,
            "tau_int": 2.468071739173713,
            "dtau_int": 0.10767245215595667
          }
        },
        "n_skipped": 0.0,
        "step_size": 0.0
      }
    ],
    [
      {
        "acc_rate": 0.451,
        "n_steps": 50000.0,
        "obs_stats": {
          "Q": {
            "mean": 0.01196023914963007,
            "error": 0.008368379646521028,
            "tau_int": 2.5947951937732863,
            "dtau_int": 0.1035465769513471
          },
          "Chi_t": {
            "mean": 0.6747735142707825,
            "error": 0.009269807291552551,
            "tau_int": 2.383187571754404,
            "dtau_int": 0.09072948710571516
          }
        },
        "n_skipped": 0.0,
        "step_size": 0.0
      },
      {
        "acc_rate": 0.43934,
        "n_steps": 50000.0,
        "obs_stats": {
          "Q": {
            "mean": -0.0002600052102934569,
            "error": 0.0090882293099746,
            "tau_int": 3.1178201775010574,
            "dtau_int": 0.1348474995716986
          },
          "Chi_t": {
            "mean": 0.662193238735199,
            "error": 0.009332078581094833,
            "tau_int": 2.5000752759485723,
            "dtau_int": 0.09747165988158238
          }
        },
        "n_skipped": 0.0,
        "step_size": 0.0
      },
      {
        "acc_rate": 0.44246,
        "n_steps": 50000.0,
        "obs_stats": {
          "Q": {
            "mean": -0.0025800515431910753,
            "error": 0.008664606890817033,
            "tau_int": 2.8519122419265255,
            "dtau_int": 0.11868484414442584
          },
          "Chi_t": {
            "mean": 0.6580331325531006,
            "error": 0.008861517122732773,
            "tau_int": 2.2391748072998574,
            "dtau_int": 0.08320858044522597
          }
        },
        "n_skipped": 0.0,
        "step_size": 0.0
      }
    ],
    [
      {
        "acc_rate": 0.4454533333333333,
        "n_steps": 75000.0,
        "obs_stats": {
          "Q": {
            "mean": 0.004466726444661617,
            "error": 0.007261554048733001,
            "tau_int": 2.9060435880087967,
            "dtau_int": 0.10087894381680382
          },
          "Chi_t": {
            "mean": 0.6803957223892212,
            "error": 0.007674422071987692,
            "tau_int": 2.3966761990418517,
            "dtau_int": 0.07650082008578285
          }
        },
        "n_skipped": 0.0,
        "step_size": 0.0
      },
      {
        "acc_rate": 0.44569333333333333,
        "n_steps": 75000.0,
        "obs_stats": {
          "Q": {
            "mean": 0.002080027712509036,
            "error": 0.0072521057883994265,
            "tau_int": 2.9438185821527068,
            "dtau_int": 0.10434358328094429
          },
          "Chi_t": {
            "mean": 0.6699022650718689,
            "error": 0.008095106002918484,
            "tau_int": 2.712784763755808,
            "dtau_int": 0.09247374771350936
          }
        },
        "n_skipped": 0.0,
        "step_size": 0.0
      },
      {
        "acc_rate": 0.4496,
        "n_steps": 75000.0,
        "obs_stats": {
          "Q": {
            "mean": -0.0047200629487633705,
            "error": 0.0067841543157324555,
            "tau_int": 2.637147625565803,
            "dtau_int": 0.0879677621165925
          },
          "Chi_t": {
            "mean": 0.654435396194458,
            "error": 0.006967439713016964,
            "tau_int": 2.2114870006579785,
            "dtau_int": 0.06906783579718985
          }
        },
        "n_skipped": 0.0,
        "step_size": 0.0
      }
    ],
    [
      {
        "acc_rate": 0.4371,
        "n_steps": 100000.0,
        "obs_stats": {
          "Q": {
            "mean": 0.005190052092075348,
            "error": 0.005935049810243,
            "tau_int": 2.676611713838086,
            "dtau_int": 0.07908217974897888
          },
          "Chi_t": {
            "mean": 0.6579965949058533,
            "error": 0.006689668020417821,
            "tau_int": 2.427990818922191,
            "dtau_int": 0.06879781269252912
          }
        },
        "n_skipped": 0.0,
        "step_size": 0.0
      },
      {
        "acc_rate": 0.44444,
        "n_steps": 100000.0,
        "obs_stats": {
          "Q": {
            "mean": 0.007950079627335072,
            "error": 0.006486675287513718,
            "tau_int": 3.1488023028595484,
            "dtau_int": 0.10027133625155517
          },
          "Chi_t": {
            "mean": 0.6681566834449768,