{
  "observables": [
    "Chi_t"
  ],
  "n_samples": [
    50000,
    80000,
    100000
  ],
  "nip": [],
  "nmcmc": [
    [
      {
        "acc_rate": 0.67856,
        "n_steps": 50000,
        "obs_stats": {
          "Q": {
            "mean": 0.006200000178068876,
            "error": 0.005232008088543047,
            "tau_int": 1.0450787476249983,
            "dtau_int": 0.027179958742336384
          },
          "Chi_t": {
            "mean": 0.6548399925231934,
            "error": 0.005875909572003488,
            "tau_int": 0.9757394520044671,
            "dtau_int": 0.025480457206938215
          }
        },
        "n_skipped": 0,
        "step_size": 0
      }
    ],
    [
      {
        "acc_rate": 0.68365,
        "n_steps": 80000,
        "obs_stats": {
          "Q": {
            "mean": 0.01008750032633543,
            "error": 0.004278809702223117,
            "tau_int": 1.1105912570619807,
            "dtau_int": 0.024063476728180516
          },
          "Chi_t": {
            "mean": 0.6594874858856201,
            "error": 0.004622742096201531,
            "tau_int": 0.984514151357716,
            "dtau_int": 0.020314759302304437
          }
        },
        "n_skipped": 0,
        "step_size": 0
      }
    ],
    [
      {
        "acc_rate": 0.67971,
        "n_steps": 100000,
        "obs_stats": {
          "Q": {
            "mean": -0.0022499999031424522,
            "error": 0.0037882774606390877,
            "tau_int": 1.0711026103570747,
            "dtau_int": 0.020801350321942184
          },
          "Chi_t": {
            "mean": 0.6699100136756897,
            "error": 0.0042146416496734685,
            "tau_int": 0.9871207192729694,
            "dtau_int": 0.018215391116193722
          }
        },
        "n_skipped": 0,
        "step_size": 0
      }
    ]
  ],
  "exact_sus": 0.6687749432186545
}