{
  "observables": [
    "Chi_t"
  ],
  "n_samples": [
    50000,
    80000,
    100000
  ],
  "nip": [],
  "nmcmc": [
    [
      {
        "acc_rate": 0.65698,
        "n_steps": 50000,
        "obs_stats": {
          "Q": {
            "mean": 0.01744000054895878,
            "error": 0.005471929512911859,
            "tau_int": 1.1396829300224014,
            "dtau_int": 0.03118705147842366
          },
          "Chi_t": {
            "mean": 0.6570799946784973,
            "error": 0.005939888907339491,
            "tau_int": 1.0000632671245748,
            "dtau_int": 0.0260783623719139
          }
        },
        "n_skipped": 0,
        "step_size": 0
      },
      {
        "acc_rate": 0.66342,
        "n_steps": 50000,
        "obs_stats": {
          "Q": {
            "mean": 0.003659999929368496,
            "error": 0.005544632199016125,
            "tau_int": 1.1673403515971832,
            "dtau_int": 0.03189665973862763
          },
          "Chi_t": {
            "mean": 0.6583799719810486,
            "error": 0.006341711432249917,
            "tau_int": 1.1312298870060824,
            "dtau_int": 0.030969711194497814
          }
        },
        "n_skipped": 0,
        "step_size": 0
      },
      {
        "acc_rate": 0.66664,
        "n_steps": 50000,
        "obs_stats": {
          "Q": {
            "mean": -0.00875999964773655,
            "error": 0.005472793052456784,
            "tau_int": 1.14326743353092,
            "dtau_int": 0.03127914940140062
          },
          "Chi_t": {
            "mean": 0.6549999713897705,
            "error": 0.005922166179747033,
            "tau_int": 1.0329770098161244,
            "dtau_int": 0.026884441501747867
          }
        },
        "n_skipped": 0,
        "step_size": 0
      }
    ],
    [
      {
        "acc_rate": 0.6637,
        "n_steps": 80000,
        "obs_stats": {
          "Q": {
            "mean": -0.006649999879300594,
            "error": 0.004339706750064838,
            "tau_int": 1.1441283415111716,
            "dtau_int": 0.026034729857696195
          },
          "Chi_t": {
            "mean": 0.6584500074386597,
            "error": 0.004964500874053562,
            "tau_int": 1.1059972591833385,
            "dtau_int": 0.023969799106211758
          }
        },
        "n_skipped": 0,
        "step_size": 0
      },
      {
        "acc_rate": 0.6657625,
        "n_steps": 80000,
        "obs_stats": {
          "Q": {
            "mean": -0.0003375000087544322,
            "error": 0.004444685121861065,
            "tau_int": 1.1866655678372509,
            "dtau_int": 0.026947153343301753
          },
          "Chi_t": {
            "mean": 0.6658874750137329,
            "error": 0.004831641087214958,
            "tau_int": 1.0421710413497958,
            "dtau_int": 0.022663121721111474
          }
        },
        "n_skipped": 0,
        "step_size": 0
      },
      {
        "acc_rate": 0.6655625,
        "n_steps": 80000,
        "obs_stats": {
          "Q": {
            "mean": 0.005837500095367432,
            "error": 0.004346467074462208,
            "tau_int": 1.1423213060639914,
            "dtau_int": 0.025995878387908903
          },
          "Chi_t": {
            "mean": 0.6615375280380249,
            "error": 0.0048041832895255295,
            "tau_int": 1.0412556586091959,
            "dtau_int": 0.022644311489729157
          }
        },
        "n_skipped": 0,
        "step_size": 0
      }
    ],
    [
      {
        "acc_rate": 0.66295,
        "n_steps": 100000,
        "obs_stats": {
          "Q": {
            "mean": -0.004650000017136335,
            "error": 0.0039008756144442293,
            "tau_int": 1.1532382766093174,
            "dtau_int": 0.023461256518537928
          },
          "Chi_t": {
            "mean": 0.6597499847412109,
            "error": 0.004428824180610487,
            "tau_int": 1.0863865920589084,
            "dtau_int": 0.021081066205859353
          }
        },
        "n_skipped": 0,
        "step_size": 0
      },
      {
        "acc_rate": 0.66491,
        "n_steps": 100000,
        "obs_stats": {
          "Q": {
            "mean": -0.004269999917596579,
            "error": 0.0038835226318622625,
            "tau_int": 1.150177865905234,
            "dtau_int": 0.023402456388063927
          },
          "Chi_t": {
            "mean": 0.6556299924850464,
            "error": 0.004252571251601149,
            "tau_int": 1.0586579326612882,
            "dtau_int": 0.02057323174265275
          }
        },
        "n_skipped": 0,
        "step_size": 0
      },
      {
        "acc_rate": 0.66168,
        "n_steps": 100000,
        "obs_stats": {
          "Q": {
            "mean": 0.0024300001095980406,
            "error": 0.0040240699975395864,
            "tau_int": 1.2239708723473701,
            "dtau_int": 0.02599436261374356
          },
          "Chi_t": {
            "mean": 0.6614900231361389,
            "error": 0.004593465769851923,
            "tau_int": 1.1675196353008688,
            "dtau_int": 0.023735396075116384
          }
        },
        "n_skipped": 0,
        "step_size": 0
      }
    ]
  ],
  "exact_sus": 0.6629736823224884
}