{
  "observables": [
    "Chi_t"
  ],
  "n_samples": [
    50000,
    80000,
    100000
  ],
  "nip": [],
  "nmcmc": [
    [
      {
        "acc_rate": 0.76992,
        "n_steps": 50000,
        "obs_stats": {
          "Q": {
            "mean": -0.006899999920278788,
            "error": 0.004697686827538475,
            "tau_int": 0.8456121777305001,
            "dtau_int": 0.019510584322533903
          },
          "Chi_t": {
            "mean": 0.652459979057312,
            "error": 0.0052438674106360175,
            "tau_int": 0.8098519213006836,
            "dtau_int": 0.018735637524849448
          }
        },
        "n_skipped": 0,
        "step_size": 0
      },
      {
        "acc_rate": 0.77154,
        "n_steps": 50000,
        "obs_stats": {
          "Q": {
            "mean": 0.002959999954327941,
            "error": 0.00474666656851286,
            "tau_int": 0.8512051063035397,
            "dtau_int": 0.019631373308047526
          },
          "Chi_t": {
            "mean": 0.6617199778556824,
            "error": 0.0053778091212950884,
            "tau_int": 0.8331696202797221,
            "dtau_int": 0.019241464433530805
          }
        },
        "n_skipped": 0,
        "step_size": 0
      },
      {
        "acc_rate": 0.76774,
        "n_steps": 50000,
        "obs_stats": {
          "Q": {
            "mean": -0.00887999963015318,
            "error": 0.004625648626987933,
            "tau_int": 0.8269386183934555,
            "dtau_int": 0.01910648631028424
          },
          "Chi_t": {
            "mean": 0.6469200253486633,
            "error": 0.005174072558736314,
            "tau_int": 0.8048422851345884,
            "dtau_int": 0.018626711366240115
          }
        },
        "n_skipped": 0,
        "step_size": 0
      }
    ],
    [
      {
        "acc_rate": 0.77225,
        "n_steps": 80000,
        "obs_stats": {
          "Q": {
            "mean": -0.007400000002235174,
            "error": 0.0037047049434834603,
            "tau_int": 0.8466779158064446,
            "dtau_int": 0.01656258917440771
          },
          "Chi_t": {
            "mean": 0.6484500169754028,
            "error": 0.004029927963278192,
            "tau_int": 0.7764182162191646,
            "dtau_int": 0.014235773329917151
          }
        },
        "n_skipped": 0,
        "step_size": 0
      },
      {
        "acc_rate": 0.765675,
        "n_steps": 80000,
        "obs_stats": {
          "Q": {
            "mean": -0.005362499970942736,
            "error": 0.0036905623129211114,
            "tau_int": 0.8396905870256115,
            "dtau_int": 0.01643340062288257
          },
          "Chi_t": {
            "mean": 0.6488375067710876,
            "error": 0.004026899233686982,
            "tau_int": 0.7705229812382464,
            "dtau_int": 0.014133875310656832
          }
        },
        "n_skipped": 0,
        "step_size": 0
      },
      {
        "acc_rate": 0.7699875,
        "n_steps": 80000,
        "obs_stats": {
          "Q": {
            "mean": -0.0003124999930150807,
            "error": 0.0036487903744712247,
            "tau_int": 0.8213869733523667,
            "dtau_int": 0.015009836212202329
          },
          "Chi_t": {
            "mean": 0.6483374834060669,
            "error": 0.00413856979703553,
            "tau_int": 0.8036832505388734,
            "dtau_int": 0.014705774892486536
          }
        },
        "n_skipped": 0,
        "step_size": 0
      }
    ],
    [
      {
        "acc_rate": 0.77006,
        "n_steps": 100000,
        "obs_stats": {
          "Q": {
            "mean": -0.002460000105202198,
            "error": 0.0033401124527911168,
            "tau_int": 0.8565665117622734,
            "dtau_int": 0.014977362192435232
          },
          "Chi_t": {
            "mean": 0.6512200236320496,
            "error": 0.0035772688224419468,
            "tau_int": 0.7577255335394213,
            "dtau_int": 0.012443573913776458
          }
        },
        "n_skipped": 0,
        "step_size": 0
      },
      {
        "acc_rate": 0.76764,
        "n_steps": 100000,
        "obs_stats": {
          "Q": {
            "mean": -0.0030700000934302807,
            "error": 0.003337703521672045,
            "tau_int": 0.8600239839056891,
            "dtau_int": 0.01503441576199962
          },
          "Chi_t": {
            "mean": 0.6476699709892273,
            "error": 0.003699214702884061,
            "tau_int": 0.8177209896874609,
            "dtau_int": 0.014334421786407892
          }
        },
        "n_skipped": 0,
        "step_size": 0
      },
      {
        "acc_rate": 0.76938,
        "n_steps": 100000,
        "obs_stats": {
          "Q": {
            "mean": -0.00431999983265996,
            "error": 0.0032954738780694944,
            "tau_int": 0.8345842602021938,
            "dtau_int": 0.014613964318222285
          },
          "Chi_t": {
            "mean": 0.6506400108337402,
            "error": 0.003746746696056169,
            "tau_int": 0.8233288354943411,
            "dtau_int": 0.014427457063619963
          }
        },
        "n_skipped": 0,
        "step_size": 0
      }
    ]
  ],
  "exact_sus": 0.6500977944017748
}