{
  "observables": [
    "Chi_t"
  ],
  "n_samples": [
    50000,
    80000,
    100000
  ],
  "nip": [],
  "nmcmc": [
    [
      {
        "acc_rate": 0.62378,
        "n_steps": 50000,
        "obs_stats": {
          "Q": {
            "mean": 0.0012199999764561653,
            "error": 0.0058482429635478795,
            "tau_int": 1.3221051269635957,
            "dtau_int": 0.03953584207407144
          },
          "Chi_t": {
            "mean": 0.6467000246047974,
            "error": 0.006324001978109245,
            "tau_int": 1.1854709248934963,
            "dtau_int": 0.03405340962817882
          }
        },
        "n_skipped": 0,
        "step_size": 0
      },
      {
        "acc_rate": 0.62352,
        "n_steps": 50000,
        "obs_stats": {
          "Q": {
            "mean": 0.007540000136941671,
            "error": 0.005909861566671878,
            "tau_int": 1.3719506401560557,
            "dtau_int": 0.04093483100961431
          },
          "Chi_t": {
            "mean": 0.63646000623703,
            "error": 0.006410123688244243,
            "tau_int": 1.2584129242176378,
            "dtau_int": 0.03602067064069803
          }
        },
        "n_skipped": 0,
        "step_size": 0
      },
      {
        "acc_rate": 0.6249,
        "n_steps": 50000,
        "obs_stats": {
          "Q": {
            "mean": 0.004699999932199717,
            "error": 0.006019879549145104,
            "tau_int": 1.3971716900122941,
            "dtau_int": 0.041640082641880447
          },
          "Chi_t": {
            "mean": 0.648419976234436,
            "error": 0.0067655398035030645,
            "tau_int": 1.3599184750370104,
            "dtau_int": 0.04059775813804062
          }
        },
        "n_skipped": 0,
        "step_size": 0
      }
    ],
    [
      {
        "acc_rate": 0.6172375,
        "n_steps": 80000,
        "obs_stats": {
          "Q": {
            "mean": 0.005062500014901161,
            "error": 0.004827980661677428,
            "tau_int": 1.4553928780404777,
            "dtau_int": 0.035715897406389405
          },
          "Chi_t": {
            "mean": 0.6406375169754028,
            "error": 0.005182475811292285,
            "tau_int": 1.275314373654474,
            "dtau_int": 0.030212686889406468
          }
        },
        "n_skipped": 0,
        "step_size": 0
      },
      {
        "acc_rate": 0.6172875,
        "n_steps": 80000,
        "obs_stats": {
          "Q": {
            "mean": 0.010099999606609344,
            "error": 0.0052271471483225935,
            "tau_int": 1.6678196808323897,
            "dtau_int": 0.04386108972125059
          },
          "Chi_t": {
            "mean": 0.6553750038146973,
            "error": 0.006766186261204685,
            "tau_int": 2.0000460341155906,
            "dtau_int": 0.057446868557675
          }
        },
        "n_skipped": 0,
        "step_size": 0
      },
      {
        "acc_rate": 0.618925,
        "n_steps": 80000,
        "obs_stats": {
          "Q": {
            "mean": 0.0007624999852851033,
            "error": 0.00478132061999842,
            "tau_int": 1.4016361112474665,
            "dtau_int": 0.034473358961259935
          },
          "Chi_t": {
            "mean": 0.6523874998092651,
            "error": 0.005508274160143493,
            "tau_int": 1.39497909868788,
            "dtau_int": 0.03431906715266032
          }
        },
        "n_skipped": 0,
        "step_size": 0
      }
    ],
    [
      {
        "acc_rate": 0.62074,
        "n_steps": 100000,
        "obs_stats": {
          "Q": {
            "mean": -0.0031900000758469105,
            "error": 0.004219208131181199,
            "tau_int": 1.3723656345342337,
            "dtau_int": 0.030226501073316404
          },
          "Chi_t": {
            "mean": 0.6485700011253357,
            "error": 0.004977839450226832,
            "tau_int": 1.4095704650987848,
            "dtau_int": 0.030998283947159685
          }
        },
        "n_skipped": 0,
        "step_size": 0
      },
      {
        "acc_rate": 0.61758,
        "n_steps": 100000,
        "obs_stats": {
          "Q": {
            "mean": -0.004840000066906214,
            "error": 0.004398388648965108,
            "tau_int": 1.5081029559845067,
            "dtau_int": 0.03437931917846219
          },
          "Chi_t": {
            "mean": 0.6413999795913696,
            "error": 0.004823882814935027,
            "tau_int": 1.3906902407740427,
            "dtau_int": 0.030606953026027266
          }
        },
        "n_skipped": 0,
        "step_size": 0
      },
      {
        "acc_rate": 0.61584,
        "n_steps": 100000,
        "obs_stats": {
          "Q": {
            "mean": 0.003530000103637576,
            "error": 0.004399602259006123,
            "tau_int": 1.4664528904940295,
            "dtau_int": 0.033483390249747245
          },
          "Chi_t": {
            "mean": 0.6599699854850769,
            "error": 0.005161026546684002,
            "tau_int": 1.510542858656967,
            "dtau_int": 0.03443170655222985
          }
        },
        "n_skipped": 0,
        "step_size": 0
      }
    ]
  ],
  "exact_sus": 0.6439874072967454
}