{
  "observables": [
    "Chi_t"
  ],
  "n_samples": [
    50000,
    125000,
    250000
  ],
  "nip": [
    [
      {
        "obs_stats": {
          "Q": {
            "mean": 0.015426978468894958,
            "error": 0.013483447954058647,
            "error_ess": 0.015546840615570545,
            "ess_q": 0.07621364295482635
          },
          "Chi_t": {
            "mean": 0.9212777018547058,
            "error": 0.019641127437353134,
            "error_ess": 0.021311238408088684,
            "ess_q": 0.07621364295482635
          }
        },
        "entropy": 57595.51171875,
        "std_entropy": 23242316.0,
        "free_energy": -0.4427536344087001,
        "std_free_energy": 0.0017407794948667288
      },
      {
        "obs_stats": {
          "Q": {
            "mean": 0.010829879902303219,
            "error": 0.01185703556984663,
            "error_ess": 0.01266551949083805,
            "ess_q": 0.1145656406879425
          },
          "Chi_t": {
            "mean": 0.9190035462379456,
            "error": 0.016855057328939438,
            "error_ess": 0.01713154837489128,
            "ess_q": 0.1145656406879425
          }
        },
        "entropy": 57572.96875,
        "std_entropy": 18939618.0,
        "free_energy": -0.44282788003639695,
        "std_free_energy": 0.001390033750794828
      },
      {
        "obs_stats": {
          "Q": {
            "mean": 0.007997591979801655,
            "error": 0.012373139150440693,
            "error_ess": 0.012323666363954544,
            "ess_q": 0.12216076999902725
          },
          "Chi_t": {
            "mean": 0.9276900887489319,
            "error": 0.02071630023419857,
            "error_ess": 0.017067408189177513,
            "ess_q": 0.12216076999902725
          }
        },
        "entropy": 57425.125,
        "std_entropy": 18252580.0,
        "free_energy": -0.44264794569716476,
        "std_free_energy": 0.001340343034826219
      }
    ],
    [
      {
        "obs_stats": {
          "Q": {
            "mean": 0.0005848889704793692,
            "error": 0.007955235429108143,
            "error_ess": 0.008634643629193306,
            "ess_q": 0.10064692795276642
          },
          "Chi_t": {
            "mean": 0.9379852414131165,
            "error": 0.01187773235142231,
            "error_ess": 0.011901467107236385,
            "ess_q": 0.10064692795276642
          }
        },
        "entropy": 145349.75,
        "std_entropy": 79854040.0,
        "free_energy": -0.44286175361800206,
        "std_free_energy": 0.0009452933445572853
      },
      {
        "obs_stats": {
          "Q": {
            "mean": -0.024889344349503517,
            "error": 0.012451529502868652,
            "error_ess": 0.009565540589392185,
            "ess_q": 0.08409858494997025
          },
          "Chi_t": {
            "mean": 0.9624847173690796,
            "error": 0.02276511676609516,
            "error_ess": 0.013089318759739399,
            "ess_q": 0.08409858494997025
          }
        },
        "entropy": 145326.09375,
        "std_entropy": 87332824.0,
        "free_energy": -0.44283797011164017,
        "std_free_energy": 0.0010435943258926272
      },
      {
        "obs_stats": {
          "Q": {
            "mean": -0.0035800840705633163,
            "error": 0.009007683023810387,
            "error_ess": 0.011070089414715767,
            "ess_q": 0.059427659958601
          },
          "Chi_t": {
            "mean": 0.9103397727012634,
            "error": 0.012365207076072693,
            "error_ess": 0.015165826305747032,
            "ess_q": 0.059427659958601
          }
        },
        "entropy": 145403.203125,
        "std_entropy": 104000984.0,
        "free_energy": -0.44284764510095087,
        "std_free_energy": 0.0012580662732943892
      }
    ],
    [
      {
        "obs_stats": {
          "Q": {
            "mean": 0.00865611620247364,
            "error": 0.0073366002179682255,
            "error_ess": 0.00632986705750227,
            "ess_q": 0.09275678545236588
          },
          "Chi_t": {
            "mean": 0.9291976690292358,
            "error": 0.013230950571596622,
            "error_ess": 0.008673597127199173,
            "ess_q": 0.09275678545236588
          }
        },
        "entropy": 292926.0,
        "std_entropy": 235437488.0,
        "free_energy": -0.4426996536258672,
        "std_free_energy": 0.0006993183051235974
      },
      {
        "obs_stats": {
          "Q": {
            "mean": -0.00036712060682475567,
            "error": 0.005507329013198614,
            "error_ess": 0.005814712960273027,
            "ess_q": 0.11000996083021164
          },
          "Chi_t": {
            "mean": 0.9298799633979797,
            "error": 0.00816048588603735,
            "error_ess": 0.007995381951332092,
            "ess_q": 0.11000996083021164
          }
        },
        "entropy": 292648.59375,
        "std_entropy": 215741184.0,
        "free_energy": -0.4427767930901066,
        "std_free_energy": 0.000636007753200829
      },
      {
        "obs_stats": {
          "Q": {
            "mean": -0.0011285539949312806,
            "error": 0.0059234704822301865,
            "error_ess": 0.006691762711852789,
            "ess_q": 0.08300559967756271
          },
          "Chi_t": {
            "mean": 0.9292386770248413,
            "error": 0.01183110661804676,
            "error_ess": 0.009294847026467323,
            "ess_q": 0.08300559967756271
          }
        },
        "entropy": 292882.84375,
        "std_entropy": 248739616.0,
        "free_energy": -0.44285672234409157,
        "std_free_energy": 0.000743216834962368
      }
    ]
  ],
  "nmcmc": [
    [
      {
        "acc_rate": 0.32932,
        "n_steps": 50000,
        "obs_stats": {
          "Q": {
            "mean": 0.0011200223816558719,
            "error": 0.014840089343729454,
            "tau_int": 5.942763591726809,
            "dtau_int": 0.3385103622973529
          },
          "Chi_t": {
            "mean": 0.9262185096740723,
            "error": 0.0174109694852384,
            "tau_int": 4.547894108099863,
            "dtau_int": 0.2299372982046909
          }
        },
        "n_skipped": 0,
        "step_size": 0
      },
      {
        "acc_rate": 0.33106,
        "n_steps": 50000,
        "obs_stats": {
          "Q": {
            "mean": -0.007120142225176096,
            "error": 0.013100360250253372,
            "tau_int": 4.706765851620458,
            "dtau_int": 0.24108159459557665
          },
          "Chi_t": {
            "mean": 0.9114181995391846,
            "error": 0.017738047589309296,
            "tau_int": 4.4628087805374586,
            "dtau_int": 0.2259356859748146
          }
        },
        "n_skipped": 0,
        "step_size": 0
      },
      {
        "acc_rate": 0.31686,
        "n_steps": 50000,
        "obs_stats": {
          "Q": {
            "mean": -0.021860437467694283,
            "error": 0.01697071706268736,
            "tau_int": 7.8457922918903,
            "dtau_int": 0.5043580945147998
          },
          "Chi_t": {
            "mean": 0.9178783297538757,
            "error": 0.019959702430532605,
            "tau_int": 5.966774483353711,
            "dtau_int": 0.3397774422779484
          }
        },
        "n_skipped": 0,
        "step_size": 0
      }
    ],
    [
      {
        "acc_rate": 0.314488,
        "n_steps": 125000,
        "obs_stats": {
          "Q": {
            "mean": -0.0004960039514116943,
            "error": 0.011385281532354286,
            "tau_int": 8.842933379173427,
            "dtau_int": 0.39911347470748404
          },
          "Chi_t": {
            "mean": 0.916023313999176,
            "error": 0.01228660714610903,
            "tau_int": 5.794525714421001,
            "dtau_int": 0.2167018103972623
          }
        },
        "n_skipped": 0,
        "step_size": 0
      },
      {
        "acc_rate": 0.321056,