{
  "observables": [
    "Chi_t"
  ],
  "n_samples": [
    50000,
    80000,
    100000,
    150000,
    200000,
    250000,
    300000,
    400000
  ],
  "nip": [],
  "nmcmc": [
    [
      {
        "acc_rate": 0.04818,
        "n_steps": 50000.0,
        "obs_stats": {
          "Q": {
            "mean": 0.16820000112056732,
            "error": 0.12898910778781691,
            "tau_int": 641.5208700853696,
            "dtau_int": 228.14914810035555
          },
          "Chi_t": {
            "mean": 0.6614000201225281,
            "error": 0.04732570523239534,
            "tau_int": 114.97114945068947,
            "dtau_int": 22.353628639553293
          }
        },
        "n_skipped": 0.0,
        "step_size": 0.0
      },
      {
        "acc_rate": 0.06808,
        "n_steps": 50000.0,
        "obs_stats": {
          "Q": {
            "mean": -0.06893999874591827,
            "error": 0.029692700631018337,
            "tau_int": 43.39032931252272,
            "dtau_int": 5.718439412037777
          },
          "Chi_t": {
            "mean": 0.5118600130081177,
            "error": 0.03941007861143805,
            "tau_int": 55.626123019281536,
            "dtau_int": 8.11262907530427
          }
        },
        "n_skipped": 0.0,
        "step_size": 0.0
      },
      {
        "acc_rate": 0.06508,
        "n_steps": 50000.0,
        "obs_stats": {
          "Q": {
            "mean": 0.02710000053048134,
            "error": 0.03736436349515849,
            "tau_int": 65.0992204260138,
            "dtau_int": 10.108645510396522
          },
          "Chi_t": {
            "mean": 0.5354999899864197,
            "error": 0.04512342887318053,
            "tau_int": 68.86753316229354,
            "dtau_int": 10.943351654649776
          }
        },
        "n_skipped": 0.0,
        "step_size": 0.0
      }
    ],
    [
      {
        "acc_rate": 0.045325,
        "n_steps": 80000.0,
        "obs_stats": {
          "Q": {
            "mean": 0.20093749463558197,
            "error": 0.10411282366241915,
            "tau_int": 685.8762561287012,
            "dtau_int": 214.69262063913396
          },
          "Chi_t": {
            "mean": 0.6623625159263611,
            "error": 0.05224588556207011,
            "tau_int": 171.2015189902291,
            "dtau_int": 32.35433508909236
          }
        },
        "n_skipped": 0.0,
        "step_size": 0.0
      },
      {
        "acc_rate": 0.0656875,
        "n_steps": 80000.0,
        "obs_stats": {
          "Q": {
            "mean": -0.01730000041425228,
            "error": 0.02845320633782144,
            "tau_int": 66.7936897778991,
            "dtau_int": 8.65366720916861
          },
          "Chi_t": {
            "mean": 0.48432499170303345,
            "error": 0.038299766838406024,
            "tau_int": 89.45671091763205,
            "dtau_int": 13.056440467506071
          }
        },
        "n_skipped": 0.0,
        "step_size": 0.0
      },
      {
        "acc_rate": 0.07075,
        "n_steps": 80000.0,
        "obs_stats": {
          "Q": {
            "mean": 0.015787500888109207,
            "error": 0.028593119402652745,
            "tau_int": 60.811232971029234,
            "dtau_int": 7.579343447276745
          },
          "Chi_t": {
            "mean": 0.5372124910354614,
            "error": 0.029654450946930325,
            "tau_int": 53.2326340292444,
            "dtau_int": 6.279052249569177
          }
        },
        "n_skipped": 0.0,
        "step_size": 0.0
      }
    ],
    [
      {
        "acc_rate": 0.04932,
        "n_steps": 100000.0,
        "obs_stats": {
          "Q": {
            "mean": -0.015589999966323376,
            "error": 0.035625510679052876,
            "tau_int": 152.38588397465088,
            "dtau_int": 25.189605399825233
          },
          "Chi_t": {
            "mean": 0.4154300093650818,
            "error": 0.04272824087339885,
            "tau_int": 175.90018301913042,
            "dtau_int": 30.782025773022095
          }
        },
        "n_skipped": 0.0,
        "step_size": 0.0
      },
      {
        "acc_rate": 0.06622,
        "n_steps": 100000.0,
        "obs_stats": {
          "Q": {
            "mean": 0.012179999612271786,
            "error": 0.04550208988270965,
            "tau_int": 177.9818791550634,
            "dtau_int": 31.286726172007796
          },
          "Chi_t": {
            "mean": 0.5797600150108337,
            "error": 0.03294669846535758,
            "tau_int": 96.59547131681691,
            "dtau_int": 13.2853652257466
          }
        },
        "n_skipped": 0.0,
        "step_size": 0.0
      },
      {
        "acc_rate": 0.06585,
        "n_steps": 100000.0,
        "obs_stats": {
          "Q": {
            "mean": -0.07146000117063522,
            "error": 0.036477302207510776,
            "tau_int": 125.36556187790498,
            "dtau_int": 19.163050881615714
          },
          "Chi_t": {
            "mean": 0.5344799757003784,
            "error": 0.03591412329603924,
            "tau_int": 101.86161209978445,
            "dtau_int": 14.313472354636245
          }
        },
        "n_skipped": 0.0,
        "step_size": 0.0
      }
    ],
    [
      {
        "acc_rate": 0.06778666666666666,
        "n_steps": 150000.0,
        "obs_stats": {
          "Q": {
            "mean": 0.0153266666457057,
            "error": 0.03229488369171978,
            "tau_int": 129.12941485939177,
            "dtau_int": 16.940028348150545
          },
          "Chi_t": {
            "mean": 0.6049666404724121,
            "error": 0.028297404503027777,
            "tau_int": 85.94898406544264,
            "dtau_int": 9.524978105633197
          }
        },
        "n_skipped": 0.0,
        "step_size": 0.0
      },
      {
        "acc_rate": 0.07480666666666666,
        "n_steps": 150000.0,
        "obs_stats": {
          "Q": {
            "mean": -0.008833332918584347,
            "error": 0.029172736348507432,
            "tau_int": 109.3357866536671,
            "dtau_int": 13.386846940296799
          },
          "Chi_t": {
            "mean": 0.5830199718475342,
            "error": 0.038770512917313996,
            "tau_int": 138.8184342243538,
            "dtau_int": 18.75753758256877
          }
        },
        "n_skipped": 0.0,
        "step_size": 0.0
      },
      {
        "acc_rate": 0.061873333333333336,
        "n_steps": 150000.0,
        "obs_stats": {
          "Q": {
            "mean": 0.0427200011909008,
            "error": 0.032261009063707706,
            "tau_int": 136.05157283725632,
            "dtau_int": 18.232243166259238
          },
          "Chi_t": {
            "mean": 0.5745333433151245,
            "error": 0.03427195806093102,
            "tau_int": 117.51809006687708,
            "dtau_int": 14.827559528036941
          }
        },
        "n_skipped": 0.0,
        "step_size": 0.0
      }
    ],
    [
      {
        "acc_rate": 0.060235,
        "n_steps": 200000.0,
        "obs_stats": {
          "Q": {
            "mean": -0.027344999834895134,
            "error": 0.04886843830126305,
            "tau_int": 369.15325983577003,
            "dtau_int": 65.81593167129601
          },
          "Chi_t": {
            "mean": 0.6453250050544739,
            "error": 0.02874067493890889,
            "tau_int": 125.02663730062666,
            "dtau_int": 14.358734907824315
          }
        },
        "n_skipped": 0.0,
        "step_size": 0.0
      },
      {
        "acc_rate": 0.058605,
        "n_steps": 200000.0,
        "obs_stats": {
          "Q": {
            "mean": -0.004854999948292971,
            "error": 0.02957958314686385,
            "tau_int": 161.91480526426557,
            "dtau_int": 20.70465836641723
          },
          "Chi_t": {
            "mean": 0.5395349860191345,
            "error": 0.02970990469008652,
            "tau_int": 141.86137341975578,