{
  "observables": [
    "Chi_t"
  ],
  "n_samples": [
    50000,
    80000,
    100000
  ],
  "nip": [],
  "nmcmc": [
    [
      {
        "acc_rate": 0.74612,
        "n_steps": 50000,
        "obs_stats": {
          "Q": {
            "mean": 0.00014000000373926014,
            "error": 0.0050340332941066985,
            "tau_int": 0.9436551398029713,
            "dtau_int": 0.023201399829658156
          },
          "Chi_t": {
            "mean": 0.6713399887084961,
            "error": 0.005678891945093013,
            "tau_int": 0.9002748022109295,
            "dtau_int": 0.02219826505369857
          }
        },
        "n_skipped": 0,
        "step_size": 0
      },
      {
        "acc_rate": 0.74376,
        "n_steps": 50000,
        "obs_stats": {
          "Q": {
            "mean": 0.0037400000728666782,
            "error": 0.005033960328804383,
            "tau_int": 0.9407327517236843,
            "dtau_int": 0.023134020046012588
          },
          "Chi_t": {
            "mean": 0.6734200119972229,
            "error": 0.005728344214177279,
            "tau_int": 0.8960870884088055,
            "dtau_int": 0.022101094435921013
          }
        },
        "n_skipped": 0,
        "step_size": 0
      },
      {
        "acc_rate": 0.74196,
        "n_steps": 50000,
        "obs_stats": {
          "Q": {
            "mean": -0.003719999920576811,
            "error": 0.004796609278228084,
            "tau_int": 0.8715881266359247,
            "dtau_int": 0.02153145435910697
          },
          "Chi_t": {
            "mean": 0.6599199771881104,
            "error": 0.0055176469264809425,
            "tau_int": 0.8685543754204954,
            "dtau_int": 0.021460775576524014
          }
        },
        "n_skipped": 0,
        "step_size": 0
      }
    ],
    [
      {
        "acc_rate": 0.744125,
        "n_steps": 80000,
        "obs_stats": {
          "Q": {
            "mean": -0.0014750000555068254,
            "error": 0.003915652490281839,
            "tau_int": 0.9121460785388835,
            "dtau_int": 0.01776678628342313
          },
          "Chi_t": {
            "mean": 0.6723499894142151,
            "error": 0.004461255497339578,
            "tau_int": 0.8733939326111246,
            "dtau_int": 0.017055357614324983
          }
        },
        "n_skipped": 0,
        "step_size": 0
      },
      {
        "acc_rate": 0.7466625,
        "n_steps": 80000,
        "obs_stats": {
          "Q": {
            "mean": -0.0017874999903142452,
            "error": 0.003933844838715212,
            "tau_int": 0.929752023185747,
            "dtau_int": 0.019246369901571074
          },
          "Chi_t": {
            "mean": 0.6657624840736389,
            "error": 0.004452211246941621,
            "tau_int": 0.8921953564771565,
            "dtau_int": 0.01740101721959388
          }
        },
        "n_skipped": 0,
        "step_size": 0
      },
      {
        "acc_rate": 0.7482375,
        "n_steps": 80000,
        "obs_stats": {
          "Q": {
            "mean": -0.0065750000067055225,
            "error": 0.003922921478732192,
            "tau_int": 0.9154553226831563,
            "dtau_int": 0.01782735501940945
          },
          "Chi_t": {
            "mean": 0.6724500060081482,
            "error": 0.0045615493251149886,
            "tau_int": 0.8955996702774163,
            "dtau_int": 0.017463505012601525
          }
        },
        "n_skipped": 0,
        "step_size": 0
      }
    ],
    [
      {
        "acc_rate": 0.74466,
        "n_steps": 100000,
        "obs_stats": {
          "Q": {
            "mean": -0.0007399999885819852,
            "error": 0.003576207355516457,
            "tau_int": 0.954233961000492,
            "dtau_int": 0.017642509664423055
          },
          "Chi_t": {
            "mean": 0.6701200008392334,
            "error": 0.0040281311139772815,
            "tau_int": 0.8890721794780836,
            "dtau_int": 0.015512643714040774
          }
        },
        "n_skipped": 0,
        "step_size": 0
      },
      {
        "acc_rate": 0.74365,
        "n_steps": 100000,
        "obs_stats": {
          "Q": {
            "mean": 0.0044999998062849045,
            "error": 0.0034769662652872706,
            "tau_int": 0.903816042701687,
            "dtau_int": 0.01575461440296884
          },
          "Chi_t": {
            "mean": 0.6687999963760376,
            "error": 0.004074530367819964,
            "tau_int": 0.9005847651834322,
            "dtau_int": 0.015701627827741513
          }
        },
        "n_skipped": 0,
        "step_size": 0
      },
      {
        "acc_rate": 0.7461,
        "n_steps": 100000,
        "obs_stats": {
          "Q": {
            "mean": 0.0006399999838322401,
            "error": 0.003509755188580565,
            "tau_int": 0.9182516927807027,
            "dtau_int": 0.017012949771486867
          },
          "Chi_t": {
            "mean": 0.670740008354187,
            "error": 0.003955414037206644,
            "tau_int": 0.8680804409548226,
            "dtau_int": 0.015167250475208126
          }
        },
        "n_skipped": 0,
        "step_size": 0
      }
    ]
  ],
  "exact_sus": 0.6687749432186545
}