{
  "observables": [
    "Chi_t"
  ],
  "n_samples": [
    50000,
    125000,
    250000
  ],
  "nip": [
    [
      {
        "obs_stats": {
          "Q": {
            "mean": -0.007583127822726965,
            "error": 0.004796961788088083,
            "error_ess": 0.005048324353992939,
            "ess_q": 0.40719765424728394
          },
          "Chi_t": {
            "mean": 0.5189305543899536,
            "error": 0.005252656526863575,
            "error_ess": 0.005256759002804756,
            "ess_q": 0.40719765424728394
          }
        },
        "entropy": 59078.6953125,
        "std_entropy": 9900874.0,
        "free_energy": -0.4000831322813967,
        "std_free_energy": 0.0007631091866642237
      },
      {
        "obs_stats": {
          "Q": {
            "mean": 0.002645414788275957,
            "error": 0.005097600165754557,
            "error_ess": 0.005070115439593792,
            "ess_q": 0.4068050682544708
          },
          "Chi_t": {
            "mean": 0.5228645205497742,
            "error": 0.005620444193482399,
            "error_ess": 0.005207645241171122,
            "ess_q": 0.4068050682544708
          }
        },
        "entropy": 59074.671875,
        "std_entropy": 9904541.0,
        "free_energy": -0.4000660385000528,
        "std_free_energy": 0.0007637300295755267
      },
      {
        "obs_stats": {
          "Q": {
            "mean": -0.0008252692059613764,
            "error": 0.005594206973910332,
            "error_ess": 0.005403352901339531,
            "ess_q": 0.3618145287036896
          },
          "Chi_t": {
            "mean": 0.5281710624694824,
            "error": 0.006095743738114834,
            "error_ess": 0.005625558085739613,
            "ess_q": 0.3618145287036896
          }
        },
        "entropy": 59043.75,
        "std_entropy": 10495540.0,
        "free_energy": -0.39981133076472886,
        "std_free_energy": 0.000839971995446831
      }
    ],
    [
      {
        "obs_stats": {
          "Q": {
            "mean": 0.0018118324223905802,
            "error": 0.0031311565544456244,
            "error_ess": 0.003180443774908781,
            "ess_q": 0.41670170426368713
          },
          "Chi_t": {
            "mean": 0.5268779993057251,
            "error": 0.003740835003554821,
            "error_ess": 0.003267398104071617,
            "ess_q": 0.41670170426368713
          }
        },
        "entropy": 150190.65625,
        "std_entropy": 38803460.0,
        "free_energy": -0.40001912209706353,
        "std_free_energy": 0.00047325415653176606
      },
      {
        "obs_stats": {
          "Q": {
            "mean": 0.0007309308857657015,
            "error": 0.003172160591930151,
            "error_ess": 0.003222963074222207,
            "ess_q": 0.4024069309234619
          },
          "Chi_t": {
            "mean": 0.522496223449707,
            "error": 0.0035112013574689627,
            "error_ess": 0.003347557969391346,
            "ess_q": 0.4024069309234619
          }
        },
        "entropy": 150123.609375,
        "std_entropy": 39454628.0,
        "free_energy": -0.3999426725508377,
        "std_free_energy": 0.00048745187814347446
      },
      {
        "obs_stats": {
          "Q": {
            "mean": -0.004786490462720394,
            "error": 0.003210168331861496,
            "error_ess": 0.0037512285634875298,
            "ess_q": 0.2987106740474701
          },
          "Chi_t": {
            "mean": 0.5254402160644531,
            "error": 0.003762831212952733,
            "error_ess": 0.0039071268402040005,
            "ess_q": 0.2987106740474701
          }
        },
        "entropy": 150103.203125,
        "std_entropy": 45769308.0,
        "free_energy": -0.4000800634789938,
        "std_free_energy": 0.0006128934328444302
      }
    ],
    [
      {
        "obs_stats": {
          "Q": {
            "mean": 0.002685179002583027,
            "error": 0.0021988525986671448,
            "error_ess": 0.0023395114112645388,
            "ess_q": 0.3822609484195709
          },
          "Chi_t": {
            "mean": 0.5230636596679688,
            "error": 0.0025797015987336636,
            "error_ess": 0.002444368787109852,
            "ess_q": 0.3822609484195709
          }
        },
        "entropy": 303689.3125,
        "std_entropy": 114473400.0,
        "free_energy": -0.39996697305793005,
        "std_free_energy": 0.00035955753992311656
      },
      {
        "obs_stats": {
          "Q": {
            "mean": 0.0017423260724171996,
            "error": 0.0021363897249102592,
            "error_ess": 0.0022133328020572662,
            "ess_q": 0.4261397123336792
          },
          "Chi_t": {
            "mean": 0.5218987464904785,
            "error": 0.002378821140155196,
            "error_ess": 0.0022740645799785852,
            "ess_q": 0.4261397123336792
          }
        },
        "entropy": 303535.90625,
        "std_entropy": 108318952.0,
        "free_energy": -0.39987976774652284,
        "std_free_energy": 0.0003282259567640722
      },
      {
        "obs_stats": {
          "Q": {
            "mean": -0.0008821223163977265,
            "error": 0.0021699753124266863,
            "error_ess": 0.002323754131793976,
            "ess_q": 0.3878120481967926
          },
          "Chi_t": {
            "mean": 0.5235288143157959,
            "error": 0.002465609461069107,
            "error_ess": 0.0024149948731064796,
            "ess_q": 0.3878120481967926
          }
        },
        "entropy": 303756.3125,
        "std_entropy": 113699744.0,
        "free_energy": -0.39999280131013604,
        "std_free_energy": 0.0003553674032445997
      }
    ]
  ],
  "nmcmc": [
    [
      {
        "acc_rate": 0.54862,
        "n_steps": 50000,
        "obs_stats": {
          "Q": {
            "mean": -0.002520050387829542,
            "error": 0.006437776128030684,
            "tau_int": 1.9822690272216703,
            "dtau_int": 0.06984350743608693
          },
          "Chi_t": {
            "mean": 0.5226504802703857,
            "error": 0.006154913970224989,
            "tau_int": 1.7401084591171418,
            "dtau_int": 0.05773420102693223
          }
        },
        "n_skipped": 0,
        "step_size": 0
      },
      {
        "acc_rate": 0.54844,
        "n_steps": 50000,
        "obs_stats": {
          "Q": {
            "mean": 0.006120122503489256,
            "error": 0.006258421327518065,
            "tau_int": 1.8840022914049088,
            "dtau_int": 0.06442360099072476
          },
          "Chi_t": {
            "mean": 0.5197303891181946,
            "error": 0.008808236746540262,
            "tau_int": 3.232132468338429,
            "dtau_int": 0.1424145284633255
          }
        },
        "n_skipped": 0,
        "step_size": 0
      },
      {
        "acc_rate": 0.54926,
        "n_steps": 50000,
        "obs_stats": {
          "Q": {
            "mean": -0.008860177360475063,
            "error": 0.006127764608104232,
            "tau_int": 1.8284733649264355,
            "dtau_int": 0.0626434442644423
          },
          "Chi_t": {
            "mean": 0.5134302973747253,
            "error": 0.006470705428641839,
            "tau_int": 1.8789996658995776,
            "dtau_int": 0.0642635307673327
          }
        },
        "n_skipped": 0,
        "step_size": 0
      }
    ],
    [
      {
        "acc_rate": 0.551048,
        "n_steps": 125000,
        "obs_stats": {
          "Q": {
            "mean": -0.0026560211554169655,
            "error": 0.003955934291793637,
            "tau_int": 1.8768937524154148,
            "dtau_int": 0.04328849682549869
          },
          "Chi_t": {
            "mean": 0.5211081504821777,
            "error": 0.003976811183955145,
            "tau_int": 1.763428517451739,
            "dtau_int": 0.039572149899376956
          }
        },
        "n_skipped": 0,