{
  "observables": [
    "Chi_t"
  ],
  "n_samples": [
    50000,
    80000,
    100000
  ],
  "nip": [],
  "nmcmc": [
    [
      {
        "acc_rate": 0.79362,
        "n_steps": 50000,
        "obs_stats": {
          "Q": {
            "mean": -0.009460000321269035,
            "error": 0.0044703200337895994,
            "tau_int": 0.7673423926888729,
            "dtau_int": 0.017808504477986455
          },
          "Chi_t": {
            "mean": 0.6511399745941162,
            "error": 0.005065460862647061,
            "tau_int": 0.7707944075538091,
            "dtau_int": 0.017884032362645387
          }
        },
        "n_skipped": 0,
        "step_size": 0
      },
      {
        "acc_rate": 0.79154,
        "n_steps": 50000,
        "obs_stats": {
          "Q": {
            "mean": 0.0075599998235702515,
            "error": 0.004467780959574318,
            "tau_int": 0.7735854264634623,
            "dtau_int": 0.017945067178317585
          },
          "Chi_t": {
            "mean": 0.6451200246810913,
            "error": 0.005001943738241846,
            "tau_int": 0.7504105501611065,
            "dtau_int": 0.016093938677522842
          }
        },
        "n_skipped": 0,
        "step_size": 0
      },
      {
        "acc_rate": 0.7963,
        "n_steps": 50000,
        "obs_stats": {
          "Q": {
            "mean": -3.9999998989515007e-05,
            "error": 0.0044938049435353,
            "tau_int": 0.7777319934537255,
            "dtau_int": 0.018035694481573373
          },
          "Chi_t": {
            "mean": 0.6491199731826782,
            "error": 0.004934525370206365,
            "tau_int": 0.7390226289318975,
            "dtau_int": 0.015865392286198706
          }
        },
        "n_skipped": 0,
        "step_size": 0
      }
    ],
    [
      {
        "acc_rate": 0.7920875,
        "n_steps": 80000,
        "obs_stats": {
          "Q": {
            "mean": 0.002400000113993883,
            "error": 0.003620980656744285,
            "tau_int": 0.8092178556276743,
            "dtau_int": 0.014800926563385065
          },
          "Chi_t": {
            "mean": 0.6481000185012817,
            "error": 0.004000463472959797,
            "tau_int": 0.7757188273988107,
            "dtau_int": 0.014223689623317517
          }
        },
        "n_skipped": 0,
        "step_size": 0
      },
      {
        "acc_rate": 0.7926375,
        "n_steps": 80000,
        "obs_stats": {
          "Q": {
            "mean": -0.002899999963119626,
            "error": 0.0035497667782352694,
            "tau_int": 0.7817151969528455,
            "dtau_int": 0.014327247471219044
          },
          "Chi_t": {
            "mean": 0.6447749733924866,
            "error": 0.003930950369665063,
            "tau_int": 0.7325519632625719,
            "dtau_int": 0.0124398540184769
          }
        },
        "n_skipped": 0,
        "step_size": 0
      },
      {
        "acc_rate": 0.7956375,
        "n_steps": 80000,
        "obs_stats": {
          "Q": {
            "mean": -0.007387499790638685,
            "error": 0.0035204501905351697,
            "tau_int": 0.7592119680911611,
            "dtau_int": 0.01393809380799689
          },
          "Chi_t": {
            "mean": 0.6530125141143799,
            "error": 0.0039976390410168625,
            "tau_int": 0.7560524842527065,
            "dtau_int": 0.013883342500849776
          }
        },
        "n_skipped": 0,
        "step_size": 0
      }
    ],
    [
      {
        "acc_rate": 0.79186,
        "n_steps": 100000,
        "obs_stats": {
          "Q": {
            "mean": 0.0014900000533089042,
            "error": 0.0032257713950574808,
            "tau_int": 0.8037221022928147,
            "dtau_int": 0.013153842625145453
          },
          "Chi_t": {
            "mean": 0.6473299860954285,
            "error": 0.0036267325913725704,
            "tau_int": 0.7897471167220795,
            "dtau_int": 0.012938606006208428
          }
        },
        "n_skipped": 0,
        "step_size": 0
      },
      {
        "acc_rate": 0.7955,
        "n_steps": 100000,
        "obs_stats": {
          "Q": {
            "mean": 0.0048699998296797276,
            "error": 0.003231807981551538,
            "tau_int": 0.7990569645479781,
            "dtau_int": 0.013082046841367264
          },
          "Chi_t": {
            "mean": 0.6535699963569641,
            "error": 0.0035705333189184835,
            "tau_int": 0.7468058287149941,
            "dtau_int": 0.012274175058243122
          }
        },
        "n_skipped": 0,
        "step_size": 0
      },
      {
        "acc_rate": 0.79174,
        "n_steps": 100000,
        "obs_stats": {
          "Q": {
            "mean": -0.0026000000070780516,
            "error": 0.0031819739580376595,
            "tau_int": 0.7843170690117738,
            "dtau_int": 0.012854842324941556
          },
          "Chi_t": {
            "mean": 0.6454600095748901,
            "error": 0.0035068189171751744,
            "tau_int": 0.7372649448761024,
            "dtau_int": 0.012125921910225233
          }
        },
        "n_skipped": 0,
        "step_size": 0
      }
    ]
  ],
  "exact_sus": 0.6500977944017748
}