{
  "observables": [
    "Chi_t"
  ],
  "n_samples": [
    50000,
    80000,
    100000
  ],
  "nip": [],
  "nmcmc": [
    [
      {
        "acc_rate": 0.80866,
        "n_steps": 50000,
        "obs_stats": {
          "Q": {
            "mean": 7.999999797903001e-05,
            "error": 0.004477482942323768,
            "tau_int": 0.7717123648820505,
            "dtau_int": 0.017904109570788945
          },
          "Chi_t": {
            "mean": 0.6494399905204773,
            "error": 0.004951012953659738,
            "tau_int": 0.7346364705181827,
            "dtau_int": 0.01577723253702574
          }
        },
        "n_skipped": 0,
        "step_size": 0
      },
      {
        "acc_rate": 0.80806,
        "n_steps": 50000,
        "obs_stats": {
          "Q": {
            "mean": -0.0004600000102072954,
            "error": 0.004443159350759273,
            "tau_int": 0.7594823104065331,
            "dtau_int": 0.017636373301274634
          },
          "Chi_t": {
            "mean": 0.6498200297355652,
            "error": 0.004824703104245291,
            "tau_int": 0.6884164283638459,
            "dtau_int": 0.014843744246974534
          }
        },
        "n_skipped": 0,
        "step_size": 0
      },
      {
        "acc_rate": 0.81004,
        "n_steps": 50000,
        "obs_stats": {
          "Q": {
            "mean": -0.004000000189989805,
            "error": 0.0043768636342845,
            "tau_int": 0.7358959659780366,
            "dtau_int": 0.015802555381639553
          },
          "Chi_t": {
            "mean": 0.6507999897003174,
            "error": 0.004934160212464026,
            "tau_int": 0.7281148152856285,
            "dtau_int": 0.01564601359059756
          }
        },
        "n_skipped": 0,
        "step_size": 0
      }
    ],
    [
      {
        "acc_rate": 0.8102125,
        "n_steps": 80000,
        "obs_stats": {
          "Q": {
            "mean": -0.0005499999970197678,
            "error": 0.003434344409962847,
            "tau_int": 0.7324645093518058,
            "dtau_int": 0.013473699572211567
          },
          "Chi_t": {
            "mean": 0.64410001039505,
            "error": 0.0037846661698255402,
            "tau_int": 0.6935579281800845,
            "dtau_int": 0.011817423282245065
          }
        },
        "n_skipped": 0,
        "step_size": 0
      },
      {
        "acc_rate": 0.8092625,
        "n_steps": 80000,
        "obs_stats": {
          "Q": {
            "mean": 0.003324999939650297,
            "error": 0.0035280189682873405,
            "tau_int": 0.7657268151895518,
            "dtau_int": 0.014050902599572042
          },
          "Chi_t": {
            "mean": 0.6502000093460083,
            "error": 0.003922473699295496,
            "tau_int": 0.7323472851069366,
            "dtau_int": 0.012436598942320605
          }
        },
        "n_skipped": 0,
        "step_size": 0
      },
      {
        "acc_rate": 0.8095125,
        "n_steps": 80000,
        "obs_stats": {
          "Q": {
            "mean": 0.0008500000112690032,
            "error": 0.0034970597965290557,
            "tau_int": 0.7531460576835338,
            "dtau_int": 0.013832951796841122
          },
          "Chi_t": {
            "mean": 0.6495000123977661,
            "error": 0.0038905526395094383,
            "tau_int": 0.7276984876095589,
            "dtau_int": 0.012362633047532472
          }
        },
        "n_skipped": 0,
        "step_size": 0
      }
    ],
    [
      {
        "acc_rate": 0.81061,
        "n_steps": 100000,
        "obs_stats": {
          "Q": {
            "mean": -0.003329999977722764,
            "error": 0.0031420039936663224,
            "tau_int": 0.7558770503554104,
            "dtau_int": 0.012414919129122919
          },
          "Chi_t": {
            "mean": 0.6530299782752991,
            "error": 0.003652557919268641,
            "tau_int": 0.7830111327387621,
            "dtau_int": 0.012834685958878992
          }
        },
        "n_skipped": 0,
        "step_size": 0
      },
      {
        "acc_rate": 0.80805,
        "n_steps": 100000,
        "obs_stats": {
          "Q": {
            "mean": -0.0030499999411404133,
            "error": 0.0031038352643892797,
            "tau_int": 0.7430841015597374,
            "dtau_int": 0.012216371241279448
          },
          "Chi_t": {
            "mean": 0.6482300162315369,
            "error": 0.003441154008918722,
            "tau_int": 0.7197281780877329,
            "dtau_int": 0.010943913020541532
          }
        },
        "n_skipped": 0,
        "step_size": 0
      },
      {
        "acc_rate": 0.80822,
        "n_steps": 100000,
        "obs_stats": {
          "Q": {
            "mean": 0.003599999938160181,
            "error": 0.0031501736044730186,
            "tau_int": 0.764132754704504,
            "dtau_int": 0.012542831022581922
          },
          "Chi_t": {
            "mean": 0.6493399739265442,
            "error": 0.0034543097857025577,
            "tau_int": 0.7196520719660153,
            "dtau_int": 0.01094282781861521
          }
        },
        "n_skipped": 0,
        "step_size": 0
      }
    ]
  ],
  "exact_sus": 0.6500977944017748
}