{
  "observables": [
    "Chi_t"
  ],
  "n_samples": [
    50000,
    80000,
    100000
  ],
  "nip": [],
  "nmcmc": [
    [
      {
        "acc_rate": 0.00018,
        "n_steps": 50000,
        "obs_stats": {
          "Q": {
            "mean": 0.11956000328063965,
            "error": 0.2082102058572643,
            "tau_int": 2727.657875319395,
            "dtau_int": 1297.8245758510468
          },
          "Chi_t": {
            "mean": 0.37615999579429626,
            "error": 0.2306321986184842,
            "tau_int": 2227.4181998188287,
            "dtau_int": 1047.044224327708
          }
        },
        "n_skipped": 0,
        "step_size": 0
      }
    ],
    [
      {
        "acc_rate": 0.0003,
        "n_steps": 80000,
        "obs_stats": {
          "Q": {
            "mean": 0.09027499705553055,
            "error": 0.11330979765978179,
            "tau_int": 2501.221596535973,
            "dtau_int": 1115.1183095435786
          },
          "Chi_t": {
            "mean": 0.2024250030517578,
            "error": 0.13885817259321076,
            "tau_int": 4296.812270356276,
            "dtau_int": 2043.7402007216253
          }
        },
        "n_skipped": 0,
        "step_size": 0
      }
    ],
    [
      {
        "acc_rate": 0.00025,
        "n_steps": 100000,
        "obs_stats": {
          "Q": {
            "mean": 0.14439000189304352,
            "error": 0.2264538438919295,
            "tau_int": 3481.506243379524,
            "dtau_int": 1582.4575707728438
          },
          "Chi_t": {
            "mean": 0.7136099934577942,
            "error": 0.48366322885584845,
            "tau_int": 6005.1692829610265,
            "dtau_int": 2853.139465861534
          }
        },
        "n_skipped": 0,
        "step_size": 0
      }
    ]
  ],
  "exact_sus": 0.5698456448544806
}