{
  "observables": [
    "Chi_t"
  ],
  "n_samples": [
    5000,
    10000,
    25000,
    50000,
    75000,
    100000,
    150000,
    250000,
    500000,
    1000000,
    2500000,
    5000000
  ],
  "nip": [
    {
      "obs_stats": {
        "Q": {
          "mean": 1.42479930218542e-05,
          "error": 1.5285373592632823e-05,
          "error_ess": 0.00039456234662793577,
          "ess_q": 0.020981190726161003
        },
        "Chi_t": {
          "mean": 1.6331905499100685e-05,
          "error": 1.5284953406080604e-05,
          "error_ess": 0.00039456156082451344,
          "ess_q": 0.020981190726161003
        }
      },
      "entropy": 5248.90576171875,
      "std_entropy": 1216166.875,
      "free_energy": -0.2108022563643224,
      "std_free_energy": 0.019320815801620483,
      "ess_p": {
        "0-1": {
          "log_ess_p": -80.04933402918918,
          "ess_p": 1.7179714849419724e-35
        },
        "0.05-1": {
          "log_ess_p": -63.32485658173793,
          "ess_p": 3.150389267212319e-28
        },
        "0.1-1": {
          "log_ess_p": -59.29380252198016,
          "ess_p": 1.7743069498005608e-26
        }
      }
    },
    {
      "obs_stats": {
        "Q": {
          "mean": -2.0417081032064743e-05,
          "error": 2.1406285668490455e-05,
          "error_ess": 0.00012456910917535424,
          "ess_q": 0.14415132999420166
        },
        "Chi_t": {
          "mean": 2.2369045836967416e-05,
          "error": 2.1406091036624275e-05,
          "error_ess": 0.00012456886179279536,
          "ess_q": 0.14415132999420166
        }
      },
      "entropy": 10699.947265625,
      "std_entropy": 1301363.25,
      "free_energy": -0.20748650168172375,
      "std_free_energy": 0.004873255267739296,
      "ess_p": {
        "0-1": {
          "log_ess_p": -85.11861203940724,
          "ess_p": 1.0800813921220551e-37
        },
        "0.05-1": {
          "log_ess_p": -66.38800541634036,
          "ess_p": 1.472500948206899e-29
        },
        "0.1-1": {
          "log_ess_p": -62.371798675385236,
          "ess_p": 8.170939763981589e-28
        }
      }
    },
    {
      "obs_stats": {
        "Q": {
          "mean": 0.0069795409217476845,
          "error": 0.0052033974789083,
          "error_ess": 0.0013592507457360625,
          "ess_q": 0.15018707513809204
        },
        "Chi_t": {
          "mean": 0.006985713727772236,
          "error": 0.005203396547585726,
          "error_ess": 0.0013592420145869255,
          "ess_q": 0.15018707513809204
        }
      },
      "entropy": 28070.119140625,
      "std_entropy": 5189553.5,
      "free_energy": -0.20894086050036173,
      "std_free_energy": 0.003008883446455002,
      "ess_p": {
        "0-1": {
          "log_ess_p": -77.04116104417122,
          "ess_p": 3.478955543731311e-34
        },
        "0.05-1": {
          "log_ess_p": -58.67501577054606,
          "ess_p": 3.294309701759038e-26
        },
        "0.1-1": {
          "log_ess_p": -54.70746985459463,
          "ess_p": 1.741196250445563e-24
        }
      }
    },
    {
      "obs_stats": {
        "Q": {
          "mean": -0.00027611569385044277,
          "error": 0.00034895192948170006,
          "error_ess": 0.000915326236281544,
          "ess_q": 0.01327021699398756
        },
        "Chi_t": {
          "mean": 0.0005559803103096783,
          "error": 0.00034894520649686456,
          "error_ess": 0.0009151343256235123,
          "ess_q": 0.01327021699398756
        }
      },
      "entropy": 57701.9453125,
      "std_entropy": 49480904.0,
      "free_energy": -0.21141891294549622,
      "std_free_energy": 0.00771267618983984,
      "ess_p": {
        "0-1": {
          "log_ess_p": -85.30995937961617,
          "ess_p": 8.919805613603627e-38
        },
        "0.05-1": {
          "log_ess_p": -65.80596106828163,
          "ess_p": 2.635325301743762e-29
        },
        "0.1-1": {
          "log_ess_p": -61.87724039093285,
          "ess_p": 1.3398492664428521e-27
        }
      }
    },
    {
      "obs_stats": {
        "Q": {
          "mean": -3.535619180183858e-05,
          "error": 6.538759043905884e-05,
          "error_ess": 0.00013187761942390352,
          "ess_q": 0.1031595841050148
        },
        "Chi_t": {
          "mean": 0.0001345603377558291,
          "error": 6.538588058901951e-05,
          "error_ess": 0.00013186936848796904,
          "ess_q": 0.1031595841050148
        }
      },
      "entropy": 87012.796875,
      "std_entropy": 32148606.0,
      "free_energy": -0.2084404870153044,
      "std_free_energy": 0.00215328810736537,
      "ess_p": {
        "0-1": {
          "log_ess_p": -85.19535394791605,
          "ess_p": 1.0002945362309237e-37
        },
        "0.05-1": {
          "log_ess_p": -65.5763982045503,
          "ess_p": 3.3153708652826506e-29
        },
        "0.1-1": {
          "log_ess_p": -61.72000247178589,
          "ess_p": 1.5679907756793333e-27
        }
      }
    },
    {
      "obs_stats": {
        "Q": {
          "mean": -0.00014667180948890746,
          "error": 0.0003048554062843323,
          "error_ess": 0.000760474824346602,
          "ess_q": 0.012015867978334427
        },
        "Chi_t": {
          "mean": 0.0006949255475774407,
          "error": 0.00030484781018458307,
          "error_ess": 0.0007602223195135593,
          "ess_q": 0.012015867978334427
        }
      },
      "entropy": 117566.15625,
      "std_entropy": 145848400.0,
      "free_energy": -0.20957586723581648,
      "std_free_energy": 0.005734920501708984,
      "ess_p": {
        "0-1": {
          "log_ess_p": -83.47083495974537,
          "ess_p": 5.611474285697655e-37
        },
        "0.05-1": {
          "log_ess_p": -65.79538088796717,
          "ess_p": 2.6633555396336256e-29
        },
        "0.1-1": {
          "log_ess_p": -61.835990119311816,
          "ess_p": 1.3962741834355579e-27
        }
      }
    },
    {
      "obs_stats": {
        "Q": {
          "mean": 0.00031845958437770605,
          "error": 0.00037486126529984176,
          "error_ess": 0.00438224570825696,
          "ess_q": 0.00023531672195531428
        },
        "Chi_t": {
          "mean": 0.0006779574905522168,
          "error": 0.0003748580056708306,
          "error_ess": 0.004381087608635426,
          "ess_q": 0.00023531672195531428
        }
      },
      "entropy": 185725.921875,
      "std_entropy": 2065056768.0,
      "free_energy": -0.21615282746331652,
      "std_free_energy": 0.0336594395339489,
      "ess_p": {
        "0-1": {
          "log_ess_p": -85.60500762113975,
          "ess_p": 6.640756665436956e-38
        },
        "0.05-1": {
          "log_ess_p": -66.7797857800093,
          "ess_p": 9.951935051621214e-30
        },
        "0.1-1": {
          "log_ess_p": -62.68422329471823,
          "ess_p": 5.978437876160227e-28
        }
      }
    },
    {
      "obs_stats": {
        "Q": {
          "mean": 0.00026956183137372136,
          "error": 0.00036089081550017,
          "error_ess": 0.0005267656524665654,
          "ess_q": 0.01625237427651882
        },
        "Chi_t": {
          "mean": 0.0011275082360953093,
          "error": 0.0003608842089306563,
          "error_ess": 0.0005264856154099107,
          "ess_q": 0.01625237427651882
        }
      },
      "entropy": 303136.40625,
      "std_entropy": 496049728.0,
      "free_energy": -0.20946632724822037,
      "std_free_energy": 0.0031120276544243097,
      "ess_p": {
        "0-1": {
          "log_ess_p": -70.4525849166557,
          "ess_p": 2.5283147299942205e-31
        },
        "0.05-1": {
          "log_ess_p": -52.29627588643562,
          "ess_p": 1.9409571980068472e-23
        },
        "0.1-1": {
          "log_ess_p": -48.315592864323605,
          "ess_p": 1.0394524546020888e-21
        }
      }
    },
    {
      "obs_stats": {
        "Q": {
          "mean": 0.1452404409646988,
          "error": 0.14387716352939606,