{
  "observables": [
    "Chi_t"
  ],
  "n_samples": [
    50000,
    125000,
    250000,
    375000
  ],
  "nip": [
    [
      {
        "obs_stats": {
          "Q": {
            "mean": -0.0071386173367500305,
            "error": 0.007246179971843958,
            "error_ess": 0.008089641109108925,
            "ess_q": 0.14638753235340118
          },
          "Chi_t": {
            "mean": 0.47903817892074585,
            "error": 0.007858633063733578,
            "error_ess": 0.00801584217697382,
            "ess_q": 0.14638753235340118
          }
        },
        "entropy": 51377.484375,
        "std_entropy": 16043454.0,
        "free_energy": -0.2981876315779132,
        "std_free_energy": 0.0013941902434453368
      },
      {
        "obs_stats": {
          "Q": {
            "mean": -0.0018082380993291736,
            "error": 0.011021630838513374,
            "error_ess": 0.009527626447379589,
            "ess_q": 0.11034954339265823
          },
          "Chi_t": {
            "mean": 0.5008459091186523,
            "error": 0.011254577897489071,
            "error_ess": 0.009314380586147308,
            "ess_q": 0.11034954339265823
          }
        },
        "entropy": 51498.05078125,
        "std_entropy": 18562290.0,
        "free_energy": -0.2981059765899344,
        "std_free_energy": 0.0016393366968259215
      },
      {
        "obs_stats": {
          "Q": {
            "mean": 0.0031891902908682823,
            "error": 0.009817413054406643,
            "error_ess": 0.0107942009344697,
            "ess_q": 0.08542831987142563
          },
          "Chi_t": {
            "mean": 0.4976833462715149,
            "error": 0.013093680143356323,
            "error_ess": 0.011076106689870358,
            "ess_q": 0.08542831987142563
          }
        },
        "entropy": 51475.58984375,
        "std_entropy": 21072274.0,
        "free_energy": -0.29829792756876294,
        "std_free_energy": 0.0018890856299549341
      }
    ],
    [
      {
        "obs_stats": {
          "Q": {
            "mean": 0.002871537348255515,
            "error": 0.004604371730238199,
            "error_ess": 0.005668207537382841,
            "ess_q": 0.12062278389930725
          },
          "Chi_t": {
            "mean": 0.48443418741226196,
            "error": 0.004976295400410891,
            "error_ess": 0.005667527671903372,
            "ess_q": 0.12062278389930725
          }
        },
        "entropy": 130687.75,
        "std_entropy": 70191696.0,
        "free_energy": -0.29828515962857394,
        "std_free_energy": 0.000985925318673253
      },
      {
        "obs_stats": {
          "Q": {
            "mean": 0.0030227696988731623,
            "error": 0.004408552311360836,
            "error_ess": 0.005002744495868683,
            "ess_q": 0.15942221879959106
          },
          "Chi_t": {
            "mean": 0.4987466335296631,
            "error": 0.005021736957132816,
            "error_ess": 0.00506525719538331,
            "ess_q": 0.15942221879959106
          }
        },
        "entropy": 130574.2265625,
        "std_entropy": 60973144.0,
        "free_energy": -0.2981227307496538,
        "std_free_energy": 0.0008384663378819823
      },
      {
        "obs_stats": {
          "Q": {
            "mean": -0.00914541631937027,
            "error": 0.004565219394862652,
            "error_ess": 0.007911978289484978,
            "ess_q": 0.061828531324863434
          },
          "Chi_t": {
            "mean": 0.48388344049453735,
            "error": 0.005009069573134184,
            "error_ess": 0.007988713681697845,
            "ess_q": 0.061828531324863434
          }
        },
        "entropy": 130732.140625,
        "std_entropy": 98096888.0,
        "free_energy": -0.2983228572548471,
        "std_free_energy": 0.001422386965714395
      }
    ],
    [
      {
        "obs_stats": {
          "Q": {
            "mean": 0.0038211368955671787,
            "error": 0.003065910190343857,
            "error_ess": 0.004241814836859703,
            "ess_q": 0.10842785984277725
          },
          "Chi_t": {
            "mean": 0.4877481162548065,
            "error": 0.0033976591657847166,
            "error_ess": 0.004248728044331074,
            "ess_q": 0.10842785984277725
          }
        },
        "entropy": 264056.4375,
        "std_entropy": 209100736.0,
        "free_energy": -0.2982436665911674,
        "std_free_energy": 0.0007403942290693521
      },
      {
        "obs_stats": {
          "Q": {
            "mean": 0.002276877872645855,
            "error": 0.0053208498284220695,
            "error_ess": 0.00451003760099411,
            "ess_q": 0.09726524353027344
          },
          "Chi_t": {
            "mean": 0.49460768699645996,
            "error": 0.005569258239120245,
            "error_ess": 0.004521084949374199,
            "ess_q": 0.09726524353027344
          }
        },
        "entropy": 263864.375,
        "std_entropy": 220484160.0,
        "free_energy": -0.2981976097537373,
        "std_free_energy": 0.000786604592576623
      },
      {
        "obs_stats": {
          "Q": {
            "mean": 0.0008775186724960804,
            "error": 0.003160618944093585,
            "error_ess": 0.003428897587582469,
            "ess_q": 0.1646418422460556
          },
          "Chi_t": {
            "mean": 0.4839363098144531,
            "error": 0.0033850024919956923,
            "error_ess": 0.003422781592234969,
            "ess_q": 0.1646418422460556
          }
        },
        "entropy": 263547.09375,
        "std_entropy": 169101216.0,
        "free_energy": -0.2981172863722295,
        "std_free_energy": 0.0005815961048938334
      }
    ],
    [
      {
        "obs_stats": {
          "Q": {
            "mean": 0.009593363851308823,
            "error": 0.005440258886665106,
            "error_ess": 0.0036150680389255285,
            "ess_q": 0.10292030870914459
          },
          "Chi_t": {
            "mean": 0.5044792890548706,
            "error": 0.009778400883078575,
            "error_ess": 0.0037260339595377445,
            "ess_q": 0.10292030870914459
          }
        },
        "entropy": 398866.78125,
        "std_entropy": 394696352.0,
        "free_energy": -0.2983329864732382,
        "std_free_energy": 0.0006224067183211446
      },
      {
        "obs_stats": {
          "Q": {
            "mean": 0.0014865462435409427,
            "error": 0.003141638357192278,
            "error_ess": 0.0031078457832336426,
            "ess_q": 0.13517123460769653
          },
          "Chi_t": {
            "mean": 0.4895930886268616,
            "error": 0.0034857336431741714,
            "error_ess": 0.0031334261875599623,
            "ess_q": 0.13517123460769653
          }
        },
        "entropy": 398275.5,
        "std_entropy": 343578784.0,
        "free_energy": -0.29808159227264913,
        "std_free_energy": 0.0005332516739144921
      },
      {
        "obs_stats": {
          "Q": {
            "mean": 0.001308737206272781,
            "error": 0.0027129484806209803,
            "error_ess": 0.002957394812256098,
            "ess_q": 0.14857016503810883
          },
          "Chi_t": {
            "mean": 0.4872836768627167,
            "error": 0.0029357257299125195,
            "error_ess": 0.002949865534901619,
            "ess_q": 0.14857016503810883
          }
        },
        "entropy": 398319.0625,
        "std_entropy": 327731392.0,
        "free_energy": -0.298178462966145,
        "std_free_energy": 0.0005046821315772831
      }
    ]
  ],
  "nmcmc": [
    [
      {
        "acc_rate": 0.4072,
        "n_steps": 50000.0,
        "obs_stats": {
          "Q": {
            "mean": -0.003660073271021247,
            "error": 0.008564982931883885,
            "tau_int": 3.7509215866595467,
            "dtau_int": 0.17673053975587266
          },
          "Chi_t": {
            "mean": 0.4888697862625122,