{
  "observables": [
    "Chi_t"
  ],
  "n_samples": [
    50000,
    125000,
    250000,
    375000
  ],
  "nip": [
    [
      {
        "obs_stats": {
          "Q": {
            "mean": 0.0014583717565983534,
            "error": 0.020296286791563034,
            "error_ess": 0.06105722114443779,
            "ess_q": 0.002388804918155074
          },
          "Chi_t": {
            "mean": 0.4452645182609558,
            "error": 0.020496565848588943,
            "error_ess": 0.05948147177696228,
            "ess_q": 0.002388804918155074
          }
        },
        "entropy": 45740.70703125,
        "std_entropy": 124760224.0,
        "free_energy": -0.21484356770447285,
        "std_free_energy": 0.010923470370471478
      },
      {
        "obs_stats": {
          "Q": {
            "mean": 0.01526414044201374,
            "error": 0.030562873929739,
            "error_ess": 0.032999228686094284,
            "ess_q": 0.008603254333138466
          },
          "Chi_t": {
            "mean": 0.4686489701271057,
            "error": 0.03300271928310394,
            "error_ess": 0.03285272791981697,
            "ess_q": 0.008603254333138466
          }
        },
        "entropy": 45376.3046875,
        "std_entropy": 64961732.0,
        "free_energy": -0.21401969533018475,
        "std_free_energy": 0.005738028325140476
      },
      {
        "obs_stats": {
          "Q": {
            "mean": 0.032276127487421036,
            "error": 0.02648083306849003,
            "error_ess": 0.023482324555516243,
            "ess_q": 0.01825922355055809
          },
          "Chi_t": {
            "mean": 0.5044564008712769,
            "error": 0.03089044615626335,
            "error_ess": 0.023850537836551666,
            "ess_q": 0.01825922355055809
          }
        },
        "entropy": 45588.49609375,
        "std_entropy": 44966172.0,
        "free_energy": -0.2137295014460284,
        "std_free_energy": 0.003919471986591816
      }
    ],
    [
      {
        "obs_stats": {
          "Q": {
            "mean": 0.0011868071742355824,
            "error": 0.018218494951725006,
            "error_ess": 0.016706617549061775,
            "ess_q": 0.014055664651095867
          },
          "Chi_t": {
            "mean": 0.4903838634490967,
            "error": 0.018465857952833176,
            "error_ess": 0.015741297975182533,
            "ess_q": 0.014055664651095867
          }
        },
        "entropy": 115196.71875,
        "std_entropy": 201290128.0,
        "free_energy": -0.21392641558904663,
        "std_free_energy": 0.0028313801158219576
      },
      {
        "obs_stats": {
          "Q": {
            "mean": 0.010782811790704727,
            "error": 0.015853343531489372,
            "error_ess": 0.035150494426488876,
            "ess_q": 0.0028351247310638428
          },
          "Chi_t": {
            "mean": 0.43798261880874634,
            "error": 0.016534630209207535,
            "error_ess": 0.03537459671497345,
            "ess_q": 0.0028351247310638428
          }
        },
        "entropy": 116074.2265625,
        "std_entropy": 453136640.0,
        "free_energy": -0.21498612875596337,
        "std_free_energy": 0.0063400850631296635
      },
      {
        "obs_stats": {
          "Q": {
            "mean": 0.0036391261965036392,
            "error": 0.017678258940577507,
            "error_ess": 0.015631670132279396,
            "ess_q": 0.01622345857322216
          },
          "Chi_t": {
            "mean": 0.4955327808856964,
            "error": 0.019955206662416458,
            "error_ess": 0.015449493192136288,
            "ess_q": 0.01622345857322216
          }
        },
        "entropy": 114743.3828125,
        "std_entropy": 186265264.0,
        "free_energy": -0.21345457848540747,
        "std_free_energy": 0.002632535295560956
      }
    ],
    [
      {
        "obs_stats": {
          "Q": {
            "mean": -0.024927161633968353,
            "error": 0.026222947984933853,
            "error_ess": 0.025638017803430557,
            "ess_q": 0.0028397340793162584
          },
          "Chi_t": {
            "mean": 0.46726444363594055,
            "error": 0.026328183710575104,
            "error_ess": 0.02450503036379814,
            "ess_q": 0.0028397340793162584
          }
        },
        "entropy": 232893.984375,
        "std_entropy": 1265401088.0,
        "free_energy": -0.21455734753456718,
        "std_free_energy": 0.004479458089917898
      },
      {
        "obs_stats": {
          "Q": {
            "mean": -0.0021916795521974564,
            "error": 0.015157539397478104,
            "error_ess": 0.015516744926571846,
            "ess_q": 0.00796443596482277
          },
          "Chi_t": {
            "mean": 0.47940096259117126,
            "error": 0.02388104982674122,
            "error_ess": 0.017433658242225647,
            "ess_q": 0.00796443596482277
          }
        },
        "entropy": 232688.28125,
        "std_entropy": 755356352.0,
        "free_energy": -0.21390549650301016,
        "std_free_energy": 0.002667890163138509
      },
      {
        "obs_stats": {
          "Q": {
            "mean": -0.015119010582566261,
            "error": 0.01110529899597168,
            "error_ess": 0.011296765878796577,
            "ess_q": 0.014755702577531338
          },
          "Chi_t": {
            "mean": 0.47099602222442627,
            "error": 0.011800453998148441,
            "error_ess": 0.01146351732313633,
            "ess_q": 0.014755702577531338
          }
        },
        "entropy": 232259.171875,
        "std_entropy": 553208384.0,
        "free_energy": -0.213876085927192,
        "std_free_energy": 0.001953321974724531
      }
    ],
    [
      {
        "obs_stats": {
          "Q": {
            "mean": 0.014734647236764431,
            "error": 0.0160931758582592,
            "error_ess": 0.017751917243003845,
            "ess_q": 0.003979516681283712
          },
          "Chi_t": {
            "mean": 0.4704911410808563,
            "error": 0.016413599252700806,
            "error_ess": 0.017618736252188683,
            "ess_q": 0.003979516681283712
          }
        },
        "entropy": 351632.375,
        "std_entropy": 1965417856.0,
        "free_energy": -0.21442058146993387,
        "std_free_energy": 0.003087840508669615
      },
      {
        "obs_stats": {
          "Q": {
            "mean": -0.011533566750586033,
            "error": 0.008613714016973972,
            "error_ess": 0.011983881704509258,
            "ess_q": 0.008753244765102863
          },
          "Chi_t": {
            "mean": 0.4715380370616913,
            "error": 0.009409451857209206,
            "error_ess": 0.011841476894915104,
            "ess_q": 0.008753244765102863
          }
        },
        "entropy": 351246.125,
        "std_entropy": 1323952256.0,
        "free_energy": -0.2139041517412186,
        "std_free_energy": 0.002077027689665556
      },
      {
        "obs_stats": {
          "Q": {
            "mean": -0.003938936162739992,
            "error": 0.007657860405743122,
            "error_ess": 0.017455730587244034,
            "ess_q": 0.004006526432931423
          },
          "Chi_t": {
            "mean": 0.4578138589859009,
            "error": 0.008614936843514442,
            "error_ess": 0.01754416897892952,
            "ess_q": 0.004006526432931423
          }
        },
        "entropy": 351539.15625,
        "std_entropy": 1959276032.0,
        "free_energy": -0.21403573051906963,
        "std_free_energy": 0.0030773733742535114
      }
    ]
  ],
  "nmcmc": [
    [
      {
        "acc_rate": 0.18614,
        "n_steps": 50000,
        "obs_stats": {
          "Q": {
            "mean": -0.013940278440713882,
            "error": 0.028677782046819915,
            "tau_int": 40.84462760532036,
            "dtau_int": 5.251793330455877
          },
          "Chi_t": {
            "mean": 0.502750039100647,