{
  "observables": [
    "Chi_t"
  ],
  "n_samples": [
    50000,
    80000,
    100000
  ],
  "nip": [],
  "nmcmc": [
    [
      {
        "acc_rate": 0.67526,
        "n_steps": 50000,
        "obs_stats": {
          "Q": {
            "mean": 0.002199999988079071,
            "error": 0.00533834255457146,
            "tau_int": 1.0921353450428373,
            "dtau_int": 0.02996173692505511
          },
          "Chi_t": {
            "mean": 0.6523200273513794,
            "error": 0.00571618830046753,
            "tau_int": 0.9469956304628295,
            "dtau_int": 0.023278384459149946
          }
        },
        "n_skipped": 0,
        "step_size": 0
      },
      {
        "acc_rate": 0.67344,
        "n_steps": 50000,
        "obs_stats": {
          "Q": {
            "mean": 0.0012000000569969416,
            "error": 0.005352103050811189,
            "tau_int": 1.1024989874893891,
            "dtau_int": 0.030229389983086837
          },
          "Chi_t": {
            "mean": 0.6495199799537659,
            "error": 0.005975302737681624,
            "tau_int": 1.052205037429332,
            "dtau_int": 0.027353761276436198
          }
        },
        "n_skipped": 0,
        "step_size": 0
      },
      {
        "acc_rate": 0.67356,
        "n_steps": 50000,
        "obs_stats": {
          "Q": {
            "mean": 0.004860000219196081,
            "error": 0.005295540620083303,
            "tau_int": 1.061221220409002,
            "dtau_int": 0.027573425341046662
          },
          "Chi_t": {
            "mean": 0.6606199741363525,
            "error": 0.006051540657233352,
            "tau_int": 1.0447450239472094,
            "dtau_int": 0.02717181563306649
          }
        },
        "n_skipped": 0,
        "step_size": 0
      }
    ],
    [
      {
        "acc_rate": 0.6701,
        "n_steps": 80000,
        "obs_stats": {
          "Q": {
            "mean": 0.0030125000048428774,
            "error": 0.004326316906101436,
            "tau_int": 1.1483762104291273,
            "dtau_int": 0.02612603048745588
          },
          "Chi_t": {
            "mean": 0.6519374847412109,
            "error": 0.004821245193543177,
            "tau_int": 1.1053129672807842,
            "dtau_int": 0.023955841210295654
          }
        },
        "n_skipped": 0,
        "step_size": 0
      },
      {
        "acc_rate": 0.6758125,
        "n_steps": 80000,
        "obs_stats": {
          "Q": {
            "mean": 0.0011124999728053808,
            "error": 0.004177621528238309,
            "tau_int": 1.0791419026595597,
            "dtau_int": 0.023421180961821414
          },
          "Chi_t": {
            "mean": 0.646887481212616,
            "error": 0.0047766627901515216,
            "tau_int": 1.088837652311845,
            "dtau_int": 0.023619449175372877
          }
        },
        "n_skipped": 0,
        "step_size": 0
      },
      {
        "acc_rate": 0.6767875,
        "n_steps": 80000,
        "obs_stats": {
          "Q": {
            "mean": 0.0065875002183020115,
            "error": 0.004228505394666794,
            "tau_int": 1.0976015467995381,
            "dtau_int": 0.023798470064842543
          },
          "Chi_t": {
            "mean": 0.6516374945640564,
            "error": 0.004591349154853057,
            "tau_int": 0.9955635774005458,
            "dtau_int": 0.020529424319402315
          }
        },
        "n_skipped": 0,
        "step_size": 0
      }
    ],
    [
      {
        "acc_rate": 0.67482,
        "n_steps": 100000,
        "obs_stats": {
          "Q": {
            "mean": -0.00013000000035390258,
            "error": 0.003774396231348323,
            "tau_int": 1.0938584610415245,
            "dtau_int": 0.021217630443886734
          },
          "Chi_t": {
            "mean": 0.651170015335083,
            "error": 0.0041817231693705385,
            "tau_int": 1.0301322668114155,
            "dtau_int": 0.0200491028180138
          }
        },
        "n_skipped": 0,
        "step_size": 0
      },
      {
        "acc_rate": 0.67637,
        "n_steps": 100000,
        "obs_stats": {
          "Q": {
            "mean": 0.0021200000774115324,
            "error": 0.0037734103025224663,
            "tau_int": 1.1019759542370664,
            "dtau_int": 0.021365860556435197
          },
          "Chi_t": {
            "mean": 0.6460400223731995,
            "error": 0.004111442398195592,
            "tau_int": 1.0297630358892143,
            "dtau_int": 0.020042307320324824
          }
        },
        "n_skipped": 0,
        "step_size": 0
      },
      {
        "acc_rate": 0.67454,
        "n_steps": 100000,
        "obs_stats": {
          "Q": {
            "mean": 0.0044999998062849045,
            "error": 0.003778144159752157,
            "tau_int": 1.1047695621611207,
            "dtau_int": 0.021416841090676913
          },
          "Chi_t": {
            "mean": 0.6460400223731995,
            "error": 0.004242946314542767,
            "tau_int": 1.0725400007753063,
            "dtau_int": 0.02082767744378986
          }
        },
        "n_skipped": 0,
        "step_size": 0
      }
    ]
  ],
  "exact_sus": 0.6500977944017748
}