{
  "observables": [
    "Chi_t"
  ],
  "n_samples": [
    50000,
    80000,
    100000,
    150000
  ],
  "nip": [],
  "nmcmc": [
    [
      {
        "acc_rate": 0.00162,
        "n_steps": 50000,
        "obs_stats": {
          "Q": {
            "mean": 0.2855600118637085,
            "error": 0.11060078502386711,
            "tau_int": 781.7458459237627,
            "dtau_int": 294.6469807910336
          },
          "Chi_t": {
            "mean": 0.46164000034332275,
            "error": 0.1553615118421199,
            "tau_int": 943.9403804005055,
            "dtau_int": 374.5966115753739
          }
        },
        "n_skipped": 0,
        "step_size": 0
      },
      {
        "acc_rate": 0.00148,
        "n_steps": 50000,
        "obs_stats": {
          "Q": {
            "mean": -0.4185200035572052,
            "error": 0.20925235544930207,
            "tau_int": 2061.809905675964,
            "dtau_int": 960.8459068526985
          },
          "Chi_t": {
            "mean": 0.6693199872970581,
            "error": 0.14044654022868822,
            "tau_int": 1401.9555867076465,
            "dtau_int": 611.5540993837517
          }
        },
        "n_skipped": 0,
        "step_size": 0
      },
      {
        "acc_rate": 0.00166,
        "n_steps": 50000,
        "obs_stats": {
          "Q": {
            "mean": -0.4356600046157837,
            "error": 0.1741856762258108,
            "tau_int": 1474.7273444652608,
            "dtau_int": 650.0550835274898
          },
          "Chi_t": {
            "mean": 0.6779000163078308,
            "error": 0.11750111225509317,
            "tau_int": 791.5365756299536,
            "dtau_int": 299.3610520380133
          }
        },
        "n_skipped": 0,
        "step_size": 0
      }
    ],
    [
      {
        "acc_rate": 0.0015375,
        "n_steps": 80000,
        "obs_stats": {
          "Q": {
            "mean": 0.06103749945759773,
            "error": 0.05541567142031592,
            "tau_int": 370.5330700643912,
            "dtau_int": 93.70044092534621
          },
          "Chi_t": {
            "mean": 0.3322874903678894,
            "error": 0.12058749680707284,
            "tau_int": 879.9031858710862,
            "dtau_int": 298.42839921312407
          }
        },
        "n_skipped": 0,
        "step_size": 0
      },
      {
        "acc_rate": 0.0006,
        "n_steps": 80000,
        "obs_stats": {
          "Q": {
            "mean": 0.033925000578165054,
            "error": 0.13480975090962122,
            "tau_int": 2132.8947727422,
            "dtau_int": 920.4380342989609
          },
          "Chi_t": {
            "mean": 0.32612499594688416,
            "error": 0.10672764668631622,
            "tau_int": 604.998831454749,
            "dtau_int": 181.62570599879007
          }
        },
        "n_skipped": 0,
        "step_size": 0
      },
      {
        "acc_rate": 0.0022625,
        "n_steps": 80000,
        "obs_stats": {
          "Q": {
            "mean": 0.19263750314712524,
            "error": 0.07776560308760584,
            "tau_int": 460.37155757094223,
            "dtau_int": 125.7888280164177
          },
          "Chi_t": {
            "mean": 0.5567874908447266,
            "error": 0.17141810504372812,
            "tau_int": 776.1410754031357,
            "dtau_int": 252.95287390878872
          }
        },
        "n_skipped": 0,
        "step_size": 0
      }
    ],
    [
      {
        "acc_rate": 0.00286,
        "n_steps": 100000,
        "obs_stats": {
          "Q": {
            "mean": -0.05697000026702881,
            "error": 0.12927523929318843,
            "tau_int": 1464.6636980649935,
            "dtau_int": 541.6354319386585
          },
          "Chi_t": {
            "mean": 0.5585299730300903,
            "error": 0.11940232938512055,
            "tau_int": 929.8126453584235,
            "dtau_int": 298.9134270185591
          }
        },
        "n_skipped": 0,
        "step_size": 0
      },
      {
        "acc_rate": 0.00108,
        "n_steps": 100000,
        "obs_stats": {
          "Q": {
            "mean": 0.026009999215602875,
            "error": 0.11575623956833536,
            "tau_int": 2438.347660228805,
            "dtau_int": 1031.1820791051614
          },
          "Chi_t": {
            "mean": 0.2636699974536896,
            "error": 0.08742990740466983,
            "tau_int": 1203.8766846746628,
            "dtau_int": 419.91821491555356
          }
        },
        "n_skipped": 0,
        "step_size": 0
      },
      {
        "acc_rate": 0.00203,
        "n_steps": 100000,
        "obs_stats": {
          "Q": {
            "mean": -0.09589000046253204,
            "error": 0.13301254886807082,
            "tau_int": 1216.5483426259314,
            "dtau_int": 425.6842701020434
          },
          "Chi_t": {
            "mean": 0.7200499773025513,
            "error": 0.13591947252596126,
            "tau_int": 788.7827819686266,
            "dtau_int": 240.16938236083973
          }
        },
        "n_skipped": 0,
        "step_size": 0
      }
    ],
    [
      {
        "acc_rate": 0.00068,
        "n_steps": 150000,
        "obs_stats": {
          "Q": {
            "mean": -0.022019999101758003,
            "error": 0.14020516978749828,
            "tau_int": 2331.385189870095,
            "dtau_int": 876.9740059126835
          },
          "Chi_t": {
            "mean": 0.6150199770927429,
            "error": 0.23425293987147042,
            "tau_int": 4296.949577412462,
            "dtau_int": 1882.6394249052207
          }
        },
        "n_skipped": 0,
        "step_size": 0
      },
      {
        "acc_rate": 0.0012333333333333332,
        "n_steps": 150000,
        "obs_stats": {
          "Q": {
            "mean": -0.22487333416938782,
            "error": 0.24547775733664529,
            "tau_int": 6980.744699658257,
            "dtau_int": 3294.3899322937696
          },
          "Chi_t": {
            "mean": 0.6479533314704895,
            "error": 0.13881525635167632,
            "tau_int": 2402.445352937485,
            "dtau_int": 911.4152513771941
          }
        },
        "n_skipped": 0,
        "step_size": 0
      },
      {
        "acc_rate": 0.00116,
        "n_steps": 150000,
        "obs_stats": {
          "Q": {
            "mean": 0.027820000424981117,
            "error": 0.208675487157407,
            "tau_int": 6012.399446690988,
            "dtau_int": 2791.3942722047464
          },
          "Chi_t": {
            "mean": 0.5073133111000061,
            "error": 0.115703472162082,
            "tau_int": 2796.2600416590026,
            "dtau_int": 1105.8718804010161
          }
        },
        "n_skipped": 0,
        "step_size": 0
      }
    ]
  ],
  "exact_sus": 0.5698456448544804
}