{
  "observables": [
    "Chi_t"
  ],
  "n_samples": [
    50000,
    80000,
    100000,
    150000,
    200000,
    250000,
    300000
  ],
  "nip": [],
  "nmcmc": [
    [
      {
        "acc_rate": 0.001,
        "n_steps": 50000,
        "obs_stats": {
          "Q": {
            "mean": 0.5161200165748596,
            "error": 0.2383057426260507,
            "tau_int": 4751.515994773013,
            "dtau_int": 1906.29211267721
          },
          "Chi_t": {
            "mean": 0.5204799771308899,
            "error": 0.23985133097170455,
            "tau_int": 4877.728418997377,
            "dtau_int": 1896.562968369641
          }
        },
        "n_skipped": 0,
        "step_size": 0
      },
      {
        "acc_rate": 0.03314,
        "n_steps": 50000,
        "obs_stats": {
          "Q": {
            "mean": 0.08463999629020691,
            "error": 0.1427492021554896,
            "tau_int": 771.4733029150051,
            "dtau_int": 289.64906931818757
          },
          "Chi_t": {
            "mean": 0.6489999890327454,
            "error": 0.23502209435791033,
            "tau_int": 973.2468889539726,
            "dtau_int": 389.32338875605825
          }
        },
        "n_skipped": 0,
        "step_size": 0
      },
      {
        "acc_rate": 0.0386,
        "n_steps": 50000,
        "obs_stats": {
          "Q": {
            "mean": -0.051339998841285706,
            "error": 0.09129855894216542,
            "tau_int": 381.34895104210574,
            "dtau_int": 114.81838983313025
          },
          "Chi_t": {
            "mean": 0.5412200093269348,
            "error": 0.0529031146239532,
            "tau_int": 170.10214330672892,
            "dtau_int": 38.38125165633783
          }
        },
        "n_skipped": 0,
        "step_size": 0
      }
    ],
    [
      {
        "acc_rate": 0.026375,
        "n_steps": 80000,
        "obs_stats": {
          "Q": {
            "mean": 0.017737500369548798,
            "error": 0.28743093811784226,
            "tau_int": 4030.378846317063,
            "dtau_int": 1912.4394275051473
          },
          "Chi_t": {
            "mean": 0.752162516117096,
            "error": 0.04726808811115621,
            "tau_int": 242.0764260696372,
            "dtau_int": 52.268991850275896
          }
        },
        "n_skipped": 0,
        "step_size": 0
      },
      {
        "acc_rate": 0.0589,
        "n_steps": 80000,
        "obs_stats": {
          "Q": {
            "mean": 0.03007500059902668,
            "error": 0.03394498882500262,
            "tau_int": 96.65978185918419,
            "dtau_int": 14.560701625885475
          },
          "Chi_t": {
            "mean": 0.4765999913215637,
            "error": 0.027655386429689174,
            "tau_int": 70.59458200586148,
            "dtau_int": 9.36417130505593
          }
        },
        "n_skipped": 0,
        "step_size": 0
      },
      {
        "acc_rate": 0.039475,
        "n_steps": 80000,
        "obs_stats": {
          "Q": {
            "mean": -0.2080875039100647,
            "error": 0.0715520899605724,
            "tau_int": 414.64617470027554,
            "dtau_int": 109.14940630623926
          },
          "Chi_t": {
            "mean": 0.5322874784469604,
            "error": 0.06883159043179954,
            "tau_int": 361.58647053610235,
            "dtau_int": 90.61019056283016
          }
        },
        "n_skipped": 0,
        "step_size": 0
      }
    ],
    [
      {
        "acc_rate": 0.03277,
        "n_steps": 100000,
        "obs_stats": {
          "Q": {
            "mean": -0.017960000783205032,
            "error": 0.07536824683904496,
            "tau_int": 616.3335944516714,
            "dtau_int": 172.44861565202618
          },
          "Chi_t": {
            "mean": 0.4557400047779083,
            "error": 0.1625343692204121,
            "tau_int": 1574.120140456162,
            "dtau_int": 594.2906968910622
          }
        },
        "n_skipped": 0,
        "step_size": 0
      },
      {
        "acc_rate": 0.02211,
        "n_steps": 100000,
        "obs_stats": {
          "Q": {
            "mean": -0.08465000241994858,
            "error": 0.11258252949082677,
            "tau_int": 1995.8380604048084,
            "dtau_int": 803.5732753339355
          },
          "Chi_t": {
            "mean": 0.31338998675346375,
            "error": 0.08739739827882696,
            "tau_int": 1041.3421255801466,
            "dtau_int": 347.13778968640554
          }
        },
        "n_skipped": 0,
        "step_size": 0
      },
      {
        "acc_rate": 0.04404,
        "n_steps": 100000,
        "obs_stats": {
          "Q": {
            "mean": -0.19033999741077423,
            "error": 0.07024868989182245,
            "tau_int": 475.4343772660425,
            "dtau_int": 121.32674037953561
          },
          "Chi_t": {
            "mean": 0.5504800081253052,
            "error": 0.04576837893598069,
            "tau_int": 234.86971924314108,
            "dtau_int": 46.01601395332387
          }
        },
        "n_skipped": 0,
        "step_size": 0
      }
    ],
    [
      {
        "acc_rate": 0.017346666666666666,
        "n_steps": 150000,
        "obs_stats": {
          "Q": {
            "mean": 0.23624666035175323,
            "error": 0.16901242740840972,
            "tau_int": 3746.2888604269287,
            "dtau_int": 1593.0861444568288
          },
          "Chi_t": {
            "mean": 0.6026333570480347,
            "error": 0.09419040121982497,
            "tau_int": 1938.2625971658747,
            "dtau_int": 690.7207489065559
          }
        },
        "n_skipped": 0,
        "step_size": 0
      },
      {
        "acc_rate": 0.04562,
        "n_steps": 150000,
        "obs_stats": {
          "Q": {
            "mean": 0.1143733337521553,
            "error": 0.10921720015427384,
            "tau_int": 1488.9290019260366,
            "dtau_int": 488.80254867545835
          },
          "Chi_t": {
            "mean": 0.6028266549110413,
            "error": 0.16042677826509827,
            "tau_int": 2100.7107772457243,
            "dtau_int": 766.7480550674984
          }
        },
        "n_skipped": 0,
        "step_size": 0
      },
      {
        "acc_rate": 0.04140666666666667,
        "n_steps": 150000,
        "obs_stats": {
          "Q": {
            "mean": 0.03911999985575676,
            "error": 0.07267710026359006,
            "tau_int": 696.2217454422213,
            "dtau_int": 176.105231974319
          },
          "Chi_t": {
            "mean": 0.5654533505439758,
            "error": 0.038141711182903444,
            "tau_int": 243.40320894564573,
            "dtau_int": 41.25133724749664
          }
        },
        "n_skipped": 0,
        "step_size": 0
      }
    ],
    [
      {
        "acc_rate": 0.03248,
        "n_steps": 200000,
        "obs_stats": {
          "Q": {
            "mean": -0.1695300042629242,
            "error": 0.07383998862468244,
            "tau_int": 1082.8470040934874,
            "dtau_int": 289.4526401663291
          },
          "Chi_t": {
            "mean": 0.5270500183105469,
            "error": 0.06495615108210567,
            "tau_int": 1051.3454632516177,
            "dtau_int": 278.08652070775327
          }
        },
        "n_skipped": 0,
        "step_size": 0
      },
      {
        "acc_rate": 0.03414,
        "n_steps": 200000,
        "obs_stats": {
          "Q": {
            "mean": 0.030944999307394028,
            "error": 0.10749466806301887,
            "tau_int": 1994.3689859899064,
            "dtau_int": 655.6671787140214
          },
          "Chi_t": {
            "mean": 0.5695850253105164,
            "error": 0.04943474519983474,
            "tau_int": 555.0840270059134,
            "dtau_int": 115.94258329881653
          }
        },
        "n_skipped": 0,