{
  "observables": [
    "Chi_t"
  ],
  "n_samples": [
    25000,
    40000,
    50000,
    75000,
    100000,
    125000,
    150000,
    175000,
    200000,
    225000,
    250000,
    80000
  ],
  "nip": {},
  "nmcmc": [
    [
      {
        "acc_rate": 0.7698,
        "n_steps": 25000.0,
        "obs_stats": {
          "Q": {
            "mean": 0.0033201328478753567,
            "error": 0.0068142601814644215,
            "tau_int": 0.8630506458130331,
            "dtau_int": 0.028124784993267246
          },
          "Chi_t": {
            "mean": 0.6724668741226196,
            "error": 0.007727949410853196,
            "tau_int": 0.8280828056518914,
            "dtau_int": 0.027056260283208396
          }
        },
        "n_skipped": 0.0,
        "step_size": 0.0
      },
      {
        "acc_rate": 0.76512,
        "n_steps": 25000.0,
        "obs_stats": {
          "Q": {
            "mean": 0.001000039977952838,
            "error": 0.006706002044228005,
            "tau_int": 0.8472244078376896,
            "dtau_int": 0.027641943407648518
          },
          "Chi_t": {
            "mean": 0.6634265184402466,
            "error": 0.00761807547169726,
            "tau_int": 0.8202868715230949,
            "dtau_int": 0.026817194626505274
          }
        },
        "n_skipped": 0.0,
        "step_size": 0.0
      },
      {
        "acc_rate": 0.76844,
        "n_steps": 25000.0,
        "obs_stats": {
          "Q": {
            "mean": 0.0007200288237072527,
            "error": 0.006615260753366635,
            "tau_int": 0.8179913909376775,
            "dtau_int": 0.02674674429190214
          },
          "Chi_t": {
            "mean": 0.6686667203903198,
            "error": 0.00758259134307988,
            "tau_int": 0.7965049664494785,
            "dtau_int": 0.026086019312813312
          }
        },
        "n_skipped": 0.0,
        "step_size": 0.0
      }
    ],
    [
      {
        "acc_rate": 0.766,
        "n_steps": 40000.0,
        "obs_stats": {
          "Q": {
            "mean": 0.0013000324834138155,
            "error": 0.005436125684304159,
            "tau_int": 0.8818549419225716,
            "dtau_int": 0.02434037140281253
          },
          "Chi_t": {
            "mean": 0.6701667308807373,
            "error": 0.006104232251648645,
            "tau_int": 0.8080850348811683,
            "dtau_int": 0.020904399650089348
          }
        },
        "n_skipped": 0.0,
        "step_size": 0.0
      },
      {
        "acc_rate": 0.770675,
        "n_steps": 40000.0,
        "obs_stats": {
          "Q": {
            "mean": -0.002150053856894374,
            "error": 0.005378185807263279,
            "tau_int": 0.8583585458534593,
            "dtau_int": 0.02212136275045907
          },
          "Chi_t": {
            "mean": 0.6739168763160706,
            "error": 0.006102738840070427,
            "tau_int": 0.8205836265446895,
            "dtau_int": 0.021207893519268564
          }
        },
        "n_skipped": 0.0,
        "step_size": 0.0
      },
      {
        "acc_rate": 0.7682,
        "n_steps": 40000.0,
        "obs_stats": {
          "Q": {
            "mean": -0.0024500612635165453,
            "error": 0.0052970644941402155,
            "tau_int": 0.8342099683002404,
            "dtau_int": 0.021538061792244278
          },
          "Chi_t": {
            "mean": 0.6726667881011963,
            "error": 0.0060954952453261615,
            "tau_int": 0.8209584525579245,
            "dtau_int": 0.021216985518924623
          }
        },
        "n_skipped": 0.0,
        "step_size": 0.0
      }
    ],
    [
      {
        "acc_rate": 0.7656,
        "n_steps": 50000.0,
        "obs_stats": {
          "Q": {
            "mean": -0.003620072500780225,
            "error": 0.00480601542124947,
            "tau_int": 0.8578412526163037,
            "dtau_int": 0.021211153704770006
          },
          "Chi_t": {
            "mean": 0.6731134653091431,
            "error": 0.00536796449671489,
            "tau_int": 0.8049146981122655,
            "dtau_int": 0.018628472787587884
          }
        },
        "n_skipped": 0.0,
        "step_size": 0.0
      },
      {
        "acc_rate": 0.76962,
        "n_steps": 50000.0,
        "obs_stats": {
          "Q": {
            "mean": 0.0019200383685529232,
            "error": 0.004741357773672454,
            "tau_int": 0.8399701660703978,
            "dtau_int": 0.019388815808968538
          },
          "Chi_t": {
            "mean": 0.6690533757209778,
            "error": 0.005429147615745982,
            "tau_int": 0.8179298155937773,
            "dtau_int": 0.018911278593512888
          }
        },
        "n_skipped": 0.0,
        "step_size": 0.0
      },
      {
        "acc_rate": 0.77046,
        "n_steps": 50000.0,
        "obs_stats": {
          "Q": {
            "mean": 0.0021000420674681664,
            "error": 0.004929089185053086,
            "tau_int": 0.9194276077887167,
            "dtau_int": 0.022642161119086686
          },
          "Chi_t": {
            "mean": 0.6605932116508484,
            "error": 0.005426740645043778,
            "tau_int": 0.8292177346680869,
            "dtau_int": 0.019156064959962252
          }
        },
        "n_skipped": 0.0,
        "step_size": 0.0
      }
    ],
    [
      {
        "acc_rate": 0.76828,
        "n_steps": 75000.0,
        "obs_stats": {
          "Q": {
            "mean": -0.0010800143936648965,
            "error": 0.003912604585340007,
            "tau_int": 0.8608023719779152,
            "dtau_int": 0.017375190988643718
          },
          "Chi_t": {
            "mean": 0.6668755412101746,
            "error": 0.004493802866346057,
            "tau_int": 0.8465885380058589,
            "dtau_int": 0.01710417671020193
          }
        },
        "n_skipped": 0.0,
        "step_size": 0.0
      },
      {
        "acc_rate": 0.7678933333333333,
        "n_steps": 75000.0,
        "obs_stats": {
          "Q": {
            "mean": 0.005280070472508669,
            "error": 0.0038433366842099735,
            "tau_int": 0.8375095523781666,
            "dtau_int": 0.016930781365235972
          },
          "Chi_t": {
            "mean": 0.6613954901695251,
            "error": 0.004388846858240205,
            "tau_int": 0.8081934687833652,
            "dtau_int": 0.015268250758750587
          }
        },
        "n_skipped": 0.0,
        "step_size": 0.0
      },
      {
        "acc_rate": 0.7635333333333333,
        "n_steps": 75000.0,
        "obs_stats": {
          "Q": {
            "mean": 0.00610674824565649,
            "error": 0.0039335359523551515,
            "tau_int": 0.8681570557749043,
            "dtau_int": 0.017515206856202403
          },
          "Chi_t": {
            "mean": 0.6683555841445923,
            "error": 0.004563905932595048,
            "tau_int": 0.8545737262483899,
            "dtau_int": 0.017256497306271167
          }
        },
        "n_skipped": 0.0,
        "step_size": 0.0
      }
    ],
    [
      {
        "acc_rate": 0.76596,
        "n_steps": 100000.0,
        "obs_stats": {
          "Q": {
            "mean": -0.0014800147619098425,
            "error": 0.003367113923091382,
            "tau_int": 0.8483549206013772,
            "dtau_int": 0.014841819954502098
          },
          "Chi_t": {
            "mean": 0.6681866645812988,
            "error": 0.0039058684785180497,
            "tau_int": 0.8366274821986377,
            "dtau_int": 0.014647862759581444
          }
        },
        "n_skipped": 0.0,
        "step_size": 0.0
      },
      {
        "acc_rate": 0.7673,
        "n_steps": 100000.0,
        "obs_stats": {
          "Q": {
            "mean": 2.0000199583591893e-05,
            "error": 0.0034568166387297854,
            "tau_int": 0.8862762160793003,
            "dtau_int": 0.015466776879527579
          },