{
  "observables": [
    "Chi_t"
  ],
  "n_samples": [
    25000,
    40000,
    50000,
    75000,
    100000,
    125000,
    150000,
    175000,
    80000,
    200000,
    250000
  ],
  "nip": [],
  "nmcmc": [
    [
      {
        "acc_rate": 0.38472,
        "n_steps": 25000.0,
        "obs_stats": {
          "Q": {
            "mean": -0.021600864827632904,
            "error": 0.014116306515416758,
            "tau_int": 4.14524071526993,
            "dtau_int": 0.27424257706031135
          },
          "Chi_t": {
            "mean": 0.6011440753936768,
            "error": 0.015134229797988955,
            "tau_int": 4.0436124161451295,
            "dtau_int": 0.2630894729697973
          }
        },
        "n_skipped": 0.0,
        "step_size": 0.0
      },
      {
        "acc_rate": 0.36308,
        "n_steps": 25000.0,
        "obs_stats": {
          "Q": {
            "mean": 0.014120564796030521,
            "error": 0.0190696606463314,
            "tau_int": 8.04130040920915,
            "dtau_int": 0.7007335015849908
          },
          "Chi_t": {
            "mean": 0.5651025772094727,
            "error": 0.025007793678311664,
            "tau_int": 11.919164994922452,
            "dtau_int": 1.2302379724174708
          }
        },
        "n_skipped": 0.0,
        "step_size": 0.0
      },
      {
        "acc_rate": 0.36264,
        "n_steps": 25000.0,
        "obs_stats": {
          "Q": {
            "mean": 0.02832113206386566,
            "error": 0.021070810959320695,
            "tau_int": 9.168755517354366,
            "dtau_int": 0.8469737077954971
          },
          "Chi_t": {
            "mean": 0.6056241989135742,
            "error": 0.02030198702041319,
            "tau_int": 7.497944952095214,
            "dtau_int": 0.6362489788131699
          }
        },
        "n_skipped": 0.0,
        "step_size": 0.0
      }
    ],
    [
      {
        "acc_rate": 0.37395,
        "n_steps": 40000.0,
        "obs_stats": {
          "Q": {
            "mean": 0.015425385907292366,
            "error": 0.01147716025308395,
            "tau_int": 4.685256482560294,
            "dtau_int": 0.2642731322819936
          },
          "Chi_t": {
            "mean": 0.562389075756073,
            "error": 0.010929836988364534,
            "tau_int": 3.898541760051585,
            "dtau_int": 0.20482059952800194
          }
        },
        "n_skipped": 0.0,
        "step_size": 0.0
      },
      {
        "acc_rate": 0.37445,
        "n_steps": 40000.0,
        "obs_stats": {
          "Q": {
            "mean": -0.015650391578674316,
            "error": 0.010595659985650265,
            "tau_int": 4.058161984722938,
            "dtau_int": 0.2164280947630334
          },
          "Chi_t": {
            "mean": 0.5534138083457947,
            "error": 0.011216699360591364,
            "tau_int": 3.8969989857134317,
            "dtau_int": 0.20474526748508026
          }
        },
        "n_skipped": 0.0,
        "step_size": 0.0
      },
      {
        "acc_rate": 0.38055,
        "n_steps": 40000.0,
        "obs_stats": {
          "Q": {
            "mean": 0.024750618264079094,
            "error": 0.01175689584313668,
            "tau_int": 4.919431410328829,
            "dtau_int": 0.285078431860302
          },
          "Chi_t": {
            "mean": 0.5624140501022339,
            "error": 0.011418835865792057,
            "tau_int": 4.157441681627123,
            "dtau_int": 0.22520632457172785
          }
        },
        "n_skipped": 0.0,
        "step_size": 0.0
      }
    ],
    [
      {
        "acc_rate": 0.37326,
        "n_steps": 50000.0,
        "obs_stats": {
          "Q": {
            "mean": -0.004440088756382465,
            "error": 0.010410184453014362,
            "tau_int": 4.758237265940747,
            "dtau_int": 0.24721755909728865
          },
          "Chi_t": {
            "mean": 0.5692914128303528,
            "error": 0.009984995850713002,
            "tau_int": 3.8081421347728046,
            "dtau_int": 0.17924148485003258
          }
        },
        "n_skipped": 0.0,
        "step_size": 0.0
      },
      {
        "acc_rate": 0.37016,
        "n_steps": 50000.0,
        "obs_stats": {
          "Q": {
            "mean": -0.009840196929872036,
            "error": 0.010070239127553655,
            "tau_int": 4.478379977613595,
            "dtau_int": 0.2266688941327667
          },
          "Chi_t": {
            "mean": 0.5660912990570068,
            "error": 0.013380610031068876,
            "tau_int": 6.0981589999976675,
            "dtau_int": 0.3509602306328197
          }
        },
        "n_skipped": 0.0,
        "step_size": 0.0
      },
      {
        "acc_rate": 0.3821,
        "n_steps": 50000.0,
        "obs_stats": {
          "Q": {
            "mean": -0.00700013991445303,
            "error": 0.009878326597420543,
            "tau_int": 4.203253992386034,
            "dtau_int": 0.20693452936505788
          },
          "Chi_t": {
            "mean": 0.5803316235542297,
            "error": 0.010140811378796376,
            "tau_int": 3.6149137151513404,
            "dtau_int": 0.16764978056642044
          }
        },
        "n_skipped": 0.0,
        "step_size": 0.0
      }
    ],
    [
      {
        "acc_rate": 0.3766933333333333,
        "n_steps": 75000.0,
        "obs_stats": {
          "Q": {
            "mean": 0.01508020143955946,
            "error": 0.008428453136081555,
            "tau_int": 4.681228088459875,
            "dtau_int": 0.2017292092123166
          },
          "Chi_t": {
            "mean": 0.5692209005355835,
            "error": 0.009022034299062323,
            "tau_int": 4.625787762728057,
            "dtau_int": 0.19661767863196195
          }
        },
        "n_skipped": 0.0,
        "step_size": 0.0
      },
      {
        "acc_rate": 0.36736,
        "n_steps": 75000.0,
        "obs_stats": {
          "Q": {
            "mean": -0.010506806895136833,
            "error": 0.009973188280785536,
            "tau_int": 6.402291020900924,
            "dtau_int": 0.313989344802672
          },
          "Chi_t": {
            "mean": 0.5825944542884827,
            "error": 0.009459622563621045,
            "tau_int": 4.958705625389592,
            "dtau_int": 0.21890846205660666
          }
        },
        "n_skipped": 0.0,
        "step_size": 0.0
      },
      {
        "acc_rate": 0.37332,
        "n_steps": 75000.0,
        "obs_stats": {
          "Q": {
            "mean": 0.007760103326290846,
            "error": 0.009474837451288881,
            "tau_int": 5.944839129091904,
            "dtau_int": 0.28321645629496783
          },
          "Chi_t": {
            "mean": 0.5662475228309631,
            "error": 0.014980498661485195,
            "tau_int": 12.089774805712635,
            "dtau_int": 0.7818200813543159
          }
        },
        "n_skipped": 0.0,
        "step_size": 0.0
      }
    ],
    [
      {
        "acc_rate": 0.37248,
        "n_steps": 100000.0,
        "obs_stats": {
          "Q": {
            "mean": -0.006750067695975304,
            "error": 0.007535078980468164,
            "tau_int": 5.004950309193192,
            "dtau_int": 0.19382906638850447
          },
          "Chi_t": {
            "mean": 0.5671956539154053,
            "error": 0.007857701785164619,
            "tau_int": 4.8210218483919,
            "dtau_int": 0.1846629974883962
          }
        },
        "n_skipped": 0.0,
        "step_size": 0.0
      },
      {
        "acc_rate": 0.38326,
        "n_steps": 100000.0,
        "obs_stats": {
          "Q": {
            "mean": 1.0000099791795947e-05,
            "error": 0.007159685839724583,
            "tau_int": 4.530666984112717,
            "dtau_int": 0.16944859928541872
          },
          "Chi_t": {
            "mean": 0.5656556487083435,
            "error": 0.007507707756149622,