{
  "observables": [
    "Chi_t"
  ],
  "n_samples": [
    100000,
    150000,
    250000,
    500000,
    1000000,
    2000000
  ],
  "nip": [
    [
      {
        "obs_stats": {
          "Q": {
            "mean": 0.04694647341966629,
            "error": 0.04731407016515732,
            "error_ess": 0.04624345526099205,
            "ess_q": 0.0021205912344157696
          },
          "Chi_t": {
            "mean": 0.45568329095840454,
            "error": 0.04757325351238251,
            "error_ess": 0.04032522812485695,
            "ess_q": 0.0021205912344157696
          }
        },
        "entropy": 68152.96875,
        "std_entropy": 357270400.0,
        "free_energy": -0.04133306560755501,
        "std_free_energy": 0.007001239340752363
      }
    ],
    [
      {
        "obs_stats": {
          "Q": {
            "mean": 0.3149684965610504,
            "error": 0.2300746887922287,
            "error_ess": 0.17310817539691925,
            "ess_q": 0.00011193428508704528
          },
          "Chi_t": {
            "mean": 0.6023459434509277,
            "error": 0.23145893216133118,
            "error_ess": 0.16273698210716248,
            "ess_q": 0.00011193428508704528
          }
        },
        "entropy": 105294.9296875,
        "std_entropy": 2919403520.0,
        "free_energy": -0.04614753959645954,
        "std_free_energy": 0.02490651048719883
      }
    ],
    [
      {
        "obs_stats": {
          "Q": {
            "mean": 0.050506070256233215,
            "error": 0.0314219705760479,
            "error_ess": 0.08927082270383835,
            "ess_q": 0.00020266723004169762
          },
          "Chi_t": {
            "mean": 0.40632888674736023,
            "error": 0.04216952621936798,
            "error_ess": 0.09217673540115356,
            "ess_q": 0.00020266723004169762
          }
        },
        "entropy": 171870.0625,
        "std_entropy": 4520721920.0,
        "free_energy": -0.04314728164763434,
        "std_free_energy": 0.014337010681629181
      }
    ],
    [
      {
        "obs_stats": {
          "Q": {
            "mean": -0.015001886524260044,
            "error": 0.034494489431381226,
            "error_ess": 0.04671785235404968,
            "ess_q": 0.00043575154268182814
          },
          "Chi_t": {
            "mean": 0.47575151920318604,
            "error": 0.05761094391345978,
            "error_ess": 0.05124766752123833,
            "ess_q": 0.00043575154268182814
          }
        },
        "entropy": 348219.84375,
        "std_entropy": 8766856192.0,
        "free_energy": -0.042130942185458965,
        "std_free_energy": 0.0069129797630012035
      }
    ],
    [
      {
        "obs_stats": {
          "Q": {
            "mean": -0.003490251023322344,
            "error": 0.04040781781077385,
            "error_ess": 0.07018855959177017,
            "ess_q": 9.232504817191511e-05
          },
          "Chi_t": {
            "mean": 0.45484545826911926,
            "error": 0.056309182196855545,
            "error_ess": 0.076720230281353,
            "ess_q": 9.232504817191511e-05
          }
        },
        "entropy": 707015.0625,
        "std_entropy": 54183591936.0,
        "free_energy": -0.04247510243309934,
        "std_free_energy": 0.010621468536555767
      }
    ],
    [
      {
        "obs_stats": {
          "Q": {
            "mean": 0.011128322221338749,
            "error": 0.027633357793092728,
            "error_ess": 0.07938361912965775,
            "ess_q": 2.822758506226819e-05
          },
          "Chi_t": {
            "mean": 0.3558906614780426,
            "error": 0.02831047587096691,
            "error_ess": 0.08068636059761047,
            "ess_q": 2.822758506226819e-05
          }
        },
        "entropy": 1432999.125,
        "std_entropy": 276764983296.0,
        "free_energy": -0.04548766522191181,
        "std_free_energy": 0.013583334162831306
      }
    ]
  ],
  "nmcmc": [
    [
      {
        "acc_rate": 0.12112,
        "n_steps": 100000,
        "obs_stats": {
          "Q": {
            "mean": -0.03892999887466431,
            "error": 0.08670560416698041,
            "tau_int": 677.4826899405659,
            "dtau_int": 195.88588381227402
          },
          "Chi_t": {
            "mean": 0.5492299795150757,
            "error": 0.08541967916177558,
            "tau_int": 534.8484227086857,
            "dtau_int": 142.3802898322029
          }
        },
        "n_skipped": 0,
        "step_size": 0
      }
    ],
    [
      {
        "acc_rate": 0.09234666666666666,
        "n_steps": 150000,
        "obs_stats": {
          "Q": {
            "mean": 0.11929333209991455,
            "error": 0.056814665482690554,
            "tau_int": 496.6027490599597,
            "dtau_int": 110.89254662211846
          },
          "Chi_t": {
            "mean": 0.4986000061035156,
            "error": 0.03768925671484379,
            "tau_int": 247.2787324204348,
            "dtau_int": 42.162704132525405
          }
        },
        "n_skipped": 0,
        "step_size": 0
      }
    ],
    [
      {
        "acc_rate": 0.064996,
        "n_steps": 250000,
        "obs_stats": {
          "Q": {
            "mean": -0.294295996427536,
            "error": 0.2098057742717837,
            "tau_int": 11026.860245328744,
            "dtau_int": 5177.627396475662
          },
          "Chi_t": {
            "mean": 0.5488719940185547,
            "error": 0.13769136870285414,
            "tau_int": 7807.66893157198,
            "dtau_int": 3479.92014733163
          }
        },
        "n_skipped": 0,
        "step_size": 0
      }
    ],
    [
      {
        "acc_rate": 0.084408,
        "n_steps": 500000,
        "obs_stats": {
          "Q": {
            "mean": 0.1884399950504303,
            "error": 0.09646409361720618,
            "tau_int": 4651.537136943511,
            "dtau_int": 1495.3350116514307
          },
          "Chi_t": {
            "mean": 0.5269359946250916,
            "error": 0.041702473055962794,
            "tau_int": 1281.2419195602693,
            "dtau_int": 259.5141659597923
          }
        },
        "n_skipped": 0,
        "step_size": 0
      }
    ],
    [
      {
        "acc_rate": 0.067672,
        "n_steps": 1000000,
        "obs_stats": {
          "Q": {
            "mean": -0.012992000207304955,
            "error": 0.10692537427603004,
            "tau_int": 11892.049520131948,
            "dtau_int": 4131.829276047375
          },
          "Chi_t": {
            "mean": 0.47032400965690613,
            "error": 0.0661144326286212,
            "tau_int": 6116.166594906044,
            "dtau_int": 1706.5018212806312
          }
        },
        "n_skipped": 0,
        "step_size": 0
      }
    ],
    [
      {
        "acc_rate": 0.084861,
        "n_steps": 2000000,
        "obs_stats": {
          "Q": {
            "mean": -0.023259500041604042,
            "error": 0.04725231975191872,
            "tau_int": 4708.203726020743,
            "dtau_int": 922.9111272500345
          },
          "Chi_t": {
            "mean": 0.4725925028324127,
            "error": 0.027744897604196003,
            "tau_int": 2143.7714886497533,
            "dtau_int": 307.35625740236327
          }
        },
        "n_skipped": 0,
        "step_size": 0
      }
    ]
  ],
  "exact_sus": 0.4456744079721559
}