{
  "observables": [
    "Chi_t"
  ],
  "n_samples": [
    50000,
    80000,
    100000
  ],
  "nip": [],
  "nmcmc": [
    [
      {
        "acc_rate": 0.70332,
        "n_steps": 50000,
        "obs_stats": {
          "Q": {
            "mean": 0.0035600000992417336,
            "error": 0.005215568696290537,
            "tau_int": 1.022676746713337,
            "dtau_int": 0.026632549728045036
          },
          "Chi_t": {
            "mean": 0.6649600267410278,
            "error": 0.0059930271000114225,
            "tau_int": 1.0083156073819681,
            "dtau_int": 0.02628078935452692
          }
        },
        "n_skipped": 0,
        "step_size": 0
      },
      {
        "acc_rate": 0.70362,
        "n_steps": 50000,
        "obs_stats": {
          "Q": {
            "mean": 0.0052200001664459705,
            "error": 0.005231153848689215,
            "tau_int": 1.0286653277832098,
            "dtau_int": 0.02677904068007268
          },
          "Chi_t": {
            "mean": 0.6650599837303162,
            "error": 0.005837845593885303,
            "tau_int": 0.9418345996443274,
            "dtau_int": 0.02315942807048155
          }
        },
        "n_skipped": 0,
        "step_size": 0
      },
      {
        "acc_rate": 0.7042,
        "n_steps": 50000,
        "obs_stats": {
          "Q": {
            "mean": -0.007420000154525042,
            "error": 0.005024519614319275,
            "tau_int": 0.9489329661374142,
            "dtau_int": 0.023323014953282886
          },
          "Chi_t": {
            "mean": 0.6651399731636047,
            "error": 0.005828518318253082,
            "tau_int": 0.9277780564636897,
            "dtau_int": 0.0228349864042233
          }
        },
        "n_skipped": 0,
        "step_size": 0
      }
    ],
    [
      {
        "acc_rate": 0.704325,
        "n_steps": 80000,
        "obs_stats": {
          "Q": {
            "mean": -0.006212499924004078,
            "error": 0.004149055761570575,
            "tau_int": 1.0234393994755209,
            "dtau_int": 0.02106963294564608
          },
          "Chi_t": {
            "mean": 0.672837495803833,
            "error": 0.00477156180402507,
            "tau_int": 1.0167034359282177,
            "dtau_int": 0.02093927391951534
          }
        },
        "n_skipped": 0,
        "step_size": 0
      },
      {
        "acc_rate": 0.7010375,
        "n_steps": 80000,
        "obs_stats": {
          "Q": {
            "mean": 0.005137499887496233,
            "error": 0.004154050094737966,
            "tau_int": 1.047924711622336,
            "dtau_int": 0.02278130875483247
          },
          "Chi_t": {
            "mean": 0.6586874723434448,
            "error": 0.0048708400170622106,
            "tau_int": 1.0840896544725556,
            "dtau_int": 0.02352238529740734
          }
        },
        "n_skipped": 0,
        "step_size": 0
      },
      {
        "acc_rate": 0.700625,
        "n_steps": 80000,
        "obs_stats": {
          "Q": {
            "mean": -0.0078125,
            "error": 0.004215080078501686,
            "tau_int": 1.0539553321843858,
            "dtau_int": 0.022905100676250383
          },
          "Chi_t": {
            "mean": 0.6743375062942505,
            "error": 0.004667162643395611,
            "tau_int": 0.9529879884347154,
            "dtau_int": 0.01970060602821729
          }
        },
        "n_skipped": 0,
        "step_size": 0
      }
    ],
    [
      {
        "acc_rate": 0.70531,
        "n_steps": 100000,
        "obs_stats": {
          "Q": {
            "mean": 0.0029700000304728746,
            "error": 0.0035831228094829323,
            "tau_int": 0.9714066383802795,
            "dtau_int": 0.017941955148301
          },
          "Chi_t": {
            "mean": 0.660830020904541,
            "error": 0.004042930185582132,
            "tau_int": 0.9199799690256694,
            "dtau_int": 0.017043254060094375
          }
        },
        "n_skipped": 0,
        "step_size": 0
      },
      {
        "acc_rate": 0.70144,
        "n_steps": 100000,
        "obs_stats": {
          "Q": {
            "mean": 0.0034000000450760126,
            "error": 0.0037027238702780595,
            "tau_int": 1.0314566647004886,
            "dtau_int": 0.02007347528527171
          },
          "Chi_t": {
            "mean": 0.6646000146865845,
            "error": 0.004221082434864323,
            "tau_int": 0.9806185119469095,
            "dtau_int": 0.01810231492949729
          }
        },
        "n_skipped": 0,
        "step_size": 0
      },
      {
        "acc_rate": 0.70576,
        "n_steps": 100000,
        "obs_stats": {
          "Q": {
            "mean": 0.0018599999602884054,
            "error": 0.0035657903346091365,
            "tau_int": 0.9561925456419862,
            "dtau_int": 0.017676695285856955
          },
          "Chi_t": {
            "mean": 0.6648600101470947,
            "error": 0.004073867303206782,
            "tau_int": 0.9348631115088959,
            "dtau_int": 0.01730394687975606
          }
        },
        "n_skipped": 0,
        "step_size": 0
      }
    ]
  ],
  "exact_sus": 0.6687749432186545
}