{
  "observables": [
    "Chi_t"
  ],
  "n_samples": [
    25000,
    40000,
    50000,
    75000,
    100000,
    125000,
    150000,
    175000,
    200000,
    225000,
    250000,
    80000
  ],
  "nip": {},
  "nmcmc": [
    [
      {
        "acc_rate": 0.6992,
        "n_steps": 25000.0,
        "obs_stats": {
          "Q": {
            "mean": -0.0009200368076562881,
            "error": 0.007243534374746692,
            "tau_int": 1.0107825081744621,
            "dtau_int": 0.03499005431369422
          },
          "Chi_t": {
            "mean": 0.6487859487533569,
            "error": 0.008022446873029231,
            "tau_int": 0.9523076138893991,
            "dtau_int": 0.03309428707699701
          }
        },
        "n_skipped": 0.0,
        "step_size": 0.0
      },
      {
        "acc_rate": 0.70036,
        "n_steps": 25000.0,
        "obs_stats": {
          "Q": {
            "mean": 0.006440257653594017,
            "error": 0.0072380134392566325,
            "tau_int": 0.9979840051906022,
            "dtau_int": 0.034576517622334435
          },
          "Chi_t": {
            "mean": 0.656146228313446,
            "error": 0.008311621095755116,
            "tau_int": 0.982914448919378,
            "dtau_int": 0.034088598255386765
          }
        },
        "n_skipped": 0.0,
        "step_size": 0.0
      },
      {
        "acc_rate": 0.70076,
        "n_steps": 25000.0,
        "obs_stats": {
          "Q": {
            "mean": -0.0059202369302511215,
            "error": 0.007081234076856774,
            "tau_int": 0.9917922138782433,
            "dtau_int": 0.0343761719804335
          },
          "Chi_t": {
            "mean": 0.6319452524185181,
            "error": 0.007507739039822414,
            "tau_int": 0.886504159361647,
            "dtau_int": 0.028837990694752926
          }
        },
        "n_skipped": 0.0,
        "step_size": 0.0
      }
    ],
    [
      {
        "acc_rate": 0.69845,
        "n_steps": 40000.0,
        "obs_stats": {
          "Q": {
            "mean": 0.009925248101353645,
            "error": 0.005841875851489613,
            "tau_int": 1.0433465273143243,
            "dtau_int": 0.030341236179924673
          },
          "Chi_t": {
            "mean": 0.6542413830757141,
            "error": 0.006431835110866952,
            "tau_int": 0.9642016104463997,
            "dtau_int": 0.026469023330847195
          }
        },
        "n_skipped": 0.0,
        "step_size": 0.0
      },
      {
        "acc_rate": 0.696275,
        "n_steps": 40000.0,
        "obs_stats": {
          "Q": {
            "mean": 0.0048501212149858475,
            "error": 0.005763453174174572,
            "tau_int": 1.023976482882678,
            "dtau_int": 0.029812025758399627
          },
          "Chi_t": {
            "mean": 0.6487662196159363,
            "error": 0.006623634229285104,
            "tau_int": 0.9999999756783775,
            "dtau_int": 0.02915512324816506
          }
        },
        "n_skipped": 0.0,
        "step_size": 0.0
      },
      {
        "acc_rate": 0.699375,
        "n_steps": 40000.0,
        "obs_stats": {
          "Q": {
            "mean": -0.007225180510431528,
            "error": 0.005822786861325652,
            "tau_int": 1.0350421109301544,
            "dtau_int": 0.030114513341438612
          },
          "Chi_t": {
            "mean": 0.6551413536071777,
            "error": 0.006362183415389186,
            "tau_int": 0.9349102969714778,
            "dtau_int": 0.025714756299158557
          }
        },
        "n_skipped": 0.0,
        "step_size": 0.0
      }
    ],
    [
      {
        "acc_rate": 0.70176,
        "n_steps": 50000.0,
        "obs_stats": {
          "Q": {
            "mean": 0.007380147464573383,
            "error": 0.005211031065369044,
            "tau_int": 1.0411195878476234,
            "dtau_int": 0.027083600341686467
          },
          "Chi_t": {
            "mean": 0.6520730257034302,
            "error": 0.0056706250590057026,
            "tau_int": 0.9659762930721034,
            "dtau_int": 0.02524019623444851
          }
        },
        "n_skipped": 0.0,
        "step_size": 0.0
      },
      {
        "acc_rate": 0.70148,
        "n_steps": 50000.0,
        "obs_stats": {
          "Q": {
            "mean": -0.004160083364695311,
            "error": 0.004928572827096894,
            "tau_int": 0.9478644250590207,
            "dtau_int": 0.023298633467256875
          },
          "Chi_t": {
            "mean": 0.6406528353691101,
            "error": 0.0054069530312544165,
            "tau_int": 0.8825815287420729,
            "dtau_int": 0.02178753399925085
          }
        },
        "n_skipped": 0.0,
        "step_size": 0.0
      },
      {
        "acc_rate": 0.7015,
        "n_steps": 50000.0,
        "obs_stats": {
          "Q": {
            "mean": -0.007120142225176096,
            "error": 0.005160593628398735,
            "tau_int": 1.0177802549360149,
            "dtau_int": 0.02651295394433378
          },
          "Chi_t": {
            "mean": 0.6541730761528015,
            "error": 0.005819239865158267,
            "tau_int": 0.9853515556282992,
            "dtau_int": 0.025717213110334897
          }
        },
        "n_skipped": 0.0,
        "step_size": 0.0
      }
    ],
    [
      {
        "acc_rate": 0.7012666666666667,
        "n_steps": 75000.0,
        "obs_stats": {
          "Q": {
            "mean": 1.333351156063145e-05,
            "error": 0.004134176086043719,
            "tau_int": 0.9919524165652411,
            "dtau_int": 0.02113041633696459
          },
          "Chi_t": {
            "mean": 0.6461019515991211,
            "error": 0.00468370249397693,
            "tau_int": 0.9633058536606023,
            "dtau_int": 0.020554708375109965
          }
        },
        "n_skipped": 0.0,
        "step_size": 0.0
      },
      {
        "acc_rate": 0.70076,
        "n_steps": 75000.0,
        "obs_stats": {
          "Q": {
            "mean": 0.0021066947374492884,
            "error": 0.004187108981765686,
            "tau_int": 1.0101641439328153,
            "dtau_int": 0.02149531704519243
          },
          "Chi_t": {
            "mean": 0.6508086919784546,
            "error": 0.004524053524623211,
            "tau_int": 0.9170964471362579,
            "dtau_int": 0.01844314736451384
          }
        },
        "n_skipped": 0.0,
        "step_size": 0.0
      },
      {
        "acc_rate": 0.7025333333333333,
        "n_steps": 75000.0,
        "obs_stats": {
          "Q": {
            "mean": -0.007800104096531868,
            "error": 0.004106021812468983,
            "tau_int": 0.9879183033953358,
            "dtau_int": 0.021049470841764884
          },
          "Chi_t": {
            "mean": 0.6399952173233032,
            "error": 0.004486484935025874,
            "tau_int": 0.918854070812269,
            "dtau_int": 0.018476352156276826
          }
        },
        "n_skipped": 0.0,
        "step_size": 0.0
      }
    ],
    [
      {
        "acc_rate": 0.7038,
        "n_steps": 100000.0,
        "obs_stats": {
          "Q": {
            "mean": 0.002180021721869707,
            "error": 0.0035477930383802482,
            "tau_int": 0.9502063427322021,
            "dtau_int": 0.017572271671792636
          },
          "Chi_t": {
            "mean": 0.6623066067695618,
            "error": 0.0040590873056276875,
            "tau_int": 0.9336343847351627,
            "dtau_int": 0.017282529553717396
          }
        },
        "n_skipped": 0.0,
        "step_size": 0.0
      },
      {
        "acc_rate": 0.70268,
        "n_steps": 100000.0,
        "obs_stats": {
          "Q": {
            "mean": -0.0016700166743248701,
            "error": 0.00363555790411482,
            "tau_int": 1.0061363187571206,
            "dtau_int": 0.01854563194698076
          },