{
  "observables": [
    "Chi_t"
  ],
  "n_samples": [
    50000,
    80000,
    100000,
    150000,
    200000,
    250000
  ],
  "nip": [],
  "nmcmc": [
    [
      {
        "acc_rate": 0.00912,
        "n_steps": 50000,
        "obs_stats": {
          "Q": {
            "mean": 0.05017999932169914,
            "error": 0.10169564739048113,
            "tau_int": 466.2227618733031,
            "dtau_int": 150.02102314227892
          },
          "Chi_t": {
            "mean": 0.5474200248718262,
            "error": 0.1108874962749852,
            "tau_int": 493.1937101321047,
            "dtau_int": 161.6174816995785
          }
        },
        "n_skipped": 0,
        "step_size": 0
      },
      {
        "acc_rate": 0.00446,
        "n_steps": 50000,
        "obs_stats": {
          "Q": {
            "mean": -0.20693999528884888,
            "error": 0.14509941767430143,
            "tau_int": 1020.8694072141009,
            "dtau_int": 413.4841808945275
          },
          "Chi_t": {
            "mean": 0.5396599769592285,
            "error": 0.0941864644343534,
            "tau_int": 522.5335997626764,
            "dtau_int": 174.4333556102518
          }
        },
        "n_skipped": 0,
        "step_size": 0
      },
      {
        "acc_rate": 0.00092,
        "n_steps": 50000,
        "obs_stats": {
          "Q": {
            "mean": -0.5702400207519531,
            "error": 0.3407989659224254,
            "tau_int": 3971.292291540236,
            "dtau_int": 1793.057673680223
          },
          "Chi_t": {
            "mean": 0.9642000198364258,
            "error": 0.0323461103412421,
            "tau_int": 221.0594279269237,
            "dtau_int": 54.95238849487031
          }
        },
        "n_skipped": 0,
        "step_size": 0
      }
    ],
    [
      {
        "acc_rate": 0.0047,
        "n_steps": 80000,
        "obs_stats": {
          "Q": {
            "mean": -0.026537500321865082,
            "error": 0.05917224545781342,
            "tau_int": 643.9958561615716,
            "dtau_int": 197.41935052340227
          },
          "Chi_t": {
            "mean": 0.21488749980926514,
            "error": 0.05755886076452839,
            "tau_int": 447.8226226198621,
            "dtau_int": 121.14729216150907
          }
        },
        "n_skipped": 0,
        "step_size": 0
      },
      {
        "acc_rate": 0.005775,
        "n_steps": 80000,
        "obs_stats": {
          "Q": {
            "mean": 0.15382499992847443,
            "error": 0.12331011976258903,
            "tau_int": 1375.132667749753,
            "dtau_int": 532.0863766425717
          },
          "Chi_t": {
            "mean": 0.45225000381469727,
            "error": 0.1057792101909142,
            "tau_int": 1244.201193527742,
            "dtau_int": 468.1321504767647
          }
        },
        "n_skipped": 0,
        "step_size": 0
      },
      {
        "acc_rate": 0.00525,
        "n_steps": 80000,
        "obs_stats": {
          "Q": {
            "mean": -0.16158750653266907,
            "error": 0.07670539771534769,
            "tau_int": 817.1873789869046,
            "dtau_int": 270.8031622038785
          },
          "Chi_t": {
            "mean": 0.30863749980926514,
            "error": 0.06466315018885438,
            "tau_int": 584.1260454472633,
            "dtau_int": 173.29819554323467
          }
        },
        "n_skipped": 0,
        "step_size": 0
      }
    ],
    [
      {
        "acc_rate": 0.00489,
        "n_steps": 100000,
        "obs_stats": {
          "Q": {
            "mean": -0.2455199956893921,
            "error": 0.12783427678275824,
            "tau_int": 1842.421289989275,
            "dtau_int": 726.3981600668438
          },
          "Chi_t": {
            "mean": 0.48910000920295715,
            "error": 0.10502059569959508,
            "tau_int": 1003.6383435724076,
            "dtau_int": 330.6747951397977
          }
        },
        "n_skipped": 0,
        "step_size": 0
      },
      {
        "acc_rate": 0.00366,
        "n_steps": 100000,
        "obs_stats": {
          "Q": {
            "mean": -0.0738999992609024,
            "error": 0.08409865968432012,
            "tau_int": 1201.6002344526144,
            "dtau_int": 418.8675535858649
          },
          "Chi_t": {
            "mean": 0.2932400107383728,
            "error": 0.10798159686933524,
            "tau_int": 1065.1345821649265,
            "dtau_int": 357.62933211657787
          }
        },
        "n_skipped": 0,
        "step_size": 0
      },
      {
        "acc_rate": 0.00695,
        "n_steps": 100000,
        "obs_stats": {
          "Q": {
            "mean": -0.14007000625133514,
            "error": 0.16152548944143488,
            "tau_int": 2097.4404280743715,
            "dtau_int": 855.2887399305253
          },
          "Chi_t": {
            "mean": 0.6183900237083435,
            "error": 0.08430185902568693,
            "tau_int": 801.9956302795525,
            "dtau_int": 245.54714080764546
          }
        },
        "n_skipped": 0,
        "step_size": 0
      }
    ],
    [
      {
        "acc_rate": 0.00848,
        "n_steps": 150000,
        "obs_stats": {
          "Q": {
            "mean": 0.01979999989271164,
            "error": 0.04958057444322577,
            "tau_int": 503.65823586837695,
            "dtau_int": 113.06626011631246
          },
          "Chi_t": {
            "mean": 0.3640666604042053,
            "error": 0.054286779741870975,
            "tau_int": 489.5438843826722,
            "dtau_int": 108.7318328401387
          }
        },
        "n_skipped": 0,
        "step_size": 0
      },
      {
        "acc_rate": 0.00538,
        "n_steps": 150000,
        "obs_stats": {
          "Q": {
            "mean": -0.04174666851758957,
            "error": 0.04469563889597842,
            "tau_int": 588.3003712717913,
            "dtau_int": 139.91821622588057
          },
          "Chi_t": {
            "mean": 0.2544933259487152,
            "error": 0.0461752530061666,
            "tau_int": 650.6331053306277,
            "dtau_int": 160.5668612734126
          }
        },
        "n_skipped": 0,
        "step_size": 0
      },
      {
        "acc_rate": 0.00538,
        "n_steps": 150000,
        "obs_stats": {
          "Q": {
            "mean": -0.08640000224113464,
            "error": 0.06324721486996958,
            "tau_int": 834.040248115024,
            "dtau_int": 225.09651838161028
          },
          "Chi_t": {
            "mean": 0.3633599877357483,
            "error": 0.10257446057303075,
            "tau_int": 1119.152540476796,
            "dtau_int": 334.4174341044862
          }
        },
        "n_skipped": 0,
        "step_size": 0
      }
    ],
    [
      {
        "acc_rate": 0.003715,
        "n_steps": 200000,
        "obs_stats": {
          "Q": {
            "mean": 0.35184499621391296,
            "error": 0.34055086267963924,
            "tau_int": 9943.477969763542,
            "dtau_int": 4714.723337426347
          },
          "Chi_t": {
            "mean": 1.1944350004196167,
            "error": 0.5332905656474962,
            "tau_int": 9678.25989604537,
            "dtau_int": 4581.04667374284
          }
        },
        "n_skipped": 0,
        "step_size": 0
      },
      {
        "acc_rate": 0.003475,
        "n_steps": 200000,
        "obs_stats": {
          "Q": {
            "mean": 0.13990500569343567,
            "error": 0.17563838490399258,
            "tau_int": 5886.401655719651,
            "dtau_int": 2593.2386457434964
          },
          "Chi_t": {
            "mean": 0.5169550180435181,
            "error": 0.10778644074204341,
            "tau_int": 3177.7529042496585,
            "dtau_int": 1202.8327515062408
          }
        },
        "n_skipped": 0,
        "step_size": 0
      },
      {
        "acc_rate": 0.00536,
        "n_steps": 200000,