{
  "observables": [
    "Chi_t"
  ],
  "n_samples": [
    25000,
    40000,
    50000,
    75000,
    100000,
    125000,
    150000,
    175000,
    200000,
    225000,
    250000,
    80000
  ],
  "nip": {},
  "nmcmc": [
    [
      {
        "acc_rate": 0.69056,
        "n_steps": 25000.0,
        "obs_stats": {
          "Q": {
            "mean": -0.012720508500933647,
            "error": 0.007382489824968901,
            "tau_int": 1.0315538595144575,
            "dtau_int": 0.037971910674249654
          },
          "Chi_t": {
            "mean": 0.6605064272880554,
            "error": 0.00854493760592944,
            "tau_int": 1.0297947371230092,
            "dtau_int": 0.03791109363443104
          }
        },
        "n_skipped": 0.0,
        "step_size": 0.0
      },
      {
        "acc_rate": 0.68864,
        "n_steps": 25000.0,
        "obs_stats": {
          "Q": {
            "mean": 0.010800432413816452,
            "error": 0.007552165819325962,
            "tau_int": 1.0791767702695887,
            "dtau_int": 0.03961307362638766
          },
          "Chi_t": {
            "mean": 0.6606664061546326,
            "error": 0.008009548738643185,
            "tau_int": 0.9259184676693561,
            "dtau_int": 0.03223342182148087
          }
        },
        "n_skipped": 0.0,
        "step_size": 0.0
      },
      {
        "acc_rate": 0.68956,
        "n_steps": 25000.0,
        "obs_stats": {
          "Q": {
            "mean": -0.004400175996124744,
            "error": 0.007178586634630007,
            "tau_int": 0.9965154132342604,
            "dtau_int": 0.034529015447799266
          },
          "Chi_t": {
            "mean": 0.646345853805542,
            "error": 0.008208849024225088,
            "tau_int": 0.9984903122921072,
            "dtau_int": 0.03459289193562584
          }
        },
        "n_skipped": 0.0,
        "step_size": 0.0
      }
    ],
    [
      {
        "acc_rate": 0.696525,
        "n_steps": 40000.0,
        "obs_stats": {
          "Q": {
            "mean": 0.002075051888823509,
            "error": 0.005890687135562968,
            "tau_int": 1.0386344072814953,
            "dtau_int": 0.030212618330690773
          },
          "Chi_t": {
            "mean": 0.6681417226791382,
            "error": 0.006669534880942414,
            "tau_int": 0.9728171019479963,
            "dtau_int": 0.026690263412397656
          }
        },
        "n_skipped": 0.0,
        "step_size": 0.0
      },
      {
        "acc_rate": 0.686925,
        "n_steps": 40000.0,
        "obs_stats": {
          "Q": {
            "mean": 0.002650066278874874,
            "error": 0.0059293699939305874,
            "tau_int": 1.0564744460028175,
            "dtau_int": 0.03069914899114382
          },
          "Chi_t": {
            "mean": 0.6655166149139404,
            "error": 0.0066595867140400245,
            "tau_int": 1.0107283675961216,
            "dtau_int": 0.029449308308225057
          }
        },
        "n_skipped": 0.0,
        "step_size": 0.0
      },
      {
        "acc_rate": 0.6902,
        "n_steps": 40000.0,
        "obs_stats": {
          "Q": {
            "mean": -2.50006251008017e-05,
            "error": 0.005971213571366419,
            "tau_int": 1.0752630705424535,
            "dtau_int": 0.03121032803982837
          },
          "Chi_t": {
            "mean": 0.6631416082382202,
            "error": 0.006879327552071874,
            "tau_int": 1.0838604234652405,
            "dtau_int": 0.03144381641681796
          }
        },
        "n_skipped": 0.0,
        "step_size": 0.0
      }
    ],
    [
      {
        "acc_rate": 0.6887,
        "n_steps": 50000.0,
        "obs_stats": {
          "Q": {
            "mean": -0.0019800395239144564,
            "error": 0.005162583258163321,
            "tau_int": 1.0176521870204291,
            "dtau_int": 0.02650981792863187
          },
          "Chi_t": {
            "mean": 0.6547130942344666,
            "error": 0.005665948168941301,
            "tau_int": 0.9278251458269271,
            "dtau_int": 0.022836302752172865
          }
        },
        "n_skipped": 0.0,
        "step_size": 0.0
      },
      {
        "acc_rate": 0.6956,
        "n_steps": 50000.0,
        "obs_stats": {
          "Q": {
            "mean": -0.003140062792226672,
            "error": 0.00540031380423778,
            "tau_int": 1.1063741522141148,
            "dtau_int": 0.030329691052625573
          },
          "Chi_t": {
            "mean": 0.6589531898498535,
            "error": 0.005782451420448056,
            "tau_int": 0.9754497794954575,
            "dtau_int": 0.025473580244825197
          }
        },
        "n_skipped": 0.0,
        "step_size": 0.0
      },
      {
        "acc_rate": 0.68986,
        "n_steps": 50000.0,
        "obs_stats": {
          "Q": {
            "mean": 0.004800096154212952,
            "error": 0.005341527990866492,
            "tau_int": 1.0789368954422924,
            "dtau_int": 0.029620701351557515
          },
          "Chi_t": {
            "mean": 0.6610932350158691,
            "error": 0.005843299598582048,
            "tau_int": 0.9660152175746701,
            "dtau_int": 0.025241155737036697
          }
        },
        "n_skipped": 0.0,
        "step_size": 0.0
      }
    ],
    [
      {
        "acc_rate": 0.6855866666666667,
        "n_steps": 75000.0,
        "obs_stats": {
          "Q": {
            "mean": -0.008386778645217419,
            "error": 0.0044631288990756674,
            "tau_int": 1.1321444308438156,
            "dtau_int": 0.025306039814159225
          },
          "Chi_t": {
            "mean": 0.6598354578018188,
            "error": 0.005150684317097608,
            "tau_int": 1.106159627471435,
            "dtau_int": 0.02475948749765537
          }
        },
        "n_skipped": 0.0,
        "step_size": 0.0
      },
      {
        "acc_rate": 0.6919866666666666,
        "n_steps": 75000.0,
        "obs_stats": {
          "Q": {
            "mean": -0.00030667075770907104,
            "error": 0.004362209442831365,
            "tau_int": 1.0748941159641867,
            "dtau_int": 0.02409966822418891
          },
          "Chi_t": {
            "mean": 0.6638355255126953,
            "error": 0.004935501256384851,
            "tau_int": 1.035957653946971,
            "dtau_int": 0.023274620057688964
          }
        },
        "n_skipped": 0.0,
        "step_size": 0.0
      },
      {
        "acc_rate": 0.6914133333333333,
        "n_steps": 75000.0,
        "obs_stats": {
          "Q": {
            "mean": 0.0018666915129870176,
            "error": 0.004466345914578601,
            "tau_int": 1.1261302276595928,
            "dtau_int": 0.025179687342100725
          },
          "Chi_t": {
            "mean": 0.6642488837242126,
            "error": 0.004849362044683031,
            "tau_int": 0.9993599002620293,
            "dtau_int": 0.021278940156575048
          }
        },
        "n_skipped": 0.0,
        "step_size": 0.0
      }
    ],
    [
      {
        "acc_rate": 0.69086,
        "n_steps": 100000.0,
        "obs_stats": {
          "Q": {
            "mean": 0.0005400053923949599,
            "error": 0.0037231006973968066,
            "tau_int": 1.0515031634391143,
            "dtau_int": 0.020442034256775644
          },
          "Chi_t": {
            "mean": 0.6591066122055054,
            "error": 0.0042695882909156956,
            "tau_int": 1.0444023421157327,
            "dtau_int": 0.020311616889043944
          }
        },
        "n_skipped": 0.0,
        "step_size": 0.0
      },
      {
        "acc_rate": 0.69064,
        "n_steps": 100000.0,
        "obs_stats": {
          "Q": {
            "mean": 0.00030000301194377244,
            "error": 0.0038656599799091885,
            "tau_int": 1.126899957808145,
            "dtau_int": 0.022954710134306715
          },