{
  "observables": [
    "Chi_t"
  ],
  "n_samples": [
    50000,
    80000,
    100000,
    150000,
    200000,
    250000,
    300000,
    350000,
    500000
  ],
  "nip": [],
  "nmcmc": [
    [
      {
        "acc_rate": 0.00568,
        "n_steps": 50000,
        "obs_stats": {
          "Q": {
            "mean": -0.2192399948835373,
            "error": 0.11466820858054552,
            "tau_int": 1184.5238936424832,
            "dtau_int": 497.61013946059694
          },
          "Chi_t": {
            "mean": 0.3140000104904175,
            "error": 0.11290892433363085,
            "tau_int": 1249.1465883656952,
            "dtau_int": 531.3034303951896
          }
        },
        "n_skipped": 0,
        "step_size": 0
      },
      {
        "acc_rate": 0.00286,
        "n_steps": 50000,
        "obs_stats": {
          "Q": {
            "mean": -0.08814000338315964,
            "error": 0.06660564465666256,
            "tau_int": 877.1214104956607,
            "dtau_int": 341.27833446258165
          },
          "Chi_t": {
            "mean": 0.13021999597549438,
            "error": 0.06501458272316683,
            "tau_int": 613.9659732394042,
            "dtau_int": 215.46857636662867
          }
        },
        "n_skipped": 0,
        "step_size": 0
      },
      {
        "acc_rate": 0.00776,
        "n_steps": 50000,
        "obs_stats": {
          "Q": {
            "mean": 0.02873999997973442,
            "error": 0.13422261795855517,
            "tau_int": 868.2369482623316,
            "dtau_int": 336.9173806575765
          },
          "Chi_t": {
            "mean": 0.5033400058746338,
            "error": 0.09039318200081443,
            "tau_int": 461.9625065066957,
            "dtau_int": 148.20503089450227
          }
        },
        "n_skipped": 0,
        "step_size": 0
      }
    ],
    [
      {
        "acc_rate": 0.005925,
        "n_steps": 80000,
        "obs_stats": {
          "Q": {
            "mean": 0.21358749270439148,
            "error": 0.1548485547825804,
            "tau_int": 1465.0593139306638,
            "dtau_int": 576.7423926066381
          },
          "Chi_t": {
            "mean": 0.6787624955177307,
            "error": 0.26543868685419075,
            "tau_int": 2047.8816438253302,
            "dtau_int": 875.7679540717519
          }
        },
        "n_skipped": 0,
        "step_size": 0
      },
      {
        "acc_rate": 0.0009625,
        "n_steps": 80000,
        "obs_stats": {
          "Q": {
            "mean": -0.8570874929428101,
            "error": 0.1493946579260257,
            "tau_int": 3767.3002001468567,
            "dtau_int": 1779.6655567993337
          },
          "Chi_t": {
            "mean": 0.9530624747276306,
            "error": 0.050413382159463165,
            "tau_int": 504.89572962305243,
            "dtau_int": 142.47564692011304
          }
        },
        "n_skipped": 0,
        "step_size": 0
      },
      {
        "acc_rate": 0.005425,
        "n_steps": 80000,
        "obs_stats": {
          "Q": {
            "mean": -0.12476249784231186,
            "error": 0.13561321296976483,
            "tau_int": 1736.0124049371357,
            "dtau_int": 713.9304944935017
          },
          "Chi_t": {
            "mean": 0.42301249504089355,
            "error": 0.08790644648855758,
            "tau_int": 767.4169134279874,
            "dtau_int": 249.2087077603603
          }
        },
        "n_skipped": 0,
        "step_size": 0
      }
    ],
    [
      {
        "acc_rate": 0.00488,
        "n_steps": 100000,
        "obs_stats": {
          "Q": {
            "mean": 0.0063599999994039536,
            "error": 0.10862207450752634,
            "tau_int": 1628.7853257084414,
            "dtau_int": 620.8825981021621
          },
          "Chi_t": {
            "mean": 0.35155999660491943,
            "error": 0.08114849236525075,
            "tau_int": 979.9738201240554,
            "dtau_int": 320.409551095658
          }
        },
        "n_skipped": 0,
        "step_size": 0
      },
      {
        "acc_rate": 0.00462,
        "n_steps": 100000,
        "obs_stats": {
          "Q": {
            "mean": -0.005090000107884407,
            "error": 0.18856973157089915,
            "tau_int": 2697.050641777011,
            "dtau_int": 1166.7291893713195
          },
          "Chi_t": {
            "mean": 0.628250002861023,
            "error": 0.10181517061188583,
            "tau_int": 616.8301910624989,
            "dtau_int": 172.65383626415746
          }
        },
        "n_skipped": 0,
        "step_size": 0
      },
      {
        "acc_rate": 0.00487,
        "n_steps": 100000,
        "obs_stats": {
          "Q": {
            "mean": -0.050209999084472656,
            "error": 0.056216279528411336,
            "tau_int": 645.0338335917634,
            "dtau_int": 183.3742209921824
          },
          "Chi_t": {
            "mean": 0.24448999762535095,
            "error": 0.07018743540551949,
            "tau_int": 923.4955380016643,
            "dtau_int": 296.21064098293647
          }
        },
        "n_skipped": 0,
        "step_size": 0
      }
    ],
    [
      {
        "acc_rate": 0.007226666666666667,
        "n_steps": 150000,
        "obs_stats": {
          "Q": {
            "mean": -0.1648399978876114,
            "error": 0.12679402157253883,
            "tau_int": 2183.5475161545082,
            "dtau_int": 806.0378650873249
          },
          "Chi_t": {
            "mean": 0.5647199749946594,
            "error": 0.05996118057585714,
            "tau_int": 542.5034857252134,
            "dtau_int": 125.22304559998173
          }
        },
        "n_skipped": 0,
        "step_size": 0
      },
      {
        "acc_rate": 0.0018066666666666667,
        "n_steps": 150000,
        "obs_stats": {
          "Q": {
            "mean": -0.7631666660308838,
            "error": 0.2116135114861829,
            "tau_int": 10699.862671597646,
            "dtau_int": 4981.3232837749765
          },
          "Chi_t": {
            "mean": 0.8605133295059204,
            "error": 0.09471051049347635,
            "tau_int": 3512.4188132705735,
            "dtau_int": 1471.3171147879962
          }
        },
        "n_skipped": 0,
        "step_size": 0
      },
      {
        "acc_rate": 0.0022466666666666668,
        "n_steps": 150000,
        "obs_stats": {
          "Q": {
            "mean": -0.25197333097457886,
            "error": 0.15264331561079755,
            "tau_int": 4394.440478983091,
            "dtau_int": 1934.2274438317108
          },
          "Chi_t": {
            "mean": 0.44098666310310364,
            "error": 0.11150874924466306,
            "tau_int": 2182.510759476331,
            "dtau_int": 805.5792172993482
          }
        },
        "n_skipped": 0,
        "step_size": 0
      }
    ],
    [
      {
        "acc_rate": 0.006615,
        "n_steps": 200000,
        "obs_stats": {
          "Q": {
            "mean": -0.05014000087976456,
            "error": 0.1081282143228501,
            "tau_int": 2189.749278529414,
            "dtau_int": 741.5947764331992
          },
          "Chi_t": {
            "mean": 0.5256100296974182,
            "error": 0.05894134830532233,
            "tau_int": 784.0807508856458,
            "dtau_int": 186.4536524105904
          }
        },
        "n_skipped": 0,
        "step_size": 0
      },
      {
        "acc_rate": 0.006295,
        "n_steps": 200000,
        "obs_stats": {
          "Q": {
            "mean": -0.01607999950647354,
            "error": 0.03932756179862225,
            "tau_int": 427.0472916000557,
            "dtau_int": 80.63061599925632
          },
          "Chi_t": {
            "mean": 0.3609200119972229,
            "error": 0.053034022794699216,
            "tau_int": 872.5511536105288,
            "dtau_int": 215.78487626976536
          }
        },
        "n_skipped": 0,