{
  "observables": [
    "Chi_t"
  ],
  "n_samples": [
    50000,
    125000,
    250000
  ],
  "nip": [
    [
      {
        "obs_stats": {
          "Q": {
            "mean": 0.0006278104265220463,
            "error": 0.009273518808186054,
            "error_ess": 0.012148839421570301,
            "ess_q": 0.06682607531547546
          },
          "Chi_t": {
            "mean": 0.49314790964126587,
            "error": 0.010454765520989895,
            "error_ess": 0.012325523421168327,
            "ess_q": 0.06682607531547546
          }
        },
        "entropy": 51489.953125,
        "std_entropy": 23832990.0,
        "free_energy": -0.29840820161967196,
        "std_free_energy": 0.0021575060673058033
      },
      {
        "obs_stats": {
          "Q": {
            "mean": 0.011398393660783768,
            "error": 0.013364030979573727,
            "error_ess": 0.011040020734071732,
            "ess_q": 0.08618216961622238
          },
          "Chi_t": {
            "mean": 0.525322437286377,
            "error": 0.01922757737338543,
            "error_ess": 0.011060480028390884,
            "ess_q": 0.08618216961622238
          }
        },
        "entropy": 51409.51171875,
        "std_entropy": 20928134.0,
        "free_energy": -0.2983356225453042,
        "std_free_energy": 0.0018800301477313042
      },
      {
        "obs_stats": {
          "Q": {
            "mean": -0.014963492751121521,
            "error": 0.013458426110446453,
            "error_ess": 0.012393278069794178,
            "ess_q": 0.06643084436655045
          },
          "Chi_t": {
            "mean": 0.5103804469108582,
            "error": 0.013723872601985931,
            "error_ess": 0.011947009712457657,
            "ess_q": 0.06643084436655045
          }
        },
        "entropy": 51440.23046875,
        "std_entropy": 23859052.0,
        "free_energy": -0.2984454268370483,
        "std_free_energy": 0.002164372941479087
      }
    ],
    [
      {
        "obs_stats": {
          "Q": {
            "mean": 0.0057311593554914,
            "error": 0.010134016163647175,
            "error_ess": 0.009197592735290527,
            "ess_q": 0.046789444983005524
          },
          "Chi_t": {
            "mean": 0.4948022663593292,
            "error": 0.01072306465357542,
            "error_ess": 0.009385457262396812,
            "ess_q": 0.046789444983005524
          }
        },
        "entropy": 130854.3046875,
        "std_entropy": 112947184.0,
        "free_energy": -0.2984107133048525,
        "std_free_energy": 0.0016481303609907627
      },
      {
        "obs_stats": {
          "Q": {
            "mean": -0.0005240211612544954,
            "error": 0.006186099722981453,
            "error_ess": 0.006874086335301399,
            "ess_q": 0.08254124224185944
          },
          "Chi_t": {
            "mean": 0.4875372648239136,
            "error": 0.00654906639829278,
            "error_ess": 0.0067946407943964005,
            "ess_q": 0.08254124224185944
          }
        },
        "entropy": 130536.0078125,
        "std_entropy": 84700424.0,
        "free_energy": -0.2980601553411141,
        "std_free_energy": 0.001217387616634369
      },
      {
        "obs_stats": {
          "Q": {
            "mean": 0.004821544513106346,
            "error": 0.007100655231624842,
            "error_ess": 0.00674621295183897,
            "ess_q": 0.08698760718107224
          },
          "Chi_t": {
            "mean": 0.4948852062225342,
            "error": 0.008379815146327019,
            "error_ess": 0.006734864786267281,
            "ess_q": 0.08698760718107224
          }
        },
        "entropy": 130459.9453125,
        "std_entropy": 82384424.0,
        "free_energy": -0.29827204688503733,
        "std_free_energy": 0.0011829891009256244
      }
    ],
    [
      {
        "obs_stats": {
          "Q": {
            "mean": 0.0013616071082651615,
            "error": 0.0055344197899103165,
            "error_ess": 0.006022953893989325,
            "ess_q": 0.05424146354198456
          },
          "Chi_t": {
            "mean": 0.4919153153896332,
            "error": 0.00614568404853344,
            "error_ess": 0.006044754292815924,
            "ess_q": 0.05424146354198456
          }
        },
        "entropy": 263876.3125,
        "std_entropy": 295169024.0,
        "free_energy": -0.2983970415196823,
        "std_free_energy": 0.0010781511664390564
      },
      {
        "obs_stats": {
          "Q": {
            "mean": -0.0046483539044857025,
            "error": 0.005183845292776823,
            "error_ess": 0.005015770439058542,
            "ess_q": 0.07895558327436447
          },
          "Chi_t": {
            "mean": 0.4966098666191101,
            "error": 0.00743462797254324,
            "error_ess": 0.0050894394516944885,
            "ess_q": 0.07895558327436447
          }
        },
        "entropy": 263584.71875,
        "std_entropy": 244190624.0,
        "free_energy": -0.29826304311045143,
        "std_free_energy": 0.000881869054865092
      },
      {
        "obs_stats": {
          "Q": {
            "mean": 0.005291566718369722,
            "error": 0.0038186220917850733,
            "error_ess": 0.004474407061934471,
            "ess_q": 0.09686547517776489
          },
          "Chi_t": {
            "mean": 0.48484545946121216,
            "error": 0.004174140747636557,
            "error_ess": 0.004485378973186016,
            "ess_q": 0.09686547517776489
          }
        },
        "entropy": 263652.53125,
        "std_entropy": 220636704.0,
        "free_energy": -0.2981019393278641,
        "std_free_energy": 0.0007884006481617689
      }
    ]
  ],
  "nmcmc": [
    [
      {
        "acc_rate": 0.33562,
        "n_steps": 50000,
        "obs_stats": {
          "Q": {
            "mean": -0.0027000540867447853,
            "error": 0.0109885705128862,
            "tau_int": 6.034619269914691,
            "dtau_int": 0.34756980512933194
          },
          "Chi_t": {
            "mean": 0.5001100301742554,
            "error": 0.01073895276798047,
            "tau_int": 5.555899757444521,
            "dtau_int": 0.3061088369932959
          }
        },
        "n_skipped": 0,
        "step_size": 0
      },
      {
        "acc_rate": 0.3364,
        "n_steps": 50000,
        "obs_stats": {
          "Q": {
            "mean": -0.020920418202877045,
            "error": 0.012559233544715095,
            "tau_int": 7.779362655711012,
            "dtau_int": 0.49554797446939186
          },
          "Chi_t": {
            "mean": 0.5071701407432556,
            "error": 0.011519323989722056,
            "tau_int": 6.532105422686482,
            "dtau_int": 0.3874095806377712
          }
        },
        "n_skipped": 0,
        "step_size": 0
      },
      {
        "acc_rate": 0.33246,
        "n_steps": 50000,
        "obs_stats": {
          "Q": {
            "mean": -0.01600031927227974,
            "error": 0.011904067300497917,
            "tau_int": 6.866358914355089,
            "dtau_int": 0.4148760824252277
          },
          "Chi_t": {
            "mean": 0.5160503387451172,
            "error": 0.01213451587407002,
            "tau_int": 6.810081771742078,
            "dtau_int": 0.4117293755470766
          }
        },
        "n_skipped": 0,
        "step_size": 0
      }
    ],
    [
      {
        "acc_rate": 0.320144,
        "n_steps": 125000,
        "obs_stats": {
          "Q": {
            "mean": -0.013952111825346947,
            "error": 0.006886788720804091,
            "tau_int": 6.247922449480498,
            "dtau_int": 0.24295330465691564
          },
          "Chi_t": {
            "mean": 0.4745798110961914,
            "error": 0.007607865779151695,
            "tau_int": 7.285637773913651,
            "dtau_int": 0.3034600172502028
          }
        },
        "n_skipped": 0,