{
  "observables": [
    "Chi_t"
  ],
  "n_samples": [
    50000,
    80000,
    100000
  ],
  "nip": [],
  "nmcmc": [
    [
      {
        "acc_rate": 0.46898,
        "n_steps": 50000,
        "obs_stats": {
          "Q": {
            "mean": -0.011359999887645245,
            "error": 0.008064583714526084,
            "tau_int": 2.55933914615612,
            "dtau_int": 0.10222158403195813
          },
          "Chi_t": {
            "mean": 0.6353600025177002,
            "error": 0.010042174823629702,
            "tau_int": 2.9020607662533306,
            "dtau_int": 0.12063064580513343
          }
        },
        "n_skipped": 0,
        "step_size": 0
      },
      {
        "acc_rate": 0.47424,
        "n_steps": 50000,
        "obs_stats": {
          "Q": {
            "mean": -0.003379999892786145,
            "error": 0.008384407347939202,
            "tau_int": 2.6592727901097986,
            "dtau_int": 0.10594651518350104
          },
          "Chi_t": {
            "mean": 0.6608200073242188,
            "error": 0.009051425120071089,
            "tau_int": 2.390367449510464,
            "dtau_int": 0.09098388536537215
          }
        },
        "n_skipped": 0,
        "step_size": 0
      },
      {
        "acc_rate": 0.47218,
        "n_steps": 50000,
        "obs_stats": {
          "Q": {
            "mean": -0.013580000028014183,
            "error": 0.00775995441324383,
            "tau_int": 2.373376084482546,
            "dtau_int": 0.09037951729120985
          },
          "Chi_t": {
            "mean": 0.6344199776649475,
            "error": 0.00808878782374807,
            "tau_int": 2.0673902448967887,
            "dtau_int": 0.07495847234214077
          }
        },
        "n_skipped": 0,
        "step_size": 0
      }
    ],
    [
      {
        "acc_rate": 0.4746875,
        "n_steps": 80000,
        "obs_stats": {
          "Q": {
            "mean": 0.009512499906122684,
            "error": 0.00636309448713128,
            "tau_int": 2.517334808671476,
            "dtau_int": 0.07957061032120856
          },
          "Chi_t": {
            "mean": 0.6434124708175659,
            "error": 0.007034101083811502,
            "tau_int": 2.3574356972892336,
            "dtau_int": 0.07293314055344005
          }
        },
        "n_skipped": 0,
        "step_size": 0
      },
      {
        "acc_rate": 0.4734125,
        "n_steps": 80000,
        "obs_stats": {
          "Q": {
            "mean": -0.010162499733269215,
            "error": 0.0068362565977189375,
            "tau_int": 2.8281850481451456,
            "dtau_int": 0.09522170822356973
          },
          "Chi_t": {
            "mean": 0.6610375046730042,
            "error": 0.007661398705079261,
            "tau_int": 2.7014288888036764,
            "dtau_int": 0.08918515169912906
          }
        },
        "n_skipped": 0,
        "step_size": 0
      },
      {
        "acc_rate": 0.4750125,
        "n_steps": 80000,
        "obs_stats": {
          "Q": {
            "mean": -0.005837500095367432,
            "error": 0.006103815834994221,
            "tau_int": 2.3436751438090653,
            "dtau_int": 0.07253347973345206
          },
          "Chi_t": {
            "mean": 0.6358625292778015,
            "error": 0.006554281737513266,
            "tau_int": 2.14328410681909,
            "dtau_int": 0.0631391197695265
          }
        },
        "n_skipped": 0,
        "step_size": 0
      }
    ],
    [
      {
        "acc_rate": 0.47782,
        "n_steps": 100000,
        "obs_stats": {
          "Q": {
            "mean": 0.0023300000466406345,
            "error": 0.0055951635973733515,
            "tau_int": 2.4135794363718284,
            "dtau_int": 0.0684136668510904
          },
          "Chi_t": {
            "mean": 0.6485099792480469,
            "error": 0.006133651239443904,
            "tau_int": 2.2336886005462775,
            "dtau_int": 0.06037790671049434
          }
        },
        "n_skipped": 0,
        "step_size": 0
      },
      {
        "acc_rate": 0.48164,
        "n_steps": 100000,
        "obs_stats": {
          "Q": {
            "mean": -0.0011500000255182385,
            "error": 0.0055696093371572,
            "tau_int": 2.4134504181472214,
            "dtau_int": 0.06841022949275931
          },
          "Chi_t": {
            "mean": 0.6426299810409546,
            "error": 0.00609775251203468,
            "tau_int": 2.214477922669675,
            "dtau_int": 0.05989009926033625
          }
        },
        "n_skipped": 0,
        "step_size": 0
      },
      {
        "acc_rate": 0.47636,
        "n_steps": 100000,
        "obs_stats": {
          "Q": {
            "mean": 0.00215999991632998,
            "error": 0.005759068209888106,
            "tau_int": 2.5773544258260754,
            "dtau_int": 0.07456112284541018
          },
          "Chi_t": {
            "mean": 0.6434000134468079,
            "error": 0.006851340503420714,
            "tau_int": 2.785598493823017,
            "dtau_int": 0.08396516847548902
          }
        },
        "n_skipped": 0,
        "step_size": 0
      }
    ]
  ],
  "exact_sus": 0.6439874072967454
}