{
  "observables": [
    "Chi_t"
  ],
  "n_samples": [
    50000,
    125000,
    250000,
    500000,
    1000000
  ],
  "nip": [
    [
      {
        "obs_stats": {
          "Q": {
            "mean": 0.0011278708698228002,
            "error": 0.010303541086614132,
            "error_ess": 0.010876650922000408,
            "ess_q": 0.29014065861701965
          },
          "Chi_t": {
            "mean": 1.716171145439148,
            "error": 0.020542548969388008,
            "error_ess": 0.020254649221897125,
            "ess_q": 0.29014065861701965
          }
        },
        "entropy": 67599.7265625,
        "std_entropy": 12510275.0,
        "free_energy": -0.6365668219803237,
        "std_free_energy": 0.000713946355972439
      },
      {
        "obs_stats": {
          "Q": {
            "mean": -0.004300442989915609,
            "error": 0.010971061885356903,
            "error_ess": 0.012407978996634483,
            "ess_q": 0.22561904788017273
          },
          "Chi_t": {
            "mean": 1.7367758750915527,
            "error": 0.02144705317914486,
            "error_ess": 0.023212861269712448,
            "ess_q": 0.22561904788017273
          }
        },
        "entropy": 67529.0859375,
        "std_entropy": 14152437.0,
        "free_energy": -0.6366124147111915,
        "std_free_energy": 0.0008456159848719835
      },
      {
        "obs_stats": {
          "Q": {
            "mean": 0.01735859178006649,
            "error": 0.010779534466564655,
            "error_ess": 0.011122693307697773,
            "ess_q": 0.2817605435848236
          },
          "Chi_t": {
            "mean": 1.7431567907333374,
            "error": 0.02185075730085373,
            "error_ess": 0.0205049067735672,
            "ess_q": 0.2817605435848236
          }
        },
        "entropy": 67600.2734375,
        "std_entropy": 12696204.0,
        "free_energy": -0.6365184293347026,
        "std_free_energy": 0.0007287494372576475
      }
    ],
    [
      {
        "obs_stats": {
          "Q": {
            "mean": 0.01256642397493124,
            "error": 0.0066597554832696915,
            "error_ess": 0.0071328007616102695,
            "ess_q": 0.2774777114391327
          },
          "Chi_t": {
            "mean": 1.764792561531067,
            "error": 0.013468418270349503,
            "error_ess": 0.01346789114177227,
            "ess_q": 0.2774777114391327
          }
        },
        "entropy": 169966.75,
        "std_entropy": 50420080.0,
        "free_energy": -0.63651343015084,
        "std_free_energy": 0.00046582487993873656
      },
      {
        "obs_stats": {
          "Q": {
            "mean": 0.0047479961067438126,
            "error": 0.006923547014594078,
            "error_ess": 0.007304877508431673,
            "ess_q": 0.26573827862739563
          },
          "Chi_t": {
            "mean": 1.7725238800048828,
            "error": 0.014596128836274147,
            "error_ess": 0.0138655174523592,
            "ess_q": 0.26573827862739563
          }
        },
        "entropy": 170195.0625,
        "std_entropy": 51672412.0,
        "free_energy": -0.6365823087761083,
        "std_free_energy": 0.0004798544105142355
      },
      {
        "obs_stats": {
          "Q": {
            "mean": -0.0031154935713857412,
            "error": 0.006683514453470707,
            "error_ess": 0.007123333867639303,
            "ess_q": 0.2749135196208954
          },
          "Chi_t": {
            "mean": 1.743699550628662,
            "error": 0.013217520900070667,
            "error_ess": 0.01336613204330206,
            "ess_q": 0.2749135196208954
          }
        },
        "entropy": 169994.421875,
        "std_entropy": 50672064.0,
        "free_energy": -0.6365287300215222,
        "std_free_energy": 0.000468821992399171
      }
    ],
    [
      {
        "obs_stats": {
          "Q": {
            "mean": -0.00247616576962173,
            "error": 0.004850349854677916,
            "error_ess": 0.005108986981213093,
            "ess_q": 0.27072930335998535
          },
          "Chi_t": {
            "mean": 1.766626238822937,
            "error": 0.010006635449826717,
            "error_ess": 0.009597286581993103,
            "ess_q": 0.27072930335998535
          }
        },
        "entropy": 341931.25,
        "std_entropy": 144550416.0,
        "free_energy": -0.6365581725862216,
        "std_free_energy": 0.0003350209444761276
      },
      {
        "obs_stats": {
          "Q": {
            "mean": 0.0012102946639060974,
            "error": 0.004940465558320284,
            "error_ess": 0.0051946560852229595,
            "ess_q": 0.25937187671661377
          },
          "Chi_t": {
            "mean": 1.749746322631836,
            "error": 0.010130197741091251,
            "error_ess": 0.00977003201842308,
            "ess_q": 0.25937187671661377
          }
        },
        "entropy": 341897.6875,
        "std_entropy": 147640352.0,
        "free_energy": -0.6365907236194841,
        "std_free_energy": 0.0003449323121458292
      },
      {
        "obs_stats": {
          "Q": {
            "mean": -0.001250864821486175,
            "error": 0.0048938472755253315,
            "error_ess": 0.005076511763036251,
            "ess_q": 0.2730123698711395
          },
          "Chi_t": {
            "mean": 1.7589433193206787,
            "error": 0.01025461871176958,
            "error_ess": 0.009545310400426388,
            "ess_q": 0.2730123698711395
          }
        },
        "entropy": 342075.4375,
        "std_entropy": 144073664.0,
        "free_energy": -0.6365960277735306,
        "std_free_energy": 0.0003330945910420269
      }
    ],
    [
      {
        "obs_stats": {
          "Q": {
            "mean": -0.008320372551679611,
            "error": 0.0034588142298161983,
            "error_ess": 0.003601248376071453,
            "ess_q": 0.27117887139320374
          },
          "Chi_t": {
            "mean": 1.7585235834121704,
            "error": 0.00710440194234252,
            "error_ess": 0.006767205893993378,
            "ess_q": 0.27117887139320374
          }
        },
        "entropy": 687616.9375,
        "std_entropy": 408698080.0,
        "free_energy": -0.6365716935800854,
        "std_free_energy": 0.00023662594321649522
      },
      {
        "obs_stats": {
          "Q": {
            "mean": -0.007004204206168652,
            "error": 0.003435181686654687,
            "error_ess": 0.0035734917037189007,
            "ess_q": 0.2750875949859619
          },
          "Chi_t": {
            "mean": 1.756458044052124,
            "error": 0.007192966528236866,
            "error_ess": 0.006740236189216375,
            "ess_q": 0.2750875949859619
          }
        },
        "entropy": 687780.0625,
        "std_entropy": 406010656.0,
        "free_energy": -0.6365619362126868,
        "std_free_energy": 0.0002343079831916839
      },
      {
        "obs_stats": {
          "Q": {
            "mean": -0.00270355143584311,
            "error": 0.0035318678710609674,
            "error_ess": 0.003564563812687993,
            "ess_q": 0.2769366502761841
          },
          "Chi_t": {
            "mean": 1.7593979835510254,
            "error": 0.00765631627291441,
            "error_ess": 0.006691896356642246,
            "ess_q": 0.2769366502761841
          }
        },
        "entropy": 687327.5625,
        "std_entropy": 404028640.0,
        "free_energy": -0.6365861201060917,
        "std_free_energy": 0.00023322644119616598
      }
    ],
    [
      {
        "obs_stats": {
          "Q": {
            "mean": -0.0012543099001049995,
            "error": 0.0024028385523706675,
            "error_ess": 0.0025056516751646996,
            "ess_q": 0.27831387519836426
          },
          "Chi_t": {
            "mean": 1.7473353147506714,
            "error": 0.004969437140971422,
            "error_ess": 0.004702466540038586,