{
  "observables": [
    "Chi_t"
  ],
  "n_samples": [
    50000,
    80000,
    100000,
    150000,
    200000,
    250000,
    300000,
    350000,
    500000
  ],
  "nip": [],
  "nmcmc": [
    [
      {
        "acc_rate": 0.02298,
        "n_steps": 50000,
        "obs_stats": {
          "Q": {
            "mean": -0.19106000661849976,
            "error": 0.3037249807893822,
            "tau_int": 3076.88361129415,
            "dtau_int": 1460.0430728573829
          },
          "Chi_t": {
            "mean": 0.7113800048828125,
            "error": 0.16444290126674185,
            "tau_int": 2810.005340479835,
            "dtau_int": 1337.1597910245416
          }
        },
        "n_skipped": 0,
        "step_size": 0
      },
      {
        "acc_rate": 0.02798,
        "n_steps": 50000,
        "obs_stats": {
          "Q": {
            "mean": 0.0386199988424778,
            "error": 0.14157332225139,
            "tau_int": 1054.8610326509395,
            "dtau_int": 430.7801357302708
          },
          "Chi_t": {
            "mean": 0.4587000012397766,
            "error": 0.06378997016522174,
            "tau_int": 244.19119626330334,
            "dtau_int": 62.93537398893505
          }
        },
        "n_skipped": 0,
        "step_size": 0
      },
      {
        "acc_rate": 0.02286,
        "n_steps": 50000,
        "obs_stats": {
          "Q": {
            "mean": 0.2130800038576126,
            "error": 0.19599267309286322,
            "tau_int": 2948.666072761556,
            "dtau_int": 1401.9867327354343
          },
          "Chi_t": {
            "mean": 0.33987998962402344,
            "error": 0.14783852931099564,
            "tau_int": 1928.14145185267,
            "dtau_int": 890.5189372934138
          }
        },
        "n_skipped": 0,
        "step_size": 0
      }
    ],
    [
      {
        "acc_rate": 0.0006,
        "n_steps": 80000,
        "obs_stats": {
          "Q": {
            "mean": 0.9707375168800354,
            "error": 0.02995814570713707,
            "tau_int": 673.5553191664641,
            "dtau_int": 209.61235681033304
          },
          "Chi_t": {
            "mean": 0.9947875142097473,
            "error": 0.010194020663667168,
            "tau_int": 109.42287195128314,
            "dtau_int": 17.337174892578908
          }
        },
        "n_skipped": 0,
        "step_size": 0
      },
      {
        "acc_rate": 0.0155625,
        "n_steps": 80000,
        "obs_stats": {
          "Q": {
            "mean": -0.4587000012397766,
            "error": 0.2422430156173051,
            "tau_int": 5072.58707500556,
            "dtau_int": 2401.566763988815
          },
          "Chi_t": {
            "mean": 0.6257749795913696,
            "error": 0.20493341728737355,
            "tau_int": 5828.034865588855,
            "dtau_int": 2700.9232448868433
          }
        },
        "n_skipped": 0,
        "step_size": 0
      },
      {
        "acc_rate": 0.0233,
        "n_steps": 80000,
        "obs_stats": {
          "Q": {
            "mean": 0.02592499926686287,
            "error": 0.08700013052823767,
            "tau_int": 834.4908491177233,
            "dtau_int": 278.33798670426296
          },
          "Chi_t": {
            "mean": 0.35644999146461487,
            "error": 0.07336284713978852,
            "tau_int": 799.7067495606595,
            "dtau_int": 263.16265643274744
          }
        },
        "n_skipped": 0,
        "step_size": 0
      }
    ],
    [
      {
        "acc_rate": 0.02287,
        "n_steps": 100000,
        "obs_stats": {
          "Q": {
            "mean": -0.2134999930858612,
            "error": 0.16028594722018097,
            "tau_int": 2627.5166294784417,
            "dtau_int": 1130.1356028245486
          },
          "Chi_t": {
            "mean": 0.5120400190353394,
            "error": 0.2810355455229196,
            "tau_int": 3315.176532514329,
            "dtau_int": 1494.159069024499
          }
        },
        "n_skipped": 0,
        "step_size": 0
      },
      {
        "acc_rate": 0.02221,
        "n_steps": 100000,
        "obs_stats": {
          "Q": {
            "mean": -0.04089999943971634,
            "error": 0.1971588872280951,
            "tau_int": 3039.8710642460596,
            "dtau_int": 1347.9528619120147
          },
          "Chi_t": {
            "mean": 0.6075000166893005,
            "error": 0.08409810997074814,
            "tau_int": 1364.3181424102288,
            "dtau_int": 494.1907487008388
          }
        },
        "n_skipped": 0,
        "step_size": 0
      },
      {
        "acc_rate": 0.03063,
        "n_steps": 100000,
        "obs_stats": {
          "Q": {
            "mean": -0.08250000327825546,
            "error": 0.09707389326689217,
            "tau_int": 908.3115772950416,
            "dtau_int": 289.76069951142154
          },
          "Chi_t": {
            "mean": 0.5167199969291687,
            "error": 0.08667036022347518,
            "tau_int": 795.2136931324447,
            "dtau_int": 242.7831193256045
          }
        },
        "n_skipped": 0,
        "step_size": 0
      }
    ],
    [
      {
        "acc_rate": 0.02564,
        "n_steps": 150000,
        "obs_stats": {
          "Q": {
            "mean": -0.06255333125591278,
            "error": 0.036839750120450154,
            "tau_int": 375.4461011170506,
            "dtau_int": 75.39032248036874
          },
          "Chi_t": {
            "mean": 0.2736999988555908,
            "error": 0.04034811608110095,
            "tau_int": 491.12788583581795,
            "dtau_int": 109.2137712009756
          }
        },
        "n_skipped": 0,
        "step_size": 0
      },
      {
        "acc_rate": 0.025673333333333333,
        "n_steps": 150000,
        "obs_stats": {
          "Q": {
            "mean": -0.21666666865348816,
            "error": 0.1002093440070944,
            "tau_int": 2097.403650353461,
            "dtau_int": 765.1813257149316
          },
          "Chi_t": {
            "mean": 0.39685332775115967,
            "error": 0.07873045564879542,
            "tau_int": 1565.4916804698676,
            "dtau_int": 522.2275213625679
          }
        },
        "n_skipped": 0,
        "step_size": 0
      },
      {
        "acc_rate": 0.02624,
        "n_steps": 150000,
        "obs_stats": {
          "Q": {
            "mean": 0.20281332731246948,
            "error": 0.22139175591724175,
            "tau_int": 7003.251237333512,
            "dtau_int": 3305.9003081238
          },
          "Chi_t": {
            "mean": 0.5253599882125854,
            "error": 0.09692379577883597,
            "tau_int": 1931.046814227333,
            "dtau_int": 687.3697188398163
          }
        },
        "n_skipped": 0,
        "step_size": 0
      }
    ],
    [
      {
        "acc_rate": 0.017595,
        "n_steps": 200000,
        "obs_stats": {
          "Q": {
            "mean": -0.14501500129699707,
            "error": 0.179683475934815,
            "tau_int": 5711.347150671888,
            "dtau_int": 2500.6509625180083
          },
          "Chi_t": {
            "mean": 0.5583249926567078,
            "error": 0.0876253198435395,
            "tau_int": 1668.6325458577091,
            "dtau_int": 517.5918194706846
          }
        },
        "n_skipped": 0,
        "step_size": 0
      },
      {
        "acc_rate": 0.034125,
        "n_steps": 200000,
        "obs_stats": {
          "Q": {
            "mean": -0.18544000387191772,
            "error": 0.044795465044244,
            "tau_int": 523.9148890430628,
            "dtau_int": 107.0271080526129
          },
          "Chi_t": {
            "mean": 0.41543999314308167,
            "error": 0.043815713715390094,
            "tau_int": 449.6624231325074,
            "dtau_int": 86.6073074811236
          }
        },
        "n_skipped": 0,