{
  "observables": [
    "Chi_t"
  ],
  "n_samples": [
    25000,
    40000,
    50000,
    75000,
    100000,
    125000,
    150000,
    175000,
    200000,
    225000,
    250000
  ],
  "nip": {},
  "nmcmc": [
    [
      {
        "acc_rate": 0.22692,
        "n_steps": 25000,
        "obs_stats": {
          "Q": {
            "mean": 0.06908276677131653,
            "error": 0.03032309387930715,
            "tau_int": 20.330341764650747,
            "dtau_int": 2.612097315029221
          },
          "Chi_t": {
            "mean": 0.5691827535629272,
            "error": 0.05275583125336555,
            "tau_int": 48.884782452095955,
            "dtau_int": 8.93131397002465
          }
        },
        "n_skipped": 0,
        "step_size": 0
      },
      {
        "acc_rate": 0.24672,
        "n_steps": 25000,
        "obs_stats": {
          "Q": {
            "mean": 0.004960198421031237,
            "error": 0.025438490688864668,
            "tau_int": 13.703940890501638,
            "dtau_int": 1.499179076093489
          },
          "Chi_t": {
            "mean": 0.5896235704421997,
            "error": 0.024840115119685195,
            "tau_int": 11.116449773650507,
            "dtau_int": 1.1106311009267906
          }
        },
        "n_skipped": 0,
        "step_size": 0
      },
      {
        "acc_rate": 0.19864,
        "n_steps": 25000,
        "obs_stats": {
          "Q": {
            "mean": 0.08640345931053162,
            "error": 0.02713188167717212,
            "tau_int": 18.623090086008695,
            "dtau_int": 2.306627341900496
          },
          "Chi_t": {
            "mean": 0.5008200407028198,
            "error": 0.02442500915852632,
            "tau_int": 13.254369065284996,
            "dtau_int": 1.4250612492501105
          }
        },
        "n_skipped": 0,
        "step_size": 0
      }
    ],
    [
      {
        "acc_rate": 0.21415,
        "n_steps": 40000,
        "obs_stats": {
          "Q": {
            "mean": 0.026700668036937714,
            "error": 0.03249572556082896,
            "tau_int": 36.55081135894124,
            "dtau_int": 4.916779936468235
          },
          "Chi_t": {
            "mean": 0.5774644613265991,
            "error": 0.0173165248763215,
            "tau_int": 10.145530086328382,
            "dtau_int": 0.8011502409210355
          }
        },
        "n_skipped": 0,
        "step_size": 0
      },
      {
        "acc_rate": 0.24675,
        "n_steps": 40000,
        "obs_stats": {
          "Q": {
            "mean": -0.0024250606074929237,
            "error": 0.018221621121402593,
            "tau_int": 10.78045232539384,
            "dtau_int": 0.8739562548121605
          },
          "Chi_t": {
            "mean": 0.61564040184021,
            "error": 0.02406825490791134,
            "tau_int": 15.151809752551173,
            "dtau_int": 1.4161096852186503
          }
        },
        "n_skipped": 0,
        "step_size": 0
      },
      {
        "acc_rate": 0.223575,
        "n_steps": 40000,
        "obs_stats": {
          "Q": {
            "mean": 0.03477586805820465,
            "error": 0.02062340763077727,
            "tau_int": 14.819230648852347,
            "dtau_int": 1.3717430389706082
          },
          "Chi_t": {
            "mean": 0.5747893452644348,
            "error": 0.022788553575813834,
            "tau_int": 15.049393253659888,
            "dtau_int": 1.39929229391445
          }
        },
        "n_skipped": 0,
        "step_size": 0
      }
    ],
    [
      {
        "acc_rate": 0.24278,
        "n_steps": 50000,
        "obs_stats": {
          "Q": {
            "mean": 0.0074201482348144054,
            "error": 0.015460910367495275,
            "tau_int": 10.466093581080404,
            "dtau_int": 0.7607070567773755
          },
          "Chi_t": {
            "mean": 0.5707914233207703,
            "error": 0.013544180653046892,
            "tau_int": 7.280574693571338,
            "dtau_int": 0.45219526792028103
          }
        },
        "n_skipped": 0,
        "step_size": 0
      },
      {
        "acc_rate": 0.23082,
        "n_steps": 50000,
        "obs_stats": {
          "Q": {
            "mean": -0.011040220968425274,
            "error": 0.020766329245866324,
            "tau_int": 18.686851521911155,
            "dtau_int": 1.735486884101478
          },
          "Chi_t": {
            "mean": 0.5766115188598633,
            "error": 0.012807750049636439,
            "tau_int": 7.11388934294117,
            "dtau_int": 0.43800793070137917
          }
        },
        "n_skipped": 0,
        "step_size": 0
      },
      {
        "acc_rate": 0.21814,
        "n_steps": 50000,
        "obs_stats": {
          "Q": {
            "mean": 0.038060761988162994,
            "error": 0.01989824019437143,
            "tau_int": 18.32014071154908,
            "dtau_int": 1.6884928045705239
          },
          "Chi_t": {
            "mean": 0.5413508415222168,
            "error": 0.01792999327056927,
            "tau_int": 13.707993289738873,
            "dtau_int": 1.1156229100734159
          }
        },
        "n_skipped": 0,
        "step_size": 0
      }
    ],
    [
      {
        "acc_rate": 0.23081333333333334,
        "n_steps": 75000,
        "obs_stats": {
          "Q": {
            "mean": -0.030147068202495575,
            "error": 0.015098984517414074,
            "tau_int": 15.09289671682089,
            "dtau_int": 1.07662686978621
          },
          "Chi_t": {
            "mean": 0.5671142339706421,
            "error": 0.01586724590721431,
            "tau_int": 14.052954320951397,
            "dtau_int": 0.9706281764854809
          }
        },
        "n_skipped": 0,
        "step_size": 0
      },
      {
        "acc_rate": 0.24154666666666666,
        "n_steps": 75000,
        "obs_stats": {
          "Q": {
            "mean": 0.013960186392068863,
            "error": 0.011192798691935981,
            "tau_int": 8.524606878602807,
            "dtau_int": 0.47402196967754023
          },
          "Chi_t": {
            "mean": 0.551167368888855,
            "error": 0.011529077031655734,
            "tau_int": 7.922847681501404,
            "dtau_int": 0.42745362231335815
          }
        },
        "n_skipped": 0,
        "step_size": 0
      },
      {
        "acc_rate": 0.21132,
        "n_steps": 75000,
        "obs_stats": {
          "Q": {
            "mean": -0.004360058344900608,
            "error": 0.02123387873074138,
            "tau_int": 29.869576055157864,
            "dtau_int": 2.8410782255628564
          },
          "Chi_t": {
            "mean": 0.5656208992004395,
            "error": 0.016068410773249105,
            "tau_int": 15.753657490492238,
            "dtau_int": 1.1432577855535118
          }
        },
        "n_skipped": 0,
        "step_size": 0
      }
    ],
    [
      {
        "acc_rate": 0.2416,
        "n_steps": 100000,
        "obs_stats": {
          "Q": {
            "mean": 0.013350133784115314,
            "error": 0.013258951199718986,
            "tau_int": 15.037474762320725,
            "dtau_int": 0.9437187059344886
          },
          "Chi_t": {
            "mean": 0.5845358371734619,
            "error": 0.012854356234785647,
            "tau_int": 11.931491425168598,
            "dtau_int": 0.6773444283999864
          }
        },
        "n_skipped": 0,
        "step_size": 0
      },
      {
        "acc_rate": 0.22545,
        "n_steps": 100000,
        "obs_stats": {
          "Q": {
            "mean": -0.0005500055267475545,
            "error": 0.013802930742321608,
            "tau_int": 16.590370550218974,
            "dtau_int": 1.0849173774956922
          },
          "Chi_t": {
            "mean": 0.5739957690238953,
            "error": 0.015491357787396052,
            "tau_int": 17.6702989652451,
            "dtau_int": 1.1871013073597485
          }
        },