{
  "observables": [
    "Chi_t"
  ],
  "n_samples": [
    50000,
    80000,
    100000
  ],
  "nip": [],
  "nmcmc": [
    [
      {
        "acc_rate": 0.5529,
        "n_steps": 50000,
        "obs_stats": {
          "Q": {
            "mean": -0.006279999855905771,
            "error": 0.006594098483938097,
            "tau_int": 1.677644689372145,
            "dtau_int": 0.055787385203783575
          },
          "Chi_t": {
            "mean": 0.6479600071907043,
            "error": 0.007068509772906252,
            "tau_int": 1.4774543333467605,
            "dtau_int": 0.04582023131704056
          }
        },
        "n_skipped": 0,
        "step_size": 0
      },
      {
        "acc_rate": 0.54892,
        "n_steps": 50000,
        "obs_stats": {
          "Q": {
            "mean": 0.004739999771118164,
            "error": 0.0068392928869963916,
            "tau_int": 1.8301463176904398,
            "dtau_int": 0.06269655770524796
          },
          "Chi_t": {
            "mean": 0.6389399766921997,
            "error": 0.007455207735032967,
            "tau_int": 1.6764607512059344,
            "dtau_int": 0.05575040270307493
          }
        },
        "n_skipped": 0,
        "step_size": 0
      },
      {
        "acc_rate": 0.55564,
        "n_steps": 50000,
        "obs_stats": {
          "Q": {
            "mean": -0.0035600000992417336,
            "error": 0.006493337474881964,
            "tau_int": 1.6337616315383543,
            "dtau_int": 0.05241546978773112
          },
          "Chi_t": {
            "mean": 0.6451600193977356,
            "error": 0.007070225571838859,
            "tau_int": 1.5441796731476476,
            "dtau_int": 0.0497136079491816
          }
        },
        "n_skipped": 0,
        "step_size": 0
      }
    ],
    [
      {
        "acc_rate": 0.5530375,
        "n_steps": 80000,
        "obs_stats": {
          "Q": {
            "mean": 0.004987500142306089,
            "error": 0.005183821404641527,
            "tau_int": 1.6735787706608498,
            "dtau_int": 0.0440033815533004
          },
          "Chi_t": {
            "mean": 0.6422625184059143,
            "error": 0.005663914857325019,
            "tau_int": 1.5369592799810872,
            "dtau_int": 0.039129185358965306
          }
        },
        "n_skipped": 0,
        "step_size": 0
      },
      {
        "acc_rate": 0.5564625,
        "n_steps": 80000,
        "obs_stats": {
          "Q": {
            "mean": 0.003275000024586916,
            "error": 0.005101755039293161,
            "tau_int": 1.6403531809547647,
            "dtau_int": 0.043181572049268646
          },
          "Chi_t": {
            "mean": 0.6346750259399414,
            "error": 0.005670197320594421,
            "tau_int": 1.5529235909975116,
            "dtau_int": 0.03951126598830395
          }
        },
        "n_skipped": 0,
        "step_size": 0
      },
      {
        "acc_rate": 0.552375,
        "n_steps": 80000,
        "obs_stats": {
          "Q": {
            "mean": -0.0008500000112690032,
            "error": 0.005332727635468937,
            "tau_int": 1.7605180430432692,
            "dtau_int": 0.047793253122442494
          },
          "Chi_t": {
            "mean": 0.6460999846458435,
            "error": 0.005894679655247794,
            "tau_int": 1.6529790113807237,
            "dtau_int": 0.04349411681842879
          }
        },
        "n_skipped": 0,
        "step_size": 0
      }
    ],
    [
      {
        "acc_rate": 0.5554,
        "n_steps": 100000,
        "obs_stats": {
          "Q": {
            "mean": 0.0028299998957663774,
            "error": 0.005018551552827468,
            "tau_int": 1.9223289754072308,
            "dtau_int": 0.04950162619504305
          },
          "Chi_t": {
            "mean": 0.6550700068473816,
            "error": 0.005637887230615511,
            "tau_int": 1.853559585065383,
            "dtau_int": 0.046370771596961916
          }
        },
        "n_skipped": 0,
        "step_size": 0
      },
      {
        "acc_rate": 0.54839,
        "n_steps": 100000,
        "obs_stats": {
          "Q": {
            "mean": -0.005429999902844429,
            "error": 0.005277543959113304,
            "tau_int": 2.107135796610965,
            "dtau_int": 0.05557866026760786
          },
          "Chi_t": {
            "mean": 0.6609100103378296,
            "error": 0.006560772807277725,
            "tau_int": 2.445136776888249,
            "dtau_int": 0.06925370389195382
          }
        },
        "n_skipped": 0,
        "step_size": 0
      },
      {
        "acc_rate": 0.55928,
        "n_steps": 100000,
        "obs_stats": {
          "Q": {
            "mean": -0.0053900000639259815,
            "error": 0.004680242362582588,
            "tau_int": 1.7056447480976118,
            "dtau_int": 0.041492212986378285
          },
          "Chi_t": {
            "mean": 0.6421300172805786,
            "error": 0.005158159629861552,
            "tau_int": 1.5859440231180604,
            "dtau_int": 0.037414911589021084
          }
        },
        "n_skipped": 0,
        "step_size": 0
      }
    ]
  ],
  "exact_sus": 0.6439874072967454
}