{
  "observables": [
    "Chi_t"
  ],
  "n_samples": [
    50000,
    80000,
    100000,
    150000,
    200000,
    250000,
    300000,
    400000,
    500000
  ],
  "nip": [],
  "nmcmc": [
    [
      {
        "acc_rate": 0.07174,
        "n_steps": 50000,
        "obs_stats": {
          "Q": {
            "mean": -0.0934000015258789,
            "error": 0.05082210593683071,
            "tau_int": 123.62650859603514,
            "dtau_int": 24.722173558117834
          },
          "Chi_t": {
            "mean": 0.5285199880599976,
            "error": 0.039166889009371944,
            "tau_int": 74.33889011102578,
            "dtau_int": 12.172726833786026
          }
        },
        "n_skipped": 0,
        "step_size": 0
      },
      {
        "acc_rate": 0.02786,
        "n_steps": 50000,
        "obs_stats": {
          "Q": {
            "mean": -0.010259999893605709,
            "error": 0.020539148824286577,
            "tau_int": 56.832203713350665,
            "dtau_int": 8.362916941444553
          },
          "Chi_t": {
            "mean": 0.18525999784469604,
            "error": 0.06505886766196589,
            "tau_int": 374.10398724649536,
            "dtau_int": 111.90130092793859
          }
        },
        "n_skipped": 0,
        "step_size": 0
      },
      {
        "acc_rate": 0.0634,
        "n_steps": 50000,
        "obs_stats": {
          "Q": {
            "mean": -0.026900000870227814,
            "error": 0.055340701180322145,
            "tau_int": 158.8652578748476,
            "dtau_int": 34.93980481477909
          },
          "Chi_t": {
            "mean": 0.4796999990940094,
            "error": 0.060029583989752805,
            "tau_int": 150.4164058434138,
            "dtau_int": 32.40302024308205
          }
        },
        "n_skipped": 0,
        "step_size": 0
      }
    ],
    [
      {
        "acc_rate": 0.06655,
        "n_steps": 80000,
        "obs_stats": {
          "Q": {
            "mean": -0.030799999833106995,
            "error": 0.037240988305700044,
            "tau_int": 115.64259492723197,
            "dtau_int": 18.715842170678858
          },
          "Chi_t": {
            "mean": 0.47929999232292175,
            "error": 0.036054160830609056,
            "tau_int": 112.13271595796459,
            "dtau_int": 17.930145476506915
          }
        },
        "n_skipped": 0,
        "step_size": 0
      },
      {
        "acc_rate": 0.066,
        "n_steps": 80000,
        "obs_stats": {
          "Q": {
            "mean": 0.022324999794363976,
            "error": 0.02599667692628475,
            "tau_int": 62.598902423818544,
            "dtau_int": 7.90459690065547
          },
          "Chi_t": {
            "mean": 0.431674987077713,
            "error": 0.03343224433250719,
            "tau_int": 89.16126469049895,
            "dtau_int": 13.002554712720324
          }
        },
        "n_skipped": 0,
        "step_size": 0
      },
      {
        "acc_rate": 0.0303125,
        "n_steps": 80000,
        "obs_stats": {
          "Q": {
            "mean": 0.21619999408721924,
            "error": 0.15683162135852938,
            "tau_int": 2330.5359486962784,
            "dtau_int": 1024.6362445936186
          },
          "Chi_t": {
            "mean": 0.44760000705718994,
            "error": 0.11738856930473995,
            "tau_int": 1299.6256755097313,
            "dtau_int": 495.04261352759784
          }
        },
        "n_skipped": 0,
        "step_size": 0
      }
    ],
    [
      {
        "acc_rate": 0.05038,
        "n_steps": 100000,
        "obs_stats": {
          "Q": {
            "mean": 0.06253000348806381,
            "error": 0.08096616229451851,
            "tau_int": 552.0532678640997,
            "dtau_int": 148.6016954498749
          },
          "Chi_t": {
            "mean": 0.5913900136947632,
            "error": 0.05022248545350123,
            "tau_int": 220.961912800171,
            "dtau_int": 42.28493082901267
          }
        },
        "n_skipped": 0,
        "step_size": 0
      },
      {
        "acc_rate": 0.05835,
        "n_steps": 100000,
        "obs_stats": {
          "Q": {
            "mean": 0.014150000177323818,
            "error": 0.040838052414666585,
            "tau_int": 167.45520403676312,
            "dtau_int": 28.73298642244887
          },
          "Chi_t": {
            "mean": 0.4965299963951111,
            "error": 0.038820196617639045,
            "tau_int": 142.2049923837894,
            "dtau_int": 22.864422660113423
          }
        },
        "n_skipped": 0,
        "step_size": 0
      },
      {
        "acc_rate": 0.04199,
        "n_steps": 100000,
        "obs_stats": {
          "Q": {
            "mean": 0.16210000216960907,
            "error": 0.26609640776218535,
            "tau_int": 4953.833207852592,
            "dtau_int": 2348.486210794472
          },
          "Chi_t": {
            "mean": 0.6825000047683716,
            "error": 0.05918180384409062,
            "tau_int": 460.831411469907,
            "dtau_int": 116.27822471384806
          }
        },
        "n_skipped": 0,
        "step_size": 0
      }
    ],
    [
      {
        "acc_rate": 0.0544,
        "n_steps": 150000,
        "obs_stats": {
          "Q": {
            "mean": -0.14589333534240723,
            "error": 0.08219081041170308,
            "tau_int": 971.9448611872597,
            "dtau_int": 276.7139202398417
          },
          "Chi_t": {
            "mean": 0.5361466407775879,
            "error": 0.04542956052291374,
            "tau_int": 277.6385804928699,
            "dtau_int": 49.55904748117666
          }
        },
        "n_skipped": 0,
        "step_size": 0
      },
      {
        "acc_rate": 0.048806666666666665,
        "n_steps": 150000,
        "obs_stats": {
          "Q": {
            "mean": 0.09489999711513519,
            "error": 0.05034706670761999,
            "tau_int": 425.58570875272966,
            "dtau_int": 89.64723062609009
          },
          "Chi_t": {
            "mean": 0.4532466530799866,
            "error": 0.06828770852374562,
            "tau_int": 751.740385353226,
            "dtau_int": 195.48178174240678
          }
        },
        "n_skipped": 0,
        "step_size": 0
      },
      {
        "acc_rate": 0.011173333333333334,
        "n_steps": 150000,
        "obs_stats": {
          "Q": {
            "mean": 0.856440007686615,
            "error": 0.125180430133594,
            "tau_int": 5497.803484194592,
            "dtau_int": 2519.6814266006563
          },
          "Chi_t": {
            "mean": 0.9339600205421448,
            "error": 0.034274608019133915,
            "tau_int": 824.959488884116,
            "dtau_int": 221.7506046641352
          }
        },
        "n_skipped": 0,
        "step_size": 0
      }
    ],
    [
      {
        "acc_rate": 0.067135,
        "n_steps": 200000,
        "obs_stats": {
          "Q": {
            "mean": 0.04633000120520592,
            "error": 0.031390944177799904,
            "tau_int": 179.15279366209077,
            "dtau_int": 23.879759750100625
          },
          "Chi_t": {
            "mean": 0.5511999726295471,
            "error": 0.0252476546496512,
            "tau_int": 111.52090328934393,
            "dtau_int": 12.216290066886385
          }
        },
        "n_skipped": 0,
        "step_size": 0
      },
      {
        "acc_rate": 0.061005,
        "n_steps": 200000,
        "obs_stats": {
          "Q": {
            "mean": -0.06523499637842178,
            "error": 0.03675362760584309,
            "tau_int": 237.13644200880873,
            "dtau_int": 35.43366891070184
          },
          "Chi_t": {
            "mean": 0.5725650191307068,
            "error": 0.03736968428867165,
            "tau_int": 229.53814064988006,
            "dtau_int": 33.84363556558431
          }
        },
        "n_skipped": 0,