{
  "observables": [
    "Chi_t"
  ],
  "n_samples": [
    50000,
    250000,
    500000,
    1250000,
    2500000,
    3750000,
    5000000
  ],
  "nip": [],
  "nmcmc": [
    {
      "acc_rate": 0.78308,
      "n_steps": 50000,
      "obs_stats": {
        "Q": {
          "mean": 0.007080141454935074,
          "error": 0.004618441266218106,
          "tau_int": 0.8086435999462562,
          "dtau_int": 0.018709559874821244
        },
        "Chi_t": {
          "mean": 0.6594532132148743,
          "error": 0.005013568589276347,
          "tau_int": 0.7297521540613332,
          "dtau_int": 0.0156791298148599
        }
      },
      "n_skipped": 0,
      "step_size": 0
    },
    {
      "acc_rate": 0.789372,
      "n_steps": 250000,
      "obs_stats": {
        "Q": {
          "mean": -0.0006600026390515268,
          "error": 0.0020560930747368514,
          "tau_int": 0.799816933251869,
          "dtau_int": 0.008877730960867573
        },
        "Chi_t": {
          "mean": 0.6606946587562561,
          "error": 0.0023381685370622756,
          "tau_int": 0.777446160057468,
          "dtau_int": 0.008641948127245249
        }
      },
      "n_skipped": 0,
      "step_size": 0
    },
    {
      "acc_rate": 0.78919,
      "n_steps": 500000,
      "obs_stats": {
        "Q": {
          "mean": 8.600017463322729e-05,
          "error": 0.0014589336202305678,
          "tau_int": 0.8007480887866734,
          "dtau_int": 0.006284425806004105
        },
        "Chi_t": {
          "mean": 0.6645273566246033,
          "error": 0.0016719582011024143,
          "tau_int": 0.7827738323345772,
          "dtau_int": 0.006150527164282103
        }
      },
      "n_skipped": 0,
      "step_size": 0
    }
  ],
  "exact_sus": 0.6629736823224884
}