{
  "observables": [
    "Chi_t"
  ],
  "n_samples": [
    50000,
    80000,
    100000,
    150000,
    200000,
    250000,
    300000
  ],
  "nip": [],
  "nmcmc": [
    [
      {
        "acc_rate": 0.16754,
        "n_steps": 50000,
        "obs_stats": {
          "Q": {
            "mean": -0.003599999938160181,
            "error": 0.02006370373942112,
            "tau_int": 19.57986356861292,
            "dtau_int": 1.852715651020229
          },
          "Chi_t": {
            "mean": 0.5135999917984009,
            "error": 0.027811693079752037,
            "tau_int": 30.277734826492345,
            "dtau_int": 3.4385938645867853
          }
        },
        "n_skipped": 0,
        "step_size": 0
      },
      {
        "acc_rate": 0.15824,
        "n_steps": 50000,
        "obs_stats": {
          "Q": {
            "mean": 0.010339999571442604,
            "error": 0.013879584420594768,
            "tau_int": 10.581398492634326,
            "dtau_int": 0.7742148404091529
          },
          "Chi_t": {
            "mean": 0.4550600051879883,
            "error": 0.021837382728599166,
            "tau_int": 21.108919560474682,
            "dtau_int": 2.0629891298727636
          }
        },
        "n_skipped": 0,
        "step_size": 0
      },
      {
        "acc_rate": 0.18476,
        "n_steps": 50000,
        "obs_stats": {
          "Q": {
            "mean": -0.0012400000123307109,
            "error": 0.022841854033815424,
            "tau_int": 22.928954574290643,
            "dtau_int": 2.316355988778809
          },
          "Chi_t": {
            "mean": 0.5683599710464478,
            "error": 0.018332367692077828,
            "tau_int": 13.006392850392206,
            "dtau_int": 1.0372130279262721
          }
        },
        "n_skipped": 0,
        "step_size": 0
      }
    ],
    [
      {
        "acc_rate": 0.165075,
        "n_steps": 80000,
        "obs_stats": {
          "Q": {
            "mean": 0.07188750058412552,
            "error": 0.03864101284694711,
            "tau_int": 92.72383574787354,
            "dtau_int": 13.734027250685363
          },
          "Chi_t": {
            "mean": 0.6478124856948853,
            "error": 0.04320285326130859,
            "tau_int": 98.86808110660952,
            "dtau_int": 15.036920512016158
          }
        },
        "n_skipped": 0,
        "step_size": 0
      },
      {
        "acc_rate": 0.1422625,
        "n_steps": 80000,
        "obs_stats": {
          "Q": {
            "mean": -0.04151250049471855,
            "error": 0.025150863877518716,
            "tau_int": 53.23042901861374,
            "dtau_int": 6.27881703441968
          },
          "Chi_t": {
            "mean": 0.476437509059906,
            "error": 0.060559995329640126,
            "tau_int": 228.35882856397453,
            "dtau_int": 48.23025962066488
          }
        },
        "n_skipped": 0,
        "step_size": 0
      },
      {
        "acc_rate": 0.1700875,
        "n_steps": 80000,
        "obs_stats": {
          "Q": {
            "mean": 0.029062500223517418,
            "error": 0.02044592335913405,
            "tau_int": 29.04242283214063,
            "dtau_int": 2.6574814882032096
          },
          "Chi_t": {
            "mean": 0.5761874914169312,
            "error": 0.015324381719697222,
            "tau_int": 16.154421420092767,
            "dtau_int": 1.1499496185018192
          }
        },
        "n_skipped": 0,
        "step_size": 0
      }
    ],
    [
      {
        "acc_rate": 0.18398,
        "n_steps": 100000,
        "obs_stats": {
          "Q": {
            "mean": 0.0049299998208880424,
            "error": 0.013874539986985913,
            "tau_int": 16.882138760613508,
            "dtau_int": 1.1127768567520404
          },
          "Chi_t": {
            "mean": 0.5699700117111206,
            "error": 0.012997097247365261,
            "tau_int": 12.744157947737598,
            "dtau_int": 0.746402351352108
          }
        },
        "n_skipped": 0,
        "step_size": 0
      },
      {
        "acc_rate": 0.15888,
        "n_steps": 100000,
        "obs_stats": {
          "Q": {
            "mean": -0.1041100025177002,
            "error": 0.036736629401429625,
            "tau_int": 114.06893807434137,
            "dtau_int": 16.786841040396112
          },
          "Chi_t": {
            "mean": 0.601069986820221,
            "error": 0.01787583207123337,
            "tau_int": 26.656179230377948,
            "dtau_int": 2.138110203236325
          }
        },
        "n_skipped": 0,
        "step_size": 0
      },
      {
        "acc_rate": 0.17586,
        "n_steps": 100000,
        "obs_stats": {
          "Q": {
            "mean": 0.013930000364780426,
            "error": 0.013788253226574117,
            "tau_int": 17.595323597855806,
            "dtau_int": 1.182451180648032
          },
          "Chi_t": {
            "mean": 0.5402500033378601,
            "error": 0.014539494652683617,
            "tau_int": 16.425279809426495,
            "dtau_int": 1.0699136288360949
          }
        },
        "n_skipped": 0,
        "step_size": 0
      }
    ],
    [
      {
        "acc_rate": 0.1649,
        "n_steps": 150000,
        "obs_stats": {
          "Q": {
            "mean": 0.04599333181977272,
            "error": 0.020267157933441637,
            "tau_int": 54.06793392599761,
            "dtau_int": 4.927263680524002
          },
          "Chi_t": {
            "mean": 0.5714866518974304,
            "error": 0.01254302703301833,
            "tau_int": 19.282645753786863,
            "dtau_int": 1.1275203642063112
          }
        },
        "n_skipped": 0,
        "step_size": 0
      },
      {
        "acc_rate": 0.15422,
        "n_steps": 150000,
        "obs_stats": {
          "Q": {
            "mean": 0.03488000109791756,
            "error": 0.014506418510723495,
            "tau_int": 31.293804736727132,
            "dtau_int": 2.257821128927056
          },
          "Chi_t": {
            "mean": 0.5053466558456421,
            "error": 0.013953342621602636,
            "tau_int": 27.117132001329225,
            "dtau_int": 1.8385488448969918
          }
        },
        "n_skipped": 0,
        "step_size": 0
      },
      {
        "acc_rate": 0.17140666666666668,
        "n_steps": 150000,
        "obs_stats": {
          "Q": {
            "mean": -0.006566666532307863,
            "error": 0.014285024724989614,
            "tau_int": 26.73610100706442,
            "dtau_int": 1.8041825191376244
          },
          "Chi_t": {
            "mean": 0.572273313999176,
            "error": 0.013656593272052094,
            "tau_int": 21.625898805891314,
            "dtau_int": 1.3301790214414706
          }
        },
        "n_skipped": 0,
        "step_size": 0
      }
    ],
    [
      {
        "acc_rate": 0.16641,
        "n_steps": 200000,
        "obs_stats": {
          "Q": {
            "mean": -0.022509999573230743,
            "error": 0.013977349697620753,
            "tau_int": 35.33239584761162,
            "dtau_int": 2.371051781569644
          },
          "Chi_t": {
            "mean": 0.5532500147819519,
            "error": 0.014895671848274698,
            "tau_int": 36.70818592495474,
            "dtau_int": 2.5047349332680495
          }
        },
        "n_skipped": 0,
        "step_size": 0
      },
      {
        "acc_rate": 0.1711,
        "n_steps": 200000,
        "obs_stats": {
          "Q": {
            "mean": 0.008290000259876251,
            "error": 0.011825325477794298,
            "tau_int": 25.517900035577544,
            "dtau_int": 1.4878581379521987
          },
          "Chi_t": {
            "mean": 0.5479300022125244,
            "error": 0.012582663186057835,
            "tau_int": 23.997097659003245,
            "dtau_int": 1.3638414406162354
          }
        },
        "n_skipped": 0,