{
  "observables": [
    "Chi_t"
  ],
  "n_samples": [
    50000,
    80000,
    100000
  ],
  "nip": [],
  "nmcmc": [
    [
      {
        "acc_rate": 0.6059,
        "n_steps": 50000,
        "obs_stats": {
          "Q": {
            "mean": -0.001339999958872795,
            "error": 0.006184626519638542,
            "tau_int": 1.456580724742634,
            "dtau_int": 0.04521207663154566
          },
          "Chi_t": {
            "mean": 0.6564599871635437,
            "error": 0.006937179638180242,
            "tau_int": 1.4097724209204938,
            "dtau_int": 0.04384410828786274
          }
        },
        "n_skipped": 0,
        "step_size": 0
      },
      {
        "acc_rate": 0.6063,
        "n_steps": 50000,
        "obs_stats": {
          "Q": {
            "mean": -0.0017999999690800905,
            "error": 0.006278182019969445,
            "tau_int": 1.5239640204924356,
            "dtau_int": 0.04717112709970165
          },
          "Chi_t": {
            "mean": 0.64656001329422,
            "error": 0.007427215255449551,
            "tau_int": 1.6143746905736922,
            "dtau_int": 0.05183249125906905
          }
        },
        "n_skipped": 0,
        "step_size": 0
      },
      {
        "acc_rate": 0.60104,
        "n_steps": 50000,
        "obs_stats": {
          "Q": {
            "mean": 0.005640000104904175,
            "error": 0.006346785176864282,
            "tau_int": 1.5446177804195669,
            "dtau_int": 0.049726871665957156
          },
          "Chi_t": {
            "mean": 0.651960015296936,
            "error": 0.007150512591268492,
            "tau_int": 1.4941167713576822,
            "dtau_int": 0.046304861730377844
          }
        },
        "n_skipped": 0,
        "step_size": 0
      }
    ],
    [
      {
        "acc_rate": 0.6083375,
        "n_steps": 80000,
        "obs_stats": {
          "Q": {
            "mean": -0.0042500002309679985,
            "error": 0.004716370042613156,
            "tau_int": 1.3991035271146801,
            "dtau_int": 0.03441467133381696
          },
          "Chi_t": {
            "mean": 0.6359500288963318,
            "error": 0.005371350402952171,
            "tau_int": 1.3608408521060265,
            "dtau_int": 0.033526378442069155
          }
        },
        "n_skipped": 0,
        "step_size": 0
      },
      {
        "acc_rate": 0.6064875,
        "n_steps": 80000,
        "obs_stats": {
          "Q": {
            "mean": -0.003962500020861626,
            "error": 0.004871206642288256,
            "tau_int": 1.489276166641787,
            "dtau_int": 0.03798489855413063
          },
          "Chi_t": {
            "mean": 0.6373124718666077,
            "error": 0.005361972290389111,
            "tau_int": 1.3823737633463757,
            "dtau_int": 0.03402665526131137
          }
        },
        "n_skipped": 0,
        "step_size": 0
      },
      {
        "acc_rate": 0.6099375,
        "n_steps": 80000,
        "obs_stats": {
          "Q": {
            "mean": -0.002062499988824129,
            "error": 0.004783868220595907,
            "tau_int": 1.4110324721465253,
            "dtau_int": 0.03469098378664285
          },
          "Chi_t": {
            "mean": 0.6487374901771545,
            "error": 0.0055692229276723465,
            "tau_int": 1.469514715547702,
            "dtau_int": 0.037509323943278966
          }
        },
        "n_skipped": 0,
        "step_size": 0
      }
    ],
    [
      {
        "acc_rate": 0.60782,
        "n_steps": 100000,
        "obs_stats": {
          "Q": {
            "mean": -0.004629999864846468,
            "error": 0.004307835283648352,
            "tau_int": 1.4497392128846145,
            "dtau_int": 0.03312298567873782
          },
          "Chi_t": {
            "mean": 0.640030026435852,
            "error": 0.004703018874424933,
            "tau_int": 1.3152337703781118,
            "dtau_int": 0.027819313125194204
          }
        },
        "n_skipped": 0,
        "step_size": 0
      },
      {
        "acc_rate": 0.60374,
        "n_steps": 100000,
        "obs_stats": {
          "Q": {
            "mean": 0.000859999970998615,
            "error": 0.0045380464071188955,
            "tau_int": 1.5688417459037294,
            "dtau_int": 0.03703418107187256
          },
          "Chi_t": {
            "mean": 0.6563199758529663,
            "error": 0.005158707769288084,
            "tau_int": 1.5330519084954806,
            "dtau_int": 0.03491449316081154
          }
        },
        "n_skipped": 0,
        "step_size": 0
      },
      {
        "acc_rate": 0.6072,
        "n_steps": 100000,
        "obs_stats": {
          "Q": {
            "mean": 0.0037499999161809683,
            "error": 0.004269356137634013,
            "tau_int": 1.4207432394541246,
            "dtau_int": 0.031229548123772672
          },
          "Chi_t": {
            "mean": 0.6414700150489807,
            "error": 0.004767679384271014,
            "tau_int": 1.381895339203182,
            "dtau_int": 0.030424433275901393
          }
        },
        "n_skipped": 0,
        "step_size": 0
      }
    ]
  ],
  "exact_sus": 0.6439874072967454
}