{
  "observables": [
    "Chi_t"
  ],
  "n_samples": [
    50000,
    125000,
    250000,
    500000,
    1000000
  ],
  "nip": [
    [
      {
        "obs_stats": {
          "Q": {
            "mean": 0.00946152862161398,
            "error": 0.007133708335459232,
            "error_ess": 0.007453541737049818,
            "ess_q": 0.38245677947998047
          },
          "Chi_t": {
            "mean": 1.0624430179595947,
            "error": 0.011644931510090828,
            "error_ess": 0.010853244923055172,
            "ess_q": 0.38245677947998047
          }
        },
        "entropy": 70110.2421875,
        "std_entropy": 10840615.0,
        "free_energy": -0.6222377948795557,
        "std_free_energy": 0.0007336454000324011
      },
      {
        "obs_stats": {
          "Q": {
            "mean": 0.004001197405159473,
            "error": 0.007550132926553488,
            "error_ess": 0.007718406151980162,
            "ess_q": 0.36300039291381836
          },
          "Chi_t": {
            "mean": 1.081259846687317,
            "error": 0.012189902365207672,
            "error_ess": 0.011350409127771854,
            "ess_q": 0.36300039291381836
          }
        },
        "entropy": 70247.15625,
        "std_entropy": 11172663.0,
        "free_energy": -0.6225337290269033,
        "std_free_energy": 0.000764820899348706
      },
      {
        "obs_stats": {
          "Q": {
            "mean": 0.0018609148683026433,
            "error": 0.007466868497431278,
            "error_ess": 0.007787876762449741,
            "ess_q": 0.35008764266967773
          },
          "Chi_t": {
            "mean": 1.061640739440918,
            "error": 0.011386401951313019,
            "error_ess": 0.011370301246643066,
            "ess_q": 0.35008764266967773
          }
        },
        "entropy": 70189.109375,
        "std_entropy": 11358794.0,
        "free_energy": -0.6223277826662635,
        "std_free_energy": 0.0007866521482355893
      }
    ],
    [
      {
        "obs_stats": {
          "Q": {
            "mean": 0.00035543442936614156,
            "error": 0.0045947483740746975,
            "error_ess": 0.004820059984922409,
            "ess_q": 0.36504217982292175
          },
          "Chi_t": {
            "mean": 1.0601186752319336,
            "error": 0.007142558693885803,
            "error_ess": 0.007040638942271471,
            "ess_q": 0.36504217982292175
          }
        },
        "entropy": 177334.015625,
        "std_entropy": 43931256.0,
        "free_energy": -0.6224791352224623,
        "std_free_energy": 0.0004815839638467878
      },
      {
        "obs_stats": {
          "Q": {
            "mean": -0.002433490240946412,
            "error": 0.006208095233887434,
            "error_ess": 0.005311839282512665,
            "ess_q": 0.30317968130111694
          },
          "Chi_t": {
            "mean": 1.069298267364502,
            "error": 0.01100667379796505,
            "error_ess": 0.007760674227029085,
            "ess_q": 0.30317968130111694
          }
        },
        "entropy": 177326.90625,
        "std_entropy": 48213688.0,
        "free_energy": -0.6223182094004448,
        "std_free_energy": 0.0005535813397727907
      },
      {
        "obs_stats": {
          "Q": {
            "mean": -0.00695744389668107,
            "error": 0.004728322848677635,
            "error_ess": 0.004859765060245991,
            "ess_q": 0.3596285581588745
          },
          "Chi_t": {
            "mean": 1.0617223978042603,
            "error": 0.0074836439453065395,
            "error_ess": 0.00707186060026288,
            "ess_q": 0.3596285581588745
          }
        },
        "entropy": 177353.171875,
        "std_entropy": 44277912.0,
        "free_energy": -0.622398640955311,
        "std_free_energy": 0.00048725915257818997
      }
    ],
    [
      {
        "obs_stats": {
          "Q": {
            "mean": 0.004337911959737539,
            "error": 0.0032819577027112246,
            "error_ess": 0.003436221508309245,
            "ess_q": 0.3584398627281189
          },
          "Chi_t": {
            "mean": 1.0580949783325195,
            "error": 0.005189092829823494,
            "error_ess": 0.0050325398333370686,
            "ess_q": 0.3584398627281189
          }
        },
        "entropy": 357499.28125,
        "std_entropy": 125352656.0,
        "free_energy": -0.6224565179871052,
        "std_free_energy": 0.00034543455694802105
      },
      {
        "obs_stats": {
          "Q": {
            "mean": -0.001375857274979353,
            "error": 0.003363132942467928,
            "error_ess": 0.0035985747817903757,
            "ess_q": 0.3281690776348114
          },
          "Chi_t": {
            "mean": 1.062423825263977,
            "error": 0.005288007203489542,
            "error_ess": 0.00528279272839427,
            "ess_q": 0.3281690776348114
          }
        },
        "entropy": 357510.15625,
        "std_entropy": 131029976.0,
        "free_energy": -0.6223924012231549,
        "std_free_energy": 0.0003694336046464741
      },
      {
        "obs_stats": {
          "Q": {
            "mean": 0.0014112167991697788,
            "error": 0.0031408199574798346,
            "error_ess": 0.00332829006947577,
            "ess_q": 0.3827684223651886
          },
          "Chi_t": {
            "mean": 1.0600284337997437,
            "error": 0.004982308484613895,
            "error_ess": 0.004883229732513428,
            "ess_q": 0.3827684223651886
          }
        },
        "entropy": 357395.875,
        "std_entropy": 121241648.0,
        "free_energy": -0.6223493484269121,
        "std_free_energy": 0.0003278772346675396
      }
    ],
    [
      {
        "obs_stats": {
          "Q": {
            "mean": 0.00025064917281270027,
            "error": 0.0023073365446180105,
            "error_ess": 0.00241031963378191,
            "ess_q": 0.36612728238105774
          },
          "Chi_t": {
            "mean": 1.0635318756103516,
            "error": 0.0036431276239454746,
            "error_ess": 0.0035259993746876717,
            "ess_q": 0.36612728238105774
          }
        },
        "entropy": 720948.8125,
        "std_entropy": 351043616.0,
        "free_energy": -0.622402541757943,
        "std_free_energy": 0.00024022864818107337
      },
      {
        "obs_stats": {
          "Q": {
            "mean": -0.00035678414860740304,
            "error": 0.0023345062509179115,
            "error_ess": 0.002400484634563327,
            "ess_q": 0.37003210186958313
          },
          "Chi_t": {
            "mean": 1.0661208629608154,
            "error": 0.003859248012304306,
            "error_ess": 0.0035265651531517506,
            "ess_q": 0.37003210186958313
          }
        },
        "entropy": 720720.375,
        "std_entropy": 348906144.0,
        "free_energy": -0.6224281768367519,
        "std_free_energy": 0.00023822060029488057
      },
      {
        "obs_stats": {
          "Q": {
            "mean": 0.001294321147724986,
            "error": 0.0022980603389441967,
            "error_ess": 0.0024420006666332483,
            "ess_q": 0.3564162254333496
          },
          "Chi_t": {
            "mean": 1.0627198219299316,
            "error": 0.003556662704795599,
            "error_ess": 0.0035493012983351946,
            "ess_q": 0.3564162254333496
          }
        },
        "entropy": 720848.0,
        "std_entropy": 355700000.0,
        "free_energy": -0.6223594508829583,
        "std_free_energy": 0.00024533731630072
      }
    ],
    [
      {
        "obs_stats": {
          "Q": {
            "mean": 0.00034301093546673656,
            "error": 0.0018087391508743167,
            "error_ess": 0.0019010675605386496,
            "ess_q": 0.2949647307395935
          },
          "Chi_t": {
            "mean": 1.0660185813903809,
            "error": 0.0027516356203705072,