{
  "observables": [
    "Chi_t"
  ],
  "n_samples": [
    50000,
    80000,
    100000
  ],
  "nip": [],
  "nmcmc": [
    [
      {
        "acc_rate": 0.42172,
        "n_steps": 50000,
        "obs_stats": {
          "Q": {
            "mean": -5.999999848427251e-05,
            "error": 0.009243053160722707,
            "tau_int": 3.2743113180087198,
            "dtau_int": 0.14414614383990865
          },
          "Chi_t": {
            "mean": 0.6522200107574463,
            "error": 0.010854576711397786,
            "tau_int": 3.312033112296537,
            "dtau_int": 0.1456932214666642
          }
        },
        "n_skipped": 0,
        "step_size": 0
      },
      {
        "acc_rate": 0.42496,
        "n_steps": 50000,
        "obs_stats": {
          "Q": {
            "mean": -0.009739999659359455,
            "error": 0.008622910385017328,
            "tau_int": 2.954896551229559,
            "dtau_int": 0.12549123427803963
          },
          "Chi_t": {
            "mean": 0.6291000247001648,
            "error": 0.009372411604357471,
            "tau_int": 2.657948179055818,
            "dtau_int": 0.10589727692936776
          }
        },
        "n_skipped": 0,
        "step_size": 0
      },
      {
        "acc_rate": 0.4292,
        "n_steps": 50000,
        "obs_stats": {
          "Q": {
            "mean": -0.01624000072479248,
            "error": 0.009028824767445327,
            "tau_int": 3.1633177186413124,
            "dtau_int": 0.1366807534633162
          },
          "Chi_t": {
            "mean": 0.6444399952888489,
            "error": 0.009410043558012445,
            "tau_int": 2.7532995396629736,
            "dtau_int": 0.11216903251275158
          }
        },
        "n_skipped": 0,
        "step_size": 0
      }
    ],
    [
      {
        "acc_rate": 0.432525,
        "n_steps": 80000,
        "obs_stats": {
          "Q": {
            "mean": 0.0031500000040978193,
            "error": 0.006702381300580375,
            "tau_int": 2.8415408857549456,
            "dtau_int": 0.09564319988916029
          },
          "Chi_t": {
            "mean": 0.6323249936103821,
            "error": 0.006632633847891231,
            "tau_int": 2.215002157464732,
            "dtau_int": 0.06697405777620238
          }
        },
        "n_skipped": 0,
        "step_size": 0
      },
      {
        "acc_rate": 0.4316125,
        "n_steps": 80000,
        "obs_stats": {
          "Q": {
            "mean": -0.010187500156462193,
            "error": 0.006770443061318578,
            "tau_int": 2.903357669050328,
            "dtau_int": 0.09759048996361427
          },
          "Chi_t": {
            "mean": 0.6315875053405762,
            "error": 0.006907849368651945,
            "tau_int": 2.363225082674,
            "dtau_int": 0.07310119290392313
          }
        },
        "n_skipped": 0,
        "step_size": 0
      },
      {
        "acc_rate": 0.4209625,
        "n_steps": 80000,
        "obs_stats": {
          "Q": {
            "mean": 0.014012499712407589,
            "error": 0.007490948022460437,
            "tau_int": 3.4936483069350497,
            "dtau_int": 0.12837993328147485
          },
          "Chi_t": {
            "mean": 0.6426125168800354,
            "error": 0.007511369325150094,
            "tau_int": 2.638890644556326,
            "dtau_int": 0.08522658670944346
          }
        },
        "n_skipped": 0,
        "step_size": 0
      }
    ],
    [
      {
        "acc_rate": 0.42529,
        "n_steps": 100000,
        "obs_stats": {
          "Q": {
            "mean": 0.017020000144839287,
            "error": 0.006386321267372852,
            "tau_int": 3.1645249933374973,
            "dtau_int": 0.10074025626970108
          },
          "Chi_t": {
            "mean": 0.6446599960327148,
            "error": 0.007137732721123364,
            "tau_int": 2.9867605883166126,
            "dtau_int": 0.09352565556588742
          }
        },
        "n_skipped": 0,
        "step_size": 0
      },
      {
        "acc_rate": 0.42401,
        "n_steps": 100000,
        "obs_stats": {
          "Q": {
            "mean": -0.0028099999763071537,
            "error": 0.006265456381609858,
            "tau_int": 3.0591212402541523,
            "dtau_int": 0.0956500262303712
          },
          "Chi_t": {
            "mean": 0.6415899991989136,
            "error": 0.007058639153415369,
            "tau_int": 2.97906490483048,
            "dtau_int": 0.09329931922342902
          }
        },
        "n_skipped": 0,
        "step_size": 0
      },
      {
        "acc_rate": 0.42689,
        "n_steps": 100000,
        "obs_stats": {
          "Q": {
            "mean": -0.0017300000181421638,
            "error": 0.006478059065864825,
            "tau_int": 3.250353927924388,
            "dtau_int": 0.10532279488550164
          },
          "Chi_t": {
            "mean": 0.6455100178718567,
            "error": 0.006943763510063728,
            "tau_int": 2.867004709375001,
            "dtau_int": 0.08814908044962104
          }
        },
        "n_skipped": 0,
        "step_size": 0
      }
    ]
  ],
  "exact_sus": 0.6439874072967454
}