{
  "observables": [
    "Chi_t"
  ],
  "n_samples": [
    25000,
    40000,
    50000,
    75000,
    100000,
    125000,
    150000,
    175000,
    200000,
    225000,
    250000
  ],
  "nip": {},
  "nmcmc": [
    [
      {
        "acc_rate": 0.32264,
        "n_steps": 25000,
        "obs_stats": {
          "Q": {
            "mean": 0.0013600543607026339,
            "error": 0.019165905434883654,
            "tau_int": 8.028346786415499,
            "dtau_int": 0.6997001697491566
          },
          "Chi_t": {
            "mean": 0.5715428590774536,
            "error": 0.023095059550022383,
            "tau_int": 9.869596769827593,
            "dtau_int": 0.9394916271386837
          }
        },
        "n_skipped": 0,
        "step_size": 0
      },
      {
        "acc_rate": 0.33732,
        "n_steps": 25000,
        "obs_stats": {
          "Q": {
            "mean": -0.005160206463187933,
            "error": 0.015544639374283664,
            "tau_int": 5.252036587999771,
            "dtau_int": 0.3830707079319976
          },
          "Chi_t": {
            "mean": 0.5748630166053772,
            "error": 0.016430026745150726,
            "tau_int": 5.043615663589725,
            "dtau_int": 0.3634634385708647
          }
        },
        "n_skipped": 0,
        "step_size": 0
      },
      {
        "acc_rate": 0.34492,
        "n_steps": 25000,
        "obs_stats": {
          "Q": {
            "mean": 0.011960478499531746,
            "error": 0.013688011716564454,
            "tau_int": 4.140412873551664,
            "dtau_int": 0.27394734596462894
          },
          "Chi_t": {
            "mean": 0.5655826330184937,
            "error": 0.014923916401550903,
            "tau_int": 4.132800798656293,
            "dtau_int": 0.27348173523666747
          }
        },
        "n_skipped": 0,
        "step_size": 0
      }
    ],
    [
      {
        "acc_rate": 0.315525,
        "n_steps": 40000,
        "obs_stats": {
          "Q": {
            "mean": -0.056876420974731445,
            "error": 0.04453843738621133,
            "tau_int": 58.73406704677622,
            "dtau_int": 9.575140573402798
          },
          "Chi_t": {
            "mean": 0.676741898059845,
            "error": 0.09006519954762411,
            "tau_int": 154.26817329892057,
            "dtau_int": 36.4819215974463
          }
        },
        "n_skipped": 0,
        "step_size": 0
      },
      {
        "acc_rate": 0.32415,
        "n_steps": 40000,
        "obs_stats": {
          "Q": {
            "mean": 0.004500112496316433,
            "error": 0.0145868646599172,
            "tau_int": 7.228432319608468,
            "dtau_int": 0.4917072984582357
          },
          "Chi_t": {
            "mean": 0.5885146856307983,
            "error": 0.014846871107635972,
            "tau_int": 6.369751939428107,
            "dtau_int": 0.41345186622631347
          }
        },
        "n_skipped": 0,
        "step_size": 0
      },
      {
        "acc_rate": 0.32365,
        "n_steps": 40000,
        "obs_stats": {
          "Q": {
            "mean": 0.004100102465599775,
            "error": 0.014868612612492612,
            "tau_int": 7.68581294429635,
            "dtau_int": 0.5369925614048702
          },
          "Chi_t": {
            "mean": 0.5750643610954285,
            "error": 0.012571765030290439,
            "tau_int": 4.629098931838558,
            "dtau_int": 0.26133589339525254
          }
        },
        "n_skipped": 0,
        "step_size": 0
      }
    ],
    [
      {
        "acc_rate": 0.32562,
        "n_steps": 50000,
        "obs_stats": {
          "Q": {
            "mean": -0.010460209101438522,
            "error": 0.014191717419978513,
            "tau_int": 8.645249339063296,
            "dtau_int": 0.5779056208647156
          },
          "Chi_t": {
            "mean": 0.5823116302490234,
            "error": 0.014057620903643443,
            "tau_int": 7.533842585762187,
            "dtau_int": 0.4763255242234706
          }
        },
        "n_skipped": 0,
        "step_size": 0
      },
      {
        "acc_rate": 0.31892,
        "n_steps": 50000,
        "obs_stats": {
          "Q": {
            "mean": 0.011480229906737804,
            "error": 0.012228213118530465,
            "tau_int": 6.706552128256365,
            "dtau_int": 0.4014725785293989
          },
          "Chi_t": {
            "mean": 0.5573711395263672,
            "error": 0.01216719496141588,
            "tau_int": 5.9479276796815,
            "dtau_int": 0.33878294750828536
          }
        },
        "n_skipped": 0,
        "step_size": 0
      },
      {
        "acc_rate": 0.32506,
        "n_steps": 50000,
        "obs_stats": {
          "Q": {
            "mean": -0.027260545641183853,
            "error": 0.011414846663990435,
            "tau_int": 5.852133291542063,
            "dtau_int": 0.3295895687127051
          },
          "Chi_t": {
            "mean": 0.5572311282157898,
            "error": 0.011411327362364478,
            "tau_int": 5.248079554713399,
            "dtau_int": 0.28262804565930333
          }
        },
        "n_skipped": 0,
        "step_size": 0
      }
    ],
    [
      {
        "acc_rate": 0.3292,
        "n_steps": 75000,
        "obs_stats": {
          "Q": {
            "mean": 0.016853557899594307,
            "error": 0.010484383391401161,
            "tau_int": 7.19402255529044,
            "dtau_int": 0.37263517709348803
          },
          "Chi_t": {
            "mean": 0.5731543302536011,
            "error": 0.010626217334789209,
            "tau_int": 6.221375395273692,
            "dtau_int": 0.302333121250926
          }
        },
        "n_skipped": 0,
        "step_size": 0
      },
      {
        "acc_rate": 0.31416,
        "n_steps": 75000,
        "obs_stats": {
          "Q": {
            "mean": -0.04240056499838829,
            "error": 0.012108174609260813,
            "tau_int": 9.710841156836597,
            "dtau_int": 0.5708345884538433
          },
          "Chi_t": {
            "mean": 0.5677942633628845,
            "error": 0.011140411113425097,
            "tau_int": 7.036896483340371,
            "dtau_int": 0.3614299209810013
          }
        },
        "n_skipped": 0,
        "step_size": 0
      },
      {
        "acc_rate": 0.31928,
        "n_steps": 75000,
        "obs_stats": {
          "Q": {
            "mean": 0.027267029508948326,
            "error": 0.009861568455346961,
            "tau_int": 6.485191196567341,
            "dtau_int": 0.3212727233324626
          },
          "Chi_t": {
            "mean": 0.5629808306694031,
            "error": 0.011284380874959402,
            "tau_int": 7.027903352856564,
            "dtau_int": 0.3610008279296635
          }
        },
        "n_skipped": 0,
        "step_size": 0
      }
    ],
    [
      {
        "acc_rate": 0.31954,
        "n_steps": 100000,
        "obs_stats": {
          "Q": {
            "mean": -0.02511025033891201,
            "error": 0.010439507336228305,
            "tau_int": 9.529850985577749,
            "dtau_int": 0.48954431268672494
          },
          "Chi_t": {
            "mean": 0.5723157525062561,
            "error": 0.008802304202518181,
            "tau_int": 6.013532873758724,
            "dtau_int": 0.2536739173249296
          }
        },
        "n_skipped": 0,
        "step_size": 0
      },
      {
        "acc_rate": 0.32326,
        "n_steps": 100000,
        "obs_stats": {
          "Q": {
            "mean": 0.02031020261347294,
            "error": 0.008553619684631055,
            "tau_int": 6.549592337429632,
            "dtau_int": 0.2868418985363607
          },
          "Chi_t": {
            "mean": 0.558875560760498,
            "error": 0.008967189415746946,
            "tau_int": 6.27398824917096,
            "dtau_int": 0.2697857960551127
          }
        },
        "n_skipped": 0,