{
  "observables": [
    "Chi_t"
  ],
  "n_samples": [
    50000,
    125000,
    250000,
    375000
  ],
  "nip": [
    [
      {
        "obs_stats": {
          "Q": {
            "mean": 0.03390428051352501,
            "error": 0.01398349367082119,
            "error_ess": 0.012894009239971638,
            "ess_q": 0.061169885098934174
          },
          "Chi_t": {
            "mean": 0.5096307396888733,
            "error": 0.014674958772957325,
            "error_ess": 0.012548287399113178,
            "ess_q": 0.061169885098934174
          }
        },
        "entropy": 51595.359375,
        "std_entropy": 24857314.0,
        "free_energy": -0.30169309904964053,
        "std_free_energy": 0.002261874033138156
      },
      {
        "obs_stats": {
          "Q": {
            "mean": 0.054871588945388794,
            "error": 0.041486259549856186,
            "error_ess": 0.031245844438672066,
            "ess_q": 0.010388622060418129
          },
          "Chi_t": {
            "mean": 0.5101227760314941,
            "error": 0.04168485105037689,
            "error_ess": 0.03040461055934429,
            "ess_q": 0.010388622060418129
          }
        },
        "entropy": 51892.0390625,
        "std_entropy": 60821824.0,
        "free_energy": -0.3030281695829326,
        "std_free_energy": 0.005635040812194347
      },
      {
        "obs_stats": {
          "Q": {
            "mean": -0.06575615704059601,
            "error": 0.037970688194036484,
            "error_ess": 0.029973525553941727,
            "ess_q": 0.011004379019141197
          },
          "Chi_t": {
            "mean": 0.49863746762275696,
            "error": 0.03839747980237007,
            "error_ess": 0.029029006138443947,
            "ess_q": 0.011004379019141197
          }
        },
        "entropy": 52028.59765625,
        "std_entropy": 59422076.0,
        "free_energy": -0.30269672038410894,
        "std_free_energy": 0.00547341164201498
      }
    ],
    [
      {
        "obs_stats": {
          "Q": {
            "mean": 0.003379877656698227,
            "error": 0.00928928516805172,
            "error_ess": 0.008944923058152199,
            "ess_q": 0.049760837107896805
          },
          "Chi_t": {
            "mean": 0.49768829345703125,
            "error": 0.009779660031199455,
            "error_ess": 0.008873911574482918,
            "ess_q": 0.049760837107896805
          }
        },
        "entropy": 130727.125,
        "std_entropy": 108677264.0,
        "free_energy": -0.3016629573298314,
        "std_free_energy": 0.0015956723364070058
      },
      {
        "obs_stats": {
          "Q": {
            "mean": -0.00860550906509161,
            "error": 0.00949933659285307,
            "error_ess": 0.010860788635909557,
            "ess_q": 0.03378014639019966
          },
          "Chi_t": {
            "mean": 0.4981444776058197,
            "error": 0.01069231703877449,
            "error_ess": 0.010975957848131657,
            "ess_q": 0.03378014639019966
          }
        },
        "entropy": 131248.90625,
        "std_entropy": 132800712.0,
        "free_energy": -0.3020997170056525,
        "std_free_energy": 0.001952892285771668
      },
      {
        "obs_stats": {
          "Q": {
            "mean": 0.0024516189005225897,
            "error": 0.009563658386468887,
            "error_ess": 0.009311608038842678,
            "ess_q": 0.04612826555967331
          },
          "Chi_t": {
            "mean": 0.4999520182609558,
            "error": 0.01372136827558279,
            "error_ess": 0.009562949649989605,
            "ess_q": 0.04612826555967331
          }
        },
        "entropy": 130782.515625,
        "std_entropy": 112937888.0,
        "free_energy": -0.3018020752487368,
        "std_free_energy": 0.0016604757402092218
      }
    ],
    [
      {
        "obs_stats": {
          "Q": {
            "mean": 0.008642151951789856,
            "error": 0.006640604697167873,
            "error_ess": 0.00707496702671051,
            "ess_q": 0.03954964131116867
          },
          "Chi_t": {
            "mean": 0.4949885904788971,
            "error": 0.0072830477729439735,
            "error_ess": 0.007171341683715582,
            "ess_q": 0.03954964131116867
          }
        },
        "entropy": 264492.21875,
        "std_entropy": 345048672.0,
        "free_energy": -0.30185342693828426,
        "std_free_energy": 0.0012723933905363083
      },
      {
        "obs_stats": {
          "Q": {
            "mean": 0.006147430744022131,
            "error": 0.005884545389562845,
            "error_ess": 0.00785940419882536,
            "ess_q": 0.03171231225132942
          },
          "Chi_t": {
            "mean": 0.4897550940513611,
            "error": 0.006607167888432741,
            "error_ess": 0.007932126522064209,
            "ess_q": 0.03171231225132942
          }
        },
        "entropy": 264728.21875,
        "std_entropy": 385871008.0,
        "free_energy": -0.30203301057609905,
        "std_free_energy": 0.0014267355436459184
      },
      {
        "obs_stats": {
          "Q": {
            "mean": -0.016885071992874146,
            "error": 0.012314805760979652,
            "error_ess": 0.010356384329497814,
            "ess_q": 0.018949083983898163
          },
          "Chi_t": {
            "mean": 0.5083776116371155,
            "error": 0.012869102880358696,
            "error_ess": 0.010332996025681496,
            "ess_q": 0.018949083983898163
          }
        },
        "entropy": 264389.0,
        "std_entropy": 497817888.0,
        "free_energy": -0.3021823261674617,
        "std_free_energy": 0.0018578339368104935
      }
    ],
    [
      {
        "obs_stats": {
          "Q": {
            "mean": 0.0039836689829826355,
            "error": 0.0050307270139455795,
            "error_ess": 0.020940762013196945,
            "ess_q": 0.0029123970307409763
          },
          "Chi_t": {
            "mean": 0.4789387881755829,
            "error": 0.005511715076863766,
            "error_ess": 0.021422892808914185,
            "ess_q": 0.0029123970307409763
          }
        },
        "entropy": 402061.6875,
        "std_entropy": 2365426176.0,
        "free_energy": -0.3023637354680254,
        "std_free_energy": 0.00390077312476933
      },
      {
        "obs_stats": {
          "Q": {
            "mean": 0.006511463318020105,
            "error": 0.011945127509534359,
            "error_ess": 0.009096731431782246,
            "ess_q": 0.01662703976035118
          },
          "Chi_t": {
            "mean": 0.5160020589828491,
            "error": 0.014288518577814102,
            "error_ess": 0.009281482547521591,
            "ess_q": 0.01662703976035118
          }
        },
        "entropy": 399876.28125,
        "std_entropy": 979762944.0,
        "free_energy": -0.3022744500961728,
        "std_free_energy": 0.0016212910413742065
      },
      {
        "obs_stats": {
          "Q": {
            "mean": -0.004586073569953442,
            "error": 0.007741226349025965,
            "error_ess": 0.006728879641741514,
            "ess_q": 0.030021457001566887
          },
          "Chi_t": {
            "mean": 0.5097594857215881,
            "error": 0.008810837753117085,
            "error_ess": 0.006947517395019531,
            "ess_q": 0.030021457001566887
          }
        },
        "entropy": 400937.46875,
        "std_entropy": 733068480.0,
        "free_energy": -0.30214216123582344,
        "std_free_energy": 0.0011983246076852083
      }
    ]
  ],
  "nmcmc": [
    [
      {
        "acc_rate": 0.24626,
        "n_steps": 50000.0,
        "obs_stats": {
          "Q": {
            "mean": 0.01170023437589407,
            "error": 0.01637105954399103,
            "tau_int": 13.057667673647552,
            "dtau_int": 1.0409765368473785
          },
          "Chi_t": {
            "mean": 0.5129902362823486,