{
  "observables": [
    "Chi_t"
  ],
  "n_samples": [
    50000,
    80000,
    100000
  ],
  "nip": [],
  "nmcmc": [
    [
      {
        "acc_rate": 0.60952,
        "n_steps": 50000,
        "obs_stats": {
          "Q": {
            "mean": -0.00014000000373926014,
            "error": 0.006096194752634527,
            "tau_int": 1.401559631538581,
            "dtau_int": 0.041762602079802646
          },
          "Chi_t": {
            "mean": 0.6628599762916565,
            "error": 0.006696845366295227,
            "tau_int": 1.268316143801739,
            "dtau_int": 0.036286582693020875
          }
        },
        "n_skipped": 0,
        "step_size": 0
      },
      {
        "acc_rate": 0.60086,
        "n_steps": 50000,
        "obs_stats": {
          "Q": {
            "mean": 0.010219999589025974,
            "error": 0.005979156762986363,
            "tau_int": 1.3758771290295237,
            "dtau_int": 0.04104474233014665
          },
          "Chi_t": {
            "mean": 0.6496599912643433,
            "error": 0.006854658565220877,
            "tau_int": 1.355591040061556,
            "dtau_int": 0.040476430238326463
          }
        },
        "n_skipped": 0,
        "step_size": 0
      },
      {
        "acc_rate": 0.6092,
        "n_steps": 50000,
        "obs_stats": {
          "Q": {
            "mean": 0.008960000239312649,
            "error": 0.006058011769818243,
            "tau_int": 1.4137024231323654,
            "dtau_int": 0.04395918553220445
          },
          "Chi_t": {
            "mean": 0.6490399837493896,
            "error": 0.006778265827634467,
            "tau_int": 1.3293115099176807,
            "dtau_int": 0.03973852372628587
          }
        },
        "n_skipped": 0,
        "step_size": 0
      }
    ],
    [
      {
        "acc_rate": 0.6022625,
        "n_steps": 80000,
        "obs_stats": {
          "Q": {
            "mean": -0.005962499883025885,
            "error": 0.0048547807706608515,
            "tau_int": 1.437893606871403,
            "dtau_int": 0.035312082652789706
          },
          "Chi_t": {
            "mean": 0.655662477016449,
            "error": 0.005355544715651064,
            "tau_int": 1.321595596794436,
            "dtau_int": 0.031244493857978405
          }
        },
        "n_skipped": 0,
        "step_size": 0
      },
      {
        "acc_rate": 0.6010875,
        "n_steps": 80000,
        "obs_stats": {
          "Q": {
            "mean": -0.0022499999031424522,
            "error": 0.004941482360603893,
            "tau_int": 1.471822625823814,
            "dtau_int": 0.037564906172525066
          },
          "Chi_t": {
            "mean": 0.6636000275611877,
            "error": 0.00526809468644145,
            "tau_int": 1.2741423639943645,
            "dtau_int": 0.030186497347615127
          }
        },
        "n_skipped": 0,
        "step_size": 0
      },
      {
        "acc_rate": 0.6011,
        "n_steps": 80000,
        "obs_stats": {
          "Q": {
            "mean": 0.010137500241398811,
            "error": 0.004847663114098119,
            "tau_int": 1.418840312198587,
            "dtau_int": 0.03487167703262502
          },
          "Chi_t": {
            "mean": 0.6625875234603882,
            "error": 0.005301671626447339,
            "tau_int": 1.2564310136935364,
            "dtau_int": 0.029790359528890347
          }
        },
        "n_skipped": 0,
        "step_size": 0
      }
    ],
    [
      {
        "acc_rate": 0.60533,
        "n_steps": 100000,
        "obs_stats": {
          "Q": {
            "mean": -0.0029899999499320984,
            "error": 0.004314049268090848,
            "tau_int": 1.3965535895786447,
            "dtau_int": 0.0307285542017925
          },
          "Chi_t": {
            "mean": 0.6663100123405457,
            "error": 0.004790934585838286,
            "tau_int": 1.2868313520011525,
            "dtau_int": 0.027253093492890085
          }
        },
        "n_skipped": 0,
        "step_size": 0
      },
      {
        "acc_rate": 0.60125,
        "n_steps": 100000,
        "obs_stats": {
          "Q": {
            "mean": -0.002050000010058284,
            "error": 0.00438157691667282,
            "tau_int": 1.45709273126755,
            "dtau_int": 0.03328161486761806
          },
          "Chi_t": {
            "mean": 0.6587700247764587,
            "error": 0.004970512191790419,
            "tau_int": 1.3985735896860405,
            "dtau_int": 0.0307704325012776
          }
        },
        "n_skipped": 0,
        "step_size": 0
      },
      {
        "acc_rate": 0.60233,
        "n_steps": 100000,
        "obs_stats": {
          "Q": {
            "mean": 0.003229999914765358,
            "error": 0.004344776164702968,
            "tau_int": 1.433342920713108,
            "dtau_int": 0.03276893661190748
          },
          "Chi_t": {
            "mean": 0.658490002155304,
            "error": 0.004782173022435408,
            "tau_int": 1.3076117427106762,
            "dtau_int": 0.02766751736873616
          }
        },
        "n_skipped": 0,
        "step_size": 0
      }
    ]
  ],
  "exact_sus": 0.6629736823224884
}