{
  "observables": [
    "Chi_t"
  ],
  "n_samples": [
    25000,
    40000,
    50000,
    75000,
    100000,
    125000,
    150000,
    175000,
    200000,
    225000,
    250000,
    80000
  ],
  "nip": {},
  "nmcmc": [
    [
      {
        "acc_rate": 0.66696,
        "n_steps": 25000.0,
        "obs_stats": {
          "Q": {
            "mean": -0.004880195017904043,
            "error": 0.00807937535923942,
            "tau_int": 1.2077192819557276,
            "dtau_int": 0.04656888483094936
          },
          "Chi_t": {
            "mean": 0.6755470037460327,
            "error": 0.008550077441446266,
            "tau_int": 0.995725125859118,
            "dtau_int": 0.03450344903841817
          }
        },
        "n_skipped": 0.0,
        "step_size": 0.0
      },
      {
        "acc_rate": 0.6694,
        "n_steps": 25000.0,
        "obs_stats": {
          "Q": {
            "mean": 0.004360174294561148,
            "error": 0.007735822117409039,
            "tau_int": 1.1207983519915745,
            "dtau_int": 0.041039067311712175
          },
          "Chi_t": {
            "mean": 0.667346715927124,
            "error": 0.00852300257584684,
            "tau_int": 1.0361157556278464,
            "dtau_int": 0.03812956167413845
          }
        },
        "n_skipped": 0.0,
        "step_size": 0.0
      },
      {
        "acc_rate": 0.66452,
        "n_steps": 25000.0,
        "obs_stats": {
          "Q": {
            "mean": 0.0018400736153125763,
            "error": 0.008095694783707287,
            "tau_int": 1.225188109576618,
            "dtau_int": 0.047198044541540606
          },
          "Chi_t": {
            "mean": 0.6685867309570312,
            "error": 0.009025142553245482,
            "tau_int": 1.0979589457078491,
            "dtau_int": 0.040257534940437725
          }
        },
        "n_skipped": 0.0,
        "step_size": 0.0
      }
    ],
    [
      {
        "acc_rate": 0.66885,
        "n_steps": 40000.0,
        "obs_stats": {
          "Q": {
            "mean": -0.000950023764744401,
            "error": 0.006274333087858641,
            "tau_int": 1.17818085063831,
            "dtau_int": 0.035972260103007074
          },
          "Chi_t": {
            "mean": 0.6682167053222656,
            "error": 0.006811248762117743,
            "tau_int": 1.0182977173577696,
            "dtau_int": 0.02965662400267505
          }
        },
        "n_skipped": 0.0,
        "step_size": 0.0
      },
      {
        "acc_rate": 0.66505,
        "n_steps": 40000.0,
        "obs_stats": {
          "Q": {
            "mean": 0.011175279505550861,
            "error": 0.006283654151784908,
            "tau_int": 1.169431738572251,
            "dtau_int": 0.035721883722126625
          },
          "Chi_t": {
            "mean": 0.6753419041633606,
            "error": 0.007156514881756145,
            "tau_int": 1.1585361753270684,
            "dtau_int": 0.03540972028405583
          }
        },
        "n_skipped": 0.0,
        "step_size": 0.0
      },
      {
        "acc_rate": 0.66775,
        "n_steps": 40000.0,
        "obs_stats": {
          "Q": {
            "mean": -0.003175079356878996,
            "error": 0.006044626646470533,
            "tau_int": 1.0911037459969555,
            "dtau_int": 0.03346885195471573
          },
          "Chi_t": {
            "mean": 0.6696917414665222,
            "error": 0.006813473173744268,
            "tau_int": 1.033479631431107,
            "dtau_int": 0.030071828032150225
          }
        },
        "n_skipped": 0.0,
        "step_size": 0.0
      }
    ],
    [
      {
        "acc_rate": 0.66726,
        "n_steps": 50000.0,
        "obs_stats": {
          "Q": {
            "mean": -0.0059601194225251675,
            "error": 0.005591015536186786,
            "tau_int": 1.1733635914198846,
            "dtau_int": 0.032051212826227735
          },
          "Chi_t": {
            "mean": 0.6660133004188538,
            "error": 0.006385968307576694,
            "tau_int": 1.1493040765869562,
            "dtau_int": 0.03143447785096355
          }
        },
        "n_skipped": 0.0,
        "step_size": 0.0
      },
      {
        "acc_rate": 0.67196,
        "n_steps": 50000.0,
        "obs_stats": {
          "Q": {
            "mean": -0.006380127742886543,
            "error": 0.00539418406978834,
            "tau_int": 1.084365591557174,
            "dtau_int": 0.02976116026086689
          },
          "Chi_t": {
            "mean": 0.67083340883255,
            "error": 0.00610507698970251,
            "tau_int": 1.0452687149318125,
            "dtau_int": 0.027184865780085023
          }
        },
        "n_skipped": 0.0,
        "step_size": 0.0
      },
      {
        "acc_rate": 0.66494,
        "n_steps": 50000.0,
        "obs_stats": {
          "Q": {
            "mean": -0.003760075196623802,
            "error": 0.005534267384141915,
            "tau_int": 1.1422208045912434,
            "dtau_int": 0.03125257452082141
          },
          "Chi_t": {
            "mean": 0.6703333854675293,
            "error": 0.0064413892270122714,
            "tau_int": 1.1293272748445717,
            "dtau_int": 0.030921071762129087
          }
        },
        "n_skipped": 0.0,
        "step_size": 0.0
      }
    ],
    [
      {
        "acc_rate": 0.6668133333333334,
        "n_steps": 75000.0,
        "obs_stats": {
          "Q": {
            "mean": -0.002786703873425722,
            "error": 0.00453364587613562,
            "tau_int": 1.1600272590854268,
            "dtau_int": 0.027241445642474126
          },
          "Chi_t": {
            "mean": 0.6644222140312195,
            "error": 0.0052865372553663305,
            "tau_int": 1.1903299068767677,
            "dtau_int": 0.027912066343427626
          }
        },
        "n_skipped": 0.0,
        "step_size": 0.0
      },
      {
        "acc_rate": 0.6714933333333334,
        "n_steps": 75000.0,
        "obs_stats": {
          "Q": {
            "mean": 0.002946706023067236,
            "error": 0.004524908950295267,
            "tau_int": 1.131716112146467,
            "dtau_int": 0.025297044201233517
          },
          "Chi_t": {
            "mean": 0.6784223914146423,
            "error": 0.005240657046925347,
            "tau_int": 1.1079455643174658,
            "dtau_int": 0.024797105110709403
          }
        },
        "n_skipped": 0.0,
        "step_size": 0.0
      },
      {
        "acc_rate": 0.6669466666666667,
        "n_steps": 75000.0,
        "obs_stats": {
          "Q": {
            "mean": -0.009413458406925201,
            "error": 0.004611385929220668,
            "tau_int": 1.1906655637695254,
            "dtau_int": 0.02791948266252877
          },
          "Chi_t": {
            "mean": 0.669795572757721,
            "error": 0.005117001380905618,
            "tau_int": 1.0980929083711617,
            "dtau_int": 0.02458947881234708
          }
        },
        "n_skipped": 0.0,
        "step_size": 0.0
      }
    ],
    [
      {
        "acc_rate": 0.6674,
        "n_steps": 100000.0,
        "obs_stats": {
          "Q": {
            "mean": -0.006440064404159784,
            "error": 0.0039972526792431025,
            "tau_int": 1.1990335360407969,
            "dtau_int": 0.02433898617075892
          },
          "Chi_t": {
            "mean": 0.6663066744804382,
            "error": 0.0044248362402983105,
            "tau_int": 1.1006250198605825,
            "dtau_int": 0.021341308124834563
          }
        },
        "n_skipped": 0.0,
        "step_size": 0.0
      },
      {
        "acc_rate": 0.66821,
        "n_steps": 100000.0,
        "obs_stats": {
          "Q": {
            "mean": -0.0031200312077999115,
            "error": 0.003935175843616925,
            "tau_int": 1.1533717092007607,
            "dtau_int": 0.02346393706833139
          },