{
  "observables": [
    "Chi_t"
  ],
  "n_samples": [
    50000,
    80000,
    100000
  ],
  "nip": [],
  "nmcmc": [
    [
      {
        "acc_rate": 0.71962,
        "n_steps": 50000,
        "obs_stats": {
          "Q": {
            "mean": 0.00686000008136034,
            "error": 0.00512670829053234,
            "tau_int": 0.9777381896587019,
            "dtau_int": 0.025529658658944274
          },
          "Chi_t": {
            "mean": 0.6720600128173828,
            "error": 0.005697954116812752,
            "tau_int": 0.8983905898948532,
            "dtau_int": 0.022154551531061238
          }
        },
        "n_skipped": 0,
        "step_size": 0
      },
      {
        "acc_rate": 0.71512,
        "n_steps": 50000,
        "obs_stats": {
          "Q": {
            "mean": 0.007660000119358301,
            "error": 0.005154858673784547,
            "tau_int": 0.998086290733923,
            "dtau_int": 0.02602983590204413
          },
          "Chi_t": {
            "mean": 0.6656200289726257,
            "error": 0.00561915573261628,
            "tau_int": 0.8929136316245212,
            "dtau_int": 0.022027419369936553
          }
        },
        "n_skipped": 0,
        "step_size": 0
      },
      {
        "acc_rate": 0.71324,
        "n_steps": 50000,
        "obs_stats": {
          "Q": {
            "mean": 0.011579999700188637,
            "error": 0.005064200024653169,
            "tau_int": 0.9664776669421766,
            "dtau_int": 0.025252302383709006
          },
          "Chi_t": {
            "mean": 0.6635000109672546,
            "error": 0.005896106569034585,
            "tau_int": 0.9746544858476327,
            "dtau_int": 0.02545374412296253
          }
        },
        "n_skipped": 0,
        "step_size": 0
      }
    ],
    [
      {
        "acc_rate": 0.7152625,
        "n_steps": 80000,
        "obs_stats": {
          "Q": {
            "mean": -0.0025625000707805157,
            "error": 0.004053802884268499,
            "tau_int": 0.9813170966769174,
            "dtau_int": 0.020252591067332876
          },
          "Chi_t": {
            "mean": 0.669837474822998,
            "error": 0.004528285181220249,
            "tau_int": 0.9215630545006201,
            "dtau_int": 0.017939068097594924
          }
        },
        "n_skipped": 0,
        "step_size": 0
      },
      {
        "acc_rate": 0.7148,
        "n_steps": 80000,
        "obs_stats": {
          "Q": {
            "mean": 0.005612500011920929,
            "error": 0.004087476623120696,
            "tau_int": 0.9985819364690829,
            "dtau_int": 0.02058801114390857
          },
          "Chi_t": {
            "mean": 0.6692625284194946,
            "error": 0.004560100693967507,
            "tau_int": 0.9375124857980317,
            "dtau_int": 0.019398227043221257
          }
        },
        "n_skipped": 0,
        "step_size": 0
      },
      {
        "acc_rate": 0.7176875,
        "n_steps": 80000,
        "obs_stats": {
          "Q": {
            "mean": -0.0024625000078231096,
            "error": 0.0040909321133062665,
            "tau_int": 1.004623439298901,
            "dtau_int": 0.02070520933870517
          },
          "Chi_t": {
            "mean": 0.6663374900817871,
            "error": 0.004514312664028549,
            "tau_int": 0.9191619054624676,
            "dtau_int": 0.017895161809077697
          }
        },
        "n_skipped": 0,
        "step_size": 0
      }
    ],
    [
      {
        "acc_rate": 0.71257,
        "n_steps": 100000,
        "obs_stats": {
          "Q": {
            "mean": 0.00026000000070780516,
            "error": 0.003653938710842936,
            "tau_int": 1.002447927717594,
            "dtau_int": 0.01848156462974754
          },
          "Chi_t": {
            "mean": 0.6659200191497803,
            "error": 0.004221355762227214,
            "tau_int": 0.9755443234738153,
            "dtau_int": 0.018014007130872523
          }
        },
        "n_skipped": 0,
        "step_size": 0
      },
      {
        "acc_rate": 0.71457,
        "n_steps": 100000,
        "obs_stats": {
          "Q": {
            "mean": 0.003379999892786145,
            "error": 0.003561649842063283,
            "tau_int": 0.9548463982722808,
            "dtau_int": 0.01765320021304255
          },
          "Chi_t": {
            "mean": 0.6642600297927856,
            "error": 0.004064482993435099,
            "tau_int": 0.9304798776398624,
            "dtau_int": 0.017227221301730135
          }
        },
        "n_skipped": 0,
        "step_size": 0
      },
      {
        "acc_rate": 0.71509,
        "n_steps": 100000,
        "obs_stats": {
          "Q": {
            "mean": -0.00877000018954277,
            "error": 0.003631459547534662,
            "tau_int": 0.9791345230495156,
            "dtau_int": 0.01807649451170255
          },
          "Chi_t": {
            "mean": 0.6734899878501892,
            "error": 0.00424700777822916,
            "tau_int": 0.9865823343307321,
            "dtau_int": 0.018206031950221867
          }
        },
        "n_skipped": 0,
        "step_size": 0
      }
    ]
  ],
  "exact_sus": 0.6687749432186545
}