{
  "observables": [
    "Chi_t"
  ],
  "mcmc_type": "wolff",
  "mcmc_alg": "cluster",
  "acceptance_rate": 1.0,
  "n_steps": 100000,
  "obs_stats": {
    "Chi_t": {
      "mean": 0.7816399931907654,
      "error": 0.0083642736640118,
      "tau_int": 2.7892741119645383,
      "dtau_int": 0.08406915833360398
    }
  },
  "sus_exact": 0.7742397148268283
}