{
  "observables": [
    "Chi_t"
  ],
  "n_samples": [
    50000,
    80000,
    100000,
    150000,
    200000,
    250000,
    300000
  ],
  "nip": [],
  "nmcmc": [
    [
      {
        "acc_rate": 0.18428,
        "n_steps": 50000,
        "obs_stats": {
          "Q": {
            "mean": -0.06394000351428986,
            "error": 0.029290455058318173,
            "tau_int": 37.07553546568067,
            "dtau_int": 4.576081989469804
          },
          "Chi_t": {
            "mean": 0.5817400217056274,
            "error": 0.017353767661629257,
            "tau_int": 13.4170618641962,
            "dtau_int": 1.0806054523057989
          }
        },
        "n_skipped": 0,
        "step_size": 0
      },
      {
        "acc_rate": 0.18284,
        "n_steps": 50000,
        "obs_stats": {
          "Q": {
            "mean": 0.004980000201612711,
            "error": 0.02454309122596451,
            "tau_int": 26.606462591008803,
            "dtau_int": 2.86455152796736
          },
          "Chi_t": {
            "mean": 0.5654199719429016,
            "error": 0.020096224108554144,
            "tau_int": 15.956160031884526,
            "dtau_int": 1.387682129997776
          }
        },
        "n_skipped": 0,
        "step_size": 0
      },
      {
        "acc_rate": 0.1889,
        "n_steps": 50000,
        "obs_stats": {
          "Q": {
            "mean": 0.01384000014513731,
            "error": 0.02923046285292386,
            "tau_int": 34.0430432845424,
            "dtau_int": 4.056204898188099
          },
          "Chi_t": {
            "mean": 0.626800000667572,
            "error": 0.030090968982713552,
            "tau_int": 26.182227135303524,
            "dtau_int": 2.803506742701955
          }
        },
        "n_skipped": 0,
        "step_size": 0
      }
    ],
    [
      {
        "acc_rate": 0.1828375,
        "n_steps": 80000,
        "obs_stats": {
          "Q": {
            "mean": 0.023762499913573265,
            "error": 0.01929059409659196,
            "tau_int": 26.154640231522976,
            "dtau_int": 2.2901771226700394
          },
          "Chi_t": {
            "mean": 0.5693125128746033,
            "error": 0.014229456050407811,
            "tau_int": 12.976249100200686,
            "dtau_int": 0.8435747207201508
          }
        },
        "n_skipped": 0,
        "step_size": 0
      },
      {
        "acc_rate": 0.1884625,
        "n_steps": 80000,
        "obs_stats": {
          "Q": {
            "mean": 0.022337500005960464,
            "error": 0.01890113298413596,
            "tau_int": 23.986993188935948,
            "dtau_int": 2.0248276633448885
          },
          "Chi_t": {
            "mean": 0.5958874821662903,
            "error": 0.024083217119435948,
            "tau_int": 31.09373969952787,
            "dtau_int": 2.928481139020843
          }
        },
        "n_skipped": 0,
        "step_size": 0
      },
      {
        "acc_rate": 0.179,
        "n_steps": 80000,
        "obs_stats": {
          "Q": {
            "mean": -0.010850000195205212,
            "error": 0.022868330950973754,
            "tau_int": 36.1549433929967,
            "dtau_int": 3.6276315782746096
          },
          "Chi_t": {
            "mean": 0.5781750082969666,
            "error": 0.0167591757449018,
            "tau_int": 17.04647648465473,
            "dtau_int": 1.243654215429077
          }
        },
        "n_skipped": 0,
        "step_size": 0
      }
    ],
    [
      {
        "acc_rate": 0.17697,
        "n_steps": 100000,
        "obs_stats": {
          "Q": {
            "mean": 0.029120000079274178,
            "error": 0.020099202491540194,
            "tau_int": 34.76131365882156,
            "dtau_int": 3.12263174410718
          },
          "Chi_t": {
            "mean": 0.5815200209617615,
            "error": 0.012496039196589209,
            "tau_int": 12.939469547524158,
            "dtau_int": 0.7613886930796487
          }
        },
        "n_skipped": 0,
        "step_size": 0
      },
      {
        "acc_rate": 0.18043,
        "n_steps": 100000,
        "obs_stats": {
          "Q": {
            "mean": -0.009589999914169312,
            "error": 0.014962535635469338,
            "tau_int": 21.214934366769292,
            "dtau_int": 1.5432173479432174
          },
          "Chi_t": {
            "mean": 0.5275099873542786,
            "error": 0.02098976903536618,
            "tau_int": 35.10847160250852,
            "dtau_int": 3.166710405207246
          }
        },
        "n_skipped": 0,
        "step_size": 0
      },
      {
        "acc_rate": 0.17899,
        "n_steps": 100000,
        "obs_stats": {
          "Q": {
            "mean": -0.0033599999733269215,
            "error": 0.016550593014575708,
            "tau_int": 24.489619046799874,
            "dtau_int": 1.8970233740936275
          },
          "Chi_t": {
            "mean": 0.5590000152587891,
            "error": 0.01489529865048174,
            "tau_int": 17.356904548759946,
            "dtau_int": 1.1572935026753033
          }
        },
        "n_skipped": 0,
        "step_size": 0
      }
    ],
    [
      {
        "acc_rate": 0.17999333333333334,
        "n_steps": 150000,
        "obs_stats": {
          "Q": {
            "mean": -0.005326666869223118,
            "error": 0.014478619408896274,
            "tau_int": 27.709311070072765,
            "dtau_int": 1.8971777750994185
          },
          "Chi_t": {
            "mean": 0.5672199726104736,
            "error": 0.012416749168869385,
            "tau_int": 18.32761694990279,
            "dtau_int": 1.0503814358501231
          }
        },
        "n_skipped": 0,
        "step_size": 0
      },
      {
        "acc_rate": 0.19516,
        "n_steps": 150000,
        "obs_stats": {
          "Q": {
            "mean": 0.02595333382487297,
            "error": 0.01124466241518796,
            "tau_int": 16.716367679994644,
            "dtau_int": 0.9208018389037947
          },
          "Chi_t": {
            "mean": 0.5678466558456421,
            "error": 0.015531811037364012,
            "tau_int": 25.501569629561775,
            "dtau_int": 1.6864408914114999
          }
        },
        "n_skipped": 0,
        "step_size": 0
      },
      {
        "acc_rate": 0.19313333333333332,
        "n_steps": 150000,
        "obs_stats": {
          "Q": {
            "mean": 0.010166666470468044,
            "error": 0.01288432765473883,
            "tau_int": 21.335244752739154,
            "dtau_int": 1.3043718180843578
          },
          "Chi_t": {
            "mean": 0.5835000276565552,
            "error": 0.017054536927400454,
            "tau_int": 30.799066040110333,
            "dtau_int": 2.2078208121935323
          }
        },
        "n_skipped": 0,
        "step_size": 0
      }
    ],
    [
      {
        "acc_rate": 0.18565,
        "n_steps": 200000,
        "obs_stats": {
          "Q": {
            "mean": -0.030275000259280205,
            "error": 0.01791073431608042,
            "tau_int": 52.347411871507006,
            "dtau_int": 4.162541563084721
          },
          "Chi_t": {
            "mean": 0.613415002822876,
            "error": 0.03789525493816679,
            "tau_int": 180.14628558219027,
            "dtau_int": 24.066272373088
          }
        },
        "n_skipped": 0,
        "step_size": 0
      },
      {
        "acc_rate": 0.18078,
        "n_steps": 200000,
        "obs_stats": {
          "Q": {
            "mean": 0.00380500010214746,
            "error": 0.01143401461341714,
            "tau_int": 23.475323385549157,
            "dtau_int": 1.319741995454137
          },
          "Chi_t": {
            "mean": 0.5567950010299683,
            "error": 0.011760197761992395,
            "tau_int": 20.27082745742102,
            "dtau_int": 1.0696743844959011
          }
        },
        "n_skipped": 0,