{
  "observables": [
    "Chi_t"
  ],
  "n_samples": [
    25000,
    40000,
    50000,
    75000,
    100000,
    125000,
    150000,
    175000,
    200000,
    225000,
    250000
  ],
  "nip": {},
  "nmcmc": [
    [
      {
        "acc_rate": 0.16304,
        "n_steps": 25000,
        "obs_stats": {
          "Q": {
            "mean": -0.04224168881773949,
            "error": 0.027920708369493313,
            "tau_int": 18.894014178436404,
            "dtau_int": 2.361191115425112
          },
          "Chi_t": {
            "mean": 0.5167406797409058,
            "error": 0.022496693035831634,
            "tau_int": 13.941611530251398,
            "dtau_int": 1.532932380616356
          }
        },
        "n_skipped": 0,
        "step_size": 0
      },
      {
        "acc_rate": 0.15948,
        "n_steps": 25000,
        "obs_stats": {
          "Q": {
            "mean": -0.12200488150119781,
            "error": 0.07344247876779529,
            "tau_int": 107.47749360212572,
            "dtau_int": 26.46785257815465
          },
          "Chi_t": {
            "mean": 0.6369854807853699,
            "error": 0.14264534228736805,
            "tau_int": 243.13344482075237,
            "dtau_int": 79.33117090095921
          }
        },
        "n_skipped": 0,
        "step_size": 0
      },
      {
        "acc_rate": 0.16436,
        "n_steps": 25000,
        "obs_stats": {
          "Q": {
            "mean": 0.06812272220849991,
            "error": 0.029331024281057563,
            "tau_int": 19.728414196681104,
            "dtau_int": 2.505127884978646
          },
          "Chi_t": {
            "mean": 0.5488619804382324,
            "error": 0.03366000695776044,
            "tau_int": 21.818739910090294,
            "dtau_int": 2.8904439910632576
          }
        },
        "n_skipped": 0,
        "step_size": 0
      }
    ],
    [
      {
        "acc_rate": 0.138825,
        "n_steps": 40000,
        "obs_stats": {
          "Q": {
            "mean": -0.029825745150446892,
            "error": 0.024192068479617006,
            "tau_int": 25.311701404920058,
            "dtau_int": 2.9321358677967093
          },
          "Chi_t": {
            "mean": 0.462736576795578,
            "error": 0.025786128354164894,
            "tau_int": 25.772733995660108,
            "dtau_int": 3.00261376094767
          }
        },
        "n_skipped": 0,
        "step_size": 0
      },
      {
        "acc_rate": 0.139525,
        "n_steps": 40000,
        "obs_stats": {
          "Q": {
            "mean": -0.05317632853984833,
            "error": 0.03980796101576004,
            "tau_int": 65.7502328679038,
            "dtau_int": 11.211466196750592
          },
          "Chi_t": {
            "mean": 0.48328709602355957,
            "error": 0.030301175295962792,
            "tau_int": 40.125499947112566,
            "dtau_int": 5.608669189082795
          }
        },
        "n_skipped": 0,
        "step_size": 0
      },
      {
        "acc_rate": 0.1458,
        "n_steps": 40000,
        "obs_stats": {
          "Q": {
            "mean": -0.042976073920726776,
            "error": 0.030952242599890843,
            "tau_int": 33.94272596314138,
            "dtau_int": 4.432893216162905
          },
          "Chi_t": {
            "mean": 0.5653891563415527,
            "error": 0.038432617087006266,
            "tau_int": 41.131667848264186,
            "dtau_int": 5.807775718710979
          }
        },
        "n_skipped": 0,
        "step_size": 0
      }
    ],
    [
      {
        "acc_rate": 0.14532,
        "n_steps": 50000,
        "obs_stats": {
          "Q": {
            "mean": 0.04438088834285736,
            "error": 0.029420558763534405,
            "tau_int": 42.87651732694095,
            "dtau_int": 5.618332758072531
          },
          "Chi_t": {
            "mean": 0.505790114402771,
            "error": 0.021652620257044022,
            "tau_int": 22.858093235340938,
            "dtau_int": 2.309861700368798
          }
        },
        "n_skipped": 0,
        "step_size": 0
      },
      {
        "acc_rate": 0.09626,
        "n_steps": 50000,
        "obs_stats": {
          "Q": {
            "mean": 0.36396726965904236,
            "error": 0.2192065357710708,
            "tau_int": 2023.9851268811651,
            "dtau_int": 940.9365413420109
          },
          "Chi_t": {
            "mean": 0.6855736970901489,
            "error": 0.04853283591274514,
            "tau_int": 153.94981056118547,
            "dtau_int": 33.46238578857144
          }
        },
        "n_skipped": 0,
        "step_size": 0
      },
      {
        "acc_rate": 0.13684,
        "n_steps": 50000,
        "obs_stats": {
          "Q": {
            "mean": 0.07302146404981613,
            "error": 0.046419949402542855,
            "tau_int": 98.76108633328228,
            "dtau_int": 18.09775947193532
          },
          "Chi_t": {
            "mean": 0.5486709475517273,
            "error": 0.02223313431844129,
            "tau_int": 26.434047064610112,
            "dtau_int": 2.8378776880079637
          }
        },
        "n_skipped": 0,
        "step_size": 0
      }
    ],
    [
      {
        "acc_rate": 0.14189333333333334,
        "n_steps": 75000,
        "obs_stats": {
          "Q": {
            "mean": 0.013653515838086605,
            "error": 0.026885609986677477,
            "tau_int": 51.93474785275419,
            "dtau_int": 6.227191786793736
          },
          "Chi_t": {
            "mean": 0.5213935971260071,
            "error": 0.028537419002567302,
            "tau_int": 53.72481560670099,
            "dtau_int": 6.5391893815475175
          }
        },
        "n_skipped": 0,
        "step_size": 0
      },
      {
        "acc_rate": 0.15462666666666666,
        "n_steps": 75000,
        "obs_stats": {
          "Q": {
            "mean": 0.025827011093497276,
            "error": 0.025702699551995903,
            "tau_int": 44.09440659152989,
            "dtau_int": 4.940764462295501
          },
          "Chi_t": {
            "mean": 0.5618341565132141,
            "error": 0.02335703044630076,
            "tau_int": 33.31447745830129,
            "dtau_int": 3.319771704433882
          }
        },
        "n_skipped": 0,
        "step_size": 0
      },
      {
        "acc_rate": 0.12832,
        "n_steps": 75000,
        "obs_stats": {
          "Q": {
            "mean": 0.06630755215883255,
            "error": 0.026818112656358077,
            "tau_int": 59.69798874298601,
            "dtau_int": 7.586497810014737
          },
          "Chi_t": {
            "mean": 0.4554594159126282,
            "error": 0.02539449809291948,
            "tau_int": 52.623904295078894,
            "dtau_int": 6.348455385499466
          }
        },
        "n_skipped": 0,
        "step_size": 0
      }
    ],
    [
      {
        "acc_rate": 0.15267,
        "n_steps": 100000,
        "obs_stats": {
          "Q": {
            "mean": -0.007350073661655188,
            "error": 0.020170325100980335,
            "tau_int": 39.15171880628196,
            "dtau_int": 3.7006184294149476
          },
          "Chi_t": {
            "mean": 0.5192151665687561,
            "error": 0.016947052075515067,
            "tau_int": 29.807391601557388,
            "dtau_int": 2.505909204868743
          }
        },
        "n_skipped": 0,
        "step_size": 0
      },
      {
        "acc_rate": 0.14744,
        "n_steps": 100000,
        "obs_stats": {
          "Q": {
            "mean": -0.023910239338874817,
            "error": 0.019534416036996533,
            "tau_int": 36.50574222733883,
            "dtau_int": 3.3457775259970948
          },
          "Chi_t": {
            "mean": 0.5228352546691895,
            "error": 0.01863630304544021,
            "tau_int": 29.06501497799931,
            "dtau_int": 2.420867788334815
          }
        },
        "n_skipped": 0,