{
  "observables": [
    "Chi_t",
    "Q"
  ],
  "n_samples": [
    5000,
    10000,
    25000,
    50000,
    75000,
    100000,
    150000,
    250000,
    500000,
    1000000,
    2500000,
    5000000
  ],
  "nip": [
    {
      "obs_stats": {
        "Q": {
          "mean": -0.0031602124217897654,
          "error": 0.011739099398255348,
          "error_ess": 0.011952102184295654,
          "ess_q": 0.8674786686897278
        },
        "Chi_t": {
          "mean": 0.6196185946464539,
          "error": 0.01282637007534504,
          "error_ess": 0.013134365901350975,
          "ess_q": 0.8674786686897278
        }
      },
      "entropy": 7967.6923828125,
      "std_entropy": 231084.421875,
      "free_energy": -0.7008030111186863,
      "std_free_energy": 0.0010091782314702868,
      "ess_p": {
        "0-1": {
          "log_ess_p": -0.14495491821347706,
          "ess_p": 0.8650612907401317
        },
        "0.05-1": {
          "log_ess_p": -0.11882680072512208,
          "ess_p": 0.887961581746266
        },
        "0.1-1": {
          "log_ess_p": -0.10656033366836759,
          "ess_p": 0.8989208113349747
        }
      }
    },
    {
      "obs_stats": {
        "Q": {
          "mean": -0.003099630819633603,
          "error": 0.008477404713630676,
          "error_ess": 0.008598923683166504,
          "ess_q": 0.8664878010749817
        },
        "Chi_t": {
          "mean": 0.6407034993171692,
          "error": 0.00981220044195652,
          "error_ess": 0.009882151149213314,
          "ess_q": 0.8664878010749817
        }
      },
      "entropy": 16182.603515625,
      "std_entropy": 655460.625,
      "free_energy": -0.7010777591849834,
      "std_free_energy": 0.0007166689611040056,
      "ess_p": {
        "0-1": {
          "log_ess_p": -0.14592455179451846,
          "ess_p": 0.8642229047922423
        },
        "0.05-1": {
          "log_ess_p": -0.11958568922188739,
          "ess_p": 0.887287973545395
        },
        "0.1-1": {
          "log_ess_p": -0.10718919867698773,
          "ess_p": 0.8983556892025972
        }
      }
    },
    {
      "obs_stats": {
        "Q": {
          "mean": -0.01069685909897089,
          "error": 0.005246653687208891,
          "error_ess": 0.0053451876156032085,
          "ess_q": 0.8704811930656433
        },
        "Chi_t": {
          "mean": 0.6218780279159546,
          "error": 0.0059020728804171085,
          "error_ess": 0.005999761167913675,
          "ess_q": 0.8704811930656433
        }
      },
      "entropy": 41166.4453125,
      "std_entropy": 2576938.25,
      "free_energy": -0.7008528887766696,
      "std_free_energy": 0.00044540601084008813,
      "ess_p": {
        "0-1": {
          "log_ess_p": -0.1464682099175878,
          "ess_p": 0.863753190683424
        },
        "0.05-1": {
          "log_ess_p": -0.1196592962651426,
          "ess_p": 0.8872226653047491
        },
        "0.1-1": {
          "log_ess_p": -0.10731275213993996,
          "ess_p": 0.8982447011028566
        }
      }
    },
    {
      "obs_stats": {
        "Q": {
          "mean": 0.0032635873649269342,
          "error": 0.0037357064429670572,
          "error_ess": 0.0038083947729319334,
          "ess_q": 0.864502489566803
        },
        "Chi_t": {
          "mean": 0.6269423365592957,
          "error": 0.004238092806190252,
          "error_ess": 0.004306402523070574,
          "ess_q": 0.864502489566803
        }
      },
      "entropy": 83376.421875,
      "std_entropy": 7286484.5,
      "free_energy": -0.700900643635532,
      "std_free_energy": 0.0003232488234061748,
      "ess_p": {
        "0-1": {
          "log_ess_p": -0.14586492155719988,
          "ess_p": 0.8642744401456687
        },
        "0.05-1": {
          "log_ess_p": -0.11930201289829157,
          "ess_p": 0.8875397118401099
        },
        "0.1-1": {
          "log_ess_p": -0.1069956035192412,
          "ess_p": 0.898529623349822
        }
      }
    },
    {
      "obs_stats": {
        "Q": {
          "mean": 0.0015617924509570003,
          "error": 0.0030599250458180904,
          "error_ess": 0.003119546454399824,
          "ess_q": 0.8678532838821411
        },
        "Chi_t": {
          "mean": 0.6334205865859985,
          "error": 0.003489861963316798,
          "error_ess": 0.003545614890754223,
          "ess_q": 0.8678532838821411
        }
      },
      "entropy": 126175.1796875,
      "std_entropy": 13385900.0,
      "free_energy": -0.7010314015288319,
      "std_free_energy": 0.0002601440064609051,
      "ess_p": {
        "0-1": {
          "log_ess_p": -0.14452196376994308,
          "ess_p": 0.8654359039592641
        },
        "0.05-1": {
          "log_ess_p": -0.11850945464365914,
          "ess_p": 0.8882434175921082
        },
        "0.1-1": {
          "log_ess_p": -0.10633753844665605,
          "ess_p": 0.8991211089082798
        }
      }
    },
    {
      "obs_stats": {
        "Q": {
          "mean": -0.0019219425739720464,
          "error": 0.0026533256750553846,
          "error_ess": 0.002699621021747589,
          "ess_q": 0.866569995880127
        },
        "Chi_t": {
          "mean": 0.6315557956695557,
          "error": 0.003002968616783619,
          "error_ess": 0.0030492013320326805,
          "ess_q": 0.866569995880127
        }
      },
      "entropy": 169163.421875,
      "std_entropy": 20616804.0,
      "free_energy": -0.7009590057751419,
      "std_free_energy": 0.00022655012435279787,
      "ess_p": {
        "0-1": {
          "log_ess_p": -0.1456739315513289,
          "ess_p": 0.8644395236902179
        },
        "0.05-1": {
          "log_ess_p": -0.11930150024568142,
          "ess_p": 0.8875401668397764
        },
        "0.1-1": {
          "log_ess_p": -0.10706131364442406,
          "ess_p": 0.8984705827955934
        }
      }
    },
    {
      "obs_stats": {
        "Q": {
          "mean": 0.0007450693519786,
          "error": 0.002156902337446809,
          "error_ess": 0.0021999117452651262,
          "ess_q": 0.8652645349502563
        },
        "Chi_t": {
          "mean": 0.628132164478302,
          "error": 0.0024514743126928806,
          "error_ess": 0.0024954734835773706,
          "ess_q": 0.8652645349502563
        }
      },
      "entropy": 255754.28125,
      "std_entropy": 37890420.0,
      "free_energy": -0.7010571475177307,
      "std_free_energy": 0.0001860202755779028,
      "ess_p": {
        "0-1": {
          "log_ess_p": -0.14486710151713034,
          "ess_p": 0.8651372609004974
        },
        "0.05-1": {
          "log_ess_p": -0.11852924161068223,
          "ess_p": 0.8882258421227791
        },
        "0.1-1": {
          "log_ess_p": -0.10624066310822222,
          "ess_p": 0.8992082157891845
        }
      }
    },
    {
      "obs_stats": {
        "Q": {
          "mean": -6.4486448536627e-05,
          "error": 0.001677033375017345,
          "error_ess": 0.0017069632885977626,
          "ess_q": 0.8664906024932861
        },
        "Chi_t": {
          "mean": 0.6311784982681274,
          "error": 0.0019078778568655252,
          "error_ess": 0.0019321349682286382,
          "ess_q": 0.8664906024932861
        }
      },
      "entropy": 430741.5,
      "std_entropy": 81609800.0,
      "free_energy": -0.7009230081230675,
      "std_free_energy": 0.00014333207218442112,
      "ess_p": {
        "0-1": {
          "log_ess_p": -0.14481829561557902,
          "ess_p": 0.8651794857348835
        },
        "0.05-1": {
          "log_ess_p": -0.11855832682825351,
          "ess_p": 0.8882000082566022
        },
        "0.1-1": {
          "log_ess_p": -0.10642408086175337,
          "ess_p": 0.8990433001629768
        }
      }
    },
    {
      "obs_stats": {
        "Q": {
          "mean": 0.00032863320666365325,
          "error": 0.0011858330108225346,
          "error_ess": 0.001207036548294127,
          "ess_q": 0.8656548857688904
        },