{
  "observables": [
    "Chi_t"
  ],
  "n_samples": [
    50000,
    80000,
    100000
  ],
  "nip": [],
  "nmcmc": [
    [
      {
        "acc_rate": 0.48288,
        "n_steps": 50000,
        "obs_stats": {
          "Q": {
            "mean": 0.0003800000122282654,
            "error": 0.007871396309518353,
            "tau_int": 2.517173362860364,
            "dtau_int": 0.098093123033371
          },
          "Chi_t": {
            "mean": 0.6152999997138977,
            "error": 0.007963787795894425,
            "tau_int": 2.0896310965074605,
            "dtau_int": 0.07571358112222007
          }
        },
        "n_skipped": 0,
        "step_size": 0
      },
      {
        "acc_rate": 0.48222,
        "n_steps": 50000,
        "obs_stats": {
          "Q": {
            "mean": 0.00812000036239624,
            "error": 0.008195314599739328,
            "tau_int": 2.6822306889325507,
            "dtau_int": 0.10946069884477119
          },
          "Chi_t": {
            "mean": 0.6259999871253967,
            "error": 0.00916392259802475,
            "tau_int": 2.581291636724654,
            "dtau_int": 0.10304161438718974
          }
        },
        "n_skipped": 0,
        "step_size": 0
      },
      {
        "acc_rate": 0.48216,
        "n_steps": 50000,
        "obs_stats": {
          "Q": {
            "mean": -0.0006799999973736703,
            "error": 0.007798997232187922,
            "tau_int": 2.4514080832392984,
            "dtau_int": 0.09569561685373855
          },
          "Chi_t": {
            "mean": 0.6202399730682373,
            "error": 0.007784667467952245,
            "tau_int": 1.992818650543092,
            "dtau_int": 0.0701906405027477
          }
        },
        "n_skipped": 0,
        "step_size": 0
      }
    ],
    [
      {
        "acc_rate": 0.4873,
        "n_steps": 80000,
        "obs_stats": {
          "Q": {
            "mean": 0.006300000008195639,
            "error": 0.006064261898783156,
            "tau_int": 2.364790192734301,
            "dtau_int": 0.07314661480784673
          },
          "Chi_t": {
            "mean": 0.6220499873161316,
            "error": 0.0063660418716310445,
            "tau_int": 2.1121454217262765,
            "dtau_int": 0.06227759286738146
          }
        },
        "n_skipped": 0,
        "step_size": 0
      },
      {
        "acc_rate": 0.4851125,
        "n_steps": 80000,
        "obs_stats": {
          "Q": {
            "mean": 0.009724999777972698,
            "error": 0.005981041331585669,
            "tau_int": 2.3706680459404263,
            "dtau_int": 0.07331716270485682
          },
          "Chi_t": {
            "mean": 0.6036499738693237,
            "error": 0.006307111934683768,
            "tau_int": 2.1359746704748774,
            "dtau_int": 0.06293703885599083
          }
        },
        "n_skipped": 0,
        "step_size": 0
      },
      {
        "acc_rate": 0.4769875,
        "n_steps": 80000,
        "obs_stats": {
          "Q": {
            "mean": -0.010362500324845314,
            "error": 0.006488519974558675,
            "tau_int": 2.7656005234960355,
            "dtau_int": 0.09116922719122204
          },
          "Chi_t": {
            "mean": 0.6089875102043152,
            "error": 0.007378783351635654,
            "tau_int": 2.76509053074733,
            "dtau_int": 0.0911534844869674
          }
        },
        "n_skipped": 0,
        "step_size": 0
      }
    ],
    [
      {
        "acc_rate": 0.48344,
        "n_steps": 100000,
        "obs_stats": {
          "Q": {
            "mean": -0.0012799999676644802,
            "error": 0.005434089222898225,
            "tau_int": 2.4173145472600868,
            "dtau_int": 0.06851316877153235
          },
          "Chi_t": {
            "mean": 0.610759973526001,
            "error": 0.005757015659752443,
            "tau_int": 2.172570323448281,
            "dtau_int": 0.05882400900916798
          }
        },
        "n_skipped": 0,
        "step_size": 0
      },
      {
        "acc_rate": 0.48497,
        "n_steps": 100000,
        "obs_stats": {
          "Q": {
            "mean": 0.007029999978840351,
            "error": 0.00561620877236132,
            "tau_int": 2.528229962863823,
            "dtau_int": 0.0732257979753934
          },
          "Chi_t": {
            "mean": 0.6238099932670593,
            "error": 0.00686064763450949,
            "tau_int": 2.883681550798726,
            "dtau_int": 0.08863053947039755
          }
        },
        "n_skipped": 0,
        "step_size": 0
      },
      {
        "acc_rate": 0.48695,
        "n_steps": 100000,
        "obs_stats": {
          "Q": {
            "mean": -0.0031300000846385956,
            "error": 0.005525139407482497,
            "tau_int": 2.4493422874539843,
            "dtau_int": 0.06936554259989132
          },
          "Chi_t": {
            "mean": 0.6231499910354614,
            "error": 0.006148270524110625,
            "tau_int": 2.4008954426127183,
            "dtau_int": 0.06807561878408896
          }
        },
        "n_skipped": 0,
        "step_size": 0
      }
    ]
  ],
  "exact_sus": 0.6194099585690315
}