{
  "observables": [
    "Chi_t"
  ],
  "n_samples": [
    25000,
    40000,
    50000,
    75000,
    100000,
    125000,
    150000,
    175000,
    200000,
    225000,
    250000,
    80000
  ],
  "nip": {},
  "nmcmc": [
    [
      {
        "acc_rate": 0.4404,
        "n_steps": 25000.0,
        "obs_stats": {
          "Q": {
            "mean": -0.009200368076562881,
            "error": 0.012854820012440142,
            "tau_int": 3.376625062454522,
            "dtau_int": 0.20538897502544648
          },
          "Chi_t": {
            "mean": 0.6116244792938232,
            "error": 0.01370428034896463,
            "tau_int": 3.0541372286117063,
            "dtau_int": 0.17890768067045684
          }
        },
        "n_skipped": 0.0,
        "step_size": 0.0
      },
      {
        "acc_rate": 0.4688,
        "n_steps": 25000.0,
        "obs_stats": {
          "Q": {
            "mean": 0.001320052775554359,
            "error": 0.01123078506468869,
            "tau_int": 2.4913006327439313,
            "dtau_int": 0.13373220019300316
          },
          "Chi_t": {
            "mean": 0.6327053308486938,
            "error": 0.01187644633511273,
            "tau_int": 2.168916166269132,
            "dtau_int": 0.10742314735022834
          }
        },
        "n_skipped": 0.0,
        "step_size": 0.0
      },
      {
        "acc_rate": 0.46952,
        "n_steps": 25000.0,
        "obs_stats": {
          "Q": {
            "mean": 0.004600184038281441,
            "error": 0.011257325174239514,
            "tau_int": 2.5190876294937654,
            "dtau_int": 0.13511943322549366
          },
          "Chi_t": {
            "mean": 0.6287051439285278,
            "error": 0.013298730190099643,
            "tau_int": 2.579008603678086,
            "dtau_int": 0.1381028000450086
          }
        },
        "n_skipped": 0.0,
        "step_size": 0.0
      }
    ],
    [
      {
        "acc_rate": 0.4568,
        "n_steps": 40000.0,
        "obs_stats": {
          "Q": {
            "mean": -0.021625541150569916,
            "error": 0.009226249784434573,
            "tau_int": 2.7874087735557396,
            "dtau_int": 0.12685959148591858
          },
          "Chi_t": {
            "mean": 0.611140251159668,
            "error": 0.009455430913545195,
            "tau_int": 2.4008851668202165,
            "dtau_int": 0.10214226520552974
          }
        },
        "n_skipped": 0.0,
        "step_size": 0.0
      },
      {
        "acc_rate": 0.45875,
        "n_steps": 40000.0,
        "obs_stats": {
          "Q": {
            "mean": -0.0019250480690971017,
            "error": 0.008678276118900829,
            "tau_int": 2.491823830844167,
            "dtau_int": 0.10864080823368671
          },
          "Chi_t": {
            "mean": 0.6043900847434998,
            "error": 0.0088834695221725,
            "tau_int": 2.1826786934532527,
            "dtau_int": 0.08816976240238766
          }
        },
        "n_skipped": 0.0,
        "step_size": 0.0
      },
      {
        "acc_rate": 0.457925,
        "n_steps": 40000.0,
        "obs_stats": {
          "Q": {
            "mean": -0.0030750769656151533,
            "error": 0.01022786541933621,
            "tau_int": 3.2906235691444508,
            "dtau_int": 0.16191065676246644
          },
          "Chi_t": {
            "mean": 0.6356908679008484,
            "error": 0.011741411709737363,
            "tau_int": 3.3957504824243254,
            "dtau_int": 0.16672011722323674
          }
        },
        "n_skipped": 0.0,
        "step_size": 0.0
      }
    ],
    [
      {
        "acc_rate": 0.45786,
        "n_steps": 50000.0,
        "obs_stats": {
          "Q": {
            "mean": -0.020320406183600426,
            "error": 0.008169554114409389,
            "tau_int": 2.652523258243899,
            "dtau_int": 0.10569664152427241
          },
          "Chi_t": {
            "mean": 0.6293725967407227,
            "error": 0.008866637308069565,
            "tau_int": 2.4753284729826457,
            "dtau_int": 0.09656967225758395
          }
        },
        "n_skipped": 0.0,
        "step_size": 0.0
      },
      {
        "acc_rate": 0.45286,
        "n_steps": 50000.0,
        "obs_stats": {
          "Q": {
            "mean": 0.016480330377817154,
            "error": 0.008228852394089478,
            "tau_int": 2.730664093081694,
            "dtau_int": 0.11130865148083238
          },
          "Chi_t": {
            "mean": 0.6201323866844177,
            "error": 0.008734793690920081,
            "tau_int": 2.380247440642263,
            "dtau_int": 0.09062490716617612
          }
        },
        "n_skipped": 0.0,
        "step_size": 0.0
      },
      {
        "acc_rate": 0.46184,
        "n_steps": 50000.0,
        "obs_stats": {
          "Q": {
            "mean": 0.00310006202198565,
            "error": 0.0088090438164835,
            "tau_int": 3.049166434422333,
            "dtau_int": 0.12922504795745535
          },
          "Chi_t": {
            "mean": 0.6361527442932129,
            "error": 0.00915537769144996,
            "tau_int": 2.6111343986538578,
            "dtau_int": 0.10415582641274009
          }
        },
        "n_skipped": 0.0,
        "step_size": 0.0
      }
    ],
    [
      {
        "acc_rate": 0.45441333333333334,
        "n_steps": 75000.0,
        "obs_stats": {
          "Q": {
            "mean": -0.004613394849002361,
            "error": 0.007473484301893906,
            "tau_int": 3.2581178695066892,
            "dtau_int": 0.11954458764262835
          },
          "Chi_t": {
            "mean": 0.6428085565567017,
            "error": 0.008850897036502887,
            "tau_int": 3.494157031695976,
            "dtau_int": 0.1326091670345831
          }
        },
        "n_skipped": 0.0,
        "step_size": 0.0
      },
      {
        "acc_rate": 0.45224,
        "n_steps": 75000.0,
        "obs_stats": {
          "Q": {
            "mean": 0.00413338840007782,
            "error": 0.007371781808672828,
            "tau_int": 3.277156468439763,
            "dtau_int": 0.12019778359969495
          },
          "Chi_t": {
            "mean": 0.6217949390411377,
            "error": 0.008236984943533764,
            "tau_int": 3.2920915163774422,
            "dtau_int": 0.12070980980190493
          }
        },
        "n_skipped": 0.0,
        "step_size": 0.0
      },
      {
        "acc_rate": 0.45437333333333335,
        "n_steps": 75000.0,
        "obs_stats": {
          "Q": {
            "mean": -0.006946759298443794,
            "error": 0.006944458472107784,
            "tau_int": 2.926290062326438,
            "dtau_int": 0.10153624582095212
          },
          "Chi_t": {
            "mean": 0.6179949045181274,
            "error": 0.007229848969903268,
            "tau_int": 2.5166704839070704,
            "dtau_int": 0.08216039902265122
          }
        },
        "n_skipped": 0.0,
        "step_size": 0.0
      }
    ],
    [
      {
        "acc_rate": 0.44994,
        "n_steps": 100000.0,
        "obs_stats": {
          "Q": {
            "mean": 0.006020060274749994,
            "error": 0.006261736489647458,
            "tau_int": 3.178782636430184,
            "dtau_int": 0.1011661656542791
          },
          "Chi_t": {
            "mean": 0.6167261600494385,
            "error": 0.0060324425191940955,
            "tau_int": 2.398697650781859,
            "dtau_int": 0.06801736055508469
          }
        },
        "n_skipped": 0.0,
        "step_size": 0.0
      },
      {
        "acc_rate": 0.45574,
        "n_steps": 100000.0,
        "obs_stats": {
          "Q": {
            "mean": -0.011390114203095436,
            "error": 0.005705340610523325,
            "tau_int": 2.6881812773855276,
            "dtau_int": 0.07940295387653273
          },
          "Chi_t": {
            "mean": 0.6055360436439514,