{
  "observables": [
    "Chi_t"
  ],
  "n_samples": [
    50000,
    80000,
    100000,
    150000,
    200000,
    250000,
    300000
  ],
  "nip": [],
  "nmcmc": [
    [
      {
        "acc_rate": 0.0271,
        "n_steps": 50000,
        "obs_stats": {
          "Q": {
            "mean": 0.10475999861955643,
            "error": 0.12006737802625295,
            "tau_int": 1179.3168264457045,
            "dtau_int": 494.8841911796614
          },
          "Chi_t": {
            "mean": 0.3038800060749054,
            "error": 0.08041296935955963,
            "tau_int": 479.9065495959721,
            "dtau_int": 155.86805915806468
          }
        },
        "n_skipped": 0,
        "step_size": 0
      },
      {
        "acc_rate": 0.02238,
        "n_steps": 50000,
        "obs_stats": {
          "Q": {
            "mean": -0.2463199943304062,
            "error": 0.24588033094873185,
            "tau_int": 3268.107007827187,
            "dtau_int": 1542.7107330096596
          },
          "Chi_t": {
            "mean": 0.474480003118515,
            "error": 0.15813002503982268,
            "tau_int": 2110.3657356873796,
            "dtau_int": 986.2675022576882
          }
        },
        "n_skipped": 0,
        "step_size": 0
      },
      {
        "acc_rate": 0.02508,
        "n_steps": 50000,
        "obs_stats": {
          "Q": {
            "mean": -0.09138000011444092,
            "error": 0.1308805708392684,
            "tau_int": 764.9497243760771,
            "dtau_int": 286.50816091805063
          },
          "Chi_t": {
            "mean": 0.552619993686676,
            "error": 0.1211998902350265,
            "tau_int": 582.5474577034299,
            "dtau_int": 201.1908450265986
          }
        },
        "n_skipped": 0,
        "step_size": 0
      }
    ],
    [
      {
        "acc_rate": 0.0180125,
        "n_steps": 80000,
        "obs_stats": {
          "Q": {
            "mean": -0.048624999821186066,
            "error": 0.027117308584493956,
            "tau_int": 191.58616724082384,
            "dtau_int": 37.83314657937508
          },
          "Chi_t": {
            "mean": 0.15517500042915344,
            "error": 0.05081660401213175,
            "tau_int": 604.4717163128703,
            "dtau_int": 181.3933048655208
          }
        },
        "n_skipped": 0,
        "step_size": 0
      },
      {
        "acc_rate": 0.0324125,
        "n_steps": 80000,
        "obs_stats": {
          "Q": {
            "mean": 0.09812500327825546,
            "error": 0.15042314994924155,
            "tau_int": 1878.4105680283687,
            "dtau_int": 787.3755596622493
          },
          "Chi_t": {
            "mean": 0.47152501344680786,
            "error": 0.09476656362814306,
            "tau_int": 804.9977575603508,
            "dtau_int": 265.435864664321
          }
        },
        "n_skipped": 0,
        "step_size": 0
      },
      {
        "acc_rate": 0.01135,
        "n_steps": 80000,
        "obs_stats": {
          "Q": {
            "mean": -0.4996500015258789,
            "error": 0.19521971644250286,
            "tau_int": 3486.32526334622,
            "dtau_int": 1635.0781368274295
          },
          "Chi_t": {
            "mean": 0.6550750136375427,
            "error": 0.12335164549234466,
            "tau_int": 2543.055867334527,
            "dtau_int": 1137.3522946435648
          }
        },
        "n_skipped": 0,
        "step_size": 0
      }
    ],
    [
      {
        "acc_rate": 0.02897,
        "n_steps": 100000,
        "obs_stats": {
          "Q": {
            "mean": -0.2582800090312958,
            "error": 0.13289753877814162,
            "tau_int": 1720.1675323709396,
            "dtau_int": 665.7143885675961
          },
          "Chi_t": {
            "mean": 0.5641599893569946,
            "error": 0.2708185229685967,
            "tau_int": 2989.554241618655,
            "dtau_int": 1321.2268267492034
          }
        },
        "n_skipped": 0,
        "step_size": 0
      },
      {
        "acc_rate": 0.02468,
        "n_steps": 100000,
        "obs_stats": {
          "Q": {
            "mean": 0.027890000492334366,
            "error": 0.08015947731036542,
            "tau_int": 763.4721314005802,
            "dtau_int": 229.90669271238576
          },
          "Chi_t": {
            "mean": 0.4155299961566925,
            "error": 0.06750587889907494,
            "tau_int": 621.9398890550599,
            "dtau_int": 174.56735333766954
          }
        },
        "n_skipped": 0,
        "step_size": 0
      },
      {
        "acc_rate": 0.01835,
        "n_steps": 100000,
        "obs_stats": {
          "Q": {
            "mean": -0.04941999912261963,
            "error": 0.03286017124091406,
            "tau_int": 284.14327964683895,
            "dtau_int": 59.909283359894694
          },
          "Chi_t": {
            "mean": 0.19140000641345978,
            "error": 0.04607331131185465,
            "tau_int": 602.278537207756,
            "dtau_int": 167.1785258648328
          }
        },
        "n_skipped": 0,
        "step_size": 0
      }
    ],
    [
      {
        "acc_rate": 0.03256,
        "n_steps": 150000,
        "obs_stats": {
          "Q": {
            "mean": 0.00018000000272877514,
            "error": 0.037957337534052664,
            "tau_int": 418.8110339344708,
            "dtau_int": 87.68237424712203
          },
          "Chi_t": {
            "mean": 0.25660666823387146,
            "error": 0.03403662857327652,
            "tau_int": 299.71915142897495,
            "dtau_int": 55.13053002337627
          }
        },
        "n_skipped": 0,
        "step_size": 0
      },
      {
        "acc_rate": 0.01176,
        "n_steps": 150000,
        "obs_stats": {
          "Q": {
            "mean": -0.17181333899497986,
            "error": 0.135757490602167,
            "tau_int": 5230.7189831984715,
            "dtau_int": 2378.036345827125
          },
          "Chi_t": {
            "mean": 0.2780666649341583,
            "error": 0.12143954595672808,
            "tau_int": 4028.4786178195473,
            "dtau_int": 1741.0015614253796
          }
        },
        "n_skipped": 0,
        "step_size": 0
      },
      {
        "acc_rate": 0.026053333333333335,
        "n_steps": 150000,
        "obs_stats": {
          "Q": {
            "mean": -0.3471466600894928,
            "error": 0.18650005821941512,
            "tau_int": 4503.849617484865,
            "dtau_int": 1992.1276307851335
          },
          "Chi_t": {
            "mean": 0.6696799993515015,
            "error": 0.08508346857649095,
            "tau_int": 866.3886434195259,
            "dtau_int": 236.9584335963831
          }
        },
        "n_skipped": 0,
        "step_size": 0
      }
    ],
    [
      {
        "acc_rate": 0.02787,
        "n_steps": 200000,
        "obs_stats": {
          "Q": {
            "mean": 0.002050000010058284,
            "error": 0.08494074127930379,
            "tau_int": 1442.1928551094925,
            "dtau_int": 425.93828110882254
          },
          "Chi_t": {
            "mean": 0.4934599995613098,
            "error": 0.049428887302452776,
            "tau_int": 651.2692560104416,
            "dtau_int": 144.52399230149518
          }
        },
        "n_skipped": 0,
        "step_size": 0
      },
      {
        "acc_rate": 0.028005,
        "n_steps": 200000,
        "obs_stats": {
          "Q": {
            "mean": 0.00864499993622303,
            "error": 0.02652515220907495,
            "tau_int": 279.41819709539203,
            "dtau_int": 44.60343854482958
          },
          "Chi_t": {
            "mean": 0.25118499994277954,
            "error": 0.039570141807948565,
            "tau_int": 357.95555902191137,
            "dtau_int": 63.0559711774584
          }
        },
        "n_skipped": 0,