{"result": [24.233408124999983, 24.456092874999968, 24.459420207999983], "n_steps": 100000}