{
  "observables": [
    "Chi_t"
  ],
  "n_samples": [
    50000,
    80000,
    100000,
    150000,
    200000,
    250000,
    300000,
    350000,
    500000
  ],
  "nip": [],
  "nmcmc": [
    [
      {
        "acc_rate": 0.01086,
        "n_steps": 50000,
        "obs_stats": {
          "Q": {
            "mean": 0.2283799946308136,
            "error": 0.11304964021108767,
            "tau_int": 851.0346654021374,
            "dtau_int": 328.41253160381814
          },
          "Chi_t": {
            "mean": 0.4160600006580353,
            "error": 0.1737892785038477,
            "tau_int": 1210.5412664384319,
            "dtau_int": 511.18206301610434
          }
        },
        "n_skipped": 0,
        "step_size": 0
      },
      {
        "acc_rate": 0.02974,
        "n_steps": 50000,
        "obs_stats": {
          "Q": {
            "mean": 0.08128000050783157,
            "error": 0.09093575606263893,
            "tau_int": 353.25913837028537,
            "dtau_int": 103.65568769079717
          },
          "Chi_t": {
            "mean": 0.5839999914169312,
            "error": 0.09288691032676617,
            "tau_int": 260.6077582580493,
            "dtau_int": 68.7487906131166
          }
        },
        "n_skipped": 0,
        "step_size": 0
      },
      {
        "acc_rate": 0.02292,
        "n_steps": 50000,
        "obs_stats": {
          "Q": {
            "mean": -0.11661999672651291,
            "error": 0.24504012405041115,
            "tau_int": 1532.022260275135,
            "dtau_int": 680.3942143740967
          },
          "Chi_t": {
            "mean": 0.9416599869728088,
            "error": 0.33035116096027345,
            "tau_int": 1749.607615639518,
            "dtau_int": 795.9299280211827
          }
        },
        "n_skipped": 0,
        "step_size": 0
      }
    ],
    [
      {
        "acc_rate": 0.0179,
        "n_steps": 80000,
        "obs_stats": {
          "Q": {
            "mean": -0.0006000000284984708,
            "error": 0.10064832808277392,
            "tau_int": 863.5717919629166,
            "dtau_int": 291.186894465501
          },
          "Chi_t": {
            "mean": 0.4598250091075897,
            "error": 0.07542086047944765,
            "tau_int": 403.72368254844974,
            "dtau_int": 105.2695980492756
          }
        },
        "n_skipped": 0,
        "step_size": 0
      },
      {
        "acc_rate": 0.0041625,
        "n_steps": 80000,
        "obs_stats": {
          "Q": {
            "mean": -0.009512499906122684,
            "error": 0.007302164279858585,
            "tau_int": 57.76227665922859,
            "dtau_int": 7.047680963483101
          },
          "Chi_t": {
            "mean": 0.03696250170469284,
            "error": 0.017881398466296432,
            "tau_int": 177.1219256234016,
            "dtau_int": 33.917301202610254
          }
        },
        "n_skipped": 0,
        "step_size": 0
      },
      {
        "acc_rate": 0.0196625,
        "n_steps": 80000,
        "obs_stats": {
          "Q": {
            "mean": -0.22939999401569366,
            "error": 0.10757188636663739,
            "tau_int": 842.1609613356098,
            "dtau_int": 281.7364529035232
          },
          "Chi_t": {
            "mean": 0.5914999842643738,
            "error": 0.09456990330518399,
            "tau_int": 550.4969416904495,
            "dtau_int": 160.02346058640674
          }
        },
        "n_skipped": 0,
        "step_size": 0
      }
    ],
    [
      {
        "acc_rate": 0.02994,
        "n_steps": 100000,
        "obs_stats": {
          "Q": {
            "mean": 0.06345999985933304,
            "error": 0.04998644914444845,
            "tau_int": 259.87040646260135,
            "dtau_int": 52.94293286285677
          },
          "Chi_t": {
            "mean": 0.482340008020401,
            "error": 0.04089975672922428,
            "tau_int": 157.5687863957657,
            "dtau_int": 26.40264663548497
          }
        },
        "n_skipped": 0,
        "step_size": 0
      },
      {
        "acc_rate": 0.00787,
        "n_steps": 100000,
        "obs_stats": {
          "Q": {
            "mean": 0.12701000273227692,
            "error": 0.1126603448276945,
            "tau_int": 2202.0154346258582,
            "dtau_int": 908.8200363583916
          },
          "Chi_t": {
            "mean": 0.29308998584747314,
            "error": 0.14063373338620017,
            "tau_int": 3236.7627087986148,
            "dtau_int": 1452.399633407362
          }
        },
        "n_skipped": 0,
        "step_size": 0
      },
      {
        "acc_rate": 0.02714,
        "n_steps": 100000,
        "obs_stats": {
          "Q": {
            "mean": 0.1772499978542328,
            "error": 0.20545425224205516,
            "tau_int": 2649.905149390246,
            "dtau_int": 1141.9332469024084
          },
          "Chi_t": {
            "mean": 0.7910500168800354,
            "error": 0.37888566371514576,
            "tau_int": 4028.7239486195085,
            "dtau_int": 1871.8226759863549
          }
        },
        "n_skipped": 0,
        "step_size": 0
      }
    ],
    [
      {
        "acc_rate": 0.00418,
        "n_steps": 150000,
        "obs_stats": {
          "Q": {
            "mean": -0.46294665336608887,
            "error": 0.2723488826899679,
            "tau_int": 9736.63755427705,
            "dtau_int": 4599.1193973278405
          },
          "Chi_t": {
            "mean": 0.7259200215339661,
            "error": 0.4469094363128672,
            "tau_int": 10227.572079374379,
            "dtau_int": 4800.332623396538
          }
        },
        "n_skipped": 0,
        "step_size": 0
      },
      {
        "acc_rate": 0.01902,
        "n_steps": 150000,
        "obs_stats": {
          "Q": {
            "mean": -0.21196000277996063,
            "error": 0.11282753067623322,
            "tau_int": 1924.6331875963633,
            "dtau_int": 684.3952902393861
          },
          "Chi_t": {
            "mean": 0.5293066501617432,
            "error": 0.07315469001797019,
            "tau_int": 888.1484855976382,
            "dtau_int": 245.0324901312076
          }
        },
        "n_skipped": 0,
        "step_size": 0
      },
      {
        "acc_rate": 0.020086666666666666,
        "n_steps": 150000,
        "obs_stats": {
          "Q": {
            "mean": -0.11232666671276093,
            "error": 0.0761451110434599,
            "tau_int": 869.7648895225744,
            "dtau_int": 238.20488058358347
          },
          "Chi_t": {
            "mean": 0.5070599913597107,
            "error": 0.06080075823821663,
            "tau_int": 513.424689324211,
            "dtau_int": 116.0862286194676
          }
        },
        "n_skipped": 0,
        "step_size": 0
      }
    ],
    [
      {
        "acc_rate": 0.017925,
        "n_steps": 200000,
        "obs_stats": {
          "Q": {
            "mean": -0.015375000424683094,
            "error": 0.052307279826574224,
            "tau_int": 693.3243699625655,
            "dtau_int": 157.4983825089135
          },
          "Chi_t": {
            "mean": 0.3922150135040283,
            "error": 0.04678233207620025,
            "tau_int": 453.42263331894276,
            "dtau_int": 87.61921336818865
          }
        },
        "n_skipped": 0,
        "step_size": 0
      },
      {
        "acc_rate": 0.01905,
        "n_steps": 200000,
        "obs_stats": {
          "Q": {
            "mean": -0.021855000406503677,
            "error": 0.05486759509459929,
            "tau_int": 763.6963699438131,
            "dtau_int": 179.84372160916828
          },
          "Chi_t": {
            "mean": 0.3917649984359741,
            "error": 0.056316921072255006,
            "tau_int": 720.4025699890893,
            "dtau_int": 166.00856002460708
          }
        },
        "n_skipped": 0,