{
  "observables": [
    "Chi_t"
  ],
  "n_samples": [
    25000,
    40000,
    50000,
    75000,
    100000,
    125000,
    150000,
    175000,
    200000,
    225000,
    250000
  ],
  "nip": {},
  "nmcmc": [
    [
      {
        "acc_rate": 0.55532,
        "n_steps": 25000,
        "obs_stats": {
          "Q": {
            "mean": -0.018520740792155266,
            "error": 0.008919446343028575,
            "tau_int": 1.6773773943046502,
            "dtau_int": 0.07597800631900714
          },
          "Chi_t": {
            "mean": 0.5931037068367004,
            "error": 0.008621125621560451,
            "tau_int": 1.2929047745961695,
            "dtau_int": 0.05225000061542925
          }
        },
        "n_skipped": 0,
        "step_size": 0
      },
      {
        "acc_rate": 0.55712,
        "n_steps": 25000,
        "obs_stats": {
          "Q": {
            "mean": 0.012360494583845139,
            "error": 0.009301167342933327,
            "tau_int": 1.745473897752872,
            "dtau_int": 0.0788522698519232
          },
          "Chi_t": {
            "mean": 0.6195847988128662,
            "error": 0.010680502917936197,
            "tau_int": 1.8164818383319572,
            "dtau_int": 0.08499602662638943
          }
        },
        "n_skipped": 0,
        "step_size": 0
      },
      {
        "acc_rate": 0.5638,
        "n_steps": 25000,
        "obs_stats": {
          "Q": {
            "mean": 0.0050802030600607395,
            "error": 0.009298453236553872,
            "tau_int": 1.7342460567730735,
            "dtau_int": 0.07837952509094749
          },
          "Chi_t": {
            "mean": 0.6231049299240112,
            "error": 0.010853385237507026,
            "tau_int": 1.848377968903577,
            "dtau_int": 0.08638763579066079
          }
        },
        "n_skipped": 0,
        "step_size": 0
      }
    ],
    [
      {
        "acc_rate": 0.553725,
        "n_steps": 40000,
        "obs_stats": {
          "Q": {
            "mean": -0.01325033139437437,
            "error": 0.007325539967342536,
            "tau_int": 1.6992628528083018,
            "dtau_int": 0.0631272883342833
          },
          "Chi_t": {
            "mean": 0.6317157745361328,
            "error": 0.00815157938183171,
            "tau_int": 1.6359468051248456,
            "dtau_int": 0.05867640807966499
          }
        },
        "n_skipped": 0,
        "step_size": 0
      },
      {
        "acc_rate": 0.5558,
        "n_steps": 40000,
        "obs_stats": {
          "Q": {
            "mean": 0.009925248101353645,
            "error": 0.007801249165814034,
            "tau_int": 1.9574679878419632,
            "dtau_int": 0.07717221799360985
          },
          "Chi_t": {
            "mean": 0.6218405365943909,
            "error": 0.008820619905741426,
            "tau_int": 2.0063639282401935,
            "dtau_int": 0.07897539655089444
          }
        },
        "n_skipped": 0,
        "step_size": 0
      },
      {
        "acc_rate": 0.5585,
        "n_steps": 40000,
        "obs_stats": {
          "Q": {
            "mean": -0.013875346630811691,
            "error": 0.0077625217679858265,
            "tau_int": 1.9226046330346525,
            "dtau_int": 0.0734066457270962
          },
          "Chi_t": {
            "mean": 0.6269406676292419,
            "error": 0.009619630956285576,
            "tau_int": 2.2738855646627014,
            "dtau_int": 0.09437733232158806
          }
        },
        "n_skipped": 0,
        "step_size": 0
      }
    ],
    [
      {
        "acc_rate": 0.5617,
        "n_steps": 50000,
        "obs_stats": {
          "Q": {
            "mean": -0.004500090144574642,
            "error": 0.006186644177723199,
            "tau_int": 1.5470654581361534,
            "dtau_int": 0.049801464194589924
          },
          "Chi_t": {
            "mean": 0.6184723973274231,
            "error": 0.006874052568124289,
            "tau_int": 1.4945060690529324,
            "dtau_int": 0.046316638870812415
          }
        },
        "n_skipped": 0,
        "step_size": 0
      },
      {
        "acc_rate": 0.56278,
        "n_steps": 50000,
        "obs_stats": {
          "Q": {
            "mean": -0.0006600131746381521,
            "error": 0.006565020832352514,
            "tau_int": 1.7111454155321413,
            "dtau_int": 0.05683296976157079
          },
          "Chi_t": {
            "mean": 0.6296325922012329,
            "error": 0.007142848766015701,
            "tau_int": 1.624781317581041,
            "dtau_int": 0.05214606723746176
          }
        },
        "n_skipped": 0,
        "step_size": 0
      },
      {
        "acc_rate": 0.55332,
        "n_steps": 50000,
        "obs_stats": {
          "Q": {
            "mean": -0.003520070342347026,
            "error": 0.006878859520717549,
            "tau_int": 1.8787403003440954,
            "dtau_int": 0.06425523013701251
          },
          "Chi_t": {
            "mean": 0.6296125650405884,
            "error": 0.007983183415561059,
            "tau_int": 1.957702665111575,
            "dtau_int": 0.06903251168152304
          }
        },
        "n_skipped": 0,
        "step_size": 0
      }
    ],
    [
      {
        "acc_rate": 0.55768,
        "n_steps": 75000,
        "obs_stats": {
          "Q": {
            "mean": 0.009093455038964748,
            "error": 0.005305658231510586,
            "tau_int": 1.7249106471198643,
            "dtau_int": 0.04842101849044034
          },
          "Chi_t": {
            "mean": 0.612034797668457,
            "error": 0.0058975061093665465,
            "tau_int": 1.7185437746055792,
            "dtau_int": 0.04825268327969615
          }
        },
        "n_skipped": 0,
        "step_size": 0
      },
      {
        "acc_rate": 0.5597733333333333,
        "n_steps": 75000,
        "obs_stats": {
          "Q": {
            "mean": -0.001466686255298555,
            "error": 0.005465717855137237,
            "tau_int": 1.80219762717317,
            "dtau_int": 0.05045809784784876
          },
          "Chi_t": {
            "mean": 0.6215816140174866,
            "error": 0.005774883938123443,
            "tau_int": 1.611452584365758,
            "dtau_int": 0.04385793741568153
          }
        },
        "n_skipped": 0,
        "step_size": 0
      },
      {
        "acc_rate": 0.55316,
        "n_steps": 75000,
        "obs_stats": {
          "Q": {
            "mean": 0.003053374122828245,
            "error": 0.005402400586582854,
            "tau_int": 1.7633164133379036,
            "dtau_int": 0.04943475529751326
          },
          "Chi_t": {
            "mean": 0.6206616163253784,
            "error": 0.005878917275614752,
            "tau_int": 1.6747315085452015,
            "dtau_int": 0.04547620731281722
          }
        },
        "n_skipped": 0,
        "step_size": 0
      }
    ],
    [
      {
        "acc_rate": 0.5606,
        "n_steps": 100000,
        "obs_stats": {
          "Q": {
            "mean": -0.010800108313560486,
            "error": 0.005138482941031234,
            "tau_int": 2.096879473108875,
            "dtau_int": 0.05532471678818708
          },
          "Chi_t": {
            "mean": 0.6296862959861755,
            "error": 0.006804170712621026,
            "tau_int": 2.770129542551998,
            "dtau_int": 0.08352773912526253
          }
        },
        "n_skipped": 0,
        "step_size": 0
      },
      {
        "acc_rate": 0.55339,
        "n_steps": 100000,
        "obs_stats": {
          "Q": {
            "mean": 0.00483004841953516,
            "error": 0.004552191831653044,
            "tau_int": 1.6945625298863014,
            "dtau_int": 0.04123826531522858
          },
          "Chi_t": {
            "mean": 0.611436128616333,
            "error": 0.005056404038497231,
            "tau_int": 1.606261586775561,