{
  "observables": [
    "Chi_t"
  ],
  "n_samples": [
    50000,
    80000,
    100000
  ],
  "nip": [],
  "nmcmc": [
    [
      {
        "acc_rate": 0.02998,
        "n_steps": 50000,
        "obs_stats": {
          "Q": {
            "mean": 0.09325999766588211,
            "error": 0.10751097575509609,
            "tau_int": 526.0272998685559,
            "dtau_int": 175.94635482601035
          },
          "Chi_t": {
            "mean": 0.5472999811172485,
            "error": 0.07217777780873477,
            "tau_int": 323.21974104491204,
            "dtau_int": 91.9799682307974
          }
        },
        "n_skipped": 0,
        "step_size": 0
      },
      {
        "acc_rate": 0.03694,
        "n_steps": 50000,
        "obs_stats": {
          "Q": {
            "mean": -0.2156199961900711,
            "error": 0.16323528600186651,
            "tau_int": 815.8793352048306,
            "dtau_int": 311.20171928590145
          },
          "Chi_t": {
            "mean": 0.8388599753379822,
            "error": 0.3174323271960583,
            "tau_int": 1739.1615574172913,
            "dtau_int": 790.4811187202416
          }
        },
        "n_skipped": 0,
        "step_size": 0
      },
      {
        "acc_rate": 0.02914,
        "n_steps": 50000,
        "obs_stats": {
          "Q": {
            "mean": -0.14166000485420227,
            "error": 0.08471144455688075,
            "tau_int": 386.3440913213186,
            "dtau_int": 116.83474118214434
          },
          "Chi_t": {
            "mean": 0.47766000032424927,
            "error": 0.061899770952149984,
            "tau_int": 241.9076321706157,
            "dtau_int": 62.131840606357706
          }
        },
        "n_skipped": 0,
        "step_size": 0
      }
    ],
    [
      {
        "acc_rate": 0.0122,
        "n_steps": 80000,
        "obs_stats": {
          "Q": {
            "mean": -0.06321249902248383,
            "error": 0.11383368629784325,
            "tau_int": 1522.9569245992923,
            "dtau_int": 605.7026841154587
          },
          "Chi_t": {
            "mean": 0.3327375054359436,
            "error": 0.12395832927085217,
            "tau_int": 2130.2177332005717,
            "dtau_int": 918.9960601434868
          }
        },
        "n_skipped": 0,
        "step_size": 0
      },
      {
        "acc_rate": 0.0318875,
        "n_steps": 80000,
        "obs_stats": {
          "Q": {
            "mean": -0.12843750417232513,
            "error": 0.07629388290402646,
            "tau_int": 405.58138973987457,
            "dtau_int": 105.91494591964495
          },
          "Chi_t": {
            "mean": 0.5849875211715698,
            "error": 0.05045986655631959,
            "tau_int": 199.58016175956104,
            "dtau_int": 40.03858199080897
          }
        },
        "n_skipped": 0,
        "step_size": 0
      },
      {
        "acc_rate": 0.0409875,
        "n_steps": 80000,
        "obs_stats": {
          "Q": {
            "mean": -0.04673749953508377,
            "error": 0.0485562739231022,
            "tau_int": 190.94453312873276,
            "dtau_int": 37.649387953714175
          },
          "Chi_t": {
            "mean": 0.4937874972820282,
            "error": 0.04400029729101336,
            "tau_int": 181.40174696792397,
            "dtau_int": 35.060275771497025
          }
        },
        "n_skipped": 0,
        "step_size": 0
      }
    ],
    [
      {
        "acc_rate": 0.0209,
        "n_steps": 100000,
        "obs_stats": {
          "Q": {
            "mean": -0.04148999974131584,
            "error": 0.05209666936460019,
            "tau_int": 408.56610016351357,
            "dtau_int": 98.66457329898161
          },
          "Chi_t": {
            "mean": 0.33125001192092896,
            "error": 0.07534342631207389,
            "tau_int": 601.379972374425,
            "dtau_int": 166.83802361242752
          }
        },
        "n_skipped": 0,
        "step_size": 0
      },
      {
        "acc_rate": 0.00071,
        "n_steps": 100000,
        "obs_stats": {
          "Q": {
            "mean": -0.9896299839019775,
            "error": 0.010509140875986022,
            "tau_int": 379.02694981739654,
            "dtau_int": 89.03416630163038
          },
          "Chi_t": {
            "mean": 0.9938300251960754,
            "error": 0.006235646546765304,
            "tau_int": 277.350395188423,
            "dtau_int": 57.91643689049325
          }
        },
        "n_skipped": 0,
        "step_size": 0
      },
      {
        "acc_rate": 0.02332,
        "n_steps": 100000,
        "obs_stats": {
          "Q": {
            "mean": -0.02905000001192093,
            "error": 0.03243214986361725,
            "tau_int": 180.94187243723553,
            "dtau_int": 32.013074037964394
          },
          "Chi_t": {
            "mean": 0.2904700040817261,
            "error": 0.0821874903249365,
            "tau_int": 897.432517310408,
            "dtau_int": 285.1558451320633
          }
        },
        "n_skipped": 0,
        "step_size": 0
      }
    ]
  ],
  "exact_sus": 0.5484935671107231
}