{
  "observables": [
    "Chi_t"
  ],
  "n_samples": [
    50000,
    80000,
    100000
  ],
  "nip": [],
  "nmcmc": [
    [
      {
        "acc_rate": 0.74482,
        "n_steps": 50000,
        "obs_stats": {
          "Q": {
            "mean": -0.002319999970495701,
            "error": 0.004879131592292465,
            "tau_int": 0.9267067134314473,
            "dtau_int": 0.022810231379595775
          },
          "Chi_t": {
            "mean": 0.6421999931335449,
            "error": 0.005352260197713372,
            "tau_int": 0.8680731347549848,
            "dtau_int": 0.021449561061319903
          }
        },
        "n_skipped": 0,
        "step_size": 0
      },
      {
        "acc_rate": 0.7473,
        "n_steps": 50000,
        "obs_stats": {
          "Q": {
            "mean": -0.002360000042244792,
            "error": 0.004777760514184868,
            "tau_int": 0.8670007411185447,
            "dtau_int": 0.021424567933244296
          },
          "Chi_t": {
            "mean": 0.6582000255584717,
            "error": 0.005384283463037357,
            "tau_int": 0.8371001180348074,
            "dtau_int": 0.019326536906873446
          }
        },
        "n_skipped": 0,
        "step_size": 0
      },
      {
        "acc_rate": 0.74624,
        "n_steps": 50000,
        "obs_stats": {
          "Q": {
            "mean": -0.008340000174939632,
            "error": 0.0049045867564539046,
            "tau_int": 0.9196246364105387,
            "dtau_int": 0.02264649243568387
          },
          "Chi_t": {
            "mean": 0.653980016708374,
            "error": 0.0054666680904550185,
            "tau_int": 0.8521666335356943,
            "dtau_int": 0.021078452689553016
          }
        },
        "n_skipped": 0,
        "step_size": 0
      }
    ],
    [
      {
        "acc_rate": 0.7446125,
        "n_steps": 80000,
        "obs_stats": {
          "Q": {
            "mean": -0.01119999960064888,
            "error": 0.0038894687201188826,
            "tau_int": 0.9190192347498523,
            "dtau_int": 0.017892552518943453
          },
          "Chi_t": {
            "mean": 0.6585500240325928,
            "error": 0.004309267141883011,
            "tau_int": 0.8681216295925485,
            "dtau_int": 0.016958260384732027
          }
        },
        "n_skipped": 0,
        "step_size": 0
      },
      {
        "acc_rate": 0.7473125,
        "n_steps": 80000,
        "obs_stats": {
          "Q": {
            "mean": 9.999999747378752e-05,
            "error": 0.0037132234247832323,
            "tau_int": 0.8469776747648934,
            "dtau_int": 0.016568128542300047
          },
          "Chi_t": {
            "mean": 0.6511499881744385,
            "error": 0.004237531193330684,
            "tau_int": 0.8519643327258299,
            "dtau_int": 0.0166602443976876
          }
        },
        "n_skipped": 0,
        "step_size": 0
      },
      {
        "acc_rate": 0.7439875,
        "n_steps": 80000,
        "obs_stats": {
          "Q": {
            "mean": -0.0006874999962747097,
            "error": 0.0038415387534446728,
            "tau_int": 0.9091254643328819,
            "dtau_int": 0.01771147503149477
          },
          "Chi_t": {
            "mean": 0.6492875218391418,
            "error": 0.004168706485846876,
            "tau_int": 0.8394912426422461,
            "dtau_int": 0.016429713068805345
          }
        },
        "n_skipped": 0,
        "step_size": 0
      }
    ],
    [
      {
        "acc_rate": 0.7478,
        "n_steps": 100000,
        "obs_stats": {
          "Q": {
            "mean": 0.001019999966956675,
            "error": 0.003384856107720339,
            "tau_int": 0.8822087150638005,
            "dtau_int": 0.015399828138388395
          },
          "Chi_t": {
            "mean": 0.6493399739265442,
            "error": 0.0038171571599804207,
            "tau_int": 0.8594936521293408,
            "dtau_int": 0.015025666303674051
          }
        },
        "n_skipped": 0,
        "step_size": 0
      },
      {
        "acc_rate": 0.74451,
        "n_steps": 100000,
        "obs_stats": {
          "Q": {
            "mean": 0.0003100000030826777,
            "error": 0.003449470148088831,
            "tau_int": 0.9143649166019032,
            "dtau_int": 0.016944773292050304
          },
          "Chi_t": {
            "mean": 0.6506500244140625,
            "error": 0.0038666732598338738,
            "tau_int": 0.8834717268228189,
            "dtau_int": 0.015420596753159536
          }
        },
        "n_skipped": 0,
        "step_size": 0
      },
      {
        "acc_rate": 0.74605,
        "n_steps": 100000,
        "obs_stats": {
          "Q": {
            "mean": -0.00571999978274107,
            "error": 0.003446406921645994,
            "tau_int": 0.9134752426739912,
            "dtau_int": 0.016929163147523324
          },
          "Chi_t": {
            "mean": 0.650160014629364,
            "error": 0.0038905451790105646,
            "tau_int": 0.8997440828946246,
            "dtau_int": 0.0156878382535431
          }
        },
        "n_skipped": 0,
        "step_size": 0
      }
    ]
  ],
  "exact_sus": 0.6500977944017748
}