{
  "observables": [
    "Chi_t",
    "Q"
  ],
  "n_samples": [
    5000000
  ],
  "nip": [
    {
      "obs_stats": {
        "Q": {
          "mean": -0.0022817174904048443,
          "error": 0.0015537645667791367,
          "error_ess": 0.0016557618509978056,
          "ess_q": 0.035744912922382355
        },
        "Chi_t": {
          "mean": 0.48998698592185974,
          "error": 0.0023207461927086115,
          "error_ess": 0.001675583072938025,
          "ess_q": 0.035744912922382355
        }
      },
      "entropy": 5530503.5,
      "std_entropy": 32570036224.0,
      "free_energy": -0.2982481502667723,
      "std_free_energy": 0.0002998666896019131,
      "ess_p": {
        "0-1": {
          "log_ess_p": -15.466690669341142,
          "ess_p": 1.9182340201646186e-07
        },
        "0.05-1": {
          "log_ess_p": -15.114104630504654,
          "ess_p": 2.729152224392652e-07
        },
        "0.1-1": {
          "log_ess_p": -14.967160465657965,
          "ess_p": 3.1611477867380286e-07
        }
      }
    }
  ],
  "nmcmc": [
    {
      "acc_rate": 0.3390186,
      "n_steps": 5000000,
      "obs_stats": {
        "Q": {
          "mean": -0.0009383999858982861,
          "error": 0.0013478904460301816,
          "tau_int": 9.250571845262295,
          "dtau_int": 0.08032540721318905
        },
        "Chi_t": {
          "mean": 0.4909979999065399,
          "error": 0.0013751287677393927,
          "tau_int": 9.549489150787188,
          "dtau_int": 0.08410081104753347
        }
      },
      "n_skipped": 0,
      "step_size": 0
    }
  ],
  "exact_sus": 0.49095233701679153
}