{
  "observables": [
    "Chi_t"
  ],
  "n_samples": [
    50000,
    80000,
    100000,
    150000,
    200000,
    250000,
    300000,
    400000,
    500000
  ],
  "nip": [],
  "nmcmc": [
    [
      {
        "acc_rate": 0.1716,
        "n_steps": 50000.0,
        "obs_stats": {
          "Q": {
            "mean": -0.016459999606013298,
            "error": 0.015427575740181637,
            "tau_int": 11.464261523387707,
            "dtau_int": 0.8642303782824935
          },
          "Chi_t": {
            "mean": 0.5190600156784058,
            "error": 0.023475492301032796,
            "tau_int": 20.253095232207528,
            "dtau_int": 1.944692921480108
          }
        },
        "n_skipped": 0.0,
        "step_size": 0.0
      },
      {
        "acc_rate": 0.19512,
        "n_steps": 50000.0,
        "obs_stats": {
          "Q": {
            "mean": -0.004360000137239695,
            "error": 0.020902452171246904,
            "tau_int": 17.55695787817199,
            "dtau_int": 1.5855248582470964
          },
          "Chi_t": {
            "mean": 0.621720016002655,
            "error": 0.01624971963318177,
            "tau_int": 9.883310835596605,
            "dtau_int": 0.69950769803708
          }
        },
        "n_skipped": 0.0,
        "step_size": 0.0
      },
      {
        "acc_rate": 0.20368,
        "n_steps": 50000.0,
        "obs_stats": {
          "Q": {
            "mean": 0.0032599999103695154,
            "error": 0.017404870189895342,
            "tau_int": 12.074077378520625,
            "dtau_int": 0.9316677485207195
          },
          "Chi_t": {
            "mean": 0.6269400119781494,
            "error": 0.0188898808850087,
            "tau_int": 10.852394728973273,
            "dtau_int": 0.7983563589837219
          }
        },
        "n_skipped": 0.0,
        "step_size": 0.0
      }
    ],
    [
      {
        "acc_rate": 0.1929625,
        "n_steps": 80000.0,
        "obs_stats": {
          "Q": {
            "mean": -0.014762500301003456,
            "error": 0.015854702835054097,
            "tau_int": 16.53909817636328,
            "dtau_int": 1.1924271243640177
          },
          "Chi_t": {
            "mean": 0.6079124808311462,
            "error": 0.020391469414294556,
            "tau_int": 21.36974643018864,
            "dtau_int": 1.7171110104785505
          }
        },
        "n_skipped": 0.0,
        "step_size": 0.0
      },
      {
        "acc_rate": 0.2044875,
        "n_steps": 80000.0,
        "obs_stats": {
          "Q": {
            "mean": 0.007337499875575304,
            "error": 0.016489623890219084,
            "tau_int": 17.366536232309087,
            "dtau_int": 1.2769628603146463
          },
          "Chi_t": {
            "mean": 0.6260625123977661,
            "error": 0.020004052048209868,
            "tau_int": 20.355236209648393,
            "dtau_int": 1.6037082075702358
          }
        },
        "n_skipped": 0.0,
        "step_size": 0.0
      },
      {
        "acc_rate": 0.193725,
        "n_steps": 80000.0,
        "obs_stats": {
          "Q": {
            "mean": 0.037324998527765274,
            "error": 0.016830416268771176,
            "tau_int": 18.104517971985388,
            "dtau_int": 1.3572079521642464
          },
          "Chi_t": {
            "mean": 0.6269500255584717,
            "error": 0.013639437045930191,
            "tau_int": 10.4827309915972,
            "dtau_int": 0.6202432217964232
          }
        },
        "n_skipped": 0.0,
        "step_size": 0.0
      }
    ],
    [
      {
        "acc_rate": 0.19979,
        "n_steps": 100000.0,
        "obs_stats": {
          "Q": {
            "mean": -0.006240000016987324,
            "error": 0.01716169584866879,
            "tau_int": 23.89084849924384,
            "dtau_int": 1.829540846720742
          },
          "Chi_t": {
            "mean": 0.6161400079727173,
            "error": 0.014315548804848317,
            "tau_int": 14.25860692035501,
            "dtau_int": 0.8754431338753146
          }
        },
        "n_skipped": 0.0,
        "step_size": 0.0
      },
      {
        "acc_rate": 0.19026,
        "n_steps": 100000.0,
        "obs_stats": {
          "Q": {
            "mean": 0.0063299997709691525,
            "error": 0.015271697658056853,
            "tau_int": 18.744879216445664,
            "dtau_int": 1.2919294994992436
          },
          "Chi_t": {
            "mean": 0.6219099760055542,
            "error": 0.016453004040141536,
            "tau_int": 17.334695142319024,
            "dtau_int": 1.155928138087112
          }
        },
        "n_skipped": 0.0,
        "step_size": 0.0
      },
      {
        "acc_rate": 0.19185,
        "n_steps": 100000.0,
        "obs_stats": {
          "Q": {
            "mean": 0.05417000129818916,
            "error": 0.017364330271148205,
            "tau_int": 24.223294752606122,
            "dtau_int": 1.8655189848447464
          },
          "Chi_t": {
            "mean": 0.6250100135803223,
            "error": 0.014698919527313045,
            "tau_int": 13.56624687322519,
            "dtau_int": 0.8136751834336613
          }
        },
        "n_skipped": 0.0,
        "step_size": 0.0
      }
    ],
    [
      {
        "acc_rate": 0.20127333333333333,
        "n_steps": 150000.0,
        "obs_stats": {
          "Q": {
            "mean": 0.008066666312515736,
            "error": 0.012540093580147455,
            "tau_int": 18.310747897891666,
            "dtau_int": 1.0494865055555975
          },
          "Chi_t": {
            "mean": 0.6440133452415466,
            "error": 0.012332339414856345,
            "tau_int": 13.88103929290208,
            "dtau_int": 0.7045917123084633
          }
        },
        "n_skipped": 0.0,
        "step_size": 0.0
      },
      {
        "acc_rate": 0.19526666666666667,
        "n_steps": 150000.0,
        "obs_stats": {
          "Q": {
            "mean": 0.011433333158493042,
            "error": 0.014943336796903841,
            "tau_int": 25.873290684486296,
            "dtau_int": 1.7194962008935335
          },
          "Chi_t": {
            "mean": 0.6472066640853882,
            "error": 0.018685104938442682,
            "tau_int": 30.967688960496954,
            "dtau_int": 2.2246920547240254
          }
        },
        "n_skipped": 0.0,
        "step_size": 0.0
      },
      {
        "acc_rate": 0.1909,
        "n_steps": 150000.0,
        "obs_stats": {
          "Q": {
            "mean": 0.04506666585803032,
            "error": 0.016723490694784376,
            "tau_int": 32.42279311755345,
            "dtau_int": 2.3741940554970618
          },
          "Chi_t": {
            "mean": 0.648693323135376,
            "error": 0.021082945753411,
            "tau_int": 40.547171935273575,
            "dtau_int": 3.270377327722939
          }
        },
        "n_skipped": 0.0,
        "step_size": 0.0
      }
    ],
    [
      {
        "acc_rate": 0.186255,
        "n_steps": 200000,
        "obs_stats": {
          "Q": {
            "mean": 0.021195000037550926,
            "error": 0.01605429803379423,
            "tau_int": 40.14757425868246,
            "dtau_int": 2.846530544405439
          },
          "Chi_t": {
            "mean": 0.642175018787384,
            "error": 0.020398662109991226,
            "tau_int": 50.592725341865375,
            "dtau_int": 3.9637537316554243
          }
        },
        "n_skipped": 0,
        "step_size": 0
      },
      {
        "acc_rate": 0.193485,
        "n_steps": 200000,
        "obs_stats": {
          "Q": {
            "mean": 0.02934500016272068,
            "error": 0.011885281387063414,
            "tau_int": 22.312594986143797,
            "dtau_int": 1.226938760400476
          },
          "Chi_t": {
            "mean": 0.6338149905204773,
            "error": 0.011347854077517277,
            "tau_int": 16.63696501276905,