{
  "observables": [
    "Chi_t"
  ],
  "n_samples": [
    100000
  ],
  "nip": [
    [
      {
        "obs_stats": {
          "Q": {
            "mean": -0.004144304431974888,
            "error": 0.0036327724810689688,
            "error_ess": 0.0037253566551953554,
            "ess_q": 0.3796403706073761
          },
          "Chi_t": {
            "mean": 0.5268927216529846,
            "error": 0.0044648731127381325,
            "error_ess": 0.00385394343174994,
            "ess_q": 0.3796403706073761
          }
        },
        "entropy": 119595.609375,
        "std_entropy": 29033612.0,
        "free_energy": -0.3999923695295585,
        "std_free_energy": 0.0005716768209822476
      }
    ]
  ],
  "nmcmc": [
    [
      {
        "acc_rate": 0.54375,
        "n_steps": 100000,
        "obs_stats": {
          "Q": {
            "mean": -0.002090000081807375,
            "error": 0.004645555113331288,
            "tau_int": 2.0526638039386365,
            "dtau_int": 0.0542266011944146
          },
          "Chi_t": {
            "mean": 0.5256699919700623,
            "error": 0.004661424909346477,
            "tau_int": 1.9407622081573859,
            "dtau_int": 0.049948504973750675
          }
        },
        "n_skipped": 0,
        "step_size": 0
      }
    ]
  ],
  "exact_sus": 0.5220380390187412
}