{
  "observables": [
    "Chi_t"
  ],
  "n_samples": [
    50000,
    80000,
    100000
  ],
  "nip": [],
  "nmcmc": [
    [
      {
        "acc_rate": 0.37942,
        "n_steps": 50000,
        "obs_stats": {
          "Q": {
            "mean": -0.006459999829530716,
            "error": 0.010657618700191437,
            "tau_int": 4.278007699726913,
            "dtau_int": 0.21035270478420903
          },
          "Chi_t": {
            "mean": 0.6636999845504761,
            "error": 0.010849607949348304,
            "tau_int": 3.3561996476746225,
            "dtau_int": 0.15052486305843132
          }
        },
        "n_skipped": 0,
        "step_size": 0
      },
      {
        "acc_rate": 0.38736,
        "n_steps": 50000,
        "obs_stats": {
          "Q": {
            "mean": 0.00872000027447939,
            "error": 0.009611937375872555,
            "tau_int": 3.496119771359257,
            "dtau_int": 0.15945949136102675
          },
          "Chi_t": {
            "mean": 0.6606400012969971,
            "error": 0.009330732414513406,
            "tau_int": 2.6214764011420377,
            "dtau_int": 0.10454012350446926
          }
        },
        "n_skipped": 0,
        "step_size": 0
      },
      {
        "acc_rate": 0.37754,
        "n_steps": 50000,
        "obs_stats": {
          "Q": {
            "mean": -0.00431999983265996,
            "error": 0.00995083135306975,
            "tau_int": 3.6244144913161342,
            "dtau_int": 0.16805901697807907
          },
          "Chi_t": {
            "mean": 0.682919979095459,
            "error": 0.0125837697892315,
            "tau_int": 3.999825850043478,
            "dtau_int": 0.19098965015538422
          }
        },
        "n_skipped": 0,
        "step_size": 0
      }
    ],
    [
      {
        "acc_rate": 0.3839875,
        "n_steps": 80000,
        "obs_stats": {
          "Q": {
            "mean": -0.002374999923631549,
            "error": 0.008378835569002518,
            "tau_int": 4.139502845508582,
            "dtau_int": 0.16391724912296315
          },
          "Chi_t": {
            "mean": 0.6783249974250793,
            "error": 0.00853257633519317,
            "tau_int": 3.257951087952042,
            "dtau_int": 0.11574223490416369
          }
        },
        "n_skipped": 0,
        "step_size": 0
      },
      {
        "acc_rate": 0.3747625,
        "n_steps": 80000,
        "obs_stats": {
          "Q": {
            "mean": -0.0001875000016298145,
            "error": 0.007878836911484305,
            "tau_int": 3.742625221074263,
            "dtau_int": 0.14191750284150387
          },
          "Chi_t": {
            "mean": 0.6633874773979187,
            "error": 0.008616022162342427,
            "tau_int": 3.3398996994489827,
            "dtau_int": 0.12079198808444852
          }
        },
        "n_skipped": 0,
        "step_size": 0
      },
      {
        "acc_rate": 0.3684875,
        "n_steps": 80000,
        "obs_stats": {
          "Q": {
            "mean": -0.005162499845027924,
            "error": 0.008327478470391286,
            "tau_int": 4.236670785941295,
            "dtau_int": 0.17016267732775867
          },
          "Chi_t": {
            "mean": 0.6546875238418579,
            "error": 0.009195769509432614,
            "tau_int": 3.800306932469617,
            "dtau_int": 0.1439601538609142
          }
        },
        "n_skipped": 0,
        "step_size": 0
      }
    ],
    [
      {
        "acc_rate": 0.38025,
        "n_steps": 100000,
        "obs_stats": {
          "Q": {
            "mean": 0.006140000186860561,
            "error": 0.007036080212885703,
            "tau_int": 3.734914421541136,
            "dtau_int": 0.1288736766330677
          },
          "Chi_t": {
            "mean": 0.6627399921417236,
            "error": 0.007289594424226148,
            "tau_int": 3.0653032577422863,
            "dtau_int": 0.0958311983892323
          }
        },
        "n_skipped": 0,
        "step_size": 0
      },
      {
        "acc_rate": 0.38415,
        "n_steps": 100000,
        "obs_stats": {
          "Q": {
            "mean": -0.009730000048875809,
            "error": 0.006972362175705461,
            "tau_int": 3.6602174634943783,
            "dtau_int": 0.12431767379114447
          },
          "Chi_t": {
            "mean": 0.6641299724578857,
            "error": 0.0071332600878396815,
            "tau_int": 2.8801311868531023,
            "dtau_int": 0.08852807200429084
          }
        },
        "n_skipped": 0,
        "step_size": 0
      },
      {
        "acc_rate": 0.37085,
        "n_steps": 100000,
        "obs_stats": {
          "Q": {
            "mean": -0.008940000087022781,
            "error": 0.0071177946128780116,
            "tau_int": 3.88597008574453,
            "dtau_int": 0.13598459114776512
          },
          "Chi_t": {
            "mean": 0.6518999934196472,
            "error": 0.007972159973710575,
            "tau_int": 3.643267578675311,
            "dtau_int": 0.12377833625632886
          }
        },
        "n_skipped": 0,
        "step_size": 0
      }
    ]
  ],
  "exact_sus": 0.6629736823224884
}