{
  "observables": [
    "Chi_t"
  ],
  "n_samples": [
    100000,
    150000
  ],
  "nip": [
    [
      {
        "obs_stats": {
          "Q": {
            "mean": 0.07855577021837234,
            "error": 0.08404847234487534,
            "error_ess": 0.06362798810005188,
            "ess_q": 0.001327212550677359
          },
          "Chi_t": {
            "mean": 0.5434958338737488,
            "error": 0.08423562347888947,
            "error_ess": 0.056798260658979416,
            "ess_q": 0.001327212550677359
          }
        },
        "entropy": 96209.703125,
        "std_entropy": 469243168.0,
        "free_energy": -0.2470646991326053,
        "std_free_energy": 0.010677495039999485
      }
    ],
    [
      {
        "obs_stats": {
          "Q": {
            "mean": -0.019391387701034546,
            "error": 0.016947556287050247,
            "error_ess": 0.032916195690631866,
            "ess_q": 0.0027347360737621784
          },
          "Chi_t": {
            "mean": 0.44482916593551636,
            "error": 0.01891636848449707,
            "error_ess": 0.032719168812036514,
            "ess_q": 0.0027347360737621784
          }
        },
        "entropy": 144309.5625,
        "std_entropy": 594494528.0,
        "free_energy": -0.24633863827559985,
        "std_free_energy": 0.006069180089980364
      }
    ]
  ],
  "nmcmc": [
    [
      {
        "acc_rate": 0.16684,
        "n_steps": 100000,
        "obs_stats": {
          "Q": {
            "mean": 0.030549999326467514,
            "error": 0.019322966711768783,
            "tau_int": 38.67363735365943,
            "dtau_int": 3.634715940673279
          },
          "Chi_t": {
            "mean": 0.4832899868488312,
            "error": 0.017670596748318973,
            "tau_int": 33.71800222970563,
            "dtau_int": 2.991469045893191
          }
        },
        "n_skipped": 0,
        "step_size": 0
      }
    ],
    [
      {
        "acc_rate": 0.17005333333333333,
        "n_steps": 150000,
        "obs_stats": {
          "Q": {
            "mean": -0.09848666936159134,
            "error": 0.025791422376702792,
            "tau_int": 99.70381270343067,
            "dtau_int": 11.749787989976749
          },
          "Chi_t": {
            "mean": 0.5094199776649475,
            "error": 0.015475006971398092,
            "tau_int": 39.46451353194484,
            "dtau_int": 3.144213103299943
          }
        },
        "n_skipped": 0,
        "step_size": 0
      }
    ]
  ],
  "exact_sus": 0.47812161089085015
}