{
  "observables": [
    "Chi_t"
  ],
  "n_samples": [
    50000,
    80000,
    100000
  ],
  "nip": [],
  "nmcmc": [
    [
      {
        "acc_rate": 0.8177,
        "n_steps": 50000,
        "obs_stats": {
          "Q": {
            "mean": -0.00395999988541007,
            "error": 0.004450508590934332,
            "tau_int": 0.7637779925676802,
            "dtau_int": 0.017730473342977535
          },
          "Chi_t": {
            "mean": 0.6483200192451477,
            "error": 0.004994836396661327,
            "tau_int": 0.7418526209828413,
            "dtau_int": 0.015922234545643482
          }
        },
        "n_skipped": 0,
        "step_size": 0
      },
      {
        "acc_rate": 0.81702,
        "n_steps": 50000,
        "obs_stats": {
          "Q": {
            "mean": 0.003539999946951866,
            "error": 0.00428697238540589,
            "tau_int": 0.7074761918382761,
            "dtau_int": 0.015229678544240665
          },
          "Chi_t": {
            "mean": 0.6494200229644775,
            "error": 0.004932535338375642,
            "tau_int": 0.7235374770683147,
            "dtau_int": 0.015553817708600546
          }
        },
        "n_skipped": 0,
        "step_size": 0
      },
      {
        "acc_rate": 0.8188,
        "n_steps": 50000,
        "obs_stats": {
          "Q": {
            "mean": -0.006459999829530716,
            "error": 0.004313903089685564,
            "tau_int": 0.7206862345603227,
            "dtau_int": 0.015496347871564602
          },
          "Chi_t": {
            "mean": 0.645579993724823,
            "error": 0.00482648920329332,
            "tau_int": 0.7121328853573339,
            "dtau_int": 0.015323758911241445
          }
        },
        "n_skipped": 0,
        "step_size": 0
      }
    ],
    [
      {
        "acc_rate": 0.8179625,
        "n_steps": 80000,
        "obs_stats": {
          "Q": {
            "mean": -7.500000356230885e-05,
            "error": 0.0035259656526497245,
            "tau_int": 0.7646170909314784,
            "dtau_int": 0.014031695408124198
          },
          "Chi_t": {
            "mean": 0.6503750085830688,
            "error": 0.003899132026890061,
            "tau_int": 0.7108859373817484,
            "dtau_int": 0.012094585210298459
          }
        },
        "n_skipped": 0,
        "step_size": 0
      },
      {
        "acc_rate": 0.818325,
        "n_steps": 80000,
        "obs_stats": {
          "Q": {
            "mean": -0.0023624999448657036,
            "error": 0.003479067815428233,
            "tau_int": 0.7329940041928225,
            "dtau_int": 0.013482912155269686
          },
          "Chi_t": {
            "mean": 0.6605125069618225,
            "error": 0.003970759584383186,
            "tau_int": 0.7185965306460922,
            "dtau_int": 0.012217624060681555
          }
        },
        "n_skipped": 0,
        "step_size": 0
      },
      {
        "acc_rate": 0.8174625,
        "n_steps": 80000,
        "obs_stats": {
          "Q": {
            "mean": -0.003650000086054206,
            "error": 0.0035250741576251443,
            "tau_int": 0.7620200066578744,
            "dtau_int": 0.01398673139076625
          },
          "Chi_t": {
            "mean": 0.652275025844574,
            "error": 0.003847946039097902,
            "tau_int": 0.7111530582488892,
            "dtau_int": 0.012098850702068238
          }
        },
        "n_skipped": 0,
        "step_size": 0
      }
    ],
    [
      {
        "acc_rate": 0.81765,
        "n_steps": 100000,
        "obs_stats": {
          "Q": {
            "mean": 0.001769999973475933,
            "error": 0.003084557340344515,
            "tau_int": 0.7278347655533453,
            "dtau_int": 0.011979165493181313
          },
          "Chi_t": {
            "mean": 0.6536099910736084,
            "error": 0.003561922436938318,
            "tau_int": 0.7530653010431012,
            "dtau_int": 0.012371315599875246
          }
        },
        "n_skipped": 0,
        "step_size": 0
      },
      {
        "acc_rate": 0.81417,
        "n_steps": 100000,
        "obs_stats": {
          "Q": {
            "mean": 0.006579999811947346,
            "error": 0.003142902027395021,
            "tau_int": 0.7591015669035266,
            "dtau_int": 0.012464899328570868
          },
          "Chi_t": {
            "mean": 0.65065997838974,
            "error": 0.003536651975863259,
            "tau_int": 0.7391034004713066,
            "dtau_int": 0.012154506858282623
          }
        },
        "n_skipped": 0,
        "step_size": 0
      },
      {
        "acc_rate": 0.8165,
        "n_steps": 100000,
        "obs_stats": {
          "Q": {
            "mean": -0.0007900000200606883,
            "error": 0.0031043977616871292,
            "tau_int": 0.7379702186394537,
            "dtau_int": 0.012136888750820923
          },
          "Chi_t": {
            "mean": 0.6529499888420105,
            "error": 0.0036044206078191835,
            "tau_int": 0.7516870502865143,
            "dtau_int": 0.01234993498896448
          }
        },
        "n_skipped": 0,
        "step_size": 0
      }
    ]
  ],
  "exact_sus": 0.6500977944017748
}