{
  "observables": [
    "Chi_t"
  ],
  "n_samples": [
    50000,
    80000,
    100000,
    150000,
    200000,
    250000,
    300000,
    350000,
    500000
  ],
  "nip": [],
  "nmcmc": [
    [
      {
        "acc_rate": 0.00298,
        "n_steps": 50000,
        "obs_stats": {
          "Q": {
            "mean": 0.0769599974155426,
            "error": 0.14037631109707902,
            "tau_int": 790.216134494737,
            "dtau_int": 298.7212542089984
          },
          "Chi_t": {
            "mean": 0.6114799976348877,
            "error": 0.29005817246152055,
            "tau_int": 1323.0871627697982,
            "dtau_int": 570.0541070219397
          }
        },
        "n_skipped": 0,
        "step_size": 0
      },
      {
        "acc_rate": 0.00326,
        "n_steps": 50000,
        "obs_stats": {
          "Q": {
            "mean": -0.05316000059247017,
            "error": 0.03995305920400216,
            "tau_int": 158.05479436368617,
            "dtau_int": 34.69855936195233
          },
          "Chi_t": {
            "mean": 0.2537600100040436,
            "error": 0.16149410428225158,
            "tau_int": 1035.842193968792,
            "dtau_int": 421.08306975488586
          }
        },
        "n_skipped": 0,
        "step_size": 0
      },
      {
        "acc_rate": 0.00216,
        "n_steps": 50000,
        "obs_stats": {
          "Q": {
            "mean": -0.21675999462604523,
            "error": 0.17214643597728482,
            "tau_int": 1185.397477291397,
            "dtau_int": 498.10424820278797
          },
          "Chi_t": {
            "mean": 0.6458799839019775,
            "error": 0.18654567314661724,
            "tau_int": 1056.2746986871919,
            "dtau_int": 431.521535691398
          }
        },
        "n_skipped": 0,
        "step_size": 0
      }
    ],
    [
      {
        "acc_rate": 0.0013875,
        "n_steps": 80000,
        "obs_stats": {
          "Q": {
            "mean": 0.13187499344348907,
            "error": 0.21887217676695003,
            "tau_int": 2766.776531885233,
            "dtau_int": 1256.178014572718
          },
          "Chi_t": {
            "mean": 0.6690999865531921,
            "error": 0.1269081856609003,
            "tau_int": 1358.3075973975283,
            "dtau_int": 523.8026146553996
          }
        },
        "n_skipped": 0,
        "step_size": 0
      },
      {
        "acc_rate": 0.003625,
        "n_steps": 80000,
        "obs_stats": {
          "Q": {
            "mean": -0.35247498750686646,
            "error": 0.1334526290575649,
            "tau_int": 1202.6213664311467,
            "dtau_int": 448.11797739395183
          },
          "Chi_t": {
            "mean": 0.7003999948501587,
            "error": 0.1336146592894471,
            "tau_int": 803.8159994186223,
            "dtau_int": 264.93536344615273
          }
        },
        "n_skipped": 0,
        "step_size": 0
      },
      {
        "acc_rate": 0.0023875,
        "n_steps": 80000,
        "obs_stats": {
          "Q": {
            "mean": -0.24773749709129333,
            "error": 0.229139103320745,
            "tau_int": 2686.1050779453326,
            "dtau_int": 1213.2745819525207
          },
          "Chi_t": {
            "mean": 0.7983375191688538,
            "error": 0.20961845578645535,
            "tau_int": 1481.3232912633562,
            "dtau_int": 584.8110430776329
          }
        },
        "n_skipped": 0,
        "step_size": 0
      }
    ],
    [
      {
        "acc_rate": 0.00302,
        "n_steps": 100000,
        "obs_stats": {
          "Q": {
            "mean": -0.03254000097513199,
            "error": 0.25396500397857064,
            "tau_int": 2798.145311358299,
            "dtau_int": 1219.9855397858425
          },
          "Chi_t": {
            "mean": 1.097540020942688,
            "error": 0.1727799901005385,
            "tau_int": 901.3123505083382,
            "dtau_int": 286.7923015130334
          }
        },
        "n_skipped": 0,
        "step_size": 0
      },
      {
        "acc_rate": 0.00272,
        "n_steps": 100000,
        "obs_stats": {
          "Q": {
            "mean": 0.020169999450445175,
            "error": 0.12503716225579076,
            "tau_int": 1144.1038625343033,
            "dtau_int": 392.8390955566073
          },
          "Chi_t": {
            "mean": 0.6692100167274475,
            "error": 0.1869762916316467,
            "tau_int": 1271.8225101866253,
            "dtau_int": 451.07063897665233
          }
        },
        "n_skipped": 0,
        "step_size": 0
      },
      {
        "acc_rate": 0.00305,
        "n_steps": 100000,
        "obs_stats": {
          "Q": {
            "mean": 0.1019200012087822,
            "error": 0.24053976992221346,
            "tau_int": 2910.8584656804974,
            "dtau_int": 1279.5388908104928
          },
          "Chi_t": {
            "mean": 0.9541400074958801,
            "error": 0.11771626491049506,
            "tau_int": 705.1638872426178,
            "dtau_int": 206.71461040078478
          }
        },
        "n_skipped": 0,
        "step_size": 0
      }
    ],
    [
      {
        "acc_rate": 0.0017133333333333334,
        "n_steps": 150000,
        "obs_stats": {
          "Q": {
            "mean": 0.11868000030517578,
            "error": 0.223968885155485,
            "tau_int": 4167.94033532529,
            "dtau_int": 1814.5382043477905
          },
          "Chi_t": {
            "mean": 0.8731200098991394,
            "error": 0.15149048021544317,
            "tau_int": 1232.1504453945595,
            "dtau_int": 380.24567628077887
          }
        },
        "n_skipped": 0,
        "step_size": 0
      },
      {
        "acc_rate": 0.0029933333333333335,
        "n_steps": 150000,
        "obs_stats": {
          "Q": {
            "mean": -0.1515199989080429,
            "error": 0.1287706636658902,
            "tau_int": 1465.90661613997,
            "dtau_int": 478.85844319444766
          },
          "Chi_t": {
            "mean": 0.8558800220489502,
            "error": 0.18688031951380304,
            "tau_int": 1648.674120087957,
            "dtau_int": 559.0488961111631
          }
        },
        "n_skipped": 0,
        "step_size": 0
      },
      {
        "acc_rate": 0.003173333333333333,
        "n_steps": 150000,
        "obs_stats": {
          "Q": {
            "mean": 0.07105333358049393,
            "error": 0.13515280160227933,
            "tau_int": 1578.394620998083,
            "dtau_int": 527.9239874635598
          },
          "Chi_t": {
            "mean": 0.8560400009155273,
            "error": 0.17793719228725735,
            "tau_int": 1657.6106208836943,
            "dtau_int": 562.9950697291682
          }
        },
        "n_skipped": 0,
        "step_size": 0
      }
    ],
    [
      {
        "acc_rate": 0.0001,
        "n_steps": 200000,
        "obs_stats": {
          "Q": {
            "mean": 0.8730049729347229,
            "error": 0.11117783955470716,
            "tau_int": 7260.3688842569245,
            "dtau_int": 3322.383374419573
          },
          "Chi_t": {
            "mean": 0.9218850135803223,
            "error": 0.07669813217328697,
            "tau_int": 7581.628851702152,
            "dtau_int": 3492.469105088791
          }
        },
        "n_skipped": 0,
        "step_size": 0
      },
      {
        "acc_rate": 0.00086,
        "n_steps": 200000,
        "obs_stats": {
          "Q": {
            "mean": -0.022770000621676445,
            "error": 0.0690691772222236,
            "tau_int": 1980.262007408203,
            "dtau_int": 649.5886030074444
          },
          "Chi_t": {
            "mean": 0.23698000609874725,
            "error": 0.11186517530277552,
            "tau_int": 3902.0034200908103,
            "dtau_int": 1561.7274854578325
          }
        },
        "n_skipped": 0,