{
  "observables": [
    "Chi_t"
  ],
  "n_samples": [
    50000,
    80000,
    100000,
    150000,
    200000
  ],
  "nip": [],
  "nmcmc": [
    [
      {
        "acc_rate": 0.2259,
        "n_steps": 50000,
        "obs_stats": {
          "Q": {
            "mean": 0.009600000455975533,
            "error": 0.01899152677806318,
            "tau_int": 15.363511150744696,
            "dtau_int": 1.311842267875876
          },
          "Chi_t": {
            "mean": 0.5866400003433228,
            "error": 0.02065069959864309,
            "tau_int": 13.872516636201055,
            "dtau_int": 1.1346835574044365
          }
        },
        "n_skipped": 0,
        "step_size": 0
      },
      {
        "acc_rate": 0.19522,
        "n_steps": 50000,
        "obs_stats": {
          "Q": {
            "mean": -0.14300000667572021,
            "error": 0.06338625435138069,
            "tau_int": 164.85752498471206,
            "dtau_int": 36.764114447781
          },
          "Chi_t": {
            "mean": 0.6258400082588196,
            "error": 0.02077197422198267,
            "tau_int": 18.92853432041671,
            "dtau_int": 1.7640863141267025
          }
        },
        "n_skipped": 0,
        "step_size": 0
      },
      {
        "acc_rate": 0.2322,
        "n_steps": 50000,
        "obs_stats": {
          "Q": {
            "mean": 0.009800000116229057,
            "error": 0.014318834322199244,
            "tau_int": 9.593196694940973,
            "dtau_int": 0.6696397810436613
          },
          "Chi_t": {
            "mean": 0.5342000126838684,
            "error": 0.021373179700367295,
            "tau_int": 16.663117925923007,
            "dtau_int": 1.4741869531834388
          }
        },
        "n_skipped": 0,
        "step_size": 0
      }
    ],
    [
      {
        "acc_rate": 0.2124375,
        "n_steps": 80000,
        "obs_stats": {
          "Q": {
            "mean": -0.03254999965429306,
            "error": 0.0291111296345203,
            "tau_int": 56.569723377191636,
            "dtau_int": 6.846225315999055
          },
          "Chi_t": {
            "mean": 0.5994499921798706,
            "error": 0.015258062795369612,
            "tau_int": 15.155772137930931,
            "dtau_int": 1.0519035471049993
          }
        },
        "n_skipped": 0,
        "step_size": 0
      },
      {
        "acc_rate": 0.238675,
        "n_steps": 80000,
        "obs_stats": {
          "Q": {
            "mean": 0.011812499724328518,
            "error": 0.01204737369044682,
            "tau_int": 10.35473814634941,
            "dtau_int": 0.6088430260293118
          },
          "Chi_t": {
            "mean": 0.5606625080108643,
            "error": 0.01371829534228914,
            "tau_int": 11.383857691956605,
            "dtau_int": 0.6976556218998361
          }
        },
        "n_skipped": 0,
        "step_size": 0
      },
      {
        "acc_rate": 0.2274625,
        "n_steps": 80000,
        "obs_stats": {
          "Q": {
            "mean": 0.008637499995529652,
            "error": 0.01336101029761619,
            "tau_int": 13.358497912461688,
            "dtau_int": 0.8766956452803206
          },
          "Chi_t": {
            "mean": 0.5344374775886536,
            "error": 0.01717960633717567,
            "tau_int": 18.8253835443845,
            "dtau_int": 1.4316863009446956
          }
        },
        "n_skipped": 0,
        "step_size": 0
      }
    ],
    [
      {
        "acc_rate": 0.2294,
        "n_steps": 100000,
        "obs_stats": {
          "Q": {
            "mean": 0.03714999929070473,
            "error": 0.015669413972239598,
            "tau_int": 21.667215655055365,
            "dtau_int": 1.5912222872300992
          },
          "Chi_t": {
            "mean": 0.5677300095558167,
            "error": 0.011519338708547395,
            "tau_int": 10.900507477038877,
            "dtau_int": 0.5954491084890263
          }
        },
        "n_skipped": 0,
        "step_size": 0
      },
      {
        "acc_rate": 0.2362,
        "n_steps": 100000,
        "obs_stats": {
          "Q": {
            "mean": -0.005109999794512987,
            "error": 0.010727883609712652,
            "tau_int": 10.343663231998523,
            "dtau_int": 0.5518374357685166
          },
          "Chi_t": {
            "mean": 0.5562300086021423,
            "error": 0.011367796369035916,
            "tau_int": 10.049252430230718,
            "dtau_int": 0.5296661436306545
          }
        },
        "n_skipped": 0,
        "step_size": 0
      },
      {
        "acc_rate": 0.23073,
        "n_steps": 100000,
        "obs_stats": {
          "Q": {
            "mean": 0.01522000040858984,
            "error": 0.014013606849268438,
            "tau_int": 16.725695749670034,
            "dtau_int": 1.0981756304018715
          },
          "Chi_t": {
            "mean": 0.5871000289916992,
            "error": 0.01636380236052025,
            "tau_int": 19.01910622272067,
            "dtau_int": 1.320319963598221
          }
        },
        "n_skipped": 0,
        "step_size": 0
      }
    ],
    [
      {
        "acc_rate": 0.22639333333333334,
        "n_steps": 150000,
        "obs_stats": {
          "Q": {
            "mean": -0.015746666118502617,
            "error": 0.013781565378501026,
            "tau_int": 24.283438018239316,
            "dtau_int": 1.5723299506346808
          },
          "Chi_t": {
            "mean": 0.5866666436195374,
            "error": 0.015466882918564425,
            "tau_int": 26.478210386063825,
            "dtau_int": 1.7776421632415582
          }
        },
        "n_skipped": 0,
        "step_size": 0
      },
      {
        "acc_rate": 0.22800666666666666,
        "n_steps": 150000,
        "obs_stats": {
          "Q": {
            "mean": -0.008973333053290844,
            "error": 0.01129077780569753,
            "tau_int": 16.592836190532957,
            "dtau_int": 0.9104702109155466
          },
          "Chi_t": {
            "mean": 0.5761733055114746,
            "error": 0.013408916223833861,
            "tau_int": 19.0989206334641,
            "dtau_int": 1.1132167795608683
          }
        },
        "n_skipped": 0,
        "step_size": 0
      },
      {
        "acc_rate": 0.23341333333333333,
        "n_steps": 150000,
        "obs_stats": {
          "Q": {
            "mean": 0.0,
            "error": 0.01106231989023583,
            "tau_int": 16.494290830516768,
            "dtau_int": 0.9014426335031723
          },
          "Chi_t": {
            "mean": 0.5563200116157532,
            "error": 0.01297356714927197,
            "tau_int": 18.842293160639127,
            "dtau_int": 1.090718520684085
          }
        },
        "n_skipped": 0,
        "step_size": 0
      }
    ],
    [
      {
        "acc_rate": 0.226445,
        "n_steps": 200000,
        "obs_stats": {
          "Q": {
            "mean": 0.006254999898374081,
            "error": 0.010206023110297967,
            "tau_int": 18.731306031226808,
            "dtau_int": 0.9542628660512245
          },
          "Chi_t": {
            "mean": 0.5560250282287598,
            "error": 0.008330660816703965,
            "tau_int": 11.412007724049372,
            "dtau_int": 0.46799805306707576
          }
        },
        "n_skipped": 0,
        "step_size": 0
      },
      {
        "acc_rate": 0.216665,
        "n_steps": 200000,
        "obs_stats": {
          "Q": {
            "mean": -0.012120000086724758,
            "error": 0.015148625532826207,
            "tau_int": 39.99304360665508,
            "dtau_int": 2.8308010610348138
          },
          "Chi_t": {
            "mean": 0.5737199783325195,
            "error": 0.011543927038729453,
            "tau_int": 20.737384120538803,
            "dtau_int": 1.1042053049095952
          }
        },
        "n_skipped": 0,