{
  "observables": [
    "Chi_t"
  ],
  "n_samples": [
    50000,
    80000,
    100000
  ],
  "nip": [],
  "nmcmc": [
    [
      {
        "acc_rate": 0.36554,
        "n_steps": 50000,
        "obs_stats": {
          "Q": {
            "mean": 0.004459999967366457,
            "error": 0.011006250216169192,
            "tau_int": 4.786977388945252,
            "dtau_int": 0.24860234192286468
          },
          "Chi_t": {
            "mean": 0.6325399875640869,
            "error": 0.011040412384921887,
            "tau_int": 3.8186556451810114,
            "dtau_int": 0.17970041466386502
          }
        },
        "n_skipped": 0,
        "step_size": 0
      }
    ],
    [
      {
        "acc_rate": 0.3701,
        "n_steps": 80000,
        "obs_stats": {
          "Q": {
            "mean": 0.0024625000078231096,
            "error": 0.007753722432985557,
            "tau_int": 3.9198723538493176,
            "dtau_int": 0.15074987093769565
          },
          "Chi_t": {
            "mean": 0.6134374737739563,
            "error": 0.008206387491300425,
            "tau_int": 3.4794554968053566,
            "dtau_int": 0.12789198748630254
          }
        },
        "n_skipped": 0,
        "step_size": 0
      }
    ],
    [
      {
        "acc_rate": 0.36622,
        "n_steps": 100000,
        "obs_stats": {
          "Q": {
            "mean": 0.012380000203847885,
            "error": 0.0072750903390711615,
            "tau_int": 4.3389883146447605,
            "dtau_int": 0.15802738807882566
          },
          "Chi_t": {
            "mean": 0.6100000143051147,
            "error": 0.009083074373289096,
            "tau_int": 5.338551736252169,
            "dtau_int": 0.21397258542906405
          }
        },
        "n_skipped": 0,
        "step_size": 0
      }
    ]
  ],
  "exact_sus": 0.6194099585690315
}