{
  "observables": [
    "Chi_t"
  ],
  "n_samples": [
    50000,
    80000,
    100000,
    150000,
    200000,
    250000,
    300000,
    350000,
    500000
  ],
  "nip": [],
  "nmcmc": [
    [
      {
        "acc_rate": 0.07416,
        "n_steps": 50000,
        "obs_stats": {
          "Q": {
            "mean": 0.07807999849319458,
            "error": 0.036106262452819754,
            "tau_int": 49.205779222219796,
            "dtau_int": 6.822330745645752
          },
          "Chi_t": {
            "mean": 0.6671599745750427,
            "error": 0.027331966895438115,
            "tau_int": 23.436289791874962,
            "dtau_int": 2.3906275618860184
          }
        },
        "n_skipped": 0,
        "step_size": 0
      },
      {
        "acc_rate": 0.05994,
        "n_steps": 50000,
        "obs_stats": {
          "Q": {
            "mean": -0.1390800029039383,
            "error": 0.051789927412341084,
            "tau_int": 116.90258107633552,
            "dtau_int": 22.874640088134317
          },
          "Chi_t": {
            "mean": 0.5903199911117554,
            "error": 0.040892413022879014,
            "tau_int": 59.58044395388446,
            "dtau_int": 8.931814917405514
          }
        },
        "n_skipped": 0,
        "step_size": 0
      },
      {
        "acc_rate": 0.05844,
        "n_steps": 50000,
        "obs_stats": {
          "Q": {
            "mean": -0.03612000122666359,
            "error": 0.04355139806413384,
            "tau_int": 78.84621642653383,
            "dtau_int": 13.224629037536817
          },
          "Chi_t": {
            "mean": 0.6008399724960327,
            "error": 0.059977568328391136,
            "tau_int": 108.64722982730834,
            "dtau_int": 20.656756289140688
          }
        },
        "n_skipped": 0,
        "step_size": 0
      }
    ],
    [
      {
        "acc_rate": 0.0659625,
        "n_steps": 80000,
        "obs_stats": {
          "Q": {
            "mean": -0.014449999667704105,
            "error": 0.03278688393565186,
            "tau_int": 72.82694927571275,
            "dtau_int": 9.779889920792169
          },
          "Chi_t": {
            "mean": 0.5895749926567078,
            "error": 0.0410153608238168,
            "tau_int": 82.9170749381781,
            "dtau_int": 11.734786485042505
          }
        },
        "n_skipped": 0,
        "step_size": 0
      },
      {
        "acc_rate": 0.0661125,
        "n_steps": 80000,
        "obs_stats": {
          "Q": {
            "mean": -0.0017999999690800905,
            "error": 0.02372663430560345,
            "tau_int": 42.885064541636204,
            "dtau_int": 4.624980097142182
          },
          "Chi_t": {
            "mean": 0.524524986743927,
            "error": 0.028469427732839923,
            "tau_int": 45.76213988463089,
            "dtau_int": 5.072561983515345
          }
        },
        "n_skipped": 0,
        "step_size": 0
      },
      {
        "acc_rate": 0.0566125,
        "n_steps": 80000,
        "obs_stats": {
          "Q": {
            "mean": -0.02122499980032444,
            "error": 0.04340099901746594,
            "tau_int": 119.97223589661075,
            "dtau_int": 19.70482826348859
          },
          "Chi_t": {
            "mean": 0.6266250014305115,
            "error": 0.037923251165917556,
            "tau_int": 75.1506055009607,
            "dtau_int": 10.22641247638115
          }
        },
        "n_skipped": 0,
        "step_size": 0
      }
    ],
    [
      {
        "acc_rate": 0.06254,
        "n_steps": 100000,
        "obs_stats": {
          "Q": {
            "mean": 0.029929999262094498,
            "error": 0.029286201827517795,
            "tau_int": 73.21547757486249,
            "dtau_int": 8.98237273566696
          },
          "Chi_t": {
            "mean": 0.5857700109481812,
            "error": 0.029104393796220925,
            "tau_int": 56.040322173162195,
            "dtau_int": 6.1538263116424075
          }
        },
        "n_skipped": 0,
        "step_size": 0
      },
      {
        "acc_rate": 0.05594,
        "n_steps": 100000,
        "obs_stats": {
          "Q": {
            "mean": 0.11666999757289886,
            "error": 0.05836611270792618,
            "tau_int": 280.34507766400685,
            "dtau_int": 58.78308645596431
          },
          "Chi_t": {
            "mean": 0.6178699731826782,
            "error": 0.030673490993612922,
            "tau_int": 65.59646094985558,
            "dtau_int": 7.693584484909216
          }
        },
        "n_skipped": 0,
        "step_size": 0
      },
      {
        "acc_rate": 0.0626,
        "n_steps": 100000,
        "obs_stats": {
          "Q": {
            "mean": -0.0832199975848198,
            "error": 0.056827271346455266,
            "tau_int": 230.26915184977165,
            "dtau_int": 44.774907808999394
          },
          "Chi_t": {
            "mean": 0.7049800157546997,
            "error": 0.030229773770635637,
            "tau_int": 58.93529689927031,
            "dtau_int": 6.610898146663187
          }
        },
        "n_skipped": 0,
        "step_size": 0
      }
    ],
    [
      {
        "acc_rate": 0.06216666666666667,
        "n_steps": 150000,
        "obs_stats": {
          "Q": {
            "mean": 0.00426666671410203,
            "error": 0.023037697744115786,
            "tau_int": 68.74147182418528,
            "dtau_int": 6.9358160525727985
          },
          "Chi_t": {
            "mean": 0.5785466432571411,
            "error": 0.02150519917690222,
            "tau_int": 51.709941269653626,
            "dtau_int": 4.623459143939615
          }
        },
        "n_skipped": 0,
        "step_size": 0
      },
      {
        "acc_rate": 0.06381333333333333,
        "n_steps": 150000,
        "obs_stats": {
          "Q": {
            "mean": 0.029233332723379135,
            "error": 0.026273425111687704,
            "tau_int": 82.19891792713321,
            "dtau_int": 8.937166775290292
          },
          "Chi_t": {
            "mean": 0.6300066709518433,
            "error": 0.030659850818927175,
            "tau_int": 83.79211279839069,
            "dtau_int": 9.18618286332216
          }
        },
        "n_skipped": 0,
        "step_size": 0
      },
      {
        "acc_rate": 0.05382666666666667,
        "n_steps": 150000,
        "obs_stats": {
          "Q": {
            "mean": -0.016566665843129158,
            "error": 0.0267573170249094,
            "tau_int": 98.49886810982662,
            "dtau_int": 11.554227997739154
          },
          "Chi_t": {
            "mean": 0.5447133183479309,
            "error": 0.04057321983901761,
            "tau_int": 167.16260532686516,
            "dtau_int": 24.359706556622648
          }
        },
        "n_skipped": 0,
        "step_size": 0
      }
    ],
    [
      {
        "acc_rate": 0.059785,
        "n_steps": 200000,
        "obs_stats": {
          "Q": {
            "mean": 0.008715000003576279,
            "error": 0.02995184776946192,
            "tau_int": 139.01651192430623,
            "dtau_int": 16.687581559757188
          },
          "Chi_t": {
            "mean": 0.6445149779319763,
            "error": 0.0265556502097538,
            "tau_int": 92.09469285770946,
            "dtau_int": 9.30480320689627
          }
        },
        "n_skipped": 0,
        "step_size": 0
      },
      {
        "acc_rate": 0.0601,
        "n_steps": 200000,
        "obs_stats": {
          "Q": {
            "mean": -0.026304999366402626,
            "error": 0.03615357546443903,
            "tau_int": 202.30482249335884,
            "dtau_int": 28.33994061323489
          },
          "Chi_t": {
            "mean": 0.6454949975013733,
            "error": 0.037310803266585424,
            "tau_int": 176.26626788866048,
            "dtau_int": 23.334268513268277
          }
        },
        "n_skipped": 0,