{
  "observables": [
    "Chi_t"
  ],
  "n_samples": [
    50000,
    80000,
    100000,
    150000,
    200000,
    250000,
    300000
  ],
  "nip": [],
  "nmcmc": [
    [
      {
        "acc_rate": 0.04196,
        "n_steps": 50000,
        "obs_stats": {
          "Q": {
            "mean": -0.07357999682426453,
            "error": 0.07054522146531453,
            "tau_int": 252.91238193994053,
            "dtau_int": 66.01304323705564
          },
          "Chi_t": {
            "mean": 0.49257999658584595,
            "error": 0.05695058032762814,
            "tau_int": 136.25238343100378,
            "dtau_int": 28.273538131965122
          }
        },
        "n_skipped": 0,
        "step_size": 0
      },
      {
        "acc_rate": 0.03164,
        "n_steps": 50000,
        "obs_stats": {
          "Q": {
            "mean": -0.01396000012755394,
            "error": 0.08043933791759965,
            "tau_int": 430.9146142218083,
            "dtau_int": 135.14984845084916
          },
          "Chi_t": {
            "mean": 0.36952000856399536,
            "error": 0.09211755152260702,
            "tau_int": 461.8731322615196,
            "dtau_int": 148.18150492282422
          }
        },
        "n_skipped": 0,
        "step_size": 0
      },
      {
        "acc_rate": 0.02696,
        "n_steps": 50000,
        "obs_stats": {
          "Q": {
            "mean": -0.14788000285625458,
            "error": 0.08718273233891509,
            "tau_int": 599.0955138549907,
            "dtau_int": 208.66451070709203
          },
          "Chi_t": {
            "mean": 0.332040011882782,
            "error": 0.11397321935378237,
            "tau_int": 709.3543584850244,
            "dtau_int": 259.91004214931405
          }
        },
        "n_skipped": 0,
        "step_size": 0
      }
    ],
    [
      {
        "acc_rate": 0.03115,
        "n_steps": 80000,
        "obs_stats": {
          "Q": {
            "mean": 0.16378749907016754,
            "error": 0.2515809372881469,
            "tau_int": 3917.1690785081832,
            "dtau_int": 1855.6657608560508
          },
          "Chi_t": {
            "mean": 0.6208375096321106,
            "error": 0.07685982318199933,
            "tau_int": 693.8975493568502,
            "dtau_int": 218.0319764653458
          }
        },
        "n_skipped": 0,
        "step_size": 0
      },
      {
        "acc_rate": 0.017575,
        "n_steps": 80000,
        "obs_stats": {
          "Q": {
            "mean": -0.7190374732017517,
            "error": 0.16422356586580864,
            "tau_int": 2854.920333828227,
            "dtau_int": 1302.9169031132003
          },
          "Chi_t": {
            "mean": 0.8719375133514404,
            "error": 0.062009921145858855,
            "tau_int": 320.1214039977688,
            "dtau_int": 76.70828264213239
          }
        },
        "n_skipped": 0,
        "step_size": 0
      },
      {
        "acc_rate": 0.0141125,
        "n_steps": 80000,
        "obs_stats": {
          "Q": {
            "mean": 0.7273250222206116,
            "error": 0.23713874792328604,
            "tau_int": 6063.556201227659,
            "dtau_int": 2780.9665464102595
          },
          "Chi_t": {
            "mean": 0.8552250266075134,
            "error": 0.11376972014035042,
            "tau_int": 3381.5514150483623,
            "dtau_int": 1580.4816728601525
          }
        },
        "n_skipped": 0,
        "step_size": 0
      }
    ],
    [
      {
        "acc_rate": 0.00623,
        "n_steps": 100000,
        "obs_stats": {
          "Q": {
            "mean": -0.01768999919295311,
            "error": 0.01713098207623089,
            "tau_int": 250.64394704089628,
            "dtau_int": 50.35027173116429
          },
          "Chi_t": {
            "mean": 0.058570001274347305,
            "error": 0.05194612808678011,
            "tau_int": 2283.586558746683,
            "dtau_int": 950.9062211972431
          }
        },
        "n_skipped": 0,
        "step_size": 0
      },
      {
        "acc_rate": 0.03851,
        "n_steps": 100000,
        "obs_stats": {
          "Q": {
            "mean": 0.007670000195503235,
            "error": 0.06411383322577513,
            "tau_int": 587.5157898485479,
            "dtau_int": 161.6676161053256
          },
          "Chi_t": {
            "mean": 0.3459700047969818,
            "error": 0.055596421719707134,
            "tau_int": 476.9404950351172,
            "dtau_int": 121.8416166081505
          }
        },
        "n_skipped": 0,
        "step_size": 0
      },
      {
        "acc_rate": 0.02002,
        "n_steps": 100000,
        "obs_stats": {
          "Q": {
            "mean": -0.024700000882148743,
            "error": 0.027300518245348918,
            "tau_int": 192.68786399481408,
            "dtau_int": 34.9570441041976
          },
          "Chi_t": {
            "mean": 0.19327999651432037,
            "error": 0.08136502872775818,
            "tau_int": 1275.8534845153033,
            "dtau_int": 452.92953351331334
          }
        },
        "n_skipped": 0,
        "step_size": 0
      }
    ],
    [
      {
        "acc_rate": 0.0392,
        "n_steps": 150000,
        "obs_stats": {
          "Q": {
            "mean": -0.12597332894802094,
            "error": 0.035089110339299276,
            "tau_int": 241.73199625320876,
            "dtau_int": 40.84756733004161
          },
          "Chi_t": {
            "mean": 0.39666667580604553,
            "error": 0.04848352390238701,
            "tau_int": 318.30819897706374,
            "dtau_int": 59.95001895658578
          }
        },
        "n_skipped": 0,
        "step_size": 0
      },
      {
        "acc_rate": 0.041506666666666664,
        "n_steps": 150000,
        "obs_stats": {
          "Q": {
            "mean": -0.07690666615962982,
            "error": 0.03944905027939427,
            "tau_int": 301.5662478204749,
            "dtau_int": 55.60462393329127
          },
          "Chi_t": {
            "mean": 0.3914266526699066,
            "error": 0.040846302855964196,
            "tau_int": 320.05875047020646,
            "dtau_int": 60.39854337187128
          }
        },
        "n_skipped": 0,
        "step_size": 0
      },
      {
        "acc_rate": 0.03358,
        "n_steps": 150000,
        "obs_stats": {
          "Q": {
            "mean": 0.15023332834243774,
            "error": 0.10534475090377435,
            "tau_int": 1710.8789548270045,
            "dtau_int": 586.8835900161092
          },
          "Chi_t": {
            "mean": 0.4987933337688446,
            "error": 0.061106658772931366,
            "tau_int": 537.0623002551803,
            "dtau_int": 123.48346508241326
          }
        },
        "n_skipped": 0,
        "step_size": 0
      }
    ],
    [
      {
        "acc_rate": 0.03721,
        "n_steps": 200000,
        "obs_stats": {
          "Q": {
            "mean": -0.022619999945163727,
            "error": 0.03384850129601824,
            "tau_int": 290.4781042096653,
            "dtau_int": 47.090109503345055
          },
          "Chi_t": {
            "mean": 0.3938100039958954,
            "error": 0.04604665519146704,
            "tau_int": 451.59147889153417,
            "dtau_int": 87.121079631782
          }
        },
        "n_skipped": 0,
        "step_size": 0
      },
      {
        "acc_rate": 0.039985,
        "n_steps": 200000,
        "obs_stats": {
          "Q": {
            "mean": -0.07997500151395798,
            "error": 0.05673318098851135,
            "tau_int": 609.9801811385643,
            "dtau_int": 132.05809793628558
          },
          "Chi_t": {
            "mean": 0.5309349894523621,
            "error": 0.045746176251374504,
            "tau_int": 425.0451806642566,
            "dtau_int": 80.0949079730568
          }
        },
        "n_skipped": 0,