{
  "observables": [
    "Chi_t"
  ],
  "n_samples": [
    50000,
    80000,
    100000,
    150000,
    200000,
    250000,
    300000
  ],
  "nip": [],
  "nmcmc": [
    [
      {
        "acc_rate": 0.17518,
        "n_steps": 50000,
        "obs_stats": {
          "Q": {
            "mean": 0.0016599999507889152,
            "error": 0.03327683682869167,
            "tau_int": 45.336083359815895,
            "dtau_int": 6.0846890472522475
          },
          "Chi_t": {
            "mean": 0.6095399856567383,
            "error": 0.025951604093904273,
            "tau_int": 26.290374244024697,
            "dtau_int": 2.814024451355797
          }
        },
        "n_skipped": 0,
        "step_size": 0
      },
      {
        "acc_rate": 0.19078,
        "n_steps": 50000,
        "obs_stats": {
          "Q": {
            "mean": -0.04481999948620796,
            "error": 0.035730438399613276,
            "tau_int": 50.44724284618124,
            "dtau_int": 7.063374372662455
          },
          "Chi_t": {
            "mean": 0.6334199905395508,
            "error": 0.05916796813167013,
            "tau_int": 98.27338561080121,
            "dtau_int": 17.97573863150931
          }
        },
        "n_skipped": 0,
        "step_size": 0
      },
      {
        "acc_rate": 0.21112,
        "n_steps": 50000,
        "obs_stats": {
          "Q": {
            "mean": -0.00863999966531992,
            "error": 0.015424198248039681,
            "tau_int": 11.140366866863454,
            "dtau_int": 0.8298467168646394
          },
          "Chi_t": {
            "mean": 0.5337200164794922,
            "error": 0.01521778981290499,
            "tau_int": 9.595894789014018,
            "dtau_int": 0.6698132813237994
          }
        },
        "n_skipped": 0,
        "step_size": 0
      }
    ],
    [
      {
        "acc_rate": 0.181325,
        "n_steps": 80000,
        "obs_stats": {
          "Q": {
            "mean": -0.030662499368190765,
            "error": 0.015173591669272644,
            "tau_int": 17.322453776154934,
            "dtau_int": 1.2739810743481368
          },
          "Chi_t": {
            "mean": 0.5323625206947327,
            "error": 0.016089883535863832,
            "tau_int": 16.84455925394941,
            "dtau_int": 1.22430771756497
          }
        },
        "n_skipped": 0,
        "step_size": 0
      },
      {
        "acc_rate": 0.1973,
        "n_steps": 80000,
        "obs_stats": {
          "Q": {
            "mean": -0.01425000000745058,
            "error": 0.018626711691506207,
            "tau_int": 24.180430022697838,
            "dtau_int": 2.046924246659006
          },
          "Chi_t": {
            "mean": 0.5738000273704529,
            "error": 0.013208749726984896,
            "tau_int": 11.624088042451428,
            "dtau_int": 0.7206742971815443
          }
        },
        "n_skipped": 0,
        "step_size": 0
      },
      {
        "acc_rate": 0.1963,
        "n_steps": 80000,
        "obs_stats": {
          "Q": {
            "mean": 0.010287499986588955,
            "error": 0.016870663164517446,
            "tau_int": 19.902044460358905,
            "dtau_int": 1.5518360294996316
          },
          "Chi_t": {
            "mean": 0.571862518787384,
            "error": 0.01840834511384385,
            "tau_int": 19.30252447600694,
            "dtau_int": 1.4838951468597168
          }
        },
        "n_skipped": 0,
        "step_size": 0
      }
    ],
    [
      {
        "acc_rate": 0.20069,
        "n_steps": 100000,
        "obs_stats": {
          "Q": {
            "mean": 0.010569999925792217,
            "error": 0.014833620226017264,
            "tau_int": 18.968068527489084,
            "dtau_int": 1.3170557649555945
          },
          "Chi_t": {
            "mean": 0.5799099802970886,
            "error": 0.012963508783260769,
            "tau_int": 12.987420288406094,
            "dtau_int": 0.7639985281647761
          }
        },
        "n_skipped": 0,
        "step_size": 0
      },
      {
        "acc_rate": 0.17967,
        "n_steps": 100000,
        "obs_stats": {
          "Q": {
            "mean": 0.004600000102072954,
            "error": 0.012503936122080879,
            "tau_int": 15.497385512242476,
            "dtau_int": 0.9850419818062791
          },
          "Chi_t": {
            "mean": 0.5042999982833862,
            "error": 0.013584771581765366,
            "tau_int": 16.114584020012966,
            "dtau_int": 1.041283550968678
          }
        },
        "n_skipped": 0,
        "step_size": 0
      },
      {
        "acc_rate": 0.19919,
        "n_steps": 100000,
        "obs_stats": {
          "Q": {
            "mean": 0.011180000379681587,
            "error": 0.01307699879613258,
            "tau_int": 15.473429834505724,
            "dtau_int": 0.9836359434468399
          },
          "Chi_t": {
            "mean": 0.5525400042533875,
            "error": 0.012490543374825615,
            "tau_int": 13.256656163691545,
            "dtau_int": 0.787598655625667
          }
        },
        "n_skipped": 0,
        "step_size": 0
      }
    ],
    [
      {
        "acc_rate": 0.19717333333333334,
        "n_steps": 150000,
        "obs_stats": {
          "Q": {
            "mean": -0.0019866665825247765,
            "error": 0.011878834326521657,
            "tau_int": 18.484836801916604,
            "dtau_int": 1.0630100765717185
          },
          "Chi_t": {
            "mean": 0.5723866820335388,
            "error": 0.012538471090859437,
            "tau_int": 17.145123664696,
            "dtau_int": 0.9550305902642969
          }
        },
        "n_skipped": 0,
        "step_size": 0
      },
      {
        "acc_rate": 0.19548,
        "n_steps": 150000,
        "obs_stats": {
          "Q": {
            "mean": -0.0026933334302157164,
            "error": 0.010571630827340448,
            "tau_int": 15.12994263234176,
            "dtau_int": 0.7981961129957209
          },
          "Chi_t": {
            "mean": 0.5538933277130127,
            "error": 0.010562835851607473,
            "tau_int": 12.851584046245602,
            "dtau_int": 0.631860397804265
          }
        },
        "n_skipped": 0,
        "step_size": 0
      },
      {
        "acc_rate": 0.17582,
        "n_steps": 150000,
        "obs_stats": {
          "Q": {
            "mean": -0.01251333300024271,
            "error": 0.016968844330061277,
            "tau_int": 38.76828432662254,
            "dtau_int": 3.0672334697389796
          },
          "Chi_t": {
            "mean": 0.5569133162498474,
            "error": 0.01713501462355068,
            "tau_int": 34.282276228529845,
            "dtau_int": 2.5728780096383996
          }
        },
        "n_skipped": 0,
        "step_size": 0
      }
    ],
    [
      {
        "acc_rate": 0.195065,
        "n_steps": 200000,
        "obs_stats": {
          "Q": {
            "mean": 0.015279999934136868,
            "error": 0.010179514892553697,
            "tau_int": 18.483227728018914,
            "dtau_int": 0.9352468383676051
          },
          "Chi_t": {
            "mean": 0.5607600212097168,
            "error": 0.010412385085822314,
            "tau_int": 16.83723748737204,
            "dtau_int": 0.8202440009877278
          }
        },
        "n_skipped": 0,
        "step_size": 0
      },
      {
        "acc_rate": 0.19108,
        "n_steps": 200000,
        "obs_stats": {
          "Q": {
            "mean": -0.009595000185072422,
            "error": 0.010824482200674716,
            "tau_int": 20.87465472529011,
            "dtau_int": 1.1148916249202971
          },
          "Chi_t": {
            "mean": 0.5612750053405762,
            "error": 0.010015132876245187,
            "tau_int": 16.322535104740453,
            "dtau_int": 0.7834050500216151
          }
        },
        "n_skipped": 0,