{
  "observables": [
    "Chi_t"
  ],
  "n_samples": [
    100000
  ],
  "nip": [
    [
      {
        "obs_stats": {
          "Q": {
            "mean": -0.02734748274087906,
            "error": 0.05585401505231857,
            "error_ess": 0.07077963650226593,
            "ess_q": 0.000958795309998095
          },
          "Chi_t": {
            "mean": 0.4810810089111328,
            "error": 0.06133394315838814,
            "error_ess": 0.07087627798318863,
            "ess_q": 0.000958795309998095
          }
        },
        "entropy": 69106.09375,
        "std_entropy": 539656768.0,
        "free_energy": -0.04270818165159065,
        "std_free_energy": 0.010418210178613663
      }
    ]
  ],
  "nmcmc": [
    [
      {
        "acc_rate": 0.04416,
        "n_steps": 100000,
        "obs_stats": {
          "Q": {
            "mean": -0.19740000367164612,
            "error": 0.10145586155892297,
            "tau_int": 1382.3763062462162,
            "dtau_int": 502.63200166468187
          },
          "Chi_t": {
            "mean": 0.40185999870300293,
            "error": 0.11994144763809957,
            "tau_int": 2074.304179897808,
            "dtau_int": 843.4229785111717
          }
        },
        "n_skipped": 0,
        "step_size": 0
      }
    ]
  ],
  "exact_sus": 0.445674407972156
}