{
  "observables": [
    "Chi_t"
  ],
  "n_samples": [
    50000,
    125000
  ],
  "nip": [
    [
      {
        "obs_stats": {
          "Q": {
            "mean": -0.008062509819865227,
            "error": 0.007563984952867031,
            "error_ess": 0.009921948425471783,
            "ess_q": 0.14683765172958374
          },
          "Chi_t": {
            "mean": 0.7228226065635681,
            "error": 0.009728867560625076,
            "error_ess": 0.012221214361488819,
            "ess_q": 0.14683765172958374
          }
        },
        "entropy": 61450.9140625,
        "std_entropy": 16872270.0,
        "free_energy": -0.4704081188907137,
        "std_free_energy": 0.0013916846364736557
      },
      {
        "obs_stats": {
          "Q": {
            "mean": 0.006396192591637373,
            "error": 0.009995991364121437,
            "error_ess": 0.00850392784923315,
            "ess_q": 0.20797814428806305
          },
          "Chi_t": {
            "mean": 0.7520415186882019,
            "error": 0.016441958025097847,
            "error_ess": 0.010458947159349918,
            "ess_q": 0.20797814428806305
          }
        },
        "entropy": 61426.6015625,
        "std_entropy": 14163027.0,
        "free_energy": -0.470491404002002,
        "std_free_energy": 0.0011266875080764294
      },
      {
        "obs_stats": {
          "Q": {
            "mean": -0.009295811876654625,
            "error": 0.008268238976597786,
            "error_ess": 0.008841216564178467,
            "ess_q": 0.1882297843694687
          },
          "Chi_t": {
            "mean": 0.7357406616210938,
            "error": 0.010171696543693542,
            "error_ess": 0.010696946643292904,
            "ess_q": 0.1882297843694687
          }
        },
        "entropy": 61353.12109375,
        "std_entropy": 14851934.0,
        "free_energy": -0.4704010013972873,
        "std_free_energy": 0.001198991434648633
      }
    ],
    [
      {
        "obs_stats": {
          "Q": {
            "mean": -0.00024121372553054243,
            "error": 0.004861343652009964,
            "error_ess": 0.0052085816860198975,
            "ess_q": 0.22003573179244995
          },
          "Chi_t": {
            "mean": 0.7461717128753662,
            "error": 0.006667753215879202,
            "error_ess": 0.006378286052495241,
            "ess_q": 0.22003573179244995
          }
        },
        "entropy": 155402.078125,
        "std_entropy": 54409620.0,
        "free_energy": -0.47010843269546043,
        "std_free_energy": 0.0006874827668070793
      },
      {
        "obs_stats": {
          "Q": {
            "mean": -0.003611539723351598,
            "error": 0.00540450494736433,
            "error_ess": 0.005524524487555027,
            "ess_q": 0.1955122947692871
          },
          "Chi_t": {
            "mean": 0.7458955645561218,
            "error": 0.008051164448261261,
            "error_ess": 0.006846956443041563,
            "ess_q": 0.1955122947692871
          }
        },
        "entropy": 155358.40625,
        "std_entropy": 57671740.0,
        "free_energy": -0.4702538270384278,
        "std_free_energy": 0.000740702438633889
      },
      {
        "obs_stats": {
          "Q": {
            "mean": 0.006157670635730028,
            "error": 0.005080721341073513,
            "error_ess": 0.005295271053910255,
            "ess_q": 0.21398067474365234
          },
          "Chi_t": {
            "mean": 0.7500312924385071,
            "error": 0.006908679846674204,
            "error_ess": 0.0065491232089698315,
            "ess_q": 0.21398067474365234
          }
        },
        "entropy": 155446.3125,
        "std_entropy": 55188364.0,
        "free_energy": -0.47031259204008796,
        "std_free_energy": 0.0006998426979407668
      }
    ]
  ],
  "nmcmc": [
    [
      {
        "acc_rate": 0.41088,
        "n_steps": 50000,
        "obs_stats": {
          "Q": {
            "mean": 0.005200103856623173,
            "error": 0.009877945391472154,
            "tau_int": 3.3138780326780526,
            "dtau_int": 0.14577027596330572
          },
          "Chi_t": {
            "mean": 0.736014723777771,
            "error": 0.010714461613909071,
            "tau_int": 2.717049606582255,
            "dtau_int": 0.1107899852659297
          }
        },
        "n_skipped": 0,
        "step_size": 0
      },
      {
        "acc_rate": 0.41724,
        "n_steps": 50000,
        "obs_stats": {
          "Q": {
            "mean": -0.04638092592358589,
            "error": 0.009883481227133882,
            "tau_int": 3.285208672747823,
            "dtau_int": 0.14459479589586174
          },
          "Chi_t": {
            "mean": 0.7453948855400085,
            "error": 0.012012669360185729,
            "tau_int": 3.1292990208847433,
            "dtau_int": 0.13531074029751736
          }
        },
        "n_skipped": 0,
        "step_size": 0
      },
      {
        "acc_rate": 0.41212,
        "n_steps": 50000,
        "obs_stats": {
          "Q": {
            "mean": -0.006340126972645521,
            "error": 0.009875216647478044,
            "tau_int": 3.3005382744824217,
            "dtau_int": 0.14522352122387222
          },
          "Chi_t": {
            "mean": 0.7385947704315186,
            "error": 0.011128580025134883,
            "tau_int": 2.959423998286547,
            "dtau_int": 0.12567214639930713
          }
        },
        "n_skipped": 0,
        "step_size": 0
      }
    ],
    [
      {
        "acc_rate": 0.40848,
        "n_steps": 125000,
        "obs_stats": {
          "Q": {
            "mean": 0.012400099076330662,
            "error": 0.0065472323909891925,
            "tau_int": 3.5549858677797124,
            "dtau_int": 0.10819357915133562
          },
          "Chi_t": {
            "mean": 0.7537340521812439,
            "error": 0.007517051350000143,
            "tau_int": 3.109889677625732,
            "dtau_int": 0.08864495076697212
          }
        },
        "n_skipped": 0,
        "step_size": 0
      },
      {
        "acc_rate": 0.413424,
        "n_steps": 125000,
        "obs_stats": {
          "Q": {
            "mean": -0.0017520140390843153,
            "error": 0.006629235313337418,
            "tau_int": 3.6734518636468056,
            "dtau_int": 0.11348868844980421
          },
          "Chi_t": {
            "mean": 0.7476620078086853,
            "error": 0.007898773593642642,
            "tau_int": 3.5403709552506326,
            "dtau_int": 0.10777598303758056
          }
        },
        "n_skipped": 0,
        "step_size": 0
      },
      {
        "acc_rate": 0.41144,
        "n_steps": 125000,
        "obs_stats": {
          "Q": {
            "mean": -0.00036800294765271246,
            "error": 0.006385668004780789,
            "tau_int": 3.4417294227948654,
            "dtau_int": 0.10312973466744461
          },
          "Chi_t": {
            "mean": 0.740437924861908,
            "error": 0.0070316081695374535,
            "tau_int": 2.802851390986697,
            "dtau_int": 0.07718356678356329
          }
        },
        "n_skipped": 0,
        "step_size": 0
      }
    ]
  ],
  "exact_sus": 0.743690851341456
}