{
  "observables": [
    "Chi_t"
  ],
  "n_samples": [
    100000,
    150000,
    250000,
    500000
  ],
  "nip": [
    [
      {
        "obs_stats": {
          "Q": {
            "mean": 0.07591459155082703,
            "error": 0.05549883097410202,
            "error_ess": 0.15659308433532715,
            "ess_q": 0.0001390887045999989
          },
          "Chi_t": {
            "mean": 0.3468279540538788,
            "error": 0.0568251833319664,
            "error_ess": 0.15936288237571716,
            "ess_q": 0.0001390887045999989
          }
        },
        "entropy": 72325.5,
        "std_entropy": 1301522048.0,
        "free_energy": -0.10398370512304726,
        "std_free_energy": 0.0289117693901062
      }
    ],
    [
      {
        "obs_stats": {
          "Q": {
            "mean": -0.06663698703050613,
            "error": 0.06586369127035141,
            "error_ess": 0.05474486202001572,
            "ess_q": 0.0011519830441102386
          },
          "Chi_t": {
            "mean": 0.5223143696784973,
            "error": 0.10897838324308395,
            "error_ess": 0.06389181315898895,
            "ess_q": 0.0011519830441102386
          }
        },
        "entropy": 114255.09375,
        "std_entropy": 892155648.0,
        "free_energy": -0.10188498227565466,
        "std_free_energy": 0.00819845125079155
      }
    ],
    [
      {
        "obs_stats": {
          "Q": {
            "mean": 0.011748827993869781,
            "error": 0.037781987339258194,
            "error_ess": 0.13693426549434662,
            "ess_q": 6.927171489223838e-05
          },
          "Chi_t": {
            "mean": 0.3248664438724518,
            "error": 0.03792295604944229,
            "error_ess": 0.1345520317554474,
            "ess_q": 6.927171489223838e-05
          }
        },
        "entropy": 193875.6875,
        "std_entropy": 7887959552.0,
        "free_energy": -0.10576597485933324,
        "std_free_energy": 0.02591121383011341
      }
    ],
    [
      {
        "obs_stats": {
          "Q": {
            "mean": -0.008530722931027412,
            "error": 0.015372919850051403,
            "error_ess": 0.15486747026443481,
            "ess_q": 1.774516931618564e-05
          },
          "Chi_t": {
            "mean": 0.2128722220659256,
            "error": 0.017354201525449753,
            "error_ess": 0.1697036176919937,
            "ess_q": 1.774516931618564e-05
          }
        },
        "entropy": 408440.28125,
        "std_entropy": 46443663360.0,
        "free_energy": -0.11092912286041694,
        "std_free_energy": 0.0362011082470417
      }
    ]
  ],
  "nmcmc": [
    [
      {
        "acc_rate": 0.07078,
        "n_steps": 100000,
        "obs_stats": {
          "Q": {
            "mean": 0.11424999684095383,
            "error": 0.07274946535024046,
            "tau_int": 620.3549197323905,
            "dtau_int": 173.97145948649964
          },
          "Chi_t": {
            "mean": 0.43459001183509827,
            "error": 0.055439917409599394,
            "tau_int": 494.0383204194592,
            "dtau_int": 127.81991317724912
          }
        },
        "n_skipped": 0,
        "step_size": 0
      }
    ],
    [
      {
        "acc_rate": 0.07693333333333334,
        "n_steps": 150000,
        "obs_stats": {
          "Q": {
            "mean": 0.04861333221197128,
            "error": 0.05606934389861239,
            "tau_int": 506.8097350198914,
            "dtau_int": 114.03978146029472
          },
          "Chi_t": {
            "mean": 0.46454668045043945,
            "error": 0.04570478380485173,
            "tau_int": 319.16908300137203,
            "dtau_int": 60.183044915963265
          }
        },
        "n_skipped": 0,
        "step_size": 0
      }
    ],
    [
      {
        "acc_rate": 0.063768,
        "n_steps": 250000,
        "obs_stats": {
          "Q": {
            "mean": 0.0346280001103878,
            "error": 0.027116675317827642,
            "tau_int": 258.1835813119699,
            "dtau_int": 36.473457278799515
          },
          "Chi_t": {
            "mean": 0.3564760088920593,
            "error": 0.03964372950214517,
            "tau_int": 507.8357832020132,
            "dtau_int": 94.00673744386317
          }
        },
        "n_skipped": 0,
        "step_size": 0
      }
    ],
    [
      {
        "acc_rate": 0.046644,
        "n_steps": 500000,
        "obs_stats": {
          "Q": {
            "mean": 0.06005199998617172,
            "error": 0.061896366066930726,
            "tau_int": 2414.2450702781634,
            "dtau_int": 619.4128576264669
          },
          "Chi_t": {
            "mean": 0.39665600657463074,
            "error": 0.1361632469095909,
            "tau_int": 7334.015636217545,
            "dtau_int": 2713.1087837996083
          }
        },
        "n_skipped": 0,
        "step_size": 0
      }
    ]
  ],
  "exact_sus": 0.4528653301047025
}