{
  "observables": [
    "Chi_t"
  ],
  "n_samples": [
    50000,
    80000,
    100000
  ],
  "nip": [],
  "nmcmc": [
    [
      {
        "acc_rate": 0.44058,
        "n_steps": 50000.0,
        "obs_stats": {
          "Q": {
            "mean": 0.011819999665021896,
            "error": 0.008209876216242213,
            "tau_int": 2.5022018038547094,
            "dtau_int": 0.09754813292015148
          },
          "Chi_t": {
            "mean": 0.6735000014305115,
            "error": 0.00946376734875588,
            "tau_int": 2.4405991189647698,
            "dtau_int": 0.09530069460707281
          }
        },
        "n_skipped": 0.0,
        "step_size": 0.0
      },
      {
        "acc_rate": 0.4398,
        "n_steps": 50000.0,
        "obs_stats": {
          "Q": {
            "mean": -0.0018400000408291817,
            "error": 0.008028580963483542,
            "tau_int": 2.4720800243732324,
            "dtau_int": 0.096450209861043
          },
          "Chi_t": {
            "mean": 0.6517999768257141,
            "error": 0.009450008327666215,
            "tau_int": 2.464838117005154,
            "dtau_int": 0.0961859596278391
          }
        },
        "n_skipped": 0.0,
        "step_size": 0.0
      },
      {
        "acc_rate": 0.43272,
        "n_steps": 50000.0,
        "obs_stats": {
          "Q": {
            "mean": -0.00279999990016222,
            "error": 0.008505510461739783,
            "tau_int": 2.761276295754166,
            "dtau_int": 0.11247237632196386
          },
          "Chi_t": {
            "mean": 0.6549199819564819,
            "error": 0.009264689986502074,
            "tau_int": 2.440238716190093,
            "dtau_int": 0.09528752247742668
          }
        },
        "n_skipped": 0.0,
        "step_size": 0.0
      }
    ],
    [
      {
        "acc_rate": 0.4352375,
        "n_steps": 80000.0,
        "obs_stats": {
          "Q": {
            "mean": 0.00971249956637621,
            "error": 0.006831294169421322,
            "tau_int": 2.7551624170372606,
            "dtau_int": 0.09084693756343382
          },
          "Chi_t": {
            "mean": 0.6775624752044678,
            "error": 0.007436465251832868,
            "tau_int": 2.4669317667586594,
            "dtau_int": 0.07807569785623088
          }
        },
        "n_skipped": 0.0,
        "step_size": 0.0
      },
      {
        "acc_rate": 0.436375,
        "n_steps": 80000.0,
        "obs_stats": {
          "Q": {
            "mean": 0.0015750000020489097,
            "error": 0.006669544985475671,
            "tau_int": 2.6553265997410618,
            "dtau_int": 0.08572361865364535
          },
          "Chi_t": {
            "mean": 0.6700500249862671,
            "error": 0.007123699818261659,
            "tau_int": 2.220190645092853,
            "dtau_int": 0.06712141472493713
          }
        },
        "n_skipped": 0.0,
        "step_size": 0.0
      },
      {
        "acc_rate": 0.4377375,
        "n_steps": 80000.0,
        "obs_stats": {
          "Q": {
            "mean": 0.0011249999515712261,
            "error": 0.0065545641624159545,
            "tau_int": 2.598592665635293,
            "dtau_int": 0.0840061294131564
          },
          "Chi_t": {
            "mean": 0.6612750291824341,
            "error": 0.00708569273613044,
            "tau_int": 2.251460576517221,
            "dtau_int": 0.06800853255562653
          }
        },
        "n_skipped": 0.0,
        "step_size": 0.0
      }
    ],
    [
      {
        "acc_rate": 0.43521,
        "n_steps": 100000,
        "obs_stats": {
          "Q": {
            "mean": 0.004610000178217888,
            "error": 0.005932376162555886,
            "tau_int": 2.6766718580181736,
            "dtau_int": 0.07908345235063775
          },
          "Chi_t": {
            "mean": 0.6573899984359741,
            "error": 0.006441471063772356,
            "tau_int": 2.335897866903111,
            "dtau_int": 0.0646737560433649
          }
        },
        "n_skipped": 0,
        "step_size": 0
      },
      {
        "acc_rate": 0.4283,
        "n_steps": 100000,
        "obs_stats": {
          "Q": {
            "mean": 0.0024500000290572643,
            "error": 0.006217924970816707,
            "tau_int": 2.8909521401264175,
            "dtau_int": 0.0888403240331345
          },
          "Chi_t": {
            "mean": 0.6686499714851379,
            "error": 0.0070611500628878785,
            "tau_int": 2.7019997856370943,
            "dtau_int": 0.07978543774545464
          }
        },
        "n_skipped": 0,
        "step_size": 0
      },
      {
        "acc_rate": 0.43619,
        "n_steps": 100000,
        "obs_stats": {
          "Q": {
            "mean": -0.0016700000269338489,
            "error": 0.005989312377184353,
            "tau_int": 2.6829993109757493,
            "dtau_int": 0.0792589070852878
          },
          "Chi_t": {
            "mean": 0.668470025062561,
            "error": 0.006733036024300876,
            "tau_int": 2.530964116845729,
            "dtau_int": 0.07330020935177736
          }
        },
        "n_skipped": 0,
        "step_size": 0
      }
    ]
  ],
  "exact_sus": 0.6687749432186545
}