{
  "observables": [
    "Chi_t",
    "Q"
  ],
  "n_samples": [
    50000,
    250000,
    500000,
    2500000,
    5000000
  ],
  "nip": [
    {
      "obs_stats": {
        "Q": {
          "mean": -0.12278914451599121,
          "error": 0.10135572403669357,
          "error_ess": 0.0587301068007946,
          "ess_q": 0.000721162126865238
        },
        "Chi_t": {
          "mean": 0.13944721221923828,
          "error": 0.10135529190301895,
          "error_ess": 0.0576910525560379,
          "ess_q": 0.000721162126865238
        }
      },
      "entropy": 40552.24609375,
      "std_entropy": 216509904.0,
      "free_energy": -0.14862947458503864,
      "std_free_energy": 0.01909586973488331,
      "ess_p": {
        "0-1": {
          "log_ess_p": -151.48693289775852,
          "ess_p": 1.6220377673395409e-66
        },
        "0.05-1": {
          "log_ess_p": -146.48639866361583,
          "ess_p": 2.4086039071349778e-64
        },
        "0.1-1": {
          "log_ess_p": -144.17249538060693,
          "ess_p": 2.436019800303309e-63
        }
      }
    },
    {
      "obs_stats": {
        "Q": {
          "mean": -0.05807120352983475,
          "error": 0.05968877300620079,
          "error_ess": 0.034209202975034714,
          "ess_q": 0.00041990543832071126
        },
        "Chi_t": {
          "mean": 0.1262224167585373,
          "error": 0.05968841537833214,
          "error_ess": 0.03245781734585762,
          "ess_q": 0.00041990543832071126
        }
      },
      "entropy": 210084.984375,
      "std_entropy": 3215290624.0,
      "free_energy": -0.14970482408399502,
      "std_free_energy": 0.011193273589015007,
      "ess_p": {
        "0-1": {
          "log_ess_p": -162.9636738824686,
          "ess_p": 1.681805165979491e-71
        },
        "0.05-1": {
          "log_ess_p": -157.9469146394227,
          "ess_p": 2.5382040833897414e-69
        },
        "0.1-1": {
          "log_ess_p": -155.61061941223002,
          "ess_p": 2.6252257999299174e-68
        }
      }
    },
    {
      "obs_stats": {
        "Q": {
          "mean": -0.006616457365453243,
          "error": 0.00858443882316351,
          "error_ess": 0.014576001092791557,
          "ess_q": 0.0005210643284954131
        },
        "Chi_t": {
          "mean": 0.05539627745747566,
          "error": 0.008612741716206074,
          "error_ess": 0.014560314826667309,
          "ess_q": 0.0005210643284954131
        }
      },
      "entropy": 416517.9375,
      "std_entropy": 7951587328.0,
      "free_energy": -0.14698619426149695,
      "std_free_energy": 0.007104766555130482,
      "ess_p": {
        "0-1": {
          "log_ess_p": -163.745536292466,
          "ess_p": 7.695151099075644e-72
        },
        "0.05-1": {
          "log_ess_p": -158.6333718438417,
          "ess_p": 1.277620767338041e-69
        },
        "0.1-1": {
          "log_ess_p": -156.29698082166792,
          "ess_p": 1.3215502798885667e-68
        }
      }
    },
    {
      "obs_stats": {
        "Q": {
          "mean": -0.37252888083457947,
          "error": 0.2816813290119171,
          "error_ess": 0.1586935669183731,
          "ess_q": 4.9579293772694655e-06
        },
        "Chi_t": {
          "mean": 0.4509245753288269,
          "error": 0.28168126940727234,
          "error_ess": 0.1413755863904953,
          "ess_q": 4.9579293772694655e-06
        }
      },
      "entropy": 2102416.5,
      "std_entropy": 869930172416.0,
      "free_energy": -0.15709497567966932,
      "std_free_energy": 0.032581571489572525,
      "ess_p": {
        "0-1": {
          "log_ess_p": -151.95133170655131,
          "ess_p": 1.0194715767600038e-66
        },
        "0.05-1": {
          "log_ess_p": -146.80988338137814,
          "ess_p": 1.742921224634341e-64
        },
        "0.1-1": {
          "log_ess_p": -144.44632692654912,
          "ess_p": 1.8524960243311452e-63
        }
      }
    }
  ],
  "nmcmc": [
    {
      "acc_rate": 0.04158,
      "n_steps": 50000,
      "obs_stats": {
        "Q": {
          "mean": -0.02244044840335846,
          "error": 0.033200638483131865,
          "tau_int": 388.9072308662551,
          "dtau_int": 117.89038700789986
        },
        "Chi_t": {
          "mean": 0.07032140344381332,
          "error": 0.028819171312982787,
          "tau_int": 312.6718110894144,
          "dtau_int": 87.98689146800167
        }
      },
      "n_skipped": 0,
      "step_size": 0
    },
    {
      "acc_rate": 0.004684,
      "n_steps": 250000,
      "obs_stats": {
        "Q": {
          "mean": -0.0001240004930878058,
          "error": 0.0017316219549464973,
          "tau_int": 103.68322215016593,
          "dtau_int": 10.029499406015969
        },
        "Chi_t": {
          "mean": 0.003612014465034008,
          "error": 0.0017212623102707484,
          "tau_int": 102.81797808715831,
          "dtau_int": 9.910580861224457
        }
      },
      "n_skipped": 0,
      "step_size": 0
    },
    {
      "acc_rate": 0.027062,
      "n_steps": 500000,
      "obs_stats": {
        "Q": {
          "mean": -0.05932611972093582,
          "error": 0.04998605251875074,
          "tau_int": 7732.06101713358,
          "dtau_int": 2904.1665853199374
        },
        "Chi_t": {
          "mean": 0.08203816413879395,
          "error": 0.04807929633100709,
          "tau_int": 7465.363896534706,
          "dtau_int": 2775.9247234554655
        }
      },
      "n_skipped": 0,
      "step_size": 0
    },
    {
      "acc_rate": 0.0288972,
      "n_steps": 2500000,
      "obs_stats": {
        "Q": {
          "mean": -0.03602001443505287,
          "error": 0.0249373421082625,
          "tau_int": 7509.563134661759,
          "dtau_int": 1616.1291288868856
        },
        "Chi_t": {
          "mean": 0.10420644283294678,
          "error": 0.021953692185570653,
          "tau_int": 6415.999600605926,
          "dtau_int": 1300.2687184122788
        }
      },
      "n_skipped": 0,
      "step_size": 0
    }
  ],
  "exact_sus": 0.46300826308539433
}