{
  "observables": [
    "Chi_t"
  ],
  "n_samples": [
    50000,
    80000,
    100000,
    150000,
    200000,
    250000,
    300000
  ],
  "nip": [],
  "nmcmc": [
    [
      {
        "acc_rate": 0.26676,
        "n_steps": 50000,
        "obs_stats": {
          "Q": {
            "mean": -0.007840000092983246,
            "error": 0.014981319492929393,
            "tau_int": 9.049378412309176,
            "dtau_int": 0.6188114054919545
          },
          "Chi_t": {
            "mean": 0.6198800206184387,
            "error": 0.018062159804132834,
            "tau_int": 9.821417770319957,
            "dtau_int": 0.6954705759231204
          }
        },
        "n_skipped": 0,
        "step_size": 0
      },
      {
        "acc_rate": 0.28112,
        "n_steps": 50000,
        "obs_stats": {
          "Q": {
            "mean": -0.003120000008493662,
            "error": 0.013822269063645967,
            "tau_int": 7.827295040647041,
            "dtau_int": 0.503254070288085
          },
          "Chi_t": {
            "mean": 0.610040009021759,
            "error": 0.012257357534116548,
            "tau_int": 5.218785434027109,
            "dtau_int": 0.2811611711748476
          }
        },
        "n_skipped": 0,
        "step_size": 0
      },
      {
        "acc_rate": 0.2764,
        "n_steps": 50000,
        "obs_stats": {
          "Q": {
            "mean": 0.012679999694228172,
            "error": 0.013354055304677408,
            "tau_int": 7.612423145981872,
            "dtau_int": 0.48091034510346675
          },
          "Chi_t": {
            "mean": 0.585640013217926,
            "error": 0.015384602660803886,
            "tau_int": 7.968346360504247,
            "dtau_int": 0.5165635201016315
          }
        },
        "n_skipped": 0,
        "step_size": 0
      }
    ],
    [
      {
        "acc_rate": 0.270675,
        "n_steps": 80000,
        "obs_stats": {
          "Q": {
            "mean": 0.03164999932050705,
            "error": 0.011435500335583675,
            "tau_int": 8.696972713496915,
            "dtau_int": 0.47557026672008357
          },
          "Chi_t": {
            "mean": 0.6023250222206116,
            "error": 0.010547025277208313,
            "tau_int": 6.1933986185278656,
            "dtau_int": 0.29150650736021005
          }
        },
        "n_skipped": 0,
        "step_size": 0
      },
      {
        "acc_rate": 0.27485,
        "n_steps": 80000,
        "obs_stats": {
          "Q": {
            "mean": 0.00800000037997961,
            "error": 0.012491200115903654,
            "tau_int": 10.428655372169564,
            "dtau_int": 0.6172819014921709
          },
          "Chi_t": {
            "mean": 0.5983750224113464,
            "error": 0.013078149795021525,
            "tau_int": 9.043730726555395,
            "dtau_int": 0.5013207970048512
          }
        },
        "n_skipped": 0,
        "step_size": 0
      },
      {
        "acc_rate": 0.2749,
        "n_steps": 80000,
        "obs_stats": {
          "Q": {
            "mean": 0.0004625000001396984,
            "error": 0.010450482630448586,
            "tau_int": 7.540074916923535,
            "dtau_int": 0.38800233945671714
          },
          "Chi_t": {
            "mean": 0.5792624950408936,
            "error": 0.010985594801765175,
            "tau_int": 7.145907709878711,
            "dtau_int": 0.3585583088944534
          }
        },
        "n_skipped": 0,
        "step_size": 0
      }
    ],
    [
      {
        "acc_rate": 0.27051,
        "n_steps": 100000,
        "obs_stats": {
          "Q": {
            "mean": 0.015790000557899475,
            "error": 0.010856124247347039,
            "tau_int": 9.799754229869903,
            "dtau_int": 0.5099649199451923
          },
          "Chi_t": {
            "mean": 0.6014500260353088,
            "error": 0.009326988138223583,
            "tau_int": 6.442426231614273,
            "dtau_int": 0.2795079827977749
          }
        },
        "n_skipped": 0,
        "step_size": 0
      },
      {
        "acc_rate": 0.26801,
        "n_steps": 100000,
        "obs_stats": {
          "Q": {
            "mean": 0.01030999980866909,
            "error": 0.009644692016452516,
            "tau_int": 8.238330661473666,
            "dtau_int": 0.39770465741267874
          },
          "Chi_t": {
            "mean": 0.5645700097084045,
            "error": 0.01014450669599883,
            "tau_int": 7.50240503134977,
            "dtau_int": 0.34867251213417066
          }
        },
        "n_skipped": 0,
        "step_size": 0
      },
      {
        "acc_rate": 0.27039,
        "n_steps": 100000,
        "obs_stats": {
          "Q": {
            "mean": 0.013460000045597553,
            "error": 0.009678619331433784,
            "tau_int": 8.068082131942008,
            "dtau_int": 0.3867024876673163
          },
          "Chi_t": {
            "mean": 0.5806199908256531,
            "error": 0.009528485272296834,
            "tau_int": 6.688562556379409,
            "dtau_int": 0.29554498040488314
          }
        },
        "n_skipped": 0,
        "step_size": 0
      }
    ],
    [
      {
        "acc_rate": 0.2701266666666667,
        "n_steps": 150000,
        "obs_stats": {
          "Q": {
            "mean": -0.003186666639521718,
            "error": 0.008369026742435084,
            "tau_int": 8.876888716519845,
            "dtau_int": 0.37134155365276644
          },
          "Chi_t": {
            "mean": 0.5917066931724548,
            "error": 0.008372221416981962,
            "tau_int": 7.182754302319489,
            "dtau_int": 0.27336584195243596
          }
        },
        "n_skipped": 0,
        "step_size": 0
      },
      {
        "acc_rate": 0.2704,
        "n_steps": 150000,
        "obs_stats": {
          "Q": {
            "mean": -0.02213333360850811,
            "error": 0.008929814911911346,
            "tau_int": 10.16760883364092,
            "dtau_int": 0.44962569185429385
          },
          "Chi_t": {
            "mean": 0.5886133313179016,
            "error": 0.010651404492984755,
            "tau_int": 11.523143342727389,
            "dtau_int": 0.5387669682068911
          }
        },
        "n_skipped": 0,
        "step_size": 0
      },
      {
        "acc_rate": 0.27292,
        "n_steps": 150000,
        "obs_stats": {
          "Q": {
            "mean": -0.00984666682779789,
            "error": 0.00826716574019056,
            "tau_int": 8.87470418783331,
            "dtau_int": 0.3712563488010575
          },
          "Chi_t": {
            "mean": 0.5776200294494629,
            "error": 0.008308028205744817,
            "tau_int": 7.537886416044728,
            "dtau_int": 0.2937832310356815
          }
        },
        "n_skipped": 0,
        "step_size": 0
      }
    ],
    [
      {
        "acc_rate": 0.272945,
        "n_steps": 200000,
        "obs_stats": {
          "Q": {
            "mean": 0.0035749999806284904,
            "error": 0.007928758736734485,
            "tau_int": 10.516710337314766,
            "dtau_int": 0.415332279737147
          },
          "Chi_t": {
            "mean": 0.5977150201797485,
            "error": 0.007595224360260603,
            "tau_int": 8.026530829371701,
            "dtau_int": 0.28144059306043934
          }
        },
        "n_skipped": 0,
        "step_size": 0
      },
      {
        "acc_rate": 0.271315,
        "n_steps": 200000,
        "obs_stats": {
          "Q": {
            "mean": -0.0022700000554323196,
            "error": 0.007992959197616506,
            "tau_int": 10.592312895492514,
            "dtau_int": 0.42079004425326033
          },
          "Chi_t": {
            "mean": 0.6030899882316589,
            "error": 0.009546672018591596,
            "tau_int": 11.948206358790362,
            "dtau_int": 0.4999772418949732
          }
        },
        "n_skipped": 0,