{
  "observables": [
    "Chi_t"
  ],
  "n_samples": [
    50000,
    80000,
    100000
  ],
  "nip": [],
  "nmcmc": [
    [
      {
        "acc_rate": 0.68454,
        "n_steps": 50000,
        "obs_stats": {
          "Q": {
            "mean": -0.0033400000538676977,
            "error": 0.0052275987969918145,
            "tau_int": 1.0268723476849113,
            "dtau_int": 0.026735193222076424
          },
          "Chi_t": {
            "mean": 0.6653000116348267,
            "error": 0.005909024082574834,
            "tau_int": 0.9782624038282073,
            "dtau_int": 0.02554256076877963
          }
        },
        "n_skipped": 0,
        "step_size": 0
      },
      {
        "acc_rate": 0.67996,
        "n_steps": 50000,
        "obs_stats": {
          "Q": {
            "mean": 0.0055599999614059925,
            "error": 0.005361309179339898,
            "tau_int": 1.0903637614779798,
            "dtau_int": 0.02991595146651753
          },
          "Chi_t": {
            "mean": 0.6590399742126465,
            "error": 0.005844643439631788,
            "tau_int": 0.9699869823262706,
            "dtau_int": 0.025338782654859403
          }
        },
        "n_skipped": 0,
        "step_size": 0
      },
      {
        "acc_rate": 0.67602,
        "n_steps": 50000,
        "obs_stats": {
          "Q": {
            "mean": 0.00203999993391335,
            "error": 0.00538419366851302,
            "tau_int": 1.0937389484189146,
            "dtau_int": 0.03000317292111083
          },
          "Chi_t": {
            "mean": 0.6625999808311462,
            "error": 0.006031397184039419,
            "tau_int": 1.0228611569955985,
            "dtau_int": 0.026637062413397788
          }
        },
        "n_skipped": 0,
        "step_size": 0
      }
    ],
    [
      {
        "acc_rate": 0.6807375,
        "n_steps": 80000,
        "obs_stats": {
          "Q": {
            "mean": 0.001075000036507845,
            "error": 0.004195816639897313,
            "tau_int": 1.0693660256111837,
            "dtau_int": 0.023221048681739027
          },
          "Chi_t": {
            "mean": 0.6585000157356262,
            "error": 0.004708766736077975,
            "tau_int": 1.0037908262084478,
            "dtau_int": 0.020689063019167085
          }
        },
        "n_skipped": 0,
        "step_size": 0
      },
      {
        "acc_rate": 0.683625,
        "n_steps": 80000,
        "obs_stats": {
          "Q": {
            "mean": -0.0008374999742954969,
            "error": 0.0042550356572629,
            "tau_int": 1.0867057185978017,
            "dtau_int": 0.023575872416214446
          },
          "Chi_t": {
            "mean": 0.6664124727249146,
            "error": 0.00466314097146466,
            "tau_int": 0.9844563878995802,
            "dtau_int": 0.020313636290668843
          }
        },
        "n_skipped": 0,
        "step_size": 0
      },
      {
        "acc_rate": 0.681425,
        "n_steps": 80000,
        "obs_stats": {
          "Q": {
            "mean": -0.0008500000112690032,
            "error": 0.004290279897652428,
            "tau_int": 1.1128601085121879,
            "dtau_int": 0.024109723079197336
          },
          "Chi_t": {
            "mean": 0.6615750193595886,
            "error": 0.004690094071832707,
            "tau_int": 0.9855660142388123,
            "dtau_int": 0.02033520770073298
          }
        },
        "n_skipped": 0,
        "step_size": 0
      }
    ],
    [
      {
        "acc_rate": 0.68267,
        "n_steps": 100000,
        "obs_stats": {
          "Q": {
            "mean": 0.008080000057816505,
            "error": 0.0037790236040774325,
            "tau_int": 1.0771803350940836,
            "dtau_int": 0.020912639541190672
          },
          "Chi_t": {
            "mean": 0.6629400253295898,
            "error": 0.004383540429869184,
            "tau_int": 1.0743642256780723,
            "dtau_int": 0.020861083491192103
          }
        },
        "n_skipped": 0,
        "step_size": 0
      },
      {
        "acc_rate": 0.67982,
        "n_steps": 100000,
        "obs_stats": {
          "Q": {
            "mean": -0.0014400000218302011,
            "error": 0.0038286838750954165,
            "tau_int": 1.1032078368562286,
            "dtau_int": 0.02138834321788012
          },
          "Chi_t": {
            "mean": 0.664359986782074,
            "error": 0.004422953342360382,
            "tau_int": 1.1056199273192677,
            "dtau_int": 0.02143235610865668
          }
        },
        "n_skipped": 0,
        "step_size": 0
      },
      {
        "acc_rate": 0.67919,
        "n_steps": 100000,
        "obs_stats": {
          "Q": {
            "mean": -0.00853000022470951,
            "error": 0.003783708567941019,
            "tau_int": 1.0844620032028416,
            "dtau_int": 0.02104587108671711
          },
          "Chi_t": {
            "mean": 0.6601300239562988,
            "error": 0.004198112323719984,
            "tau_int": 0.9887695888624966,
            "dtau_int": 0.0182440506818814
          }
        },
        "n_skipped": 0,
        "step_size": 0
      }
    ]
  ],
  "exact_sus": 0.6629736823224884
}