{
  "observables": [
    "Chi_t"
  ],
  "n_samples": [
    50000,
    80000
  ],
  "nip": [],
  "nmcmc": [
    [
      {
        "acc_rate": 0.62256,
        "n_steps": 50000,
        "obs_stats": {
          "Q": {
            "mean": -0.004279999993741512,
            "error": 0.0059982644237528025,
            "tau_int": 1.3672028422510507,
            "dtau_int": 0.040801872475903035
          },
          "Chi_t": {
            "mean": 0.6578800082206726,
            "error": 0.006752436136118576,
            "tau_int": 1.3149287401006784,
            "dtau_int": 0.03933386192323397
          }
        },
        "n_skipped": 0,
        "step_size": 0
      },
      {
        "acc_rate": 0.62818,
        "n_steps": 50000,
        "obs_stats": {
          "Q": {
            "mean": 0.003860000055283308,
            "error": 0.00588941194648356,
            "tau_int": 1.326616532402352,
            "dtau_int": 0.039662743434957674
          },
          "Chi_t": {
            "mean": 0.6536200046539307,
            "error": 0.006452395336721324,
            "tau_int": 1.2092013245017401,
            "dtau_int": 0.034695100407889964
          }
        },
        "n_skipped": 0,
        "step_size": 0
      },
      {
        "acc_rate": 0.62614,
        "n_steps": 50000,
        "obs_stats": {
          "Q": {
            "mean": -0.0021800000686198473,
            "error": 0.0060486551536845954,
            "tau_int": 1.3652152775231894,
            "dtau_int": 0.04074619371534398
          },
          "Chi_t": {
            "mean": 0.6699399948120117,
            "error": 0.006685386924704932,
            "tau_int": 1.2683940134261331,
            "dtau_int": 0.036288672455792786
          }
        },
        "n_skipped": 0,
        "step_size": 0
      }
    ],
    [
      {
        "acc_rate": 0.6349,
        "n_steps": 80000,
        "obs_stats": {
          "Q": {
            "mean": -0.0040374998934566975,
            "error": 0.004617157031626483,
            "tau_int": 1.2956549500768753,
            "dtau_int": 0.03066673908812841
          },
          "Chi_t": {
            "mean": 0.6581375002861023,
            "error": 0.005081656987280091,
            "tau_int": 1.169704998447217,
            "dtau_int": 0.026583839721204844
          }
        },
        "n_skipped": 0,
        "step_size": 0
      },
      {
        "acc_rate": 0.630625,
        "n_steps": 80000,
        "obs_stats": {
          "Q": {
            "mean": 0.009462499991059303,
            "error": 0.004597137518869194,
            "tau_int": 1.271639971699166,
            "dtau_int": 0.030130569309087404
          },
          "Chi_t": {
            "mean": 0.6648374795913696,
            "error": 0.005127220950985716,
            "tau_int": 1.1766686141485931,
            "dtau_int": 0.026733086644710274
          }
        },
        "n_skipped": 0,
        "step_size": 0
      },
      {
        "acc_rate": 0.6245625,
        "n_steps": 80000,
        "obs_stats": {
          "Q": {
            "mean": -0.002899999963119626,
            "error": 0.004792294321424625,
            "tau_int": 1.3809211266149963,
            "dtau_int": 0.03399293642658376
          },
          "Chi_t": {
            "mean": 0.6652250289916992,
            "error": 0.005566038041707594,
            "tau_int": 1.3824816431194404,
            "dtau_int": 0.0340291592078978
          }
        },
        "n_skipped": 0,
        "step_size": 0
      }
    ]
  ],
  "exact_sus": 0.6629736823224884
}