{
  "observables": [
    "Chi_t"
  ],
  "n_samples": [
    50000,
    80000,
    100000,
    150000,
    200000
  ],
  "nip": [],
  "nmcmc": [
    [
      {
        "acc_rate": 0.29072,
        "n_steps": 50000,
        "obs_stats": {
          "Q": {
            "mean": 0.00014000000373926014,
            "error": 0.014364976594834539,
            "tau_int": 8.31442118539426,
            "dtau_int": 0.5474177468921552
          },
          "Chi_t": {
            "mean": 0.6202600002288818,
            "error": 0.017811992445062395,
            "tau_int": 9.883784650146353,
            "dtau_int": 0.6995385863607076
          }
        },
        "n_skipped": 0,
        "step_size": 0
      },
      {
        "acc_rate": 0.29096,
        "n_steps": 50000,
        "obs_stats": {
          "Q": {
            "mean": 0.03590000048279762,
            "error": 0.012733510857280028,
            "tau_int": 6.709265651068522,
            "dtau_int": 0.40161883576738866
          },
          "Chi_t": {
            "mean": 0.6053000092506409,
            "error": 0.013899772193885022,
            "tau_int": 5.9643662969762445,
            "dtau_int": 0.3396470011135841
          }
        },
        "n_skipped": 0,
        "step_size": 0
      },
      {
        "acc_rate": 0.28928,
        "n_steps": 50000,
        "obs_stats": {
          "Q": {
            "mean": 0.01597999967634678,
            "error": 0.013018209007384499,
            "tau_int": 6.973382353050289,
            "dtau_int": 0.42544087453995777
          },
          "Chi_t": {
            "mean": 0.6076599955558777,
            "error": 0.01212298069888257,
            "tau_int": 5.108146058335201,
            "dtau_int": 0.2718065740859306
          }
        },
        "n_skipped": 0,
        "step_size": 0
      }
    ],
    [
      {
        "acc_rate": 0.3091625,
        "n_steps": 80000,
        "obs_stats": {
          "Q": {
            "mean": -0.012075000442564487,
            "error": 0.009397566356541744,
            "tau_int": 5.7966345315025745,
            "dtau_int": 0.26469544866702766
          },
          "Chi_t": {
            "mean": 0.6094750165939331,
            "error": 0.010219489596917439,
            "tau_int": 5.520928485043593,
            "dtau_int": 0.24683882794477507
          }
        },
        "n_skipped": 0,
        "step_size": 0
      },
      {
        "acc_rate": 0.2965625,
        "n_steps": 80000,
        "obs_stats": {
          "Q": {
            "mean": 0.015850000083446503,
            "error": 0.012132223119799909,
            "tau_int": 9.340324684350627,
            "dtau_int": 0.5248883332958871
          },
          "Chi_t": {
            "mean": 0.6304500102996826,
            "error": 0.010287444895575861,
            "tau_int": 5.453556758017013,
            "dtau_int": 0.2440320198295114
          }
        },
        "n_skipped": 0,
        "step_size": 0
      },
      {
        "acc_rate": 0.2890625,
        "n_steps": 80000,
        "obs_stats": {
          "Q": {
            "mean": -0.011612500064074993,
            "error": 0.010730266742455604,
            "tau_int": 7.738231733566574,
            "dtau_int": 0.4012023846192062
          },
          "Chi_t": {
            "mean": 0.5951874852180481,
            "error": 0.011240648123493558,
            "tau_int": 6.733256879547634,
            "dtau_int": 0.3290584146828237
          }
        },
        "n_skipped": 0,
        "step_size": 0
      }
    ],
    [
      {
        "acc_rate": 0.29584,
        "n_steps": 100000,
        "obs_stats": {
          "Q": {
            "mean": 0.010490000247955322,
            "error": 0.010002142636064536,
            "tau_int": 7.929087882450062,
            "dtau_int": 0.3771810087076217
          },
          "Chi_t": {
            "mean": 0.63086998462677,
            "error": 0.010725205067804618,
            "tau_int": 7.153003401346986,
            "dtau_int": 0.32417233567472675
          }
        },
        "n_skipped": 0,
        "step_size": 0
      },
      {
        "acc_rate": 0.29023,
        "n_steps": 100000,
        "obs_stats": {
          "Q": {
            "mean": 0.005100000184029341,
            "error": 0.010474509567636974,
            "tau_int": 8.905125527053434,
            "dtau_int": 0.44559409583586634
          },
          "Chi_t": {
            "mean": 0.6159399747848511,
            "error": 0.009662038670587798,
            "tau_int": 6.118820375727479,
            "dtau_int": 0.2606967338896311
          }
        },
        "n_skipped": 0,
        "step_size": 0
      },
      {
        "acc_rate": 0.29211,
        "n_steps": 100000,
        "obs_stats": {
          "Q": {
            "mean": 0.031129999086260796,
            "error": 0.0120793066673253,
            "tau_int": 11.336019157333997,
            "dtau_int": 0.6297930723081867
          },
          "Chi_t": {
            "mean": 0.6443899869918823,
            "error": 0.01421563545416391,
            "tau_int": 12.268453121924377,
            "dtau_int": 0.7036213899341932
          }
        },
        "n_skipped": 0,
        "step_size": 0
      }
    ],
    [
      {
        "acc_rate": 0.2959,
        "n_steps": 150000,
        "obs_stats": {
          "Q": {
            "mean": -0.007993333041667938,
            "error": 0.008069426397095819,
            "tau_int": 7.848268879420816,
            "dtau_int": 0.31038352212318654
          },
          "Chi_t": {
            "mean": 0.6222599744796753,
            "error": 0.00915061822862831,
            "tau_int": 7.937194973778691,
            "dtau_int": 0.31632898355774963
          }
        },
        "n_skipped": 0,
        "step_size": 0
      },
      {
        "acc_rate": 0.2979733333333333,
        "n_steps": 150000,
        "obs_stats": {
          "Q": {
            "mean": -0.014379999600350857,
            "error": 0.008786120054954053,
            "tau_int": 9.222236495315961,
            "dtau_int": 0.3906217255640661
          },
          "Chi_t": {
            "mean": 0.6279266476631165,
            "error": 0.00882578225730099,
            "tau_int": 7.543694001748525,
            "dtau_int": 0.29399458885907725
          }
        },
        "n_skipped": 0,
        "step_size": 0
      },
      {
        "acc_rate": 0.29911333333333334,
        "n_steps": 150000,
        "obs_stats": {
          "Q": {
            "mean": -0.012553333304822445,
            "error": 0.00845771546951898,
            "tau_int": 8.480998151101057,
            "dtau_int": 0.3476699016598058
          },
          "Chi_t": {
            "mean": 0.6326733231544495,
            "error": 0.010224205804970464,
            "tau_int": 9.477597610507543,
            "dtau_int": 0.4066096371254327
          }
        },
        "n_skipped": 0,
        "step_size": 0
      }
    ],
    [
      {
        "acc_rate": 0.29942,
        "n_steps": 200000,
        "obs_stats": {
          "Q": {
            "mean": 0.006800000090152025,
            "error": 0.006774301014778053,
            "tau_int": 7.349996926870179,
            "dtau_int": 0.24849078289815213
          },
          "Chi_t": {
            "mean": 0.6243699789047241,
            "error": 0.007089567937961094,
            "tau_int": 6.353569707097928,
            "dtau_int": 0.20121150449004896
          }
        },
        "n_skipped": 0,
        "step_size": 0
      },
      {
        "acc_rate": 0.29151,
        "n_steps": 200000,
        "obs_stats": {
          "Q": {
            "mean": -0.012505000457167625,
            "error": 0.007335901737562832,
            "tau_int": 8.776273912760804,
            "dtau_int": 0.32060132479284353
          },
          "Chi_t": {
            "mean": 0.6132950186729431,
            "error": 0.008664086270317848,
            "tau_int": 9.524991304842516,
            "dtau_int": 0.3613852715901871
          }
        },
        "n_skipped": 0,