{
  "observables": [
    "Chi_t"
  ],
  "n_samples": [
    50000,
    80000,
    100000
  ],
  "nip": [],
  "nmcmc": [
    [
      {
        "acc_rate": 0.72624,
        "n_steps": 50000,
        "obs_stats": {
          "Q": {
            "mean": 5.999999848427251e-05,
            "error": 0.004979845639741992,
            "tau_int": 0.9403127962975408,
            "dtau_int": 0.023124335026319665
          },
          "Chi_t": {
            "mean": 0.6593000292778015,
            "error": 0.005770483016605915,
            "tau_int": 0.9680501097517837,
            "dtau_int": 0.025291056982256768
          }
        },
        "n_skipped": 0,
        "step_size": 0
      },
      {
        "acc_rate": 0.7278,
        "n_steps": 50000,
        "obs_stats": {
          "Q": {
            "mean": -0.004619999788701534,
            "error": 0.004868108515767941,
            "tau_int": 0.9181155042813889,
            "dtau_int": 0.022611579316416597
          },
          "Chi_t": {
            "mean": 0.6452999711036682,
            "error": 0.005344619024237478,
            "tau_int": 0.8662801940202474,
            "dtau_int": 0.021407772764381484
          }
        },
        "n_skipped": 0,
        "step_size": 0
      },
      {
        "acc_rate": 0.72886,
        "n_steps": 50000,
        "obs_stats": {
          "Q": {
            "mean": -0.00431999983265996,
            "error": 0.004917380498374304,
            "tau_int": 0.9273342253757657,
            "dtau_int": 0.022824731472393042
          },
          "Chi_t": {
            "mean": 0.6518800258636475,
            "error": 0.005373958147911701,
            "tau_int": 0.8745814851000866,
            "dtau_int": 0.021601162045374912
          }
        },
        "n_skipped": 0,
        "step_size": 0
      }
    ],
    [
      {
        "acc_rate": 0.7214875,
        "n_steps": 80000,
        "obs_stats": {
          "Q": {
            "mean": -0.0013000000035390258,
            "error": 0.003962450448429605,
            "tau_int": 0.9622722547798919,
            "dtau_int": 0.019881727497172402
          },
          "Chi_t": {
            "mean": 0.652649998664856,
            "error": 0.004395286731256716,
            "tau_int": 0.9216673824604489,
            "dtau_int": 0.017940975444001306
          }
        },
        "n_skipped": 0,
        "step_size": 0
      },
      {
        "acc_rate": 0.72635,
        "n_steps": 80000,
        "obs_stats": {
          "Q": {
            "mean": -0.0005375000182539225,
            "error": 0.003924783890724388,
            "tau_int": 0.9441898439874208,
            "dtau_int": 0.01952877027315912
          },
          "Chi_t": {
            "mean": 0.6525624990463257,
            "error": 0.004353374198192036,
            "tau_int": 0.9004400601631914,
            "dtau_int": 0.017552299988038814
          }
        },
        "n_skipped": 0,
        "step_size": 0
      },
      {
        "acc_rate": 0.7274375,
        "n_steps": 80000,
        "obs_stats": {
          "Q": {
            "mean": -0.0020874999463558197,
            "error": 0.003951688225340277,
            "tau_int": 0.9622348163141814,
            "dtau_int": 0.019880997562016157
          },
          "Chi_t": {
            "mean": 0.6491374969482422,
            "error": 0.0044023327637238,
            "tau_int": 0.9054977926338355,
            "dtau_int": 0.01764501591699622
          }
        },
        "n_skipped": 0,
        "step_size": 0
      }
    ],
    [
      {
        "acc_rate": 0.72407,
        "n_steps": 100000,
        "obs_stats": {
          "Q": {
            "mean": -0.0016799999866634607,
            "error": 0.003485005511551685,
            "tau_int": 0.9364562965152716,
            "dtau_int": 0.017331823949942513
          },
          "Chi_t": {
            "mean": 0.6484599709510803,
            "error": 0.0038967870263923246,
            "tau_int": 0.9193918269514181,
            "dtau_int": 0.01703294208443689
          }
        },
        "n_skipped": 0,
        "step_size": 0
      },
      {
        "acc_rate": 0.72453,
        "n_steps": 100000,
        "obs_stats": {
          "Q": {
            "mean": -0.0037400000728666782,
            "error": 0.003566155761238977,
            "tau_int": 0.9662867185060142,
            "dtau_int": 0.017852746140453738
          },
          "Chi_t": {
            "mean": 0.6580600142478943,
            "error": 0.00394172770021941,
            "tau_int": 0.9062851281967648,
            "dtau_int": 0.01680294164919227
          }
        },
        "n_skipped": 0,
        "step_size": 0
      },
      {
        "acc_rate": 0.72503,
        "n_steps": 100000,
        "obs_stats": {
          "Q": {
            "mean": 0.0063299997709691525,
            "error": 0.00344215692959534,
            "tau_int": 0.9122302640157076,
            "dtau_int": 0.016907315911579898
          },
          "Chi_t": {
            "mean": 0.6494500041007996,
            "error": 0.003890180687063238,
            "tau_int": 0.8895785386206714,
            "dtau_int": 0.015520962397560841
          }
        },
        "n_skipped": 0,
        "step_size": 0
      }
    ]
  ],
  "exact_sus": 0.6500977944017748
}