{
  "observables": [
    "Chi_t"
  ],
  "n_samples": [
    50000,
    80000,
    100000,
    150000,
    200000
  ],
  "nip": [],
  "nmcmc": [
    [
      {
        "acc_rate": 0.28272,
        "n_steps": 50000,
        "obs_stats": {
          "Q": {
            "mean": -0.07524000108242035,
            "error": 0.024413621770641533,
            "tau_int": 24.516831110607047,
            "dtau_int": 2.5477049951731248
          },
          "Chi_t": {
            "mean": 0.6128399968147278,
            "error": 0.013314300549918728,
            "tau_int": 6.572938341485145,
            "dtau_int": 0.389646364635532
          }
        },
        "n_skipped": 0,
        "step_size": 0
      }
    ],
    [
      {
        "acc_rate": 0.3139625,
        "n_steps": 80000,
        "obs_stats": {
          "Q": {
            "mean": 0.003449999960139394,
            "error": 0.009362138863422142,
            "tau_int": 5.760969712444705,
            "dtau_int": 0.26317932677844935
          },
          "Chi_t": {
            "mean": 0.6085000038146973,
            "error": 0.009455727240576065,
            "tau_int": 4.650652036822359,
            "dtau_int": 0.1941315746588478
          }
        },
        "n_skipped": 0,
        "step_size": 0
      }
    ],
    [
      {
        "acc_rate": 0.32166,
        "n_steps": 100000,
        "obs_stats": {
          "Q": {
            "mean": 0.004009999800473452,
            "error": 0.007896242633806245,
            "tau_int": 5.11493338109452,
            "dtau_int": 0.2004246466780133
          },
          "Chi_t": {
            "mean": 0.6094499826431274,
            "error": 0.008165192503296611,
            "tau_int": 4.410773413821705,
            "dtau_int": 0.16287458340191266
          }
        },
        "n_skipped": 0,
        "step_size": 0
      }
    ],
    [
      {
        "acc_rate": 0.32106,
        "n_steps": 150000,
        "obs_stats": {
          "Q": {
            "mean": 0.00846666656434536,
            "error": 0.006392817288923719,
            "tau_int": 5.074718060625761,
            "dtau_int": 0.16661834400445072
          },
          "Chi_t": {
            "mean": 0.6040266752243042,
            "error": 0.006900731858157715,
            "tau_int": 4.652181283487478,
            "dtau_int": 0.14583000404835075
          }
        },
        "n_skipped": 0,
        "step_size": 0
      }
    ],
    [
      {
        "acc_rate": 0.318335,
        "n_steps": 200000,
        "obs_stats": {
          "Q": {
            "mean": -0.002099999925121665,
            "error": 0.006529624989109399,
            "tau_int": 6.884234066973315,
            "dtau_int": 0.2254326847430033
          },
          "Chi_t": {
            "mean": 0.6192899942398071,
            "error": 0.006912605518740696,
            "tau_int": 6.0750935011366645,
            "dtau_int": 0.18906117808284398
          }
        },
        "n_skipped": 0,
        "step_size": 0
      }
    ]
  ],
  "exact_sus": 0.6194099585690315
}