{
  "observables": [
    "Chi_t",
    "Q"
  ],
  "n_samples": [
    50000,
    250000,
    500000,
    2500000,
    5000000
  ],
  "nip": [
    {
      "obs_stats": {
        "Q": {
          "mean": 0.0013027850072830915,
          "error": 0.008709460496902466,
          "error_ess": 0.020211167633533478,
          "ess_q": 0.024598626419901848
        },
        "Chi_t": {
          "mean": 0.5024079084396362,
          "error": 0.009622965008020401,
          "error_ess": 0.020970260724425316,
          "ess_q": 0.024598626419901848
        }
      },
      "entropy": 59093.953125,
      "std_entropy": 40301708.0,
      "free_energy": -0.4001233657428001,
      "std_free_energy": 0.0039826356805861,
      "ess_p": {
        "0-1": {
          "log_ess_p": -3.6047353981766905,
          "ess_p": 0.027194639612358504
        },
        "0.05-1": {
          "log_ess_p": -3.244955301925417,
          "ess_p": 0.03897030621600987
        },
        "0.1-1": {
          "log_ess_p": -3.094822868083533,
          "ess_p": 0.045283032820289955
        }
      }
    },
    {
      "obs_stats": {
        "Q": {
          "mean": 0.004644998349249363,
          "error": 0.0052907420322299,
          "error_ess": 0.005955950357019901,
          "ess_q": 0.05864740163087845
        },
        "Chi_t": {
          "mean": 0.5201243758201599,
          "error": 0.0060655479319393635,
          "error_ess": 0.006135282572358847,
          "ess_q": 0.05864740163087845
        }
      },
      "entropy": 303725.96875,
      "std_entropy": 292294624.0,
      "free_energy": -0.4000342543602126,
      "std_free_energy": 0.0011331767309457064,
      "ess_p": {
        "0-1": {
          "log_ess_p": -3.7366643213986395,
          "ess_p": 0.02383347148488128
        },
        "0.05-1": {
          "log_ess_p": -3.36942972829012,
          "ess_p": 0.03440925437374979
        },
        "0.1-1": {
          "log_ess_p": -3.221174573246696,
          "ess_p": 0.039908155668807885
        }
      }
    },
    {
      "obs_stats": {
        "Q": {
          "mean": -0.0020074446219950914,
          "error": 0.003535531461238861,
          "error_ess": 0.0041751260869205,
          "ess_q": 0.05976526811718941
        },
        "Chi_t": {
          "mean": 0.520907461643219,
          "error": 0.004028547555208206,
          "error_ess": 0.0043113138526678085,
          "ess_q": 0.05976526811718941
        }
      },
      "entropy": 613722.5,
      "std_entropy": 817142080.0,
      "free_energy": -0.39997394157613075,
      "std_free_energy": 0.0007932757143862545,
      "ess_p": {
        "0-1": {
          "log_ess_p": -3.449383034282512,
          "ess_p": 0.03176522839057161
        },
        "0.05-1": {
          "log_ess_p": -3.087208029644014,
          "ess_p": 0.045629172023729875
        },
        "0.1-1": {
          "log_ess_p": -2.9371547406922893,
          "ess_p": 0.05301635963546372
        }
      }
    },
    {
      "obs_stats": {
        "Q": {
          "mean": 0.00018317424110136926,
          "error": 0.0015171435661613941,
          "error_ess": 0.0016863086493685842,
          "ess_q": 0.07367513328790665
        },
        "Chi_t": {
          "mean": 0.5237630605697632,
          "error": 0.001869475468993187,
          "error_ess": 0.001747331116348505,
          "ess_q": 0.07367513328790665
        }
      },
      "entropy": 3151569.0,
      "std_entropy": 8244221952.0,
      "free_energy": -0.3998826262326514,
      "std_free_energy": 0.0003171511343680322,
      "ess_p": {
        "0-1": {
          "log_ess_p": -3.6553494394300627,
          "ess_p": 0.025852462034987415
        },
        "0.05-1": {
          "log_ess_p": -3.292414250059073,
          "ess_p": 0.037164017769747794
        },
        "0.1-1": {
          "log_ess_p": -3.143347508649965,
          "ess_p": 0.043138150600714645
        }
      }
    },
    {
      "obs_stats": {
        "Q": {
          "mean": -0.0010340672452002764,
          "error": 0.0012837578542530537,
          "error_ess": 0.0021821646951138973,
          "ess_q": 0.021893370896577835
        },
        "Chi_t": {
          "mean": 0.5212650299072266,
          "error": 0.0015087892534211278,
          "error_ess": 0.0022628474980592728,
          "ess_q": 0.021893370896577835
        }
      },
      "entropy": 6375105.5,
      "std_entropy": 42797899776.0,
      "free_energy": -0.40012140488985026,
      "std_free_energy": 0.00042273366125300527,
      "ess_p": {
        "0-1": {
          "log_ess_p": -3.7976656636956925,
          "ess_p": 0.022423053759095972
        },
        "0.05-1": {
          "log_ess_p": -3.4324283088988095,
          "ess_p": 0.03230839068695808
        },
        "0.1-1": {
          "log_ess_p": -3.2829256001209295,
          "ess_p": 0.03751833245027148
        }
      }
    }
  ],
  "nmcmc": [
    {
      "acc_rate": 0.34828,
      "n_steps": 50000,
      "obs_stats": {
        "Q": {
          "mean": -0.013800276443362236,
          "error": 0.01248129201017216,
          "tau_int": 7.404877263956473,
          "dtau_int": 0.4640730794136295
        },
        "Chi_t": {
          "mean": 0.5259705185890198,
          "error": 0.010277325956478978,
          "tau_int": 4.930813420001581,
          "dtau_int": 0.2593059523660411
        }
      },
      "n_skipped": 0,
      "step_size": 0
    },
    {
      "acc_rate": 0.334484,
      "n_steps": 250000,
      "obs_stats": {
        "Q": {
          "mean": 0.014484058134257793,
          "error": 0.007122267995753927,
          "tau_int": 11.943266790709451,
          "dtau_int": 0.45209855122966053
        },
        "Chi_t": {
          "mean": 0.5310701131820679,
          "error": 0.00676613500940792,
          "tau_int": 10.076726649032857,
          "dtau_int": 0.3546631785156316
        }
      },
      "n_skipped": 0,
      "step_size": 0
    },
    {
      "acc_rate": 0.334224,
      "n_steps": 500000,
      "obs_stats": {
        "Q": {
          "mean": 0.003840007586404681,
          "error": 0.003802485212634476,
          "tau_int": 7.1011482380362425,
          "dtau_int": 0.15609476840495587
        },
        "Chi_t": {
          "mean": 0.5090330243110657,
          "error": 0.0035653916149559887,
          "tau_int": 5.947345385791923,
          "dtau_int": 0.12077974404790234
        }
      },
      "n_skipped": 0,
      "step_size": 0
    },
    {
      "acc_rate": 0.3399548,
      "n_steps": 2500000,
      "obs_stats": {
        "Q": {
          "mean": -0.0006692002643831074,
          "error": 0.0017807948864111177,
          "tau_int": 7.627646339456579,
          "dtau_int": 0.0834855609380753
        },
        "Chi_t": {
          "mean": 0.519690215587616,
          "error": 0.0018438070717125754,
          "tau_int": 7.634141720857961,
          "dtau_int": 0.08355302925231911
        }
      },
      "n_skipped": 0,
      "step_size": 0
    },
    {
      "acc_rate": 0.3396028,
      "n_steps": 5000000,
      "obs_stats": {
        "Q": {
          "mean": -0.00029220007127150893,
          "error": 0.0013314917491166701,
          "tau_int": 8.496480360893804,
          "dtau_int": 0.07088470001934857
        },
        "Chi_t": {
          "mean": 0.5216466784477234,
          "error": 0.0014279695441810534,
          "tau_int": 9.094694712929648,
          "dtau_int": 0.0781954737968005
        }
      },
      "n_skipped": 0,
      "step_size": 0
    }
  ],
  "exact_sus": 0.5220380390187412
}