{
  "observables": [
    "Chi_t"
  ],
  "n_samples": [
    50000,
    80000,
    100000
  ],
  "nip": [],
  "nmcmc": [
    [
      {
        "acc_rate": 0.4274,
        "n_steps": 50000,
        "obs_stats": {
          "Q": {
            "mean": -0.00570000009611249,
            "error": 0.008206006347987996,
            "tau_int": 2.6655016743701943,
            "dtau_int": 0.10882169268582635
          },
          "Chi_t": {
            "mean": 0.6315400004386902,
            "error": 0.009221137700420549,
            "tau_int": 2.450860425847471,
            "dtau_int": 0.09567561328558186
          }
        },
        "n_skipped": 0,
        "step_size": 0
      },
      {
        "acc_rate": 0.42616,
        "n_steps": 50000,
        "obs_stats": {
          "Q": {
            "mean": 0.004540000110864639,
            "error": 0.009222450926074675,
            "tau_int": 3.259037031642493,
            "dtau_int": 0.14351894156071232
          },
          "Chi_t": {
            "mean": 0.6523799896240234,
            "error": 0.012203762038181123,
            "tau_int": 4.043678720395358,
            "dtau_int": 0.19629574697656788
          }
        },
        "n_skipped": 0,
        "step_size": 0
      },
      {
        "acc_rate": 0.42758,
        "n_steps": 50000,
        "obs_stats": {
          "Q": {
            "mean": -0.001820000004954636,
            "error": 0.008746310130562571,
            "tau_int": 2.9801309143879093,
            "dtau_int": 0.12649206044209918
          },
          "Chi_t": {
            "mean": 0.6416599750518799,
            "error": 0.010056491324328176,
            "tau_int": 2.994959555162422,
            "dtau_int": 0.12707960443089578
          }
        },
        "n_skipped": 0,
        "step_size": 0
      }
    ],
    [
      {
        "acc_rate": 0.420025,
        "n_steps": 80000,
        "obs_stats": {
          "Q": {
            "mean": -0.005900000222027302,
            "error": 0.0072582178788750664,
            "tau_int": 3.276772793999149,
            "dtau_int": 0.11636748743959185
          },
          "Chi_t": {
            "mean": 0.6430749893188477,
            "error": 0.008248095594460292,
            "tau_int": 3.2009068844498865,
            "dtau_int": 0.11384409773385655
          }
        },
        "n_skipped": 0,
        "step_size": 0
      },
      {
        "acc_rate": 0.429825,
        "n_steps": 80000,
        "obs_stats": {
          "Q": {
            "mean": -0.000699999975040555,
            "error": 0.006759042526373492,
            "tau_int": 2.8597812535728284,
            "dtau_int": 0.09621839902809451
          },
          "Chi_t": {
            "mean": 0.638949990272522,
            "error": 0.007031227740858776,
            "tau_int": 2.386897617963528,
            "dtau_int": 0.07378777015884097
          }
        },
        "n_skipped": 0,
        "step_size": 0
      },
      {
        "acc_rate": 0.4217375,
        "n_steps": 80000,
        "obs_stats": {
          "Q": {
            "mean": 0.0036124999169260263,
            "error": 0.007032119831976546,
            "tau_int": 3.0493417168558135,
            "dtau_int": 0.10661943467103517
          },
          "Chi_t": {
            "mean": 0.6486374735832214,
            "error": 0.007812656580211894,
            "tau_int": 2.884513708352138,
            "dtau_int": 0.09699750754050525
          }
        },
        "n_skipped": 0,
        "step_size": 0
      }
    ],
    [
      {
        "acc_rate": 0.42635,
        "n_steps": 100000,
        "obs_stats": {
          "Q": {
            "mean": -0.020239999517798424,
            "error": 0.006513771880829806,
            "tau_int": 3.2846427520505364,
            "dtau_int": 0.10636433449233729
          },
          "Chi_t": {
            "mean": 0.6462399959564209,
            "error": 0.007332864891700133,
            "tau_int": 3.294513265086909,
            "dtau_int": 0.1066638785251506
          }
        },
        "n_skipped": 0,
        "step_size": 0
      },
      {
        "acc_rate": 0.42334,
        "n_steps": 100000,
        "obs_stats": {
          "Q": {
            "mean": -0.005030000116676092,
            "error": 0.006312410718216516,
            "tau_int": 3.077690991023236,
            "dtau_int": 0.09619408543013822
          },
          "Chi_t": {
            "mean": 0.6473299860954285,
            "error": 0.006716599570807718,
            "tau_int": 2.6872672499223182,
            "dtau_int": 0.0793772217425515
          }
        },
        "n_skipped": 0,
        "step_size": 0
      },
      {
        "acc_rate": 0.42757,
        "n_steps": 100000,
        "obs_stats": {
          "Q": {
            "mean": 0.014440000057220459,
            "error": 0.006408809138796755,
            "tau_int": 3.1488275043161984,
            "dtau_int": 0.10027158757210673
          },
          "Chi_t": {
            "mean": 0.6523600220680237,
            "error": 0.0067489797799095315,
            "tau_int": 2.672194257534864,
            "dtau_int": 0.07895925865168543
          }
        },
        "n_skipped": 0,
        "step_size": 0
      }
    ]
  ],
  "exact_sus": 0.6439874072967454
}