{
  "observables": [
    "Chi_t"
  ],
  "n_samples": [
    25000,
    40000,
    50000,
    75000,
    100000,
    125000,
    150000,
    175000,
    200000,
    225000,
    250000
  ],
  "nip": {},
  "nmcmc": [
    [
      {
        "acc_rate": 0.16784,
        "n_steps": 25000,
        "obs_stats": {
          "Q": {
            "mean": 0.054242171347141266,
            "error": 0.0836394179978448,
            "tau_int": 119.25291574005203,
            "dtau_int": 30.47889582792966
          },
          "Chi_t": {
            "mean": 0.7294691801071167,
            "error": 0.12937149350682758,
            "tau_int": 195.00313316713348,
            "dtau_int": 59.17411188108155
          }
        },
        "n_skipped": 0,
        "step_size": 0
      },
      {
        "acc_rate": 0.15812,
        "n_steps": 25000,
        "obs_stats": {
          "Q": {
            "mean": -0.012640506029129028,
            "error": 0.0329324022546133,
            "tau_int": 24.663225035122327,
            "dtau_int": 3.429399702722335
          },
          "Chi_t": {
            "mean": 0.5487419366836548,
            "error": 0.024208654067425058,
            "tau_int": 14.314872211518766,
            "dtau_int": 1.5908270484794322
          }
        },
        "n_skipped": 0,
        "step_size": 0
      },
      {
        "acc_rate": 0.16208,
        "n_steps": 25000,
        "obs_stats": {
          "Q": {
            "mean": 0.045521821826696396,
            "error": 0.02451093582547048,
            "tau_int": 16.62348955935317,
            "dtau_int": 1.9711844921730841
          },
          "Chi_t": {
            "mean": 0.45321813225746155,
            "error": 0.028236197198871812,
            "tau_int": 18.806894824423185,
            "dtau_int": 2.339287105030634
          }
        },
        "n_skipped": 0,
        "step_size": 0
      }
    ],
    [
      {
        "acc_rate": 0.151175,
        "n_steps": 40000,
        "obs_stats": {
          "Q": {
            "mean": 0.04382609575986862,
            "error": 0.024380956386931604,
            "tau_int": 22.611796941028366,
            "dtau_int": 2.4964412080207268
          },
          "Chi_t": {
            "mean": 0.5270881652832031,
            "error": 0.02230317013704409,
            "tau_int": 18.09559049584913,
            "dtau_int": 1.8222443340666021
          }
        },
        "n_skipped": 0,
        "step_size": 0
      },
      {
        "acc_rate": 0.110225,
        "n_steps": 40000,
        "obs_stats": {
          "Q": {
            "mean": -0.06845171004533768,
            "error": 0.2484621175483107,
            "tau_int": 1291.3012723731422,
            "dtau_int": 579.2532014163071
          },
          "Chi_t": {
            "mean": 0.9078226685523987,
            "error": 0.3561741993952472,
            "tau_int": 1598.9738567832428,
            "dtau_int": 742.2029496001533
          }
        },
        "n_skipped": 0,
        "step_size": 0
      },
      {
        "acc_rate": 0.1575,
        "n_steps": 40000,
        "obs_stats": {
          "Q": {
            "mean": 0.017700443044304848,
            "error": 0.03143144922600863,
            "tau_int": 40.12022578075365,
            "dtau_int": 5.608007668736221
          },
          "Chi_t": {
            "mean": 0.4918122887611389,
            "error": 0.020037342593009433,
            "tau_int": 18.239502941162282,
            "dtau_int": 1.8444733186585796
          }
        },
        "n_skipped": 0,
        "step_size": 0
      }
    ],
    [
      {
        "acc_rate": 0.16858,
        "n_steps": 50000,
        "obs_stats": {
          "Q": {
            "mean": 0.025540510192513466,
            "error": 0.019621803769625662,
            "tau_int": 19.50627503219787,
            "dtau_int": 1.846377608430482
          },
          "Chi_t": {
            "mean": 0.49370986223220825,
            "error": 0.023852232977045765,
            "tau_int": 26.02781863080373,
            "dtau_int": 2.778767079993906
          }
        },
        "n_skipped": 0,
        "step_size": 0
      },
      {
        "acc_rate": 0.14912,
        "n_steps": 50000,
        "obs_stats": {
          "Q": {
            "mean": -0.09770195186138153,
            "error": 0.1078763030479722,
            "tau_int": 357.02917085110147,
            "dtau_int": 105.11426293146752
          },
          "Chi_t": {
            "mean": 0.8133962750434875,
            "error": 0.21217351084314184,
            "tau_int": 785.3820551312814,
            "dtau_int": 296.3839622237682
          }
        },
        "n_skipped": 0,
        "step_size": 0
      },
      {
        "acc_rate": 0.15968,
        "n_steps": 50000,
        "obs_stats": {
          "Q": {
            "mean": -0.012340246699750423,
            "error": 0.022391400335162844,
            "tau_int": 24.829086468605635,
            "dtau_int": 2.596259663873258
          },
          "Chi_t": {
            "mean": 0.5044701099395752,
            "error": 0.021114028832444006,
            "tau_int": 20.78216505224255,
            "dtau_int": 2.016792692877572
          }
        },
        "n_skipped": 0,
        "step_size": 0
      }
    ],
    [
      {
        "acc_rate": 0.14885333333333334,
        "n_steps": 75000,
        "obs_stats": {
          "Q": {
            "mean": -0.011746822856366634,
            "error": 0.02153294112376656,
            "tau_int": 35.90469611328526,
            "dtau_int": 3.6952004485716134
          },
          "Chi_t": {
            "mean": 0.4839397966861725,
            "error": 0.016655044805752285,
            "tau_int": 22.886651466273793,
            "dtau_int": 1.9464163095657483
          }
        },
        "n_skipped": 0,
        "step_size": 0
      },
      {
        "acc_rate": 0.15745333333333333,
        "n_steps": 75000,
        "obs_stats": {
          "Q": {
            "mean": 0.008306777104735374,
            "error": 0.017268430377570428,
            "tau_int": 21.942942077462703,
            "dtau_int": 1.8310377300145193
          },
          "Chi_t": {
            "mean": 0.5093801021575928,
            "error": 0.018042330665839802,
            "tau_int": 21.430898842767032,
            "dtau_int": 1.771188673860962
          }
        },
        "n_skipped": 0,
        "step_size": 0
      },
      {
        "acc_rate": 0.16568,
        "n_steps": 75000,
        "obs_stats": {
          "Q": {
            "mean": 0.005306737497448921,
            "error": 0.018272013932903727,
            "tau_int": 24.049864943717406,
            "dtau_int": 2.088894874974631
          },
          "Chi_t": {
            "mean": 0.5202736258506775,
            "error": 0.015314205836810193,
            "tau_int": 16.33261315552524,
            "dtau_int": 1.2056300879309234
          }
        },
        "n_skipped": 0,
        "step_size": 0
      }
    ],
    [
      {
        "acc_rate": 0.16621,
        "n_steps": 100000,
        "obs_stats": {
          "Q": {
            "mean": -0.012370123527944088,
            "error": 0.015306378734798972,
            "tau_int": 22.4384958975754,
            "dtau_int": 1.6735140784005134
          },
          "Chi_t": {
            "mean": 0.5219752192497253,
            "error": 0.015533326261784955,
            "tau_int": 21.992264474801985,
            "dtau_int": 1.6251024608297027
          }
        },
        "n_skipped": 0,
        "step_size": 0
      },
      {
        "acc_rate": 0.15089,
        "n_steps": 100000,
        "obs_stats": {
          "Q": {
            "mean": 0.01344013400375843,
            "error": 0.01822760901656793,
            "tau_int": 33.11330261438884,
            "dtau_int": 2.912379487322002
          },
          "Chi_t": {
            "mean": 0.5015250444412231,
            "error": 0.023496970792055996,
            "tau_int": 46.653113584195246,
            "dtau_int": 4.747164412673232
          }
        },