{
  "observables": [
    "Chi_t"
  ],
  "n_samples": [
    50000,
    80000,
    100000
  ],
  "nip": [],
  "nmcmc": [
    [
      {
        "acc_rate": 0.65188,
        "n_steps": 50000,
        "obs_stats": {
          "Q": {
            "mean": 0.00039999998989515007,
            "error": 0.005688837993034356,
            "tau_int": 1.2087389380727196,
            "dtau_int": 0.034682612504082055
          },
          "Chi_t": {
            "mean": 0.6693199872970581,
            "error": 0.00670385364732928,
            "tau_int": 1.2027088739044995,
            "dtau_int": 0.034519699343768216
          }
        },
        "n_skipped": 0,
        "step_size": 0
      },
      {
        "acc_rate": 0.65416,
        "n_steps": 50000,
        "obs_stats": {
          "Q": {
            "mean": 0.001879999996162951,
            "error": 0.005628587645679046,
            "tau_int": 1.1812309174502675,
            "dtau_int": 0.03393858614617623
          },
          "Chi_t": {
            "mean": 0.6704800128936768,
            "error": 0.006708368137349009,
            "tau_int": 1.2070092314374028,
            "dtau_int": 0.03463589200257344
          }
        },
        "n_skipped": 0,
        "step_size": 0
      },
      {
        "acc_rate": 0.65432,
        "n_steps": 50000,
        "obs_stats": {
          "Q": {
            "mean": -0.0003800000122282654,
            "error": 0.005565990065052061,
            "tau_int": 1.1825048375846903,
            "dtau_int": 0.03397309054118686
          },
          "Chi_t": {
            "mean": 0.6549400091171265,
            "error": 0.006294032971828242,
            "tau_int": 1.131861727058832,
            "dtau_int": 0.030985964180274335
          }
        },
        "n_skipped": 0,
        "step_size": 0
      }
    ],
    [
      {
        "acc_rate": 0.6477125,
        "n_steps": 80000,
        "obs_stats": {
          "Q": {
            "mean": 0.01205000001937151,
            "error": 0.004575028557902694,
            "tau_int": 1.2572032041286845,
            "dtau_int": 0.029807644774228387
          },
          "Chi_t": {
            "mean": 0.6660749912261963,
            "error": 0.005141837819145125,
            "tau_int": 1.19294440847854,
            "dtau_int": 0.027081487637733277
          }
        },
        "n_skipped": 0,
        "step_size": 0
      },
      {
        "acc_rate": 0.65645,
        "n_steps": 80000,
        "obs_stats": {
          "Q": {
            "mean": 0.0034000000450760126,
            "error": 0.00436709769649859,
            "tau_int": 1.143108099122835,
            "dtau_int": 0.02601279543530375
          },
          "Chi_t": {
            "mean": 0.6673499941825867,
            "error": 0.004843745667592269,
            "tau_int": 1.0705636834558814,
            "dtau_int": 0.023245579364500925
          }
        },
        "n_skipped": 0,
        "step_size": 0
      },
      {
        "acc_rate": 0.651725,
        "n_steps": 80000,
        "obs_stats": {
          "Q": {
            "mean": 0.007550000213086605,
            "error": 0.004447042093692392,
            "tau_int": 1.2025416906320505,
            "dtau_int": 0.027286646529946983
          },
          "Chi_t": {
            "mean": 0.6578500270843506,
            "error": 0.005021530856674465,
            "tau_int": 1.1294118430622941,
            "dtau_int": 0.02444672938084479
          }
        },
        "n_skipped": 0,
        "step_size": 0
      }
    ],
    [
      {
        "acc_rate": 0.65204,
        "n_steps": 100000,
        "obs_stats": {
          "Q": {
            "mean": 0.001879999996162951,
            "error": 0.004083471640758545,
            "tau_int": 1.2449912471874678,
            "dtau_int": 0.026416131166858006
          },
          "Chi_t": {
            "mean": 0.6696599721908569,
            "error": 0.0047319002326650286,
            "tau_int": 1.2258526557821003,
            "dtau_int": 0.02603215498104296
          }
        },
        "n_skipped": 0,
        "step_size": 0
      },
      {
        "acc_rate": 0.65396,
        "n_steps": 100000,
        "obs_stats": {
          "Q": {
            "mean": 0.002420000033453107,
            "error": 0.0038913647029269476,
            "tau_int": 1.14511231644757,
            "dtau_int": 0.02330508964271381
          },
          "Chi_t": {
            "mean": 0.6611800193786621,
            "error": 0.004574734273324725,
            "tau_int": 1.1473767110779407,
            "dtau_int": 0.023348620791903515
          }
        },
        "n_skipped": 0,
        "step_size": 0
      },
      {
        "acc_rate": 0.65086,
        "n_steps": 100000,
        "obs_stats": {
          "Q": {
            "mean": 0.006060000043362379,
            "error": 0.0040430397079340335,
            "tau_int": 1.2413185752877822,
            "dtau_int": 0.026342501606952496
          },
          "Chi_t": {
            "mean": 0.6584399938583374,
            "error": 0.0044358374145929145,
            "tau_int": 1.1270640292947611,
            "dtau_int": 0.02295775588095904
          }
        },
        "n_skipped": 0,
        "step_size": 0
      }
    ]
  ],
  "exact_sus": 0.6629736823224884
}