{
  "observables": [
    "Chi_t"
  ],
  "n_samples": [
    25000,
    40000,
    50000,
    75000,
    100000,
    125000,
    150000,
    175000
  ],
  "nip": [],
  "nmcmc": [
    [
      {
        "acc_rate": 0.06288,
        "n_steps": 25000,
        "obs_stats": {
          "Q": {
            "mean": -0.05044201761484146,
            "error": 0.08904058056111233,
            "tau_int": 172.31427818457468,
            "dtau_int": 50.14111663819794
          },
          "Chi_t": {
            "mean": 0.5701428055763245,
            "error": 0.048742499541486635,
            "tau_int": 69.71724026172235,
            "dtau_int": 14.618526697867326
          }
        },
        "n_skipped": 0,
        "step_size": 0
      },
      {
        "acc_rate": 0.0304,
        "n_steps": 25000,
        "obs_stats": {
          "Q": {
            "mean": 0.30497220158576965,
            "error": 0.240139002850695,
            "tau_int": 1390.5833246892012,
            "dtau_int": 661.8880539737663
          },
          "Chi_t": {
            "mean": 0.5642625689506531,
            "error": 0.13945651727633182,
            "tau_int": 770.6668009684474,
            "dtau_int": 342.7009094861718
          }
        },
        "n_skipped": 0,
        "step_size": 0
      },
      {
        "acc_rate": 0.0502,
        "n_steps": 25000,
        "obs_stats": {
          "Q": {
            "mean": 0.14756590127944946,
            "error": 0.1676228595052969,
            "tau_int": 655.098657354158,
            "dtau_int": 281.6707957210893
          },
          "Chi_t": {
            "mean": 0.5333413481712341,
            "error": 0.0716902505552082,
            "tau_int": 141.96336849621446,
            "dtau_int": 38.62051313009942
          }
        },
        "n_skipped": 0,
        "step_size": 0
      }
    ],
    [
      {
        "acc_rate": 0.064775,
        "n_steps": 40000,
        "obs_stats": {
          "Q": {
            "mean": -0.02202554978430271,
            "error": 0.06704127206978713,
            "tau_int": 189.49197912537656,
            "dtau_int": 48.31206694040074
          },
          "Chi_t": {
            "mean": 0.4705367684364319,
            "error": 0.05172687421971631,
            "tau_int": 121.25018723778709,
            "dtau_int": 26.20972200995156
          }
        },
        "n_skipped": 0,
        "step_size": 0
      },
      {
        "acc_rate": 0.05415,
        "n_steps": 40000,
        "obs_stats": {
          "Q": {
            "mean": 0.4073851704597473,
            "error": 0.42338152495859116,
            "tau_int": 2519.256026542095,
            "dtau_int": 1193.4734680709694
          },
          "Chi_t": {
            "mean": 1.4442111253738403,
            "error": 0.7302563636572685,
            "tau_int": 3661.647613636705,
            "dtau_int": 1522.9529903737043
          }
        },
        "n_skipped": 0,
        "step_size": 0
      },
      {
        "acc_rate": 0.051275,
        "n_steps": 40000,
        "obs_stats": {
          "Q": {
            "mean": -0.1170029267668724,
            "error": 0.1663190375661424,
            "tau_int": 765.3621508561097,
            "dtau_int": 304.8195899123474
          },
          "Chi_t": {
            "mean": 0.7117677927017212,
            "error": 0.2833154611577288,
            "tau_int": 1150.5518891548109,
            "dtau_int": 504.67096110331175
          }
        },
        "n_skipped": 0,
        "step_size": 0
      }
    ],
    [
      {
        "acc_rate": 0.03244,
        "n_steps": 50000,
        "obs_stats": {
          "Q": {
            "mean": 0.19056381285190582,
            "error": 0.1727071195701637,
            "tau_int": 2199.47004498455,
            "dtau_int": 1032.5962670956187
          },
          "Chi_t": {
            "mean": 0.35044699907302856,
            "error": 0.15400630059349135,
            "tau_int": 1816.0384108578255,
            "dtau_int": 831.1845657993065
          }
        },
        "n_skipped": 0,
        "step_size": 0
      },
      {
        "acc_rate": 0.03936,
        "n_steps": 50000,
        "obs_stats": {
          "Q": {
            "mean": -0.3207264244556427,
            "error": 0.14584523531283622,
            "tau_int": 1108.1725533130284,
            "dtau_int": 458.132008772261
          },
          "Chi_t": {
            "mean": 0.5638912916183472,
            "error": 0.11976178450484037,
            "tau_int": 866.8451417240855,
            "dtau_int": 336.23692566333125
          }
        },
        "n_skipped": 0,
        "step_size": 0
      },
      {
        "acc_rate": 0.06218,
        "n_steps": 50000,
        "obs_stats": {
          "Q": {
            "mean": -0.014380287379026413,
            "error": 0.03845198264870358,
            "tau_int": 96.01062096283364,
            "dtau_int": 17.398811277368004
          },
          "Chi_t": {
            "mean": 0.3837476670742035,
            "error": 0.035410946861612724,
            "tau_int": 76.00519357632223,
            "dtau_int": 12.562748268862833
          }
        },
        "n_skipped": 0,
        "step_size": 0
      }
    ],
    [
      {
        "acc_rate": 0.05514666666666666,
        "n_steps": 75000,
        "obs_stats": {
          "Q": {
            "mean": 0.042520567774772644,
            "error": 0.05942936385164261,
            "tau_int": 302.22119598513274,
            "dtau_int": 72.61005332352879
          },
          "Chi_t": {
            "mean": 0.4366324841976166,
            "error": 0.042243084365128115,
            "tau_int": 199.89310804281973,
            "dtau_int": 41.12470496995022
          }
        },
        "n_skipped": 0,
        "step_size": 0
      },
      {
        "acc_rate": 0.03808,
        "n_steps": 75000,
        "obs_stats": {
          "Q": {
            "mean": -0.12140161544084549,
            "error": 0.10013551767709242,
            "tau_int": 791.2203747334456,
            "dtau_int": 264.87541263217616
          },
          "Chi_t": {
            "mean": 0.48065975308418274,
            "error": 0.12543381774758905,
            "tau_int": 860.1476452332828,
            "dtau_int": 295.5960512549198
          }
        },
        "n_skipped": 0,
        "step_size": 0
      },
      {
        "acc_rate": 0.04533333333333334,
        "n_steps": 75000,
        "obs_stats": {
          "Q": {
            "mean": -0.10268136858940125,
            "error": 0.05272716047347583,
            "tau_int": 309.64766018955555,
            "dtau_int": 75.06400998230612
          },
          "Chi_t": {
            "mean": 0.3445512652397156,
            "error": 0.06707916984374548,
            "tau_int": 491.8387218042022,
            "dtau_int": 140.62031586573104
          }
        },
        "n_skipped": 0,
        "step_size": 0
      }
    ],
    [
      {
        "acc_rate": 0.05926,
        "n_steps": 100000,
        "obs_stats": {
          "Q": {
            "mean": -0.05037050321698189,
            "error": 0.03938173521604396,
            "tau_int": 157.605171882378,
            "dtau_int": 26.40819105200026
          },
          "Chi_t": {
            "mean": 0.4930349290370941,
            "error": 0.031133243090127015,
            "tau_int": 104.73802765059484,
            "dtau_int": 14.882636442756516
          }
        },
        "n_skipped": 0,
        "step_size": 0
      },
      {
        "acc_rate": 0.05661,
        "n_steps": 100000,
        "obs_stats": {
          "Q": {
            "mean": 0.07473074644804001,
            "error": 0.10096962238608471,
            "tau_int": 971.938312166809,
            "dtau_int": 316.9525423626877
          },
          "Chi_t": {
            "mean": 0.5205352306365967,
            "error": 0.04336186023546964,
            "tau_int": 235.39617302419882,
            "dtau_int": 46.154783527387806
          }
        },
        "n_skipped": 0,