{"result": [23.74794079100002, 23.615457041000013, 23.55253300000004], "n_steps": 100000}