{
  "observables": [
    "Chi_t"
  ],
  "n_samples": [
    25000,
    40000,
    50000
  ],
  "nip": [],
  "nmcmc": [
    {
      "acc_rate": 0.61232,
      "n_steps": 25000.0,
      "obs_stats": {
        "Q": {
          "mean": -0.008280331268906593,
          "error": 0.008333199103280616,
          "tau_int": 1.348178013718071,
          "dtau_int": 0.05433603132263414
        },
        "Chi_t": {
          "mean": 0.6438257694244385,
          "error": 0.009956291619468276,
          "tau_int": 1.3745197240619413,
          "dtau_int": 0.05532577034261854
        }
      },
      "n_skipped": 0.0,
      "step_size": 0.0
    },
    {
      "acc_rate": 0.60985,
      "n_steps": 40000.0,
      "obs_stats": {
        "Q": {
          "mean": 0.0055501386523246765,
          "error": 0.00669408432957738,
          "tau_int": 1.3875528608315595,
          "dtau_int": 0.046255120851087655
        },
        "Chi_t": {
          "mean": 0.6458661556243896,
          "error": 0.0074061266394910025,
          "tau_int": 1.294542583357069,
          "dtau_int": 0.041355950526822824
        }
      },
      "n_skipped": 0.0,
      "step_size": 0.0
    },
    {
      "acc_rate": 0.61704,
      "n_steps": 50000,
      "obs_stats": {
        "Q": {
          "mean": -0.009900198318064213,
          "error": 0.005890091516769496,
          "tau_int": 1.3538858236862439,
          "dtau_int": 0.040429011333752304
        },
        "Chi_t": {
          "mean": 0.6406728029251099,
          "error": 0.006679508700278997,
          "tau_int": 1.3182400919411192,
          "dtau_int": 0.039427472161470106
        }
      },
      "n_skipped": 0,
      "step_size": 0
    }
  ],
  "exact_sus": 0.6439874072967454
}