{
  "observables": [
    "Chi_t"
  ],
  "n_samples": [
    25000,
    40000,
    50000,
    75000,
    100000,
    125000,
    150000,
    175000,
    200000,
    225000,
    250000
  ],
  "nip": {},
  "nmcmc": [
    [
      {
        "acc_rate": 0.42716,
        "n_steps": 25000,
        "obs_stats": {
          "Q": {
            "mean": -0.004200167953968048,
            "error": 0.011101589247505626,
            "tau_int": 2.639980529160687,
            "dtau_int": 0.14502419703858316
          },
          "Chi_t": {
            "mean": 0.5834233164787292,
            "error": 0.011199999931295983,
            "tau_int": 2.2317986211473126,
            "dtau_int": 0.1138658394419558
          }
        },
        "n_skipped": 0,
        "step_size": 0
      },
      {
        "acc_rate": 0.4384,
        "n_steps": 25000,
        "obs_stats": {
          "Q": {
            "mean": 0.007720308844000101,
            "error": 0.011476673813172156,
            "tau_int": 2.63174645242563,
            "dtau_int": 0.14460342360454748
          },
          "Chi_t": {
            "mean": 0.6255050301551819,
            "error": 0.011813395031912116,
            "tau_int": 2.295215328724682,
            "dtau_int": 0.11687287979295949
          }
        },
        "n_skipped": 0,
        "step_size": 0
      },
      {
        "acc_rate": 0.4196,
        "n_steps": 25000,
        "obs_stats": {
          "Q": {
            "mean": -0.021240849047899246,
            "error": 0.013599233003714696,
            "tau_int": 3.5746420921512136,
            "dtau_int": 0.22117216236496803
          },
          "Chi_t": {
            "mean": 0.6469458937644958,
            "error": 0.016078013832521353,
            "tau_int": 3.894602688567761,
            "dtau_int": 0.2492858319295671
          }
        },
        "n_skipped": 0,
        "step_size": 0
      }
    ],
    [
      {
        "acc_rate": 0.4232,
        "n_steps": 40000,
        "obs_stats": {
          "Q": {
            "mean": 0.019700491800904274,
            "error": 0.009675229941590025,
            "tau_int": 3.0415782291103164,
            "dtau_int": 0.14414315927677834
          },
          "Chi_t": {
            "mean": 0.6158154010772705,
            "error": 0.009819084520569527,
            "tau_int": 2.454178149699917,
            "dtau_int": 0.10425570915092108
          }
        },
        "n_skipped": 0,
        "step_size": 0
      },
      {
        "acc_rate": 0.4268,
        "n_steps": 40000,
        "obs_stats": {
          "Q": {
            "mean": 0.012300307862460613,
            "error": 0.009584407599793872,
            "tau_int": 2.9862714314531678,
            "dtau_int": 0.13851364272513753
          },
          "Chi_t": {
            "mean": 0.6152653694152832,
            "error": 0.009655982454792822,
            "tau_int": 2.526302689248188,
            "dtau_int": 0.11004410867496538
          }
        },
        "n_skipped": 0,
        "step_size": 0
      },
      {
        "acc_rate": 0.428275,
        "n_steps": 40000,
        "obs_stats": {
          "Q": {
            "mean": 0.012875322252511978,
            "error": 0.009543685566998143,
            "tau_int": 2.9334841621386842,
            "dtau_int": 0.13623201204759103
          },
          "Chi_t": {
            "mean": 0.6210405230522156,
            "error": 0.009613163996987311,
            "tau_int": 2.520906143078553,
            "dtau_int": 0.10982465358922469
          }
        },
        "n_skipped": 0,
        "step_size": 0
      }
    ],
    [
      {
        "acc_rate": 0.43686,
        "n_steps": 50000,
        "obs_stats": {
          "Q": {
            "mean": -0.01766035333275795,
            "error": 0.008133754640861652,
            "tau_int": 2.6907534286686947,
            "dtau_int": 0.10978712616432494
          },
          "Chi_t": {
            "mean": 0.6149122714996338,
            "error": 0.008741869329196739,
            "tau_int": 2.4092795827724345,
            "dtau_int": 0.09415593392669289
          }
        },
        "n_skipped": 0,
        "step_size": 0
      },
      {
        "acc_rate": 0.42402,
        "n_steps": 50000,
        "obs_stats": {
          "Q": {
            "mean": 0.006780135445296764,
            "error": 0.008816320710210795,
            "tau_int": 3.15905811778434,
            "dtau_int": 0.13651052625336058
          },
          "Chi_t": {
            "mean": 0.6150723099708557,
            "error": 0.009620812578571194,
            "tau_int": 2.973998805468507,
            "dtau_int": 0.12625022989999612
          }
        },
        "n_skipped": 0,
        "step_size": 0
      },
      {
        "acc_rate": 0.42982,
        "n_steps": 50000,
        "obs_stats": {
          "Q": {
            "mean": 0.007140142843127251,
            "error": 0.008224542317922334,
            "tau_int": 2.7564371345528436,
            "dtau_int": 0.11228948874264888
          },
          "Chi_t": {
            "mean": 0.6134722828865051,
            "error": 0.008631102770830705,
            "tau_int": 2.4254260276885318,
            "dtau_int": 0.09474685295387264
          }
        },
        "n_skipped": 0,
        "step_size": 0
      }
    ],
    [
      {
        "acc_rate": 0.43108,
        "n_steps": 75000,
        "obs_stats": {
          "Q": {
            "mean": 0.004093388095498085,
            "error": 0.007968173849898612,
            "tau_int": 3.792456152551697,
            "dtau_int": 0.14839553913930442
          },
          "Chi_t": {
            "mean": 0.6277550458908081,
            "error": 0.008470188740202446,
            "tau_int": 3.3832685180702837,
            "dtau_int": 0.12626940639396533
          }
        },
        "n_skipped": 0,
        "step_size": 0
      },
      {
        "acc_rate": 0.42862666666666666,
        "n_steps": 75000,
        "obs_stats": {
          "Q": {
            "mean": -0.015573540702462196,
            "error": 0.007258317076304057,
            "tau_int": 3.22947358377594,
            "dtau_int": 0.11856080522246915
          },
          "Chi_t": {
            "mean": 0.6119281649589539,
            "error": 0.0075963994538401905,
            "tau_int": 2.854711809700396,
            "dtau_int": 0.0992095447976437
          }
        },
        "n_skipped": 0,
        "step_size": 0
      },
      {
        "acc_rate": 0.434,
        "n_steps": 75000,
        "obs_stats": {
          "Q": {
            "mean": -0.007560100872069597,
            "error": 0.007073027251953204,
            "tau_int": 3.0827732246709503,
            "dtau_int": 0.11124794720320128
          },
          "Chi_t": {
            "mean": 0.6085547804832458,
            "error": 0.00755198045331329,
            "tau_int": 2.864570123214386,
            "dtau_int": 0.09953047820177868
          }
        },
        "n_skipped": 0,
        "step_size": 0
      }
    ],
    {
      "acc_rate": 0.43322,
      "n_steps": 100000.0,
      "obs_stats": {
        "Q": {
          "mean": -0.004590046126395464,
          "error": 0.005965075605866702,
          "tau_int": 2.881438605746431,
          "dtau_int": 0.08856625037149067
        },
        "Chi_t": {
          "mean": 0.6174162030220032,
          "error": 0.006189561360874138,
          "tau_int": 2.4412118613150504,
          "dtau_int": 0.06914964967952239
        }
      },
      "n_skipped": 0.0,
      "step_size": 0.0
    },
    {
      "acc_rate": 0.437336,
      "n_steps": 125000.0,
      "obs_stats": {
        "Q": {
          "mean": 0.0017680141609162092,
          "error": 0.005354812067940765,
          "tau_int": 2.853141406297315,
          "dtau_int": 0.07848501579997383
        },
        "Chi_t": {
          "mean": 0.6280930042266846,
          "error": 0.005587644175253762,
          "tau_int": 2.4765401809847405,
          "dtau_int": 0.06423536549632174
        }
      },
      "n_skipped": 0.0,