{
  "observables": [
    "Chi_t"
  ],
  "n_samples": [
    25000,
    40000,
    50000,
    75000,
    100000,
    125000,
    150000,
    175000,
    200000,
    225000,
    250000
  ],
  "nip": {},
  "nmcmc": [
    [
      {
        "acc_rate": 0.00576,
        "n_steps": 25000,
        "obs_stats": {
          "Q": {
            "mean": -0.058642346411943436,
            "error": 0.063391961314985,
            "tau_int": 361.9116633218337,
            "dtau_int": 133.43677208376153
          },
          "Chi_t": {
            "mean": 0.1385655403137207,
            "error": 0.05676183986895551,
            "tau_int": 294.5190848721719,
            "dtau_int": 102.09314202938256
          }
        },
        "n_skipped": 0,
        "step_size": 0
      },
      {
        "acc_rate": 0.01568,
        "n_steps": 25000,
        "obs_stats": {
          "Q": {
            "mean": -0.03824152797460556,
            "error": 0.05222393752707775,
            "tau_int": 169.90029185248125,
            "dtau_int": 49.22399121904973
          },
          "Chi_t": {
            "mean": 0.19952797889709473,
            "error": 0.050397014268446984,
            "tau_int": 156.07191449976924,
            "dtau_int": 43.898027013655
          }
        },
        "n_skipped": 0,
        "step_size": 0
      },
      {
        "acc_rate": 0.0048,
        "n_steps": 25000,
        "obs_stats": {
          "Q": {
            "mean": -0.49309971928596497,
            "error": 0.16736219969426466,
            "tau_int": 816.851712152088,
            "dtau_int": 367.3034500918629
          },
          "Chi_t": {
            "mean": 0.6477459073066711,
            "error": 0.1747107804971659,
            "tau_int": 956.3652335175603,
            "dtau_int": 441.2048520387965
          }
        },
        "n_skipped": 0,
        "step_size": 0
      }
    ],
    [
      {
        "acc_rate": 0.00755,
        "n_steps": 40000,
        "obs_stats": {
          "Q": {
            "mean": -0.2322058081626892,
            "error": 0.15877627776038328,
            "tau_int": 1516.4926531241022,
            "dtau_int": 698.7494642987778
          },
          "Chi_t": {
            "mean": 0.36505913734436035,
            "error": 0.19063684996678734,
            "tau_int": 2769.842272089687,
            "dtau_int": 1297.0176608949662
          }
        },
        "n_skipped": 0,
        "step_size": 0
      },
      {
        "acc_rate": 0.014275,
        "n_steps": 40000,
        "obs_stats": {
          "Q": {
            "mean": -0.04117602854967117,
            "error": 0.11746427576679515,
            "tau_int": 1072.8390382110476,
            "dtau_int": 463.6486690876934
          },
          "Chi_t": {
            "mean": 0.2468811720609665,
            "error": 0.08230213795463705,
            "tau_int": 614.978088443296,
            "dtau_int": 230.64196108433921
          }
        },
        "n_skipped": 0,
        "step_size": 0
      },
      {
        "acc_rate": 0.0152,
        "n_steps": 40000,
        "obs_stats": {
          "Q": {
            "mean": 0.3550838828086853,
            "error": 0.3465265465442085,
            "tau_int": 2584.451898452962,
            "dtau_int": 1221.5750169061375
          },
          "Chi_t": {
            "mean": 0.9585489630699158,
            "error": 0.6207346542731409,
            "tau_int": 3051.742652040437,
            "dtau_int": 1397.088233800668
          }
        },
        "n_skipped": 0,
        "step_size": 0
      }
    ],
    [
      {
        "acc_rate": 0.00482,
        "n_steps": 50000,
        "obs_stats": {
          "Q": {
            "mean": -0.06456129252910614,
            "error": 0.2471912140949652,
            "tau_int": 2746.4096875381665,
            "dtau_int": 1306.817092472062
          },
          "Chi_t": {
            "mean": 0.5104101896286011,
            "error": 0.18352704550684085,
            "tau_int": 2663.4178946002626,
            "dtau_int": 1266.6535965627725
          }
        },
        "n_skipped": 0,
        "step_size": 0
      },
      {
        "acc_rate": 0.009,
        "n_steps": 50000,
        "obs_stats": {
          "Q": {
            "mean": 0.2930058538913727,
            "error": 0.24106680096152427,
            "tau_int": 3518.8995456037815,
            "dtau_int": 1642.88671592546
          },
          "Chi_t": {
            "mean": 0.4522090554237366,
            "error": 0.16596893592391213,
            "tau_int": 2448.2079039913574,
            "dtau_int": 1159.8095387353014
          }
        },
        "n_skipped": 0,
        "step_size": 0
      },
      {
        "acc_rate": 0.00808,
        "n_steps": 50000,
        "obs_stats": {
          "Q": {
            "mean": -0.143842875957489,
            "error": 0.11775008433599764,
            "tau_int": 1169.0506461346208,
            "dtau_int": 489.60680756532406
          },
          "Chi_t": {
            "mean": 0.3049660921096802,
            "error": 0.12361766503684189,
            "tau_int": 1601.609365420503,
            "dtau_int": 717.398117923847
          }
        },
        "n_skipped": 0,
        "step_size": 0
      }
    ],
    [
      {
        "acc_rate": 0.00636,
        "n_steps": 75000,
        "obs_stats": {
          "Q": {
            "mean": 0.49184656143188477,
            "error": 0.27961113811683524,
            "tau_int": 6567.026991008833,
            "dtau_int": 2823.269398920003
          },
          "Chi_t": {
            "mean": 0.626675009727478,
            "error": 0.1813951632532671,
            "tau_int": 4380.672281623484,
            "dtau_int": 2083.379272137472
          }
        },
        "n_skipped": 0,
        "step_size": 0
      },
      {
        "acc_rate": 0.010893333333333333,
        "n_steps": 75000,
        "obs_stats": {
          "Q": {
            "mean": 0.014093521051108837,
            "error": 0.14898566766251684,
            "tau_int": 1885.3664390896,
            "dtau_int": 802.9895153799324
          },
          "Chi_t": {
            "mean": 0.4222323000431061,
            "error": 0.0836246061257867,
            "tau_int": 918.7364687161892,
            "dtau_int": 322.18149918105456
          }
        },
        "n_skipped": 0,
        "step_size": 0
      },
      {
        "acc_rate": 0.0022933333333333334,
        "n_steps": 75000,
        "obs_stats": {
          "Q": {
            "mean": 0.06549420952796936,
            "error": 0.06715509443460926,
            "tau_int": 1048.6284171255593,
            "dtau_int": 382.5912207077967
          },
          "Chi_t": {
            "mean": 0.16144214570522308,
            "error": 0.08590930277601855,
            "tau_int": 1897.6574944940212,
            "dtau_int": 809.3771184709084
          }
        },
        "n_skipped": 0,
        "step_size": 0
      }
    ],
    [
      {
        "acc_rate": 0.00506,
        "n_steps": 100000,
        "obs_stats": {
          "Q": {
            "mean": 0.4210142195224762,
            "error": 0.30061145477505846,
            "tau_int": 7817.223252109282,
            "dtau_int": 3549.855494631341
          },
          "Chi_t": {
            "mean": 0.6834968328475952,
            "error": 0.1478910114755366,
            "tau_int": 3778.247845832253,
            "dtau_int": 1739.6860305835744
          }
        },
        "n_skipped": 0,
        "step_size": 0
      },
      {
        "acc_rate": 0.00069,
        "n_steps": 100000,
        "obs_stats": {
          "Q": {
            "mean": 0.1723417192697525,
            "error": 0.20168342037467638,
            "tau_int": 4161.580715880297,
            "dtau_int": 1941.4518816851253
          },
          "Chi_t": {
            "mean": 0.4842848479747772,
            "error": 0.21493241171282892,
            "tau_int": 3566.5723662123105,
            "dtau_int": 1627.5422480536233
          }
        },
        "n_skipped": 0,