{
  "observables": [
    "Chi_t"
  ],
  "n_samples": [
    50000,
    80000,
    100000,
    150000,
    200000,
    250000,
    300000
  ],
  "nip": [],
  "nmcmc": [
    [
      {
        "acc_rate": 0.00936,
        "n_steps": 50000,
        "obs_stats": {
          "Q": {
            "mean": -0.02157999947667122,
            "error": 0.0182852240580038,
            "tau_int": 141.4825868936599,
            "dtau_int": 29.785829073715032
          },
          "Chi_t": {
            "mean": 0.059220001101493835,
            "error": 0.023657147458143915,
            "tau_int": 207.92168888430984,
            "dtau_int": 50.540910638923044
          }
        },
        "n_skipped": 0,
        "step_size": 0
      },
      {
        "acc_rate": 0.00802,
        "n_steps": 50000,
        "obs_stats": {
          "Q": {
            "mean": 0.486380010843277,
            "error": 0.19881926828413188,
            "tau_int": 2486.782747250226,
            "dtau_int": 1179.2107207251058
          },
          "Chi_t": {
            "mean": 0.6013399958610535,
            "error": 0.14550156086125243,
            "tau_int": 1641.4782526963484,
            "dtau_int": 738.485978626584
          }
        },
        "n_skipped": 0,
        "step_size": 0
      },
      {
        "acc_rate": 0.01072,
        "n_steps": 50000,
        "obs_stats": {
          "Q": {
            "mean": -0.3163599967956543,
            "error": 0.2046888704438718,
            "tau_int": 2564.804761779235,
            "dtau_int": 1218.1489361538816
          },
          "Chi_t": {
            "mean": 0.4740000069141388,
            "error": 0.13042266277247885,
            "tau_int": 1510.519286151271,
            "dtau_int": 669.0056616393723
          }
        },
        "n_skipped": 0,
        "step_size": 0
      }
    ],
    [
      {
        "acc_rate": 0.0079375,
        "n_steps": 80000,
        "obs_stats": {
          "Q": {
            "mean": -0.11651249974966049,
            "error": 0.12141636853844658,
            "tau_int": 3012.5129325188855,
            "dtau_int": 1386.408572040092
          },
          "Chi_t": {
            "mean": 0.19683749973773956,
            "error": 0.10917295137154277,
            "tau_int": 2394.0539505283173,
            "dtau_int": 1058.3297294537697
          }
        },
        "n_skipped": 0,
        "step_size": 0
      },
      {
        "acc_rate": 0.0133625,
        "n_steps": 80000,
        "obs_stats": {
          "Q": {
            "mean": -0.0775500014424324,
            "error": 0.06008157424571469,
            "tau_int": 706.4448694123433,
            "dtau_int": 223.28883671626932
          },
          "Chi_t": {
            "mean": 0.20702500641345978,
            "error": 0.05811267156605633,
            "tau_int": 732.4629678424646,
            "dtau_int": 234.27579455779514
          }
        },
        "n_skipped": 0,
        "step_size": 0
      },
      {
        "acc_rate": 0.01425,
        "n_steps": 80000,
        "obs_stats": {
          "Q": {
            "mean": -0.12031249701976776,
            "error": 0.05528724168143002,
            "tau_int": 581.7387384949774,
            "dtau_int": 172.31457217723394
          },
          "Chi_t": {
            "mean": 0.2217624932527542,
            "error": 0.06402248182612243,
            "tau_int": 866.1856128476143,
            "dtau_int": 292.34979552254566
          }
        },
        "n_skipped": 0,
        "step_size": 0
      }
    ],
    [
      {
        "acc_rate": 0.00718,
        "n_steps": 100000,
        "obs_stats": {
          "Q": {
            "mean": -0.3037000000476837,
            "error": 0.20721431285330466,
            "tau_int": 6574.305292174313,
            "dtau_int": 3101.008502780339
          },
          "Chi_t": {
            "mean": 0.3842400014400482,
            "error": 0.1724393556941488,
            "tau_int": 4676.595694353937,
            "dtau_int": 2208.00785461137
          }
        },
        "n_skipped": 0,
        "step_size": 0
      },
      {
        "acc_rate": 0.0167,
        "n_steps": 100000,
        "obs_stats": {
          "Q": {
            "mean": -0.16943000257015228,
            "error": 0.05279090091737521,
            "tau_int": 486.64517950634496,
            "dtau_int": 125.24302535100242
          },
          "Chi_t": {
            "mean": 0.3123700022697449,
            "error": 0.06592291082569991,
            "tau_int": 513.600534685492,
            "dtau_int": 134.75137725311538
          }
        },
        "n_skipped": 0,
        "step_size": 0
      },
      {
        "acc_rate": 0.01054,
        "n_steps": 100000,
        "obs_stats": {
          "Q": {
            "mean": -0.05948000028729439,
            "error": 0.05344448479835574,
            "tau_int": 740.5963897695094,
            "dtau_int": 220.73766354651508
          },
          "Chi_t": {
            "mean": 0.19368000328540802,
            "error": 0.056356669127975184,
            "tau_int": 791.3360425303601,
            "dtau_int": 241.17782953174648
          }
        },
        "n_skipped": 0,
        "step_size": 0
      }
    ],
    [
      {
        "acc_rate": 0.008346666666666667,
        "n_steps": 150000,
        "obs_stats": {
          "Q": {
            "mean": -0.49250665307044983,
            "error": 0.22557366440014998,
            "tau_int": 9362.005972248822,
            "dtau_int": 4437.62876004156
          },
          "Chi_t": {
            "mean": 0.6090666651725769,
            "error": 0.15612353469782994,
            "tau_int": 6655.555061807784,
            "dtau_int": 3127.0146328181395
          }
        },
        "n_skipped": 0,
        "step_size": 0
      },
      {
        "acc_rate": 0.011593333333333334,
        "n_steps": 150000,
        "obs_stats": {
          "Q": {
            "mean": -0.2265399992465973,
            "error": 0.12837452308994293,
            "tau_int": 3365.836297882922,
            "dtau_int": 1395.5482723401087
          },
          "Chi_t": {
            "mean": 0.40396666526794434,
            "error": 0.0907369043716524,
            "tau_int": 2236.3892465747485,
            "dtau_int": 831.2720903819135
          }
        },
        "n_skipped": 0,
        "step_size": 0
      },
      {
        "acc_rate": 0.0014,
        "n_steps": 150000,
        "obs_stats": {
          "Q": {
            "mean": -0.734113335609436,
            "error": 0.20475691208256158,
            "tau_int": 13408.572627940499,
            "dtau_int": 5681.998684896137
          },
          "Chi_t": {
            "mean": 0.7403799891471863,
            "error": 0.2049008029136737,
            "tau_int": 13547.907567416109,
            "dtau_int": 5695.964178964225
          }
        },
        "n_skipped": 0,
        "step_size": 0
      }
    ],
    [
      {
        "acc_rate": 0.010255,
        "n_steps": 200000,
        "obs_stats": {
          "Q": {
            "mean": 0.030460000038146973,
            "error": 0.04137640455952823,
            "tau_int": 943.9542301158324,
            "dtau_int": 240.23758555926273
          },
          "Chi_t": {
            "mean": 0.180649995803833,
            "error": 0.053490969948289335,
            "tau_int": 1805.9919189782036,
            "dtau_int": 575.004008347255
          }
        },
        "n_skipped": 0,
        "step_size": 0
      },
      {
        "acc_rate": 0.013915,
        "n_steps": 200000,
        "obs_stats": {
          "Q": {
            "mean": -0.02549000084400177,
            "error": 0.05152133834149272,
            "tau_int": 932.2713035706311,
            "dtau_int": 236.18790155320806
          },
          "Chi_t": {
            "mean": 0.28282999992370605,
            "error": 0.07809916990326927,
            "tau_int": 1393.5608904386927,
            "dtau_int": 406.8118654078382
          }
        },
        "n_skipped": 0,