{
  "observables": [
    "Chi_t"
  ],
  "n_samples": [
    50000,
    80000,
    100000,
    150000
  ],
  "nip": [],
  "nmcmc": [
    [
      {
        "acc_rate": 0.04496,
        "n_steps": 50000,
        "obs_stats": {
          "Q": {
            "mean": -0.03937999904155731,
            "error": 0.06159789068264617,
            "tau_int": 189.70954429431663,
            "dtau_int": 44.597173899741755
          },
          "Chi_t": {
            "mean": 0.49790000915527344,
            "error": 0.05728444171852433,
            "tau_int": 162.3164815093347,
            "dtau_int": 36.0089086754083
          }
        },
        "n_skipped": 0,
        "step_size": 0
      },
      {
        "acc_rate": 0.04458,
        "n_steps": 50000,
        "obs_stats": {
          "Q": {
            "mean": 0.16721999645233154,
            "error": 0.09180467196157235,
            "tau_int": 486.25731863440706,
            "dtau_int": 158.6268074148325
          },
          "Chi_t": {
            "mean": 0.4534200131893158,
            "error": 0.06529512562608392,
            "tau_int": 279.73992670477793,
            "dtau_int": 75.67510819586599
          }
        },
        "n_skipped": 0,
        "step_size": 0
      },
      {
        "acc_rate": 0.06476,
        "n_steps": 50000,
        "obs_stats": {
          "Q": {
            "mean": -0.3315599858760834,
            "error": 0.29632602574671496,
            "tau_int": 2361.089481660928,
            "dtau_int": 1115.7561653244102
          },
          "Chi_t": {
            "mean": 0.9668800234794617,
            "error": 0.5584449326391473,
            "tau_int": 3355.5152550327352,
            "dtau_int": 1578.7290246134496
          }
        },
        "n_skipped": 0,
        "step_size": 0
      }
    ],
    [
      {
        "acc_rate": 0.00985,
        "n_steps": 80000,
        "obs_stats": {
          "Q": {
            "mean": -0.0020749999675899744,
            "error": 0.027742923467231787,
            "tau_int": 240.9105036701498,
            "dtau_int": 51.9101903263521
          },
          "Chi_t": {
            "mean": 0.1270499974489212,
            "error": 0.06753903525522621,
            "tau_int": 703.5809872243227,
            "dtau_int": 222.09762908793772
          }
        },
        "n_skipped": 0,
        "step_size": 0
      },
      {
        "acc_rate": 0.0505875,
        "n_steps": 80000,
        "obs_stats": {
          "Q": {
            "mean": 0.10456249862909317,
            "error": 0.09182911813605656,
            "tau_int": 580.7097805113963,
            "dtau_int": 171.91315607361147
          },
          "Chi_t": {
            "mean": 0.5838124752044678,
            "error": 0.05798085721905001,
            "tau_int": 215.2572845850109,
            "dtau_int": 44.4349308356139
          }
        },
        "n_skipped": 0,
        "step_size": 0
      },
      {
        "acc_rate": 0.034275,
        "n_steps": 80000,
        "obs_stats": {
          "Q": {
            "mean": 0.019950000569224358,
            "error": 0.04802953075918825,
            "tau_int": 250.23893584333487,
            "dtau_int": 54.71773644119633
          },
          "Chi_t": {
            "mean": 0.3668999969959259,
            "error": 0.06856641715972707,
            "tau_int": 498.21757074486476,
            "dtau_int": 139.91322740895475
          }
        },
        "n_skipped": 0,
        "step_size": 0
      }
    ],
    [
      {
        "acc_rate": 0.04059,
        "n_steps": 100000,
        "obs_stats": {
          "Q": {
            "mean": 0.02457999996840954,
            "error": 0.05106990317640481,
            "tau_int": 322.9282642909089,
            "dtau_int": 71.4415341507999
          },
          "Chi_t": {
            "mean": 0.4018999934196472,
            "error": 0.05747679792037698,
            "tau_int": 357.0877775975584,
            "dtau_int": 82.03425389217797
          }
        },
        "n_skipped": 0,
        "step_size": 0
      },
      {
        "acc_rate": 0.04378,
        "n_steps": 100000,
        "obs_stats": {
          "Q": {
            "mean": 0.28582999110221863,
            "error": 0.3123895497688611,
            "tau_int": 4324.496726078658,
            "dtau_int": 2026.339980077168
          },
          "Chi_t": {
            "mean": 1.1284300088882446,
            "error": 0.5438526922901042,
            "tau_int": 6404.695838296145,
            "dtau_int": 3029.307161451257
          }
        },
        "n_skipped": 0,
        "step_size": 0
      },
      {
        "acc_rate": 0.0485,
        "n_steps": 100000,
        "obs_stats": {
          "Q": {
            "mean": -0.0061599998734891415,
            "error": 0.09632007084150718,
            "tau_int": 902.6915230920065,
            "dtau_int": 287.3798092561737
          },
          "Chi_t": {
            "mean": 0.5052400231361389,
            "error": 0.04717300205059905,
            "tau_int": 255.2043883177087,
            "dtau_int": 51.631969254860316
          }
        },
        "n_skipped": 0,
        "step_size": 0
      }
    ],
    [
      {
        "acc_rate": 0.042486666666666666,
        "n_steps": 150000,
        "obs_stats": {
          "Q": {
            "mean": 0.13253332674503326,
            "error": 0.11802906816569549,
            "tau_int": 1387.6567079373326,
            "dtau_int": 445.3113135391863
          },
          "Chi_t": {
            "mean": 0.7574800252914429,
            "error": 0.16311679486436495,
            "tau_int": 1909.8370838348571,
            "dtau_int": 677.5419332830799
          }
        },
        "n_skipped": 0,
        "step_size": 0
      },
      {
        "acc_rate": 0.03546,
        "n_steps": 150000,
        "obs_stats": {
          "Q": {
            "mean": 0.15087999403476715,
            "error": 0.07469151738789671,
            "tau_int": 823.4451293779756,
            "dtau_int": 221.20112452539982
          },
          "Chi_t": {
            "mean": 0.5255600214004517,
            "error": 0.04182709395111326,
            "tau_int": 302.766397532094,
            "dtau_int": 55.90904556568348
          }
        },
        "n_skipped": 0,
        "step_size": 0
      },
      {
        "acc_rate": 0.04656,
        "n_steps": 150000,
        "obs_stats": {
          "Q": {
            "mean": -0.1566133350133896,
            "error": 0.1144003330962576,
            "tau_int": 1461.7124176987618,
            "dtau_int": 477.0224116812818
          },
          "Chi_t": {
            "mean": 0.6838399767875671,
            "error": 0.04546937196007042,
            "tau_int": 273.8454886882607,
            "dtau_int": 48.63163863650911
          }
        },
        "n_skipped": 0,
        "step_size": 0
      }
    ]
  ],
  "exact_sus": 0.5301270698084958
}