{
  "observables": [
    "Chi_t"
  ],
  "n_samples": [
    50000,
    80000,
    100000
  ],
  "nip": [],
  "nmcmc": [
    [
      {
        "acc_rate": 0.43688,
        "n_steps": 50000,
        "obs_stats": {
          "Q": {
            "mean": 0.002360000042244792,
            "error": 0.009691279708619173,
            "tau_int": 3.719178529411553,
            "dtau_int": 0.17214878691673638
          },
          "Chi_t": {
            "mean": 0.6312400102615356,
            "error": 0.00947146975564344,
            "tau_int": 2.901821775292579,
            "dtau_int": 0.12062137897088324
          }
        },
        "n_skipped": 0,
        "step_size": 0
      },
      {
        "acc_rate": 0.446,
        "n_steps": 50000,
        "obs_stats": {
          "Q": {
            "mean": -0.0026599999982863665,
            "error": 0.008300726791101425,
            "tau_int": 2.8251434422452038,
            "dtau_int": 0.11764232874988839
          },
          "Chi_t": {
            "mean": 0.6096600294113159,
            "error": 0.008026471426152933,
            "tau_int": 2.096600165552605,
            "dtau_int": 0.07594995917351939
          }
        },
        "n_skipped": 0,
        "step_size": 0
      },
      {
        "acc_rate": 0.44158,
        "n_steps": 50000,
        "obs_stats": {
          "Q": {
            "mean": -0.012880000285804272,
            "error": 0.008786260130114243,
            "tau_int": 3.1437106503061334,
            "dtau_int": 0.13589062100463914
          },
          "Chi_t": {
            "mean": 0.6140000224113464,
            "error": 0.009196474646364626,
            "tau_int": 2.872607577024799,
            "dtau_int": 0.11948774783351383
          }
        },
        "n_skipped": 0,
        "step_size": 0
      }
    ],
    [
      {
        "acc_rate": 0.4386375,
        "n_steps": 80000,
        "obs_stats": {
          "Q": {
            "mean": 0.003100000089034438,
            "error": 0.006721228234354739,
            "tau_int": 2.9231833846661273,
            "dtau_int": 0.10036531370988602
          },
          "Chi_t": {
            "mean": 0.6181250214576721,
            "error": 0.006939496247089109,
            "tau_int": 2.5081742740673483,
            "dtau_int": 0.07929922443787422
          }
        },
        "n_skipped": 0,
        "step_size": 0
      },
      {
        "acc_rate": 0.4428375,
        "n_steps": 80000,
        "obs_stats": {
          "Q": {
            "mean": 0.006312500219792128,
            "error": 0.006482283606294238,
            "tau_int": 2.7435375719203616,
            "dtau_int": 0.09048780527551402
          },
          "Chi_t": {
            "mean": 0.6126375198364258,
            "error": 0.006929431479202849,
            "tau_int": 2.5823908063404737,
            "dtau_int": 0.08351471270280944
          }
        },
        "n_skipped": 0,
        "step_size": 0
      },
      {
        "acc_rate": 0.438725,
        "n_steps": 80000,
        "obs_stats": {
          "Q": {
            "mean": 0.0035250000655651093,
            "error": 0.006919877213946558,
            "tau_int": 3.1006607658020773,
            "dtau_int": 0.10829995813416092
          },
          "Chi_t": {
            "mean": 0.6176999807357788,
            "error": 0.007431430221882817,
            "tau_int": 2.8138856346342394,
            "dtau_int": 0.0947701358254256
          }
        },
        "n_skipped": 0,
        "step_size": 0
      }
    ],
    [
      {
        "acc_rate": 0.43748,
        "n_steps": 100000,
        "obs_stats": {
          "Q": {
            "mean": 0.008249999955296516,
            "error": 0.006341664563938818,
            "tau_int": 3.2632724820361565,
            "dtau_int": 0.1057153779643702
          },
          "Chi_t": {
            "mean": 0.6162300109863281,
            "error": 0.00663779158655766,
            "tau_int": 2.877444649465158,
            "dtau_int": 0.08845052430189353
          }
        },
        "n_skipped": 0,
        "step_size": 0
      },
      {
        "acc_rate": 0.44015,
        "n_steps": 100000,
        "obs_stats": {
          "Q": {
            "mean": 0.002730000065639615,
            "error": 0.0062583842341179755,
            "tau_int": 3.120698821097459,
            "dtau_int": 0.0994309714079862
          },
          "Chi_t": {
            "mean": 0.6275100111961365,
            "error": 0.006836875217953836,
            "tau_int": 2.86489066434485,
            "dtau_int": 0.08808802151744823
          }
        },
        "n_skipped": 0,
        "step_size": 0
      },
      {
        "acc_rate": 0.43891,
        "n_steps": 100000,
        "obs_stats": {
          "Q": {
            "mean": -0.012299999594688416,
            "error": 0.006243654333059013,
            "tau_int": 3.1692243551507193,
            "dtau_int": 0.10088049965976285
          },
          "Chi_t": {
            "mean": 0.6151400208473206,
            "error": 0.006431785991959356,
            "tau_int": 2.6764092598936426,
            "dtau_int": 0.07907616952694474
          }
        },
        "n_skipped": 0,
        "step_size": 0
      }
    ]
  ],
  "exact_sus": 0.6194099585690315
}