{
  "observables": [
    "Chi_t"
  ],
  "n_samples": [
    25000,
    40000,
    50000,
    75000,
    100000,
    125000,
    150000,
    175000,
    200000,
    225000,
    250000
  ],
  "nip": {},
  "nmcmc": [
    [
      {
        "acc_rate": 0.66408,
        "n_steps": 25000,
        "obs_stats": {
          "Q": {
            "mean": -0.021680867299437523,
            "error": 0.007564716184697748,
            "tau_int": 1.0751386119630444,
            "dtau_int": 0.039474307390590026
          },
          "Chi_t": {
            "mean": 0.6657066345214844,
            "error": 0.008657784598109505,
            "tau_int": 1.047264412333034,
            "dtau_int": 0.03851444687536751
          }
        },
        "n_skipped": 0,
        "step_size": 0
      },
      {
        "acc_rate": 0.65892,
        "n_steps": 25000,
        "obs_stats": {
          "Q": {
            "mean": 0.010600424371659756,
            "error": 0.007941731755925968,
            "tau_int": 1.1752185552088583,
            "dtau_int": 0.0453948565418296
          },
          "Chi_t": {
            "mean": 0.670866847038269,
            "error": 0.009094348575412192,
            "tau_int": 1.1546766881585258,
            "dtau_int": 0.044650491180312654
          }
        },
        "n_skipped": 0,
        "step_size": 0
      },
      {
        "acc_rate": 0.652,
        "n_steps": 25000,
        "obs_stats": {
          "Q": {
            "mean": -0.007800311781466007,
            "error": 0.007519553896049356,
            "tau_int": 1.091935488960493,
            "dtau_int": 0.040051028781509415
          },
          "Chi_t": {
            "mean": 0.6472659111022949,
            "error": 0.008512076894570817,
            "tau_int": 1.0477162587806672,
            "dtau_int": 0.0385300342233162
          }
        },
        "n_skipped": 0,
        "step_size": 0
      }
    ],
    [
      {
        "acc_rate": 0.662575,
        "n_steps": 40000,
        "obs_stats": {
          "Q": {
            "mean": 0.00445011118426919,
            "error": 0.0061075345617945895,
            "tau_int": 1.105323665373967,
            "dtau_int": 0.033879407647847505
          },
          "Chi_t": {
            "mean": 0.6749168634414673,
            "error": 0.0067602119947484775,
            "tau_int": 0.9957718183137714,
            "dtau_int": 0.029039070559156846
          }
        },
        "n_skipped": 0,
        "step_size": 0
      },
      {
        "acc_rate": 0.65405,
        "n_steps": 40000,
        "obs_stats": {
          "Q": {
            "mean": 0.006150153931230307,
            "error": 0.006581055034116035,
            "tau_int": 1.2874847123434816,
            "dtau_int": 0.04114469710150307
          },
          "Chi_t": {
            "mean": 0.6727668046951294,
            "error": 0.007111417939775575,
            "tau_int": 1.1039057553272704,
            "dtau_int": 0.033838500399877285
          }
        },
        "n_skipped": 0,
        "step_size": 0
      },
      {
        "acc_rate": 0.65675,
        "n_steps": 40000,
        "obs_stats": {
          "Q": {
            "mean": -0.0015250381547957659,
            "error": 0.006290154199038669,
            "tau_int": 1.1716398310839695,
            "dtau_int": 0.03578509786314649
          },
          "Chi_t": {
            "mean": 0.6753419041633606,
            "error": 0.00730617004283926,
            "tau_int": 1.1720963438426915,
            "dtau_int": 0.035798165036150104
          }
        },
        "n_skipped": 0,
        "step_size": 0
      }
    ],
    [
      {
        "acc_rate": 0.65952,
        "n_steps": 50000,
        "obs_stats": {
          "Q": {
            "mean": -0.005880117416381836,
            "error": 0.005498933412612417,
            "tau_int": 1.1228926591621684,
            "dtau_int": 0.030755445543805087
          },
          "Chi_t": {
            "mean": 0.6732134819030762,
            "error": 0.006385882944098669,
            "tau_int": 1.1126009993047423,
            "dtau_int": 0.030490280580191258
          }
        },
        "n_skipped": 0,
        "step_size": 0
      },
      {
        "acc_rate": 0.66186,
        "n_steps": 50000,
        "obs_stats": {
          "Q": {
            "mean": -0.011740234680473804,
            "error": 0.005570439471580018,
            "tau_int": 1.1650973503459914,
            "dtau_int": 0.03183951529444417
          },
          "Chi_t": {
            "mean": 0.6659133434295654,
            "error": 0.005923700443061328,
            "tau_int": 1.0093861433316609,
            "dtau_int": 0.02630729652825029
          }
        },
        "n_skipped": 0,
        "step_size": 0
      },
      {
        "acc_rate": 0.66042,
        "n_steps": 50000,
        "obs_stats": {
          "Q": {
            "mean": -0.005780115723609924,
            "error": 0.005541077991265736,
            "tau_int": 1.1455107800132425,
            "dtau_int": 0.03133708217507966
          },
          "Chi_t": {
            "mean": 0.670073390007019,
            "error": 0.006536707884122267,
            "tau_int": 1.1680723504016384,
            "dtau_int": 0.0319157284889321
          }
        },
        "n_skipped": 0,
        "step_size": 0
      }
    ],
    [
      {
        "acc_rate": 0.65752,
        "n_steps": 75000,
        "obs_stats": {
          "Q": {
            "mean": 0.00541340559720993,
            "error": 0.004463818259191752,
            "tau_int": 1.121702413218962,
            "dtau_int": 0.02508660653042535
          },
          "Chi_t": {
            "mean": 0.6661422252655029,
            "error": 0.005104340258067538,
            "tau_int": 1.107796460612794,
            "dtau_int": 0.024793964803227098
          }
        },
        "n_skipped": 0,
        "step_size": 0
      },
      {
        "acc_rate": 0.65496,
        "n_steps": 75000,
        "obs_stats": {
          "Q": {
            "mean": -0.0009866798063740134,
            "error": 0.00459797711299001,
            "tau_int": 1.1935758317331882,
            "dtau_int": 0.02798377380629218
          },
          "Chi_t": {
            "mean": 0.6641955375671387,
            "error": 0.005219266511483941,
            "tau_int": 1.125962962550333,
            "dtau_int": 0.02517617199689653
          }
        },
        "n_skipped": 0,
        "step_size": 0
      },
      {
        "acc_rate": 0.6568133333333334,
        "n_steps": 75000,
        "obs_stats": {
          "Q": {
            "mean": 0.006493419874459505,
            "error": 0.0046124659061613105,
            "tau_int": 1.1909273887824265,
            "dtau_int": 0.02792526748758811
          },
          "Chi_t": {
            "mean": 0.6699156165122986,
            "error": 0.005145279752456359,
            "tau_int": 1.079220502117916,
            "dtau_int": 0.024191113874085936
          }
        },
        "n_skipped": 0,
        "step_size": 0
      }
    ],
    [
      {
        "acc_rate": 0.65551,
        "n_steps": 100000,
        "obs_stats": {
          "Q": {
            "mean": -0.0006800068076699972,
            "error": 0.00400416532444021,
            "tau_int": 1.191557778938482,
            "dtau_int": 0.024196012149763163
          },
          "Chi_t": {
            "mean": 0.6727667450904846,
            "error": 0.00459704823761495,
            "tau_int": 1.1385385643786532,
            "dtau_int": 0.0231787718202773
          }
        },
        "n_skipped": 0,
        "step_size": 0
      },
      {
        "acc_rate": 0.65732,
        "n_steps": 100000,
        "obs_stats": {
          "Q": {
            "mean": -0.002480024704709649,
            "error": 0.0039950987839424855,
            "tau_int": 1.187024854405358,
            "dtau_int": 0.024109264699634467
          },
          "Chi_t": {
            "mean": 0.6722867488861084,
            "error": 0.004452342647233418,
            "tau_int": 1.0906419653025712,