{
  "observables": [
    "Chi_t"
  ],
  "n_samples": [
    25000,
    40000,
    50000,
    75000,
    100000,
    125000,
    150000,
    175000
  ],
  "nip": [],
  "nmcmc": [
    [
      {
        "acc_rate": 0.1692,
        "n_steps": 25000,
        "obs_stats": {
          "Q": {
            "mean": 0.0635625422000885,
            "error": 0.02644742898522313,
            "tau_int": 16.365419515404113,
            "dtau_int": 1.9212531449501913
          },
          "Chi_t": {
            "mean": 0.5375815033912659,
            "error": 0.03213498759081633,
            "tau_int": 19.742989357300438,
            "dtau_int": 2.506797343347005
          }
        },
        "n_skipped": 0,
        "step_size": 0
      },
      {
        "acc_rate": 0.11268,
        "n_steps": 25000,
        "obs_stats": {
          "Q": {
            "mean": 0.34109362959861755,
            "error": 0.18801516761351497,
            "tau_int": 704.9194790090295,
            "dtau_int": 307.930030300266
          },
          "Chi_t": {
            "mean": 0.7124685049057007,
            "error": 0.03048831036132964,
            "tau_int": 28.486914065441773,
            "dtau_int": 4.20246814337684
          }
        },
        "n_skipped": 0,
        "step_size": 0
      },
      {
        "acc_rate": 0.15604,
        "n_steps": 25000,
        "obs_stats": {
          "Q": {
            "mean": 0.049441978335380554,
            "error": 0.04286534335308638,
            "tau_int": 44.3157443002841,
            "dtau_int": 7.791347770883438
          },
          "Chi_t": {
            "mean": 0.5189007520675659,
            "error": 0.03422632915278632,
            "tau_int": 26.44509130599719,
            "dtau_int": 3.785400748197804
          }
        },
        "n_skipped": 0,
        "step_size": 0
      }
    ],
    [
      {
        "acc_rate": 0.177175,
        "n_steps": 40000,
        "obs_stats": {
          "Q": {
            "mean": 0.04532613232731819,
            "error": 0.02596662424488708,
            "tau_int": 24.27740894958477,
            "dtau_int": 2.7597960275642177
          },
          "Chi_t": {
            "mean": 0.5568389296531677,
            "error": 0.01936245257550471,
            "tau_int": 12.180782470115041,
            "dtau_int": 1.0358752948567616
          }
        },
        "n_skipped": 0,
        "step_size": 0
      },
      {
        "acc_rate": 0.15895,
        "n_steps": 40000,
        "obs_stats": {
          "Q": {
            "mean": -0.024350609630346298,
            "error": 0.0341834063544463,
            "tau_int": 42.47264970302601,
            "dtau_int": 6.081639654891342
          },
          "Chi_t": {
            "mean": 0.5496637225151062,
            "error": 0.025755510928001372,
            "tau_int": 26.254999844175035,
            "dtau_int": 3.087039350419026
          }
        },
        "n_skipped": 0,
        "step_size": 0
      },
      {
        "acc_rate": 0.164325,
        "n_steps": 40000,
        "obs_stats": {
          "Q": {
            "mean": -0.04197604954242706,
            "error": 0.02642597583511357,
            "tau_int": 24.830291734899625,
            "dtau_int": 2.8492475767525622
          },
          "Chi_t": {
            "mean": 0.5635390877723694,
            "error": 0.03254611645221486,
            "tau_int": 27.829403512890252,
            "dtau_int": 3.3473371899683197
          }
        },
        "n_skipped": 0,
        "step_size": 0
      }
    ],
    [
      {
        "acc_rate": 0.16244,
        "n_steps": 50000,
        "obs_stats": {
          "Q": {
            "mean": 0.03282065689563751,
            "error": 0.02511203235401823,
            "tau_int": 28.390127537922744,
            "dtau_int": 3.142087517283685
          },
          "Chi_t": {
            "mean": 0.5557510852813721,
            "error": 0.02519152787254598,
            "tau_int": 25.667813003748744,
            "dtau_int": 2.724514759468224
          }
        },
        "n_skipped": 0,
        "step_size": 0
      },
      {
        "acc_rate": 0.1694,
        "n_steps": 50000,
        "obs_stats": {
          "Q": {
            "mean": -0.005980119574815035,
            "error": 0.016971581823161358,
            "tau_int": 14.53865806152424,
            "dtau_int": 1.212653641699337
          },
          "Chi_t": {
            "mean": 0.49502989649772644,
            "error": 0.019374354981411945,
            "tau_int": 16.823298267275884,
            "dtau_int": 1.4947473551989061
          }
        },
        "n_skipped": 0,
        "step_size": 0
      },
      {
        "acc_rate": 0.1714,
        "n_steps": 50000,
        "obs_stats": {
          "Q": {
            "mean": -0.02184043638408184,
            "error": 0.023343269510436387,
            "tau_int": 24.24457144813996,
            "dtau_int": 2.512637145893485
          },
          "Chi_t": {
            "mean": 0.5618112087249756,
            "error": 0.021469007248405548,
            "tau_int": 18.085478899602027,
            "dtau_int": 1.6529503174252271
          }
        },
        "n_skipped": 0,
        "step_size": 0
      }
    ],
    [
      {
        "acc_rate": 0.16956,
        "n_steps": 75000,
        "obs_stats": {
          "Q": {
            "mean": 0.007453432772308588,
            "error": 0.021327679105261493,
            "tau_int": 31.547802723240878,
            "dtau_int": 3.0734280678409958
          },
          "Chi_t": {
            "mean": 0.5402871966362,
            "error": 0.015014586210568446,
            "tau_int": 15.418613692648135,
            "dtau_int": 1.109470020514767
          }
        },
        "n_skipped": 0,
        "step_size": 0
      },
      {
        "acc_rate": 0.1696,
        "n_steps": 75000,
        "obs_stats": {
          "Q": {
            "mean": 0.023186976090073586,
            "error": 0.01956059564688709,
            "tau_int": 27.747480494167654,
            "dtau_int": 2.5612364404000783
          },
          "Chi_t": {
            "mean": 0.5172469019889832,
            "error": 0.021572781422702334,
            "tau_int": 29.284814563217775,
            "dtau_int": 2.7655568791688765
          }
        },
        "n_skipped": 0,
        "step_size": 0
      },
      {
        "acc_rate": 0.14902666666666667,
        "n_steps": 75000,
        "obs_stats": {
          "Q": {
            "mean": 0.048427313566207886,
            "error": 0.03257217253386875,
            "tau_int": 75.88055324316826,
            "dtau_int": 10.639515936789868
          },
          "Chi_t": {
            "mean": 0.5256069898605347,
            "error": 0.020385489760929812,
            "tau_int": 29.34535544599191,
            "dtau_int": 2.7707724308245667
          }
        },
        "n_skipped": 0,
        "step_size": 0
      }
    ],
    [
      {
        "acc_rate": 0.17303,
        "n_steps": 100000,
        "obs_stats": {
          "Q": {
            "mean": 0.013540135696530342,
            "error": 0.020667420085062067,
            "tau_int": 36.844638092226525,
            "dtau_int": 3.3901670588524078
          },
          "Chi_t": {
            "mean": 0.5794057846069336,
            "error": 0.021340340244917134,
            "tau_int": 31.366049659771875,
            "dtau_int": 2.6991997617192087
          }
        },
        "n_skipped": 0,
        "step_size": 0
      },
      {
        "acc_rate": 0.16247,
        "n_steps": 100000,
        "obs_stats": {
          "Q": {
            "mean": 0.02621026150882244,
            "error": 0.021136418314775342,
            "tau_int": 39.69692076621124,
            "dtau_int": 3.772714294915271
          },
          "Chi_t": {
            "mean": 0.5629356503486633,
            "error": 0.016396682118793575,
            "tau_int": 24.035655635079436,
            "dtau_int": 1.845999811818216
          }
        },
        "n_skipped": 0,