{
  "observables": [
    "Chi_t"
  ],
  "n_samples": [
    50000,
    125000,
    250000
  ],
  "nip": [
    [
      {
        "obs_stats": {
          "Q": {
            "mean": -0.011101425625383854,
            "error": 0.031555935740470886,
            "error_ess": 0.04349926859140396,
            "ess_q": 0.004522583447396755
          },
          "Chi_t": {
            "mean": 0.4279932379722595,
            "error": 0.03232641890645027,
            "error_ess": 0.043572813272476196,
            "ess_q": 0.004522583447396755
          }
        },
        "entropy": 45150.609375,
        "std_entropy": 87005968.0,
        "free_energy": -0.22509575835605997,
        "std_free_energy": 0.007930356077849865
      },
      {
        "obs_stats": {
          "Q": {
            "mean": 0.022845106199383736,
            "error": 0.018408866599202156,
            "error_ess": 0.03260792791843414,
            "ess_q": 0.008592653088271618
          },
          "Chi_t": {
            "mean": 0.45733121037483215,
            "error": 0.019928203895688057,
            "error_ess": 0.031791262328624725,
            "ess_q": 0.008592653088271618
          }
        },
        "entropy": 45286.83984375,
        "std_entropy": 63595160.0,
        "free_energy": -0.22389490256699715,
        "std_free_energy": 0.00574159761890769
      },
      {
        "obs_stats": {
          "Q": {
            "mean": -0.0011073591886088252,
            "error": 0.021830039098858833,
            "error_ess": 0.024356702342629433,
            "ess_q": 0.01704518310725689
          },
          "Chi_t": {
            "mean": 0.5055930614471436,
            "error": 0.027536781504750252,
            "error_ess": 0.02529318258166313,
            "ess_q": 0.01704518310725689
          }
        },
        "entropy": 45712.4375,
        "std_entropy": 45929988.0,
        "free_energy": -0.2233324318942456,
        "std_free_energy": 0.004059160593897104
      }
    ],
    [
      {
        "obs_stats": {
          "Q": {
            "mean": 0.04248671606183052,
            "error": 0.0716819241642952,
            "error_ess": 0.05947532132267952,
            "ess_q": 0.001109501114115119
          },
          "Chi_t": {
            "mean": 0.49238282442092896,
            "error": 0.07189878821372986,
            "error_ess": 0.05728677287697792,
            "ess_q": 0.001109501114115119
          }
        },
        "entropy": 116633.8515625,
        "std_entropy": 716407616.0,
        "free_energy": -0.22545358441895072,
        "std_free_energy": 0.010143615305423737
      },
      {
        "obs_stats": {
          "Q": {
            "mean": 0.0001254668168257922,
            "error": 0.01515776664018631,
            "error_ess": 0.02862158603966236,
            "ess_q": 0.00429665669798851
          },
          "Chi_t": {
            "mean": 0.43997159600257874,
            "error": 0.01571694202721119,
            "error_ess": 0.02800659090280533,
            "ess_q": 0.00429665669798851
          }
        },
        "entropy": 115872.4609375,
        "std_entropy": 360500192.0,
        "free_energy": -0.22462481518383498,
        "std_free_energy": 0.005146326497197151
      },
      {
        "obs_stats": {
          "Q": {
            "mean": 0.012073851190507412,
            "error": 0.024850038811564445,
            "error_ess": 0.025989623740315437,
            "ess_q": 0.005661364179104567
          },
          "Chi_t": {
            "mean": 0.47814539074897766,
            "error": 0.02498394064605236,
            "error_ess": 0.024442696943879128,
            "ess_q": 0.005661364179104567
          }
        },
        "entropy": 117048.375,
        "std_entropy": 319591488.0,
        "free_energy": -0.22461145458699738,
        "std_free_energy": 0.004480271600186825
      }
    ],
    [
      {
        "obs_stats": {
          "Q": {
            "mean": -0.012412456795573235,
            "error": 0.016618797555565834,
            "error_ess": 0.019874930381774902,
            "ess_q": 0.004884740803390741
          },
          "Chi_t": {
            "mean": 0.48253607749938965,
            "error": 0.017039168626070023,
            "error_ess": 0.019247008487582207,
            "ess_q": 0.004884740803390741
          }
        },
        "entropy": 235414.546875,
        "std_entropy": 966013760.0,
        "free_energy": -0.22397199865149842,
        "std_free_energy": 0.0034119116608053446
      },
      {
        "obs_stats": {
          "Q": {
            "mean": 0.005284251645207405,
            "error": 0.013843143358826637,
            "error_ess": 0.013300197198987007,
            "ess_q": 0.011017251759767532
          },
          "Chi_t": {
            "mean": 0.48725083470344543,
            "error": 0.021028606221079826,
            "error_ess": 0.013623052276670933,
            "ess_q": 0.011017251759767532
          }
        },
        "entropy": 234504.546875,
        "std_entropy": 639227008.0,
        "free_energy": -0.22369492668382923,
        "std_free_energy": 0.002264850540086627
      },
      {
        "obs_stats": {
          "Q": {
            "mean": 0.01056983508169651,
            "error": 0.011785984970629215,
            "error_ess": 0.01994132064282894,
            "ess_q": 0.004474524408578873
          },
          "Chi_t": {
            "mean": 0.4449406564235687,
            "error": 0.012729491107165813,
            "error_ess": 0.020034585148096085,
            "ess_q": 0.004474524408578873
          }
        },
        "entropy": 234548.453125,
        "std_entropy": 1000784896.0,
        "free_energy": -0.22507746938159068,
        "std_free_energy": 0.0035656162071973085
      }
    ]
  ],
  "nmcmc": [
    [
      {
        "acc_rate": 0.14928,
        "n_steps": 50000,
        "obs_stats": {
          "Q": {
            "mean": -0.020740414038300514,
            "error": 0.02544677569901134,
            "tau_int": 35.30511879131197,
            "dtau_int": 4.274090176630185
          },
          "Chi_t": {
            "mean": 0.4583091735839844,
            "error": 0.01968489656570954,
            "tau_int": 23.466434794468,
            "dtau_int": 2.3934490372858037
          }
        },
        "n_skipped": 0,
        "step_size": 0
      },
      {
        "acc_rate": 0.14628,
        "n_steps": 50000,
        "obs_stats": {
          "Q": {
            "mean": 0.009380187839269638,
            "error": 0.018885005774274603,
            "tau_int": 21.225569728105228,
            "dtau_int": 2.0820700974572923
          },
          "Chi_t": {
            "mean": 0.4197883903980255,
            "error": 0.017286064746067024,
            "tau_int": 18.07386076384735,
            "dtau_int": 1.6519803596579545
          }
        },
        "n_skipped": 0,
        "step_size": 0
      },
      {
        "acc_rate": 0.14564,
        "n_steps": 50000,
        "obs_stats": {
          "Q": {
            "mean": 0.027540551498532295,
            "error": 0.01788581405049296,
            "tau_int": 18.05490727216748,
            "dtau_int": 1.6503977339715836
          },
          "Chi_t": {
            "mean": 0.4433888792991638,
            "error": 0.02127883860124293,
            "tau_int": 24.159624270694938,
            "dtau_int": 2.4952861130506716
          }
        },
        "n_skipped": 0,
        "step_size": 0
      }
    ],
    [
      {
        "acc_rate": 0.1266,
        "n_steps": 125000,
        "obs_stats": {
          "Q": {
            "mean": 0.050976406782865524,
            "error": 0.026572337781521165,
            "tau_int": 99.08344526914819,
            "dtau_int": 12.563475468053307
          },
          "Chi_t": {
            "mean": 0.4472835659980774,
            "error": 0.029136215964649135,
            "tau_int": 116.40256545192292,
            "dtau_int": 15.76353119618251
          }
        },
        "n_skipped": 0,