{
  "observables": [
    "Chi_t"
  ],
  "n_samples": [
    100000
  ],
  "nip": [
    [
      {
        "obs_stats": {
          "Q": {
            "mean": 0.00803354848176241,
            "error": 0.006056167650967836,
            "error_ess": 0.006116704549640417,
            "ess_q": 0.13950739800930023
          },
          "Chi_t": {
            "mean": 0.522018551826477,
            "error": 0.007133728824555874,
            "error_ess": 0.006428383756428957,
            "ess_q": 0.13950739800930023
          }
        },
        "entropy": 119513.328125,
        "std_entropy": 47828492.0,
        "free_energy": -0.3999532801939527,
        "std_free_energy": 0.0011106826132163405
      }
    ]
  ],
  "nmcmc": [
    [
      {
        "acc_rate": 0.37092,
        "n_steps": 100000,
        "obs_stats": {
          "Q": {
            "mean": -0.0001500000071246177,
            "error": 0.0067405323634492234,
            "tau_int": 4.312865727439775,
            "dtau_int": 0.15713785095022847
          },
          "Chi_t": {
            "mean": 0.5266900062561035,
            "error": 0.007739396600740709,
            "tau_int": 5.050210000862448,
            "dtau_int": 0.19805527748466273
          }
        },
        "n_skipped": 0,
        "step_size": 0
      }
    ]
  ],
  "exact_sus": 0.5220380390187412
}