{
  "observables": [
    "Chi_t"
  ],
  "n_samples": [
    50000,
    80000,
    100000,
    150000,
    200000,
    250000,
    300000
  ],
  "nip": [],
  "nmcmc": [
    [
      {
        "acc_rate": 0.0691,
        "n_steps": 50000,
        "obs_stats": {
          "Q": {
            "mean": 0.03598000109195709,
            "error": 0.0694037331387197,
            "tau_int": 220.35988441917758,
            "dtau_int": 54.73236033445103
          },
          "Chi_t": {
            "mean": 0.5431399941444397,
            "error": 0.06825463824963673,
            "tau_int": 184.11989730924208,
            "dtau_int": 42.797642671642585
          }
        },
        "n_skipped": 0,
        "step_size": 0
      },
      {
        "acc_rate": 0.06864,
        "n_steps": 50000,
        "obs_stats": {
          "Q": {
            "mean": 0.05084000155329704,
            "error": 0.03934595271021063,
            "tau_int": 105.3274548405077,
            "dtau_int": 19.7874951902132
          },
          "Chi_t": {
            "mean": 0.36851999163627625,
            "error": 0.05198134054074859,
            "tau_int": 182.58844384669436,
            "dtau_int": 42.301027538139486
          }
        },
        "n_skipped": 0,
        "step_size": 0
      },
      {
        "acc_rate": 0.09754,
        "n_steps": 50000,
        "obs_stats": {
          "Q": {
            "mean": -0.08473999798297882,
            "error": 0.05442150459953289,
            "tau_int": 122.61753982323546,
            "dtau_int": 24.446935406326393
          },
          "Chi_t": {
            "mean": 0.6081399917602539,
            "error": 0.04521638885280998,
            "tau_int": 83.83669735062425,
            "dtau_int": 14.397732805733805
          }
        },
        "n_skipped": 0,
        "step_size": 0
      }
    ],
    [
      {
        "acc_rate": 0.0731,
        "n_steps": 80000,
        "obs_stats": {
          "Q": {
            "mean": 0.07251249998807907,
            "error": 0.0676543454205365,
            "tau_int": 316.2920874393105,
            "dtau_int": 75.45432352198473
          },
          "Chi_t": {
            "mean": 0.5796874761581421,
            "error": 0.09417618901365074,
            "tau_int": 478.22180644181606,
            "dtau_int": 132.4112414390498
          }
        },
        "n_skipped": 0,
        "step_size": 0
      },
      {
        "acc_rate": 0.0929,
        "n_steps": 80000,
        "obs_stats": {
          "Q": {
            "mean": 0.03816249966621399,
            "error": 0.05306679995433809,
            "tau_int": 194.8242533271588,
            "dtau_int": 38.71260733448191
          },
          "Chi_t": {
            "mean": 0.5768874883651733,
            "error": 0.026071895664067885,
            "tau_int": 55.301681881263285,
            "dtau_int": 6.626959064947982
          }
        },
        "n_skipped": 0,
        "step_size": 0
      },
      {
        "acc_rate": 0.087025,
        "n_steps": 80000,
        "obs_stats": {
          "Q": {
            "mean": 0.021375000476837158,
            "error": 0.04901287916847706,
            "tau_int": 174.48235884974272,
            "dtau_int": 33.22085556725797
          },
          "Chi_t": {
            "mean": 0.5488250255584717,
            "error": 0.02952844235217906,
            "tau_int": 61.73167426444503,
            "dtau_int": 7.744414155259982
          }
        },
        "n_skipped": 0,
        "step_size": 0
      }
    ],
    [
      {
        "acc_rate": 0.08002,
        "n_steps": 100000,
        "obs_stats": {
          "Q": {
            "mean": 0.048969998955726624,
            "error": 0.0525237698802647,
            "tau_int": 271.08266582098224,
            "dtau_int": 56.11914913140453
          },
          "Chi_t": {
            "mean": 0.5085499882698059,
            "error": 0.05589173958470759,
            "tau_int": 254.96413932189486,
            "dtau_int": 51.56421028294489
          }
        },
        "n_skipped": 0,
        "step_size": 0
      },
      {
        "acc_rate": 0.08654,
        "n_steps": 100000,
        "obs_stats": {
          "Q": {
            "mean": -0.06122000142931938,
            "error": 0.04623668983868267,
            "tau_int": 218.6534902672799,
            "dtau_int": 41.667037545848586
          },
          "Chi_t": {
            "mean": 0.49052000045776367,
            "error": 0.02670151796479369,
            "tau_int": 70.35478588059286,
            "dtau_int": 8.491041129348055
          }
        },
        "n_skipped": 0,
        "step_size": 0
      },
      {
        "acc_rate": 0.09097,
        "n_steps": 100000,
        "obs_stats": {
          "Q": {
            "mean": 0.05917000025510788,
            "error": 0.040366826350872895,
            "tau_int": 134.26518692505965,
            "dtau_int": 21.09689896399705
          },
          "Chi_t": {
            "mean": 0.608709990978241,
            "error": 0.054780043261554334,
            "tau_int": 218.92632979240776,
            "dtau_int": 41.73573494297415
          }
        },
        "n_skipped": 0,
        "step_size": 0
      }
    ],
    [
      {
        "acc_rate": 0.08638,
        "n_steps": 150000,
        "obs_stats": {
          "Q": {
            "mean": 0.03137333318591118,
            "error": 0.03192193660994507,
            "tau_int": 131.50911756992014,
            "dtau_int": 17.380323554694506
          },
          "Chi_t": {
            "mean": 0.5811200141906738,
            "error": 0.04018395706529186,
            "tau_int": 170.88669388190118,
            "dtau_int": 25.124618611608575
          }
        },
        "n_skipped": 0,
        "step_size": 0
      },
      {
        "acc_rate": 0.08284,
        "n_steps": 150000,
        "obs_stats": {
          "Q": {
            "mean": 0.006240000016987324,
            "error": 0.03267052017003008,
            "tau_int": 152.28627174736832,
            "dtau_int": 21.36663736725529
          },
          "Chi_t": {
            "mean": 0.5246533155441284,
            "error": 0.026485432349066498,
            "tau_int": 99.09972164768018,
            "dtau_int": 11.6517032092167
          }
        },
        "n_skipped": 0,
        "step_size": 0
      },
      {
        "acc_rate": 0.03559333333333333,
        "n_steps": 150000,
        "obs_stats": {
          "Q": {
            "mean": -0.6645399928092957,
            "error": 0.22689457574885863,
            "tau_int": 9126.302733067205,
            "dtau_int": 4333.0104754492795
          },
          "Chi_t": {
            "mean": 0.8229799866676331,
            "error": 0.07321071696984516,
            "tau_int": 1891.4196789288296,
            "dtau_int": 669.0444746058628
          }
        },
        "n_skipped": 0,
        "step_size": 0
      }
    ],
    [
      {
        "acc_rate": 0.0701,
        "n_steps": 200000,
        "obs_stats": {
          "Q": {
            "mean": -0.17718499898910522,
            "error": 0.07433077433526762,
            "tau_int": 966.9688217101744,
            "dtau_int": 248.21286074095968
          },
          "Chi_t": {
            "mean": 0.597474992275238,
            "error": 0.029019373150040183,
            "tau_int": 162.72533139637306,
            "dtau_int": 20.848851438500336
          }
        },
        "n_skipped": 0,
        "step_size": 0
      },
      {
        "acc_rate": 0.086595,
        "n_steps": 200000,
        "obs_stats": {
          "Q": {
            "mean": 0.02853499911725521,
            "error": 0.023706152159633728,
            "tau_int": 110.635271028766,
            "dtau_int": 12.077650040562474
          },
          "Chi_t": {
            "mean": 0.5082150101661682,
            "error": 0.020038377039545252,
            "tau_int": 76.78855567266766,
            "dtau_int": 7.184647209478831
          }
        },
        "n_skipped": 0,
        "step_size": 0
      },
      {
        "acc_rate": 0.08851,