{
  "observables": [
    "Chi_t"
  ],
  "n_samples": [
    50000,
    80000,
    100000
  ],
  "nip": [],
  "nmcmc": [
    [
      {
        "acc_rate": 0.81392,
        "n_steps": 50000,
        "obs_stats": {
          "Q": {
            "mean": 0.00812000036239624,
            "error": 0.004439384077536722,
            "tau_int": 0.7558262337041715,
            "dtau_int": 0.016202451858196968
          },
          "Chi_t": {
            "mean": 0.6519200205802917,
            "error": 0.0048874151704760985,
            "tau_int": 0.7075614690537624,
            "dtau_int": 0.015231402168230636
          }
        },
        "n_skipped": 0,
        "step_size": 0
      },
      {
        "acc_rate": 0.8165,
        "n_steps": 50000,
        "obs_stats": {
          "Q": {
            "mean": 0.0033400000538676977,
            "error": 0.004379533621330729,
            "tau_int": 0.7324890672223809,
            "dtau_int": 0.015734043760368452
          },
          "Chi_t": {
            "mean": 0.6546199917793274,
            "error": 0.004984364533989167,
            "tau_int": 0.7170388265009346,
            "dtau_int": 0.015422785000226494
          }
        },
        "n_skipped": 0,
        "step_size": 0
      },
      {
        "acc_rate": 0.81964,
        "n_steps": 50000,
        "obs_stats": {
          "Q": {
            "mean": -0.0031999999191612005,
            "error": 0.0043665189455449754,
            "tau_int": 0.7448208465395199,
            "dtau_int": 0.015981820208170253
          },
          "Chi_t": {
            "mean": 0.639959990978241,
            "error": 0.004796216398601512,
            "tau_int": 0.7012343668842937,
            "dtau_int": 0.015103443108264992
          }
        },
        "n_skipped": 0,
        "step_size": 0
      }
    ],
    [
      {
        "acc_rate": 0.8152375,
        "n_steps": 80000,
        "obs_stats": {
          "Q": {
            "mean": -0.010400000028312206,
            "error": 0.0034229504885014083,
            "tau_int": 0.7245560639715325,
            "dtau_int": 0.012312597536693067
          },
          "Chi_t": {
            "mean": 0.6469249725341797,
            "error": 0.0038595148175165715,
            "tau_int": 0.703939523171407,
            "dtau_int": 0.011983586249461083
          }
        },
        "n_skipped": 0,
        "step_size": 0
      },
      {
        "acc_rate": 0.8156125,
        "n_steps": 80000,
        "obs_stats": {
          "Q": {
            "mean": 0.0016125000547617674,
            "error": 0.0034760974460435815,
            "tau_int": 0.7397190048692113,
            "dtau_int": 0.013599851083322425
          },
          "Chi_t": {
            "mean": 0.6533874869346619,
            "error": 0.003951256262726299,
            "tau_int": 0.7278623171064118,
            "dtau_int": 0.012365240814691626
          }
        },
        "n_skipped": 0,
        "step_size": 0
      },
      {
        "acc_rate": 0.8170375,
        "n_steps": 80000,
        "obs_stats": {
          "Q": {
            "mean": -0.005450000055134296,
            "error": 0.0034392889225491065,
            "tau_int": 0.7253737300056387,
            "dtau_int": 0.01232561977922177
          },
          "Chi_t": {
            "mean": 0.6523000001907349,
            "error": 0.003949986303029708,
            "tau_int": 0.7301752407738744,
            "dtau_int": 0.012402048237832934
          }
        },
        "n_skipped": 0,
        "step_size": 0
      }
    ],
    [
      {
        "acc_rate": 0.81715,
        "n_steps": 100000,
        "obs_stats": {
          "Q": {
            "mean": -0.0035699999425560236,
            "error": 0.0030822156195123387,
            "tau_int": 0.7319368140673423,
            "dtau_int": 0.012043030584123302
          },
          "Chi_t": {
            "mean": 0.6489700078964233,
            "error": 0.0034811946427073448,
            "tau_int": 0.7202717150353384,
            "dtau_int": 0.01095166289091455
          }
        },
        "n_skipped": 0,
        "step_size": 0
      },
      {
        "acc_rate": 0.8162,
        "n_steps": 100000,
        "obs_stats": {
          "Q": {
            "mean": 0.0034199999645352364,
            "error": 0.0031248599992586617,
            "tau_int": 0.7418015889812861,
            "dtau_int": 0.012196443938924243
          },
          "Chi_t": {
            "mean": 0.6581799983978271,
            "error": 0.003597630557009976,
            "tau_int": 0.748396317190017,
            "dtau_int": 0.01229886708472988
          }
        },
        "n_skipped": 0,
        "step_size": 0
      },
      {
        "acc_rate": 0.81714,
        "n_steps": 100000,
        "obs_stats": {
          "Q": {
            "mean": 0.0010400000028312206,
            "error": 0.0031076256821481124,
            "tau_int": 0.7426795373401529,
            "dtau_int": 0.012210085685651705
          },
          "Chi_t": {
            "mean": 0.650160014629364,
            "error": 0.003561211265583652,
            "tau_int": 0.7466240482718389,
            "dtau_int": 0.012271352549068457
          }
        },
        "n_skipped": 0,
        "step_size": 0
      }
    ]
  ],
  "exact_sus": 0.6500977944017748
}