{
  "observables": [
    "Chi_t"
  ],
  "n_samples": [
    50000,
    80000,
    100000,
    150000,
    200000,
    250000,
    300000
  ],
  "nip": [],
  "nmcmc": [
    [
      {
        "acc_rate": 0.02614,
        "n_steps": 50000,
        "obs_stats": {
          "Q": {
            "mean": -0.0370200015604496,
            "error": 0.17523087645837862,
            "tau_int": 1167.8466272806606,
            "dtau_int": 489.008871873602
          },
          "Chi_t": {
            "mean": 0.6316199898719788,
            "error": 0.05590762219829632,
            "tau_int": 211.69330808407108,
            "dtau_int": 51.81279034335655
          }
        },
        "n_skipped": 0,
        "step_size": 0
      }
    ],
    [
      {
        "acc_rate": 0.0191375,
        "n_steps": 80000,
        "obs_stats": {
          "Q": {
            "mean": 0.1780875027179718,
            "error": 0.22330380100590871,
            "tau_int": 2668.800377560226,
            "dtau_int": 1204.1732029910393
          },
          "Chi_t": {
            "mean": 0.736412525177002,
            "error": 0.05850602343476649,
            "tau_int": 292.829979914251,
            "dtau_int": 67.91099165092739
          }
        },
        "n_skipped": 0,
        "step_size": 0
      }
    ],
    [
      {
        "acc_rate": 0.0267,
        "n_steps": 100000,
        "obs_stats": {
          "Q": {
            "mean": -0.07965999841690063,
            "error": 0.06149804866140106,
            "tau_int": 414.36807489907284,
            "dtau_int": 100.58589952110073
          },
          "Chi_t": {
            "mean": 0.45906001329421997,
            "error": 0.06114724537350071,
            "tau_int": 371.5962617976464,
            "dtau_int": 86.63545861797175
          }
        },
        "n_skipped": 0,
        "step_size": 0
      }
    ],
    [
      {
        "acc_rate": 0.01696,
        "n_steps": 150000,
        "obs_stats": {
          "Q": {
            "mean": -0.00139999995008111,
            "error": 0.03186136156686625,
            "tau_int": 247.04871566905578,
            "dtau_int": 42.10860695084268
          },
          "Chi_t": {
            "mean": 0.30718666315078735,
            "error": 0.07929319015050992,
            "tau_int": 1073.749560186722,
            "dtau_int": 316.33424713497084
          }
        },
        "n_skipped": 0,
        "step_size": 0
      }
    ],
    [
      {
        "acc_rate": 0.02659,
        "n_steps": 200000,
        "obs_stats": {
          "Q": {
            "mean": -0.14124499261379242,
            "error": 0.11066083277706235,
            "tau_int": 1847.1974104978112,
            "dtau_int": 592.4467843960275
          },
          "Chi_t": {
            "mean": 0.6714450120925903,
            "error": 0.03177606813681408,
            "tau_int": 195.7179378156058,
            "dtau_int": 27.045670618468602
          }
        },
        "n_skipped": 0,
        "step_size": 0
      }
    ],
    [
      {
        "acc_rate": 0.016904,
        "n_steps": 250000,
        "obs_stats": {
          "Q": {
            "mean": 0.05241600051522255,
            "error": 0.070120910629287,
            "tau_int": 1295.028601697223,
            "dtau_int": 340.7661555358553
          },
          "Chi_t": {
            "mean": 0.4726400077342987,
            "error": 0.0670451443556447,
            "tau_int": 1327.1533015295915,
            "dtau_int": 352.267456514795
          }
        },
        "n_skipped": 0,
        "step_size": 0
      }
    ],
    [
      {
        "acc_rate": 0.0266,
        "n_steps": 300000,
        "obs_stats": {
          "Q": {
            "mean": 0.1556733399629593,
            "error": 0.14410297646511985,
            "tau_int": 3743.9878592602395,
            "dtau_int": 1320.201269360771
          },
          "Chi_t": {
            "mean": 0.8370933532714844,
            "error": 0.22317848952067815,
            "tau_int": 5770.762951417456,
            "dtau_int": 2301.1515308465773
          }
        },
        "n_skipped": 0,
        "step_size": 0
      }
    ]
  ],
  "exact_sus": 0.5698456448544806
}