{
  "observables": [
    "Chi_t"
  ],
  "n_samples": [
    50000,
    80000,
    100000
  ],
  "nip": [],
  "nmcmc": [
    [
      {
        "acc_rate": 0.73056,
        "n_steps": 50000,
        "obs_stats": {
          "Q": {
            "mean": 0.0066200001165270805,
            "error": 0.005002097330539907,
            "tau_int": 0.9408062358721485,
            "dtau_int": 0.023135714677969998
          },
          "Chi_t": {
            "mean": 0.664900004863739,
            "error": 0.00570609448860827,
            "tau_int": 0.8959487829717154,
            "dtau_int": 0.022097884233601345
          }
        },
        "n_skipped": 0,
        "step_size": 0
      },
      {
        "acc_rate": 0.73402,
        "n_steps": 50000,
        "obs_stats": {
          "Q": {
            "mean": -0.006039999891072512,
            "error": 0.005080605860394799,
            "tau_int": 0.971113258032293,
            "dtau_int": 0.025366529314009054
          },
          "Chi_t": {
            "mean": 0.6645200252532959,
            "error": 0.005763711457554629,
            "tau_int": 0.9118394641833905,
            "dtau_int": 0.02246630409721818
          }
        },
        "n_skipped": 0,
        "step_size": 0
      },
      {
        "acc_rate": 0.7345,
        "n_steps": 50000,
        "obs_stats": {
          "Q": {
            "mean": 0.004780000075697899,
            "error": 0.0050357970298415215,
            "tau_int": 0.9403703647316519,
            "dtau_int": 0.023125662705585113
          },
          "Chi_t": {
            "mean": 0.6741799712181091,
            "error": 0.005608163722407808,
            "tau_int": 0.8680080687540164,
            "dtau_int": 0.02144804474694949
          }
        },
        "n_skipped": 0,
        "step_size": 0
      }
    ],
    [
      {
        "acc_rate": 0.7317625,
        "n_steps": 80000,
        "obs_stats": {
          "Q": {
            "mean": 0.0036124999169260263,
            "error": 0.003908114424557977,
            "tau_int": 0.920096219746418,
            "dtau_int": 0.01905721603800897
          },
          "Chi_t": {
            "mean": 0.6639875173568726,
            "error": 0.0043540731059785445,
            "tau_int": 0.8771479246471661,
            "dtau_int": 0.01712444828976574
          }
        },
        "n_skipped": 0,
        "step_size": 0
      },
      {
        "acc_rate": 0.7336125,
        "n_steps": 80000,
        "obs_stats": {
          "Q": {
            "mean": -0.006324999965727329,
            "error": 0.003959099663551204,
            "tau_int": 0.9404202624973388,
            "dtau_int": 0.019455088069867076
          },
          "Chi_t": {
            "mean": 0.6667249798774719,
            "error": 0.004454212706474273,
            "tau_int": 0.8849517445404187,
            "dtau_int": 0.01726795553889966
          }
        },
        "n_skipped": 0,
        "step_size": 0
      },
      {
        "acc_rate": 0.7290125,
        "n_steps": 80000,
        "obs_stats": {
          "Q": {
            "mean": -0.005612500011920929,
            "error": 0.003982783034523515,
            "tau_int": 0.9554005921034623,
            "dtau_int": 0.01974769275555852
          },
          "Chi_t": {
            "mean": 0.6641374826431274,
            "error": 0.004378324839543439,
            "tau_int": 0.8819466054251606,
            "dtau_int": 0.01721271196121977
          }
        },
        "n_skipped": 0,
        "step_size": 0
      }
    ],
    [
      {
        "acc_rate": 0.73339,
        "n_steps": 100000,
        "obs_stats": {
          "Q": {
            "mean": -0.002369999885559082,
            "error": 0.0034856338488871517,
            "tau_int": 0.913869214874931,
            "dtau_int": 0.016936075967266102
          },
          "Chi_t": {
            "mean": 0.6647300124168396,
            "error": 0.004067875910116093,
            "tau_int": 0.9304352891735521,
            "dtau_int": 0.01722644059135142
          }
        },
        "n_skipped": 0,
        "step_size": 0
      },
      {
        "acc_rate": 0.73153,
        "n_steps": 100000,
        "obs_stats": {
          "Q": {
            "mean": 0.007639999967068434,
            "error": 0.0035797403073813947,
            "tau_int": 0.9549486972544676,
            "dtau_int": 0.017654985836646896
          },
          "Chi_t": {
            "mean": 0.6710000038146973,
            "error": 0.004070454659876202,
            "tau_int": 0.9000999376041339,
            "dtau_int": 0.015693675483954485
          }
        },
        "n_skipped": 0,
        "step_size": 0
      },
      {
        "acc_rate": 0.73277,
        "n_steps": 100000,
        "obs_stats": {
          "Q": {
            "mean": -0.0020600000862032175,
            "error": 0.003543569566268711,
            "tau_int": 0.9412275712535454,
            "dtau_int": 0.01741527655957247
          },
          "Chi_t": {
            "mean": 0.6670399904251099,
            "error": 0.00409018646562063,
            "tau_int": 0.9251120811523688,
            "dtau_int": 0.01713320353865462
          }
        },
        "n_skipped": 0,
        "step_size": 0
      }
    ]
  ],
  "exact_sus": 0.6687749432186545
}