{
  "observables": [
    "Chi_t"
  ],
  "n_samples": [
    50000,
    80000,
    100000,
    150000,
    200000,
    250000,
    300000,
    350000,
    500000
  ],
  "nip": [],
  "nmcmc": [
    [
      {
        "acc_rate": 0.02834,
        "n_steps": 50000,
        "obs_stats": {
          "Q": {
            "mean": -0.023639999330043793,
            "error": 0.021732882143799155,
            "tau_int": 81.1067681720256,
            "dtau_int": 13.752670477450543
          },
          "Chi_t": {
            "mean": 0.1456799954175949,
            "error": 0.024484314447843856,
            "tau_int": 109.9373054397474,
            "dtau_int": 21.010688935545318
          }
        },
        "n_skipped": 0,
        "step_size": 0
      },
      {
        "acc_rate": 0.0217,
        "n_steps": 50000,
        "obs_stats": {
          "Q": {
            "mean": -0.12073999643325806,
            "error": 0.0692440340518461,
            "tau_int": 469.042514935723,
            "dtau_int": 151.23010052200078
          },
          "Chi_t": {
            "mean": 0.26565998792648315,
            "error": 0.0648689033798855,
            "tau_int": 459.3483892356468,
            "dtau_int": 147.11497504934522
          }
        },
        "n_skipped": 0,
        "step_size": 0
      },
      {
        "acc_rate": 0.0167,
        "n_steps": 50000,
        "obs_stats": {
          "Q": {
            "mean": -0.09171999990940094,
            "error": 0.05409811751528091,
            "tau_int": 416.8099928906176,
            "dtau_int": 129.28852096827643
          },
          "Chi_t": {
            "mean": 0.18119999766349792,
            "error": 0.052890963784701074,
            "tau_int": 285.88108738198594,
            "dtau_int": 77.92004255128056
          }
        },
        "n_skipped": 0,
        "step_size": 0
      }
    ],
    [
      {
        "acc_rate": 0.0281375,
        "n_steps": 80000,
        "obs_stats": {
          "Q": {
            "mean": -0.08408749848604202,
            "error": 0.057423208326353635,
            "tau_int": 454.2498125481504,
            "dtau_int": 123.49623862167842
          },
          "Chi_t": {
            "mean": 0.2942875027656555,
            "error": 0.046876484538319906,
            "tau_int": 294.50226175022283,
            "dtau_int": 68.43606965077014
          }
        },
        "n_skipped": 0,
        "step_size": 0
      },
      {
        "acc_rate": 0.018525,
        "n_steps": 80000,
        "obs_stats": {
          "Q": {
            "mean": -0.1300249993801117,
            "error": 0.0708837518757412,
            "tau_int": 792.748677729192,
            "dtau_int": 260.14669152406424
          },
          "Chi_t": {
            "mean": 0.265749990940094,
            "error": 0.06552961462188402,
            "tau_int": 786.7300109954742,
            "dtau_int": 257.5126078670404
          }
        },
        "n_skipped": 0,
        "step_size": 0
      },
      {
        "acc_rate": 0.01055,
        "n_steps": 80000,
        "obs_stats": {
          "Q": {
            "mean": 0.17533749341964722,
            "error": 0.18442425352881933,
            "tau_int": 4937.5834418327395,
            "dtau_int": 2342.33997899158
          },
          "Chi_t": {
            "mean": 0.27876248955726624,
            "error": 0.1738778697920677,
            "tau_int": 5278.087159728986,
            "dtau_int": 2488.66506650253
          }
        },
        "n_skipped": 0,
        "step_size": 0
      }
    ],
    [
      {
        "acc_rate": 0.01354,
        "n_steps": 100000,
        "obs_stats": {
          "Q": {
            "mean": -0.08135999739170074,
            "error": 0.19247255056270418,
            "tau_int": 3252.8472686636424,
            "dtau_int": 1460.9091138245494
          },
          "Chi_t": {
            "mean": 0.5442799925804138,
            "error": 0.11033723350796033,
            "tau_int": 1252.099744659464,
            "dtau_int": 442.0036423906246
          }
        },
        "n_skipped": 0,
        "step_size": 0
      },
      {
        "acc_rate": 0.01424,
        "n_steps": 100000,
        "obs_stats": {
          "Q": {
            "mean": 0.004540000110864639,
            "error": 0.031158533100916635,
            "tau_int": 284.00197217177646,
            "dtau_int": 59.856352347794
          },
          "Chi_t": {
            "mean": 0.17000000178813934,
            "error": 0.07218897541136922,
            "tau_int": 828.8782663583695,
            "dtau_int": 256.5841766382648
          }
        },
        "n_skipped": 0,
        "step_size": 0
      },
      {
        "acc_rate": 0.01436,
        "n_steps": 100000,
        "obs_stats": {
          "Q": {
            "mean": -0.2324099987745285,
            "error": 0.145459152056436,
            "tau_int": 2582.684969883488,
            "dtau_int": 1106.6212937186417
          },
          "Chi_t": {
            "mean": 0.44512999057769775,
            "error": 0.1372627905134307,
            "tau_int": 3510.927236526076,
            "dtau_int": 1598.0810208956898
          }
        },
        "n_skipped": 0,
        "step_size": 0
      }
    ],
    [
      {
        "acc_rate": 0.015373333333333333,
        "n_steps": 150000,
        "obs_stats": {
          "Q": {
            "mean": 0.08058000355958939,
            "error": 0.12145379050762341,
            "tau_int": 3196.8999953022976,
            "dtau_int": 1308.7365692682595
          },
          "Chi_t": {
            "mean": 0.33945998549461365,
            "error": 0.07795989888627809,
            "tau_int": 1636.7392760585844,
            "dtau_int": 553.7090486170413
          }
        },
        "n_skipped": 0,
        "step_size": 0
      },
      {
        "acc_rate": 0.019946666666666668,
        "n_steps": 150000,
        "obs_stats": {
          "Q": {
            "mean": 0.042733334004879,
            "error": 0.07552300279218842,
            "tau_int": 1017.9934369322718,
            "dtau_int": 294.50377417394566
          },
          "Chi_t": {
            "mean": 0.4166400134563446,
            "error": 0.07011468927825307,
            "tau_int": 892.0300743580027,
            "dtau_int": 246.4961700997415
          }
        },
        "n_skipped": 0,
        "step_size": 0
      },
      {
        "acc_rate": 0.02058,
        "n_steps": 150000,
        "obs_stats": {
          "Q": {
            "mean": -0.12001333385705948,
            "error": 0.07953431355829126,
            "tau_int": 1296.5069164521487,
            "dtau_int": 406.9183202275668
          },
          "Chi_t": {
            "mean": 0.37439998984336853,
            "error": 0.11686621129068404,
            "tau_int": 1738.624420063084,
            "dtau_int": 599.3843462482172
          }
        },
        "n_skipped": 0,
        "step_size": 0
      }
    ],
    [
      {
        "acc_rate": 0.01393,
        "n_steps": 200000,
        "obs_stats": {
          "Q": {
            "mean": -0.10651499778032303,
            "error": 0.10723382320758625,
            "tau_int": 2591.9651268407874,
            "dtau_int": 924.4660588758848
          },
          "Chi_t": {
            "mean": 0.4444350004196167,
            "error": 0.08021499565488563,
            "tau_int": 1401.3475999533132,
            "dtau_int": 409.86254682658745
          }
        },
        "n_skipped": 0,
        "step_size": 0
      },
      {
        "acc_rate": 0.01456,
        "n_steps": 200000,
        "obs_stats": {
          "Q": {
            "mean": 0.21539999544620514,
            "error": 0.1650697798780104,
            "tau_int": 6055.807910738778,
            "dtau_int": 2683.0293804475405
          },
          "Chi_t": {
            "mean": 0.47282999753952026,
            "error": 0.10163082246808543,
            "tau_int": 2648.7580485448484,
            "dtau_int": 950.8814108533937
          }
        },
        "n_skipped": 0,