{
  "observables": [
    "Chi_t"
  ],
  "n_samples": [
    50000,
    80000,
    100000
  ],
  "nip": [],
  "nmcmc": [
    [
      {
        "acc_rate": 0.00168,
        "n_steps": 50000,
        "obs_stats": {
          "Q": {
            "mean": -0.2672800123691559,
            "error": 0.20576388082157487,
            "tau_int": 1455.817850621454,
            "dtau_int": 640.1205958318155
          },
          "Chi_t": {
            "mean": 0.7618399858474731,
            "error": 0.12785703232618467,
            "tau_int": 711.8481735209951,
            "dtau_int": 261.0961152737689
          }
        },
        "n_skipped": 0,
        "step_size": 0
      }
    ],
    [
      {
        "acc_rate": 0.0004625,
        "n_steps": 80000,
        "obs_stats": {
          "Q": {
            "mean": -0.34177500009536743,
            "error": 0.3348988391271285,
            "tau_int": 5755.67262686971,
            "dtau_int": 2674.9414607806616
          },
          "Chi_t": {
            "mean": 0.8066750168800354,
            "error": 0.10350809714620986,
            "tau_int": 2092.9691018867265,
            "dtau_int": 899.432730096243
          }
        },
        "n_skipped": 0,
        "step_size": 0
      }
    ],
    [
      {
        "acc_rate": 0.00021,
        "n_steps": 100000,
        "obs_stats": {
          "Q": {
            "mean": 0.05366000160574913,
            "error": 0.07233765973049897,
            "tau_int": 1686.8470087663814,
            "dtau_int": 649.2632713742057
          },
          "Chi_t": {
            "mean": 0.1532599925994873,
            "error": 0.13923382450484523,
            "tau_int": 1881.0492441602264,
            "dtau_int": 745.7548493084452
          }
        },
        "n_skipped": 0,
        "step_size": 0
      }
    ]
  ],
  "exact_sus": 0.6194099585690315
}