{
  "observables": [
    "Chi_t"
  ],
  "n_samples": [
    25000,
    40000,
    50000,
    75000,
    100000,
    125000,
    150000,
    175000,
    200000,
    225000,
    250000
  ],
  "nip": {},
  "nmcmc": [
    [
      {
        "acc_rate": 0.15472,
        "n_steps": 25000,
        "obs_stats": {
          "Q": {
            "mean": 0.03120124712586403,
            "error": 0.025487153770745886,
            "tau_int": 16.486841663599595,
            "dtau_int": 1.945353858839048
          },
          "Chi_t": {
            "mean": 0.49281972646713257,
            "error": 0.02598319233798051,
            "tau_int": 15.681026223459181,
            "dtau_int": 1.8159936606843798
          }
        },
        "n_skipped": 0,
        "step_size": 0
      },
      {
        "acc_rate": 0.13828,
        "n_steps": 25000,
        "obs_stats": {
          "Q": {
            "mean": 0.09224368631839752,
            "error": 0.03292565580179792,
            "tau_int": 30.17577724076078,
            "dtau_int": 4.55372240898065
          },
          "Chi_t": {
            "mean": 0.45649826526641846,
            "error": 0.028111753537741146,
            "tau_int": 22.044278141171077,
            "dtau_int": 2.9306143278745833
          }
        },
        "n_skipped": 0,
        "step_size": 0
      },
      {
        "acc_rate": 0.14972,
        "n_steps": 25000,
        "obs_stats": {
          "Q": {
            "mean": -0.07308292388916016,
            "error": 0.03599648962702485,
            "tau_int": 29.97968308837895,
            "dtau_int": 4.511335346917191
          },
          "Chi_t": {
            "mean": 0.5443017482757568,
            "error": 0.0373360960883431,
            "tau_int": 25.842901677430113,
            "dtau_int": 3.664404991318871
          }
        },
        "n_skipped": 0,
        "step_size": 0
      }
    ],
    [
      {
        "acc_rate": 0.130575,
        "n_steps": 40000,
        "obs_stats": {
          "Q": {
            "mean": -0.05877646803855896,
            "error": 0.03578385149296728,
            "tau_int": 51.00943344594039,
            "dtau_int": 7.861023787116107
          },
          "Chi_t": {
            "mean": 0.5042375922203064,
            "error": 0.028979430551234992,
            "tau_int": 33.99123322318017,
            "dtau_int": 4.438596912850339
          }
        },
        "n_skipped": 0,
        "step_size": 0
      },
      {
        "acc_rate": 0.088675,
        "n_steps": 40000,
        "obs_stats": {
          "Q": {
            "mean": -0.026550663635134697,
            "error": 0.042154670752880444,
            "tau_int": 94.47209981943536,
            "dtau_int": 18.5617254413427
          },
          "Chi_t": {
            "mean": 0.3751593828201294,
            "error": 0.05323207651185876,
            "tau_int": 120.58474788164678,
            "dtau_int": 26.000679948748665
          }
        },
        "n_skipped": 0,
        "step_size": 0
      },
      {
        "acc_rate": 0.134525,
        "n_steps": 40000,
        "obs_stats": {
          "Q": {
            "mean": -0.00165004120208323,
            "error": 0.03288859989237925,
            "tau_int": 42.66137659226991,
            "dtau_int": 6.12073713244519
          },
          "Chi_t": {
            "mean": 0.5060126781463623,
            "error": 0.04078125392993662,
            "tau_int": 62.193328502529425,
            "dtau_int": 10.375547851044685
          }
        },
        "n_skipped": 0,
        "step_size": 0
      }
    ],
    [
      {
        "acc_rate": 0.14716,
        "n_steps": 50000,
        "obs_stats": {
          "Q": {
            "mean": -0.0289605800062418,
            "error": 0.051968792019502566,
            "tau_int": 104.61064048929961,
            "dtau_int": 19.60210555734205
          },
          "Chi_t": {
            "mean": 0.6436128616333008,
            "error": 0.06635539020427478,
            "tau_int": 124.47220557945879,
            "dtau_int": 24.94512029831305
          }
        },
        "n_skipped": 0,
        "step_size": 0
      },
      {
        "acc_rate": 0.12542,
        "n_steps": 50000,
        "obs_stats": {
          "Q": {
            "mean": -0.03828076645731926,
            "error": 0.0679569919394635,
            "tau_int": 185.2646018268113,
            "dtau_int": 43.15508835753601
          },
          "Chi_t": {
            "mean": 0.620172381401062,
            "error": 0.054924735654496404,
            "tau_int": 117.61196743176504,
            "dtau_int": 23.068684855406755
          }
        },
        "n_skipped": 0,
        "step_size": 0
      },
      {
        "acc_rate": 0.14676,
        "n_steps": 50000,
        "obs_stats": {
          "Q": {
            "mean": -0.07780155539512634,
            "error": 0.036511069504458885,
            "tau_int": 63.619285257935616,
            "dtau_int": 9.788056141828585
          },
          "Chi_t": {
            "mean": 0.5285705924034119,
            "error": 0.019656899835157116,
            "tau_int": 20.89873154323212,
            "dtau_int": 2.0357007219819403
          }
        },
        "n_skipped": 0,
        "step_size": 0
      }
    ],
    [
      {
        "acc_rate": 0.14390666666666665,
        "n_steps": 75000,
        "obs_stats": {
          "Q": {
            "mean": -0.028600381687283516,
            "error": 0.023902585665747614,
            "tau_int": 38.01335737070125,
            "dtau_int": 4.008460475410253
          },
          "Chi_t": {
            "mean": 0.5638608336448669,
            "error": 0.024058244207330347,
            "tau_int": 34.19878046272417,
            "dtau_int": 3.445352518649104
          }
        },
        "n_skipped": 0,
        "step_size": 0
      },
      {
        "acc_rate": 0.14768,
        "n_steps": 75000,
        "obs_stats": {
          "Q": {
            "mean": -0.02377364970743656,
            "error": 0.02112045292237125,
            "tau_int": 32.71834733063601,
            "dtau_int": 3.239251690340256
          },
          "Chi_t": {
            "mean": 0.511380136013031,
            "error": 0.01837930250752525,
            "tau_int": 23.761971809476893,
            "dtau_int": 2.0513607468757296
          }
        },
        "n_skipped": 0,
        "step_size": 0
      },
      {
        "acc_rate": 0.14829333333333333,
        "n_steps": 75000,
        "obs_stats": {
          "Q": {
            "mean": 0.0014400192303583026,
            "error": 0.015260410665351078,
            "tau_int": 18.911252242119502,
            "dtau_int": 1.484842282482576
          },
          "Chi_t": {
            "mean": 0.46155282855033875,
            "error": 0.017722136876942816,
            "tau_int": 23.538397334330213,
            "dtau_int": 2.026406435338255
          }
        },
        "n_skipped": 0,
        "step_size": 0
      }
    ],
    [
      {
        "acc_rate": 0.11899,
        "n_steps": 100000,
        "obs_stats": {
          "Q": {
            "mean": -0.03359033539891243,
            "error": 0.019884321696394865,
            "tau_int": 47.1098310377549,
            "dtau_int": 4.807906413360866
          },
          "Chi_t": {
            "mean": 0.42037421464920044,
            "error": 0.025996222278514565,
            "tau_int": 72.21720247862127,
            "dtau_int": 8.812706619267633
          }
        },
        "n_skipped": 0,
        "step_size": 0
      },
      {
        "acc_rate": 0.13957,
        "n_steps": 100000,
        "obs_stats": {
          "Q": {
            "mean": -0.017750177532434464,
            "error": 0.014991172048612703,
            "tau_int": 23.776054338998968,
            "dtau_int": 1.8152540429275714
          },
          "Chi_t": {
            "mean": 0.4726947247982025,
            "error": 0.017564857529028595,
            "tau_int": 30.449917383709398,
            "dtau_int": 2.5841335125956864
          }
        },
        "n_skipped": 0,