{
  "observables": [
    "Chi_t"
  ],
  "n_samples": [
    50000,
    80000,
    100000
  ],
  "nip": [],
  "nmcmc": [
    [
      {
        "acc_rate": 0.74318,
        "n_steps": 50000,
        "obs_stats": {
          "Q": {
            "mean": -0.002899999963119626,
            "error": 0.004965478674449022,
            "tau_int": 0.9278703245394875,
            "dtau_int": 0.022837118219865095
          },
          "Chi_t": {
            "mean": 0.6643000245094299,
            "error": 0.005440655619771898,
            "tau_int": 0.8256966384469673,
            "dtau_int": 0.019079565541117532
          }
        },
        "n_skipped": 0,
        "step_size": 0
      },
      {
        "acc_rate": 0.74526,
        "n_steps": 50000,
        "obs_stats": {
          "Q": {
            "mean": 0.0040799998678267,
            "error": 0.004964660432310821,
            "tau_int": 0.9196302658155067,
            "dtau_int": 0.022646622655263477
          },
          "Chi_t": {
            "mean": 0.6700400114059448,
            "error": 0.005719680558706352,
            "tau_int": 0.8943546991029605,
            "dtau_int": 0.022060879402265806
          }
        },
        "n_skipped": 0,
        "step_size": 0
      },
      {
        "acc_rate": 0.7457,
        "n_steps": 50000,
        "obs_stats": {
          "Q": {
            "mean": -0.0019399999873712659,
            "error": 0.004938246748602616,
            "tau_int": 0.9115131190071806,
            "dtau_int": 0.02245874638818524
          },
          "Chi_t": {
            "mean": 0.6688200235366821,
            "error": 0.005606689627287028,
            "tau_int": 0.8766893677632486,
            "dtau_int": 0.021650231344927336
          }
        },
        "n_skipped": 0,
        "step_size": 0
      }
    ],
    [
      {
        "acc_rate": 0.747775,
        "n_steps": 80000,
        "obs_stats": {
          "Q": {
            "mean": 0.0043875002302229404,
            "error": 0.003917525458226439,
            "tau_int": 0.9204173802267743,
            "dtau_int": 0.01791812073676549
          },
          "Chi_t": {
            "mean": 0.6669625043869019,
            "error": 0.004425988650655351,
            "tau_int": 0.8955725352601249,
            "dtau_int": 0.017463007057437543
          }
        },
        "n_skipped": 0,
        "step_size": 0
      },
      {
        "acc_rate": 0.74495,
        "n_steps": 80000,
        "obs_stats": {
          "Q": {
            "mean": 0.0006874999962747097,
            "error": 0.0038833337866255925,
            "tau_int": 0.895035792819191,
            "dtau_int": 0.01745315688831782
          },
          "Chi_t": {
            "mean": 0.6739374995231628,
            "error": 0.004400416961757487,
            "tau_int": 0.8643384263556348,
            "dtau_int": 0.016888542028795566
          }
        },
        "n_skipped": 0,
        "step_size": 0
      },
      {
        "acc_rate": 0.7448625,
        "n_steps": 80000,
        "obs_stats": {
          "Q": {
            "mean": 0.004275000188499689,
            "error": 0.0038450946610748687,
            "tau_int": 0.8955415765155446,
            "dtau_int": 0.017462438930615273
          },
          "Chi_t": {
            "mean": 0.6603749990463257,
            "error": 0.004444933885997551,
            "tau_int": 0.8894742991408109,
            "dtau_int": 0.017351048931238084
          }
        },
        "n_skipped": 0,
        "step_size": 0
      }
    ],
    [
      {
        "acc_rate": 0.74254,
        "n_steps": 100000,
        "obs_stats": {
          "Q": {
            "mean": 0.007960000075399876,
            "error": 0.0035221027092329407,
            "tau_int": 0.9312812751633672,
            "dtau_int": 0.01724125241500285
          },
          "Chi_t": {
            "mean": 0.6660799980163574,
            "error": 0.003927369526259658,
            "tau_int": 0.8679411567059685,
            "dtau_int": 0.01516495525693163
          }
        },
        "n_skipped": 0,
        "step_size": 0
      },
      {
        "acc_rate": 0.74793,
        "n_steps": 100000,
        "obs_stats": {
          "Q": {
            "mean": 0.0030700000934302807,
            "error": 0.003428060494916064,
            "tau_int": 0.8802268548852092,
            "dtau_int": 0.015367231398499511
          },
          "Chi_t": {
            "mean": 0.6675300002098083,
            "error": 0.003934286999052722,
            "tau_int": 0.848097482270977,
            "dtau_int": 0.014837491525649678
          }
        },
        "n_skipped": 0,
        "step_size": 0
      },
      {
        "acc_rate": 0.74692,
        "n_steps": 100000,
        "obs_stats": {
          "Q": {
            "mean": -0.001509999972768128,
            "error": 0.0034704568085678813,
            "tau_int": 0.9068240512435954,
            "dtau_int": 0.01580391763360218
          },
          "Chi_t": {
            "mean": 0.6640700101852417,
            "error": 0.0038723349564497573,
            "tau_int": 0.8486545816078575,
            "dtau_int": 0.014846697506759253
          }
        },
        "n_skipped": 0,
        "step_size": 0
      }
    ]
  ],
  "exact_sus": 0.6687749432186545
}