{
  "observables": [
    "Chi_t"
  ],
  "n_samples": [
    50000,
    80000,
    100000
  ],
  "nip": [],
  "nmcmc": [
    [
      {
        "acc_rate": 0.67792,
        "n_steps": 50000,
        "obs_stats": {
          "Q": {
            "mean": 0.001019999966956675,
            "error": 0.005460510694448026,
            "tau_int": 1.115697306957656,
            "dtau_int": 0.03056978484421877
          },
          "Chi_t": {
            "mean": 0.6680999994277954,
            "error": 0.006199163683692935,
            "tau_int": 1.048178916494747,
            "dtau_int": 0.027255588318867402
          }
        },
        "n_skipped": 0,
        "step_size": 0
      },
      {
        "acc_rate": 0.67514,
        "n_steps": 50000,
        "obs_stats": {
          "Q": {
            "mean": -0.0019000000320374966,
            "error": 0.005533370033867318,
            "tau_int": 1.1447813933484372,
            "dtau_int": 0.031318036480032486
          },
          "Chi_t": {
            "mean": 0.6686199903488159,
            "error": 0.006575438904333217,
            "tau_int": 1.2073287085016164,
            "dtau_int": 0.034644521932383494
          }
        },
        "n_skipped": 0,
        "step_size": 0
      },
      {
        "acc_rate": 0.68002,
        "n_steps": 50000,
        "obs_stats": {
          "Q": {
            "mean": -0.0038999998942017555,
            "error": 0.0054319151587295415,
            "tau_int": 1.1256316855380626,
            "dtau_int": 0.03082565471502203
          },
          "Chi_t": {
            "mean": 0.6553000211715698,
            "error": 0.005906325687364383,
            "tau_int": 0.9943905039849392,
            "dtau_int": 0.02593908675673214
          }
        },
        "n_skipped": 0,
        "step_size": 0
      }
    ],
    [
      {
        "acc_rate": 0.67955,
        "n_steps": 80000,
        "obs_stats": {
          "Q": {
            "mean": -0.0007750000222586095,
            "error": 0.004369751021646504,
            "tau_int": 1.1523348890476406,
            "dtau_int": 0.026211078780283642
          },
          "Chi_t": {
            "mean": 0.6628000140190125,
            "error": 0.004748103689749247,
            "tau_int": 1.037400340468838,
            "dtau_int": 0.02256506670097637
          }
        },
        "n_skipped": 0,
        "step_size": 0
      },
      {
        "acc_rate": 0.6809125,
        "n_steps": 80000,
        "obs_stats": {
          "Q": {
            "mean": -0.008412499912083149,
            "error": 0.004256981507009204,
            "tau_int": 1.1145335548131057,
            "dtau_int": 0.024143825356314288
          },
          "Chi_t": {
            "mean": 0.6504374742507935,
            "error": 0.0046848533744003615,
            "tau_int": 1.0496458949120684,
            "dtau_int": 0.022816648644195515
          }
        },
        "n_skipped": 0,
        "step_size": 0
      },
      {
        "acc_rate": 0.678825,
        "n_steps": 80000,
        "obs_stats": {
          "Q": {
            "mean": -0.0078125,
            "error": 0.004394752522858549,
            "tau_int": 1.1650275280840343,
            "dtau_int": 0.02648352875908559
          },
          "Chi_t": {
            "mean": 0.6631625294685364,
            "error": 0.004786173660909345,
            "tau_int": 1.0489952251711177,
            "dtau_int": 0.022803289706905913
          }
        },
        "n_skipped": 0,
        "step_size": 0
      }
    ],
    [
      {
        "acc_rate": 0.67792,
        "n_steps": 100000,
        "obs_stats": {
          "Q": {
            "mean": 0.003809999907389283,
            "error": 0.003829107737443155,
            "tau_int": 1.109837525308075,
            "dtau_int": 0.022625624227406476
          },
          "Chi_t": {
            "mean": 0.6605499982833862,
            "error": 0.00419607422906348,
            "tau_int": 1.0073583876667493,
            "dtau_int": 0.01962942350003494
          }
        },
        "n_skipped": 0,
        "step_size": 0
      },
      {
        "acc_rate": 0.68379,
        "n_steps": 100000,
        "obs_stats": {
          "Q": {
            "mean": 0.003650000086054206,
            "error": 0.003820175206186698,
            "tau_int": 1.0982459245326908,
            "dtau_int": 0.021297765431020937
          },
          "Chi_t": {
            "mean": 0.6644099950790405,
            "error": 0.004407047650202217,
            "tau_int": 1.0794011243867223,
            "dtau_int": 0.020953284888690034
          }
        },
        "n_skipped": 0,
        "step_size": 0
      },
      {
        "acc_rate": 0.6804,
        "n_steps": 100000,
        "obs_stats": {
          "Q": {
            "mean": -0.0055599999614059925,
            "error": 0.0038056951899305153,
            "tau_int": 1.0914927978221174,
            "dtau_int": 0.021174405749587465
          },
          "Chi_t": {
            "mean": 0.6634799838066101,
            "error": 0.0043632032067753785,
            "tau_int": 1.0526199348923273,
            "dtau_int": 0.020462433445285564
          }
        },
        "n_skipped": 0,
        "step_size": 0
      }
    ]
  ],
  "exact_sus": 0.6629736823224884
}