{
  "observables": [
    "Chi_t"
  ],
  "n_samples": [
    50000,
    80000,
    100000,
    150000,
    200000,
    250000,
    300000
  ],
  "nip": [],
  "nmcmc": [
    [
      {
        "acc_rate": 0.04746,
        "n_steps": 50000,
        "obs_stats": {
          "Q": {
            "mean": 0.04809999838471413,
            "error": 0.043033754138899476,
            "tau_int": 106.39254853815204,
            "dtau_int": 20.07652935026762
          },
          "Chi_t": {
            "mean": 0.4356600046157837,
            "error": 0.08097318551890227,
            "tau_int": 257.9673093454084,
            "dtau_int": 67.80302326470661
          }
        },
        "n_skipped": 0,
        "step_size": 0
      },
      {
        "acc_rate": 0.05738,
        "n_steps": 50000,
        "obs_stats": {
          "Q": {
            "mean": -0.09549999982118607,
            "error": 0.11903699090563646,
            "tau_int": 600.1687658043377,
            "dtau_int": 209.17108374262057
          },
          "Chi_t": {
            "mean": 0.5863000154495239,
            "error": 0.1133524744217126,
            "tau_int": 404.60157072742356,
            "dtau_int": 124.2541069954244
          }
        },
        "n_skipped": 0,
        "step_size": 0
      },
      {
        "acc_rate": 0.06048,
        "n_steps": 50000,
        "obs_stats": {
          "Q": {
            "mean": -0.06387999653816223,
            "error": 0.05076418779217621,
            "tau_int": 147.10784442741704,
            "dtau_int": 31.424443640710425
          },
          "Chi_t": {
            "mean": 0.439520001411438,
            "error": 0.06978750201548685,
            "tau_int": 184.41091425733683,
            "dtau_int": 42.887781042250786
          }
        },
        "n_skipped": 0,
        "step_size": 0
      }
    ],
    [
      {
        "acc_rate": 0.0754125,
        "n_steps": 80000,
        "obs_stats": {
          "Q": {
            "mean": -0.024562500417232513,
            "error": 0.04068742502583037,
            "tau_int": 125.56591548641569,
            "dtau_int": 21.009959825822307
          },
          "Chi_t": {
            "mean": 0.5263375043869019,
            "error": 0.04673510290462149,
            "tau_int": 141.66826331981554,
            "dtau_int": 24.85928339783257
          }
        },
        "n_skipped": 0,
        "step_size": 0
      },
      {
        "acc_rate": 0.0797875,
        "n_steps": 80000,
        "obs_stats": {
          "Q": {
            "mean": -0.01720000058412552,
            "error": 0.05151018005667647,
            "tau_int": 164.99929649903424,
            "dtau_int": 30.747048981264324
          },
          "Chi_t": {
            "mean": 0.6409249901771545,
            "error": 0.06369659552160419,
            "tau_int": 173.03416394736178,
            "dtau_int": 32.84154326247196
          }
        },
        "n_skipped": 0,
        "step_size": 0
      },
      {
        "acc_rate": 0.0821625,
        "n_steps": 80000,
        "obs_stats": {
          "Q": {
            "mean": 0.00570000009611249,
            "error": 0.0445141217860179,
            "tau_int": 132.95603083440852,
            "dtau_int": 22.74954944453165
          },
          "Chi_t": {
            "mean": 0.5942249894142151,
            "error": 0.03904598057883465,
            "tau_int": 95.64908552193492,
            "dtau_int": 14.344985982438045
          }
        },
        "n_skipped": 0,
        "step_size": 0
      }
    ],
    [
      {
        "acc_rate": 0.07176,
        "n_steps": 100000,
        "obs_stats": {
          "Q": {
            "mean": 0.06322000175714493,
            "error": 0.04114045178134835,
            "tau_int": 157.47246811103352,
            "dtau_int": 26.369516530622477
          },
          "Chi_t": {
            "mean": 0.5397400259971619,
            "error": 0.039343896967413396,
            "tau_int": 123.39564214203972,
            "dtau_int": 18.74808849947384
          }
        },
        "n_skipped": 0,
        "step_size": 0
      },
      {
        "acc_rate": 0.0779,
        "n_steps": 100000,
        "obs_stats": {
          "Q": {
            "mean": 0.2047400027513504,
            "error": 0.1685722152176925,
            "tau_int": 1685.937357203007,
            "dtau_int": 648.8176222881171
          },
          "Chi_t": {
            "mean": 0.8590199947357178,
            "error": 0.3191234012485708,
            "tau_int": 2991.3341403256986,
            "dtau_int": 1322.17860439627
          }
        },
        "n_skipped": 0,
        "step_size": 0
      },
      {
        "acc_rate": 0.0785,
        "n_steps": 100000,
        "obs_stats": {
          "Q": {
            "mean": -0.022679999470710754,
            "error": 0.028345127015986574,
            "tau_int": 85.68066303315125,
            "dtau_int": 11.22147625316759
          },
          "Chi_t": {
            "mean": 0.4685800075531006,
            "error": 0.032308125888916774,
            "tau_int": 87.26882092574493,
            "dtau_int": 11.514606576854314
          }
        },
        "n_skipped": 0,
        "step_size": 0
      }
    ],
    [
      {
        "acc_rate": 0.08380666666666667,
        "n_steps": 150000,
        "obs_stats": {
          "Q": {
            "mean": 0.014326666481792927,
            "error": 0.02061782823626686,
            "tau_int": 64.4885506182956,
            "dtau_int": 6.336189179853536
          },
          "Chi_t": {
            "mean": 0.49416667222976685,
            "error": 0.02352955804816084,
            "tau_int": 71.45879707973599,
            "dtau_int": 7.325054922903799
          }
        },
        "n_skipped": 0,
        "step_size": 0
      },
      {
        "acc_rate": 0.08594666666666667,
        "n_steps": 150000,
        "obs_stats": {
          "Q": {
            "mean": 0.030286666005849838,
            "error": 0.02106451075119594,
            "tau_int": 63.14422668786953,
            "dtau_int": 6.14680877900597
          },
          "Chi_t": {
            "mean": 0.5274999737739563,
            "error": 0.028712838045997984,
            "tau_int": 87.29612022211133,
            "dtau_int": 9.733460039984106
          }
        },
        "n_skipped": 0,
        "step_size": 0
      },
      {
        "acc_rate": 0.06631333333333334,
        "n_steps": 150000,
        "obs_stats": {
          "Q": {
            "mean": -0.028939999639987946,
            "error": 0.016877240989710326,
            "tau_int": 56.9724400054943,
            "dtau_int": 5.308148539424976
          },
          "Chi_t": {
            "mean": 0.37552666664123535,
            "error": 0.03416338726832114,
            "tau_int": 199.64423125949654,
            "dtau_int": 31.251063762868835
          }
        },
        "n_skipped": 0,
        "step_size": 0
      }
    ],
    [
      {
        "acc_rate": 0.08183,
        "n_steps": 200000,
        "obs_stats": {
          "Q": {
            "mean": -0.09273000061511993,
            "error": 0.05276382005081035,
            "tau_int": 442.3621134477564,
            "dtau_int": 84.65516222795542
          },
          "Chi_t": {
            "mean": 0.6352300047874451,
            "error": 0.04283617512552011,
            "tau_int": 250.16118651653554,
            "dtau_int": 38.19100013653931
          }
        },
        "n_skipped": 0,
        "step_size": 0
      },
      {
        "acc_rate": 0.07994,
        "n_steps": 200000,
        "obs_stats": {
          "Q": {
            "mean": -0.007375000044703484,
            "error": 0.021942963429228985,
            "tau_int": 95.25114090728707,
            "dtau_int": 9.762650523227615
          },
          "Chi_t": {
            "mean": 0.5050749778747559,
            "error": 0.02240969437900448,
            "tau_int": 83.61075481178322,
            "dtau_int": 8.114028479972697
          }
        },
        "n_skipped": 0,