{
  "observables": [
    "Chi_t"
  ],
  "n_samples": [
    50000,
    125000,
    250000
  ],
  "nip": [
    [
      {
        "obs_stats": {
          "Q": {
            "mean": 0.0024293160531669855,
            "error": 0.06441467255353928,
            "error_ess": 0.05714358761906624,
            "ess_q": 0.0029258655849844217
          },
          "Chi_t": {
            "mean": 0.47770094871520996,
            "error": 0.06724363565444946,
            "error_ess": 0.05643226206302643,
            "ess_q": 0.0029258655849844217
          }
        },
        "entropy": 38018.84375,
        "std_entropy": 110045552.0,
        "free_energy": -0.10214756220101226,
        "std_free_energy": 0.008902390487492085
      },
      {
        "obs_stats": {
          "Q": {
            "mean": -0.08453556895256042,
            "error": 0.1375584900379181,
            "error_ess": 0.10227540135383606,
            "ess_q": 0.0010120776714757085
          },
          "Chi_t": {
            "mean": 0.5364652872085571,
            "error": 0.13761577010154724,
            "error_ess": 0.0841875746846199,
            "ess_q": 0.0010120776714757085
          }
        },
        "entropy": 39018.8984375,
        "std_entropy": 194467936.0,
        "free_energy": -0.10120432165595294,
        "std_free_energy": 0.01515106949955225
      },
      {
        "obs_stats": {
          "Q": {
            "mean": 0.051264770328998566,
            "error": 0.10482651740312576,
            "error_ess": 0.10473158210515976,
            "ess_q": 0.0008262231713160872
          },
          "Chi_t": {
            "mean": 0.45574888586997986,
            "error": 0.1048906147480011,
            "error_ess": 0.09113360196352005,
            "ess_q": 0.0008262231713160872
          }
        },
        "entropy": 37897.15234375,
        "std_entropy": 205629776.0,
        "free_energy": -0.10345866754283416,
        "std_free_energy": 0.016770342364907265
      }
    ],
    [
      {
        "obs_stats": {
          "Q": {
            "mean": -0.1745910793542862,
            "error": 0.17403680086135864,
            "error_ess": 0.1317424178123474,
            "ess_q": 0.00023033808975014836
          },
          "Chi_t": {
            "mean": 0.5301984548568726,
            "error": 0.17410041391849518,
            "error_ess": 0.11284202337265015,
            "ess_q": 0.00023033808975014836
          }
        },
        "entropy": 99549.28125,
        "std_entropy": 1614916224.0,
        "free_energy": -0.10533923583226244,
        "std_free_energy": 0.02009391598403454
      },
      {
        "obs_stats": {
          "Q": {
            "mean": -0.017307540401816368,
            "error": 0.02029500901699066,
            "error_ess": 0.10260207951068878,
            "ess_q": 0.0002813533355947584
          },
          "Chi_t": {
            "mean": 0.3705289661884308,
            "error": 0.020573049783706665,
            "error_ess": 0.09808778762817383,
            "ess_q": 0.0002813533355947584
          }
        },
        "entropy": 97716.0703125,
        "std_entropy": 1428615936.0,
        "free_energy": -0.10303719772314976,
        "std_free_energy": 0.018180688843131065
      },
      {
        "obs_stats": {
          "Q": {
            "mean": 0.011684173718094826,
            "error": 0.028276339173316956,
            "error_ess": 0.033535052090883255,
            "ess_q": 0.003335068002343178
          },
          "Chi_t": {
            "mean": 0.4689597487449646,
            "error": 0.03119339421391487,
            "error_ess": 0.03252236545085907,
            "ess_q": 0.003335068002343178
          }
        },
        "entropy": 96092.1015625,
        "std_entropy": 406634912.0,
        "free_energy": -0.10090354951931788,
        "std_free_energy": 0.005272537935525179
      }
    ],
    [
      {
        "obs_stats": {
          "Q": {
            "mean": -0.03670498728752136,
            "error": 0.04229298233985901,
            "error_ess": 0.08334896713495255,
            "ess_q": 0.0002412894828012213
          },
          "Chi_t": {
            "mean": 0.42040807008743286,
            "error": 0.0424768291413784,
            "error_ess": 0.07602191716432571,
            "ess_q": 0.0002412894828012213
          }
        },
        "entropy": 197385.578125,
        "std_entropy": 4362296832.0,
        "free_energy": -0.10292064498256988,
        "std_free_energy": 0.013882256112992764
      },
      {
        "obs_stats": {
          "Q": {
            "mean": 0.3427494764328003,
            "error": 0.32788899540901184,
            "error_ess": 0.2354552149772644,
            "ess_q": 3.658977220766246e-05
          },
          "Chi_t": {
            "mean": 0.6246017217636108,
            "error": 0.3279118537902832,
            "error_ess": 0.19548466801643372,
            "ess_q": 3.658977220766246e-05
          }
        },
        "entropy": 192695.109375,
        "std_entropy": 10729840640.0,
        "free_energy": -0.1070192682497498,
        "std_free_energy": 0.03565281629562378
      },
      {
        "obs_stats": {
          "Q": {
            "mean": 0.6418639421463013,
            "error": 0.6255661845207214,
            "error_ess": 0.3880835473537445,
            "ess_q": 1.020918625727063e-05
          },
          "Chi_t": {
            "mean": 0.7963862419128418,
            "error": 0.6255714893341064,
            "error_ess": 0.296842485666275,
            "ess_q": 1.020918625727063e-05
          }
        },
        "entropy": 177323.0,
        "std_entropy": 17694255104.0,
        "free_energy": -0.11247435509354195,
        "std_free_energy": 0.0674969032406807
      }
    ]
  ],
  "nmcmc": [
    [
      {
        "acc_rate": 0.10798,
        "n_steps": 50000,
        "obs_stats": {
          "Q": {
            "mean": 0.06986139714717865,
            "error": 0.061892413695026315,
            "tau_int": 185.99014391888616,
            "dtau_int": 43.39667710904877
          },
          "Chi_t": {
            "mean": 0.5160703063011169,
            "error": 0.03734707420157677,
            "tau_int": 96.84041027743949,
            "dtau_int": 17.616819541135815
          }
        },
        "n_skipped": 0,
        "step_size": 0
      },
      {
        "acc_rate": 0.10028,
        "n_steps": 50000,
        "obs_stats": {
          "Q": {
            "mean": 0.040420807898044586,
            "error": 0.0609057646014214,
            "tau_int": 198.28316459009997,
            "dtau_int": 47.36373811577392
          },
          "Chi_t": {
            "mean": 0.4657493233680725,
            "error": 0.03649266810769986,
            "tau_int": 94.15890710784443,
            "dtau_int": 16.93497991267724
          }
        },
        "n_skipped": 0,
        "step_size": 0
      },
      {
        "acc_rate": 0.08136,
        "n_steps": 50000,
        "obs_stats": {
          "Q": {
            "mean": -0.019420389086008072,
            "error": 0.041343602439834766,
            "tau_int": 132.70871406512313,
            "dtau_int": 27.26967017330819
          },
          "Chi_t": {
            "mean": 0.32070642709732056,
            "error": 0.04330629408412905,
            "tau_int": 145.2087868830944,
            "dtau_int": 30.880075331415085
          }
        },
        "n_skipped": 0,
        "step_size": 0
      }
    ],
    [
      {
        "acc_rate": 0.11044,
        "n_steps": 125000,
        "obs_stats": {
          "Q": {
            "mean": 0.03326426446437836,
            "error": 0.037018059264063534,
            "tau_int": 178.75919675463646,
            "dtau_int": 28.810699937441548
          },
          "Chi_t": {
            "mean": 0.4788678288459778,
            "error": 0.02834021005940204,
            "tau_int": 118.95241376194578,
            "dtau_int": 16.255043046794942
          }
        },
        "n_skipped": 0,
        "step_size": 0
      },
      {
        "acc_rate": 0.095512,