{
  "observables": [
    "Chi_t"
  ],
  "n_samples": [
    50000,
    80000,
    100000,
    150000,
    200000,
    250000,
    300000
  ],
  "nip": [],
  "nmcmc": [
    [
      {
        "acc_rate": 0.06952,
        "n_steps": 50000,
        "obs_stats": {
          "Q": {
            "mean": -0.05121999979019165,
            "error": 0.09422942158959347,
            "tau_int": 311.9281652672319,
            "dtau_int": 87.67664683095892
          },
          "Chi_t": {
            "mean": 0.7058200240135193,
            "error": 0.1606231330436628,
            "tau_int": 648.8651803083092,
            "dtau_int": 231.61013846174185
          }
        },
        "n_skipped": 0,
        "step_size": 0
      },
      {
        "acc_rate": 0.04634,
        "n_steps": 50000,
        "obs_stats": {
          "Q": {
            "mean": -0.0765800029039383,
            "error": 0.13831121278541095,
            "tau_int": 667.4222969755353,
            "dtau_int": 240.20362144412647
          },
          "Chi_t": {
            "mean": 0.7049000263214111,
            "error": 0.11710403583761089,
            "tau_int": 447.2061824168441,
            "dtau_int": 142.0001147194547
          }
        },
        "n_skipped": 0,
        "step_size": 0
      },
      {
        "acc_rate": 0.0617,
        "n_steps": 50000,
        "obs_stats": {
          "Q": {
            "mean": 0.13850000500679016,
            "error": 0.08434040237317798,
            "tau_int": 329.91527158320446,
            "dtau_int": 94.54635980350423
          },
          "Chi_t": {
            "mean": 0.5514600276947021,
            "error": 0.05508030366401347,
            "tau_int": 135.5200260392988,
            "dtau_int": 28.062266944129107
          }
        },
        "n_skipped": 0,
        "step_size": 0
      }
    ],
    [
      {
        "acc_rate": 0.0660125,
        "n_steps": 80000,
        "obs_stats": {
          "Q": {
            "mean": -0.06835000216960907,
            "error": 0.06721890013591424,
            "tau_int": 310.3734535983983,
            "dtau_int": 73.55021001060337
          },
          "Chi_t": {
            "mean": 0.5826249718666077,
            "error": 0.11097890697039328,
            "tau_int": 603.3405717846418,
            "dtau_int": 180.9599040118176
          }
        },
        "n_skipped": 0,
        "step_size": 0
      },
      {
        "acc_rate": 0.02945,
        "n_steps": 80000,
        "obs_stats": {
          "Q": {
            "mean": -0.4341124892234802,
            "error": 0.27397423910963503,
            "tau_int": 4566.912831409964,
            "dtau_int": 2172.906978501474
          },
          "Chi_t": {
            "mean": 0.7847375273704529,
            "error": 0.06282291179066223,
            "tau_int": 535.0281981309105,
            "dtau_int": 154.02270563900998
          }
        },
        "n_skipped": 0,
        "step_size": 0
      },
      {
        "acc_rate": 0.06805,
        "n_steps": 80000,
        "obs_stats": {
          "Q": {
            "mean": -0.05914999917149544,
            "error": 0.040869092971355325,
            "tau_int": 124.25535815184138,
            "dtau_int": 20.703430643531433
          },
          "Chi_t": {
            "mean": 0.5395500063896179,
            "error": 0.03225824029677278,
            "tau_int": 76.2738324319813,
            "dtau_int": 10.433442971240492
          }
        },
        "n_skipped": 0,
        "step_size": 0
      }
    ],
    [
      {
        "acc_rate": 0.05863,
        "n_steps": 100000,
        "obs_stats": {
          "Q": {
            "mean": 0.1409900039434433,
            "error": 0.10313492534972278,
            "tau_int": 932.4501557257632,
            "dtau_int": 300.0142889814187
          },
          "Chi_t": {
            "mean": 0.5803099870681763,
            "error": 0.03506073215904152,
            "tau_int": 136.99758897471472,
            "dtau_int": 21.7045416583314
          }
        },
        "n_skipped": 0,
        "step_size": 0
      },
      {
        "acc_rate": 0.06081,
        "n_steps": 100000,
        "obs_stats": {
          "Q": {
            "mean": 0.005979999899864197,
            "error": 0.05179910265553237,
            "tau_int": 252.77371386940715,
            "dtau_int": 50.95071124350506
          },
          "Chi_t": {
            "mean": 0.5281599760055542,
            "error": 0.07811237183221396,
            "tau_int": 487.64156805528694,
            "dtau_int": 125.57536119671755
          }
        },
        "n_skipped": 0,
        "step_size": 0
      },
      {
        "acc_rate": 0.04354,
        "n_steps": 100000,
        "obs_stats": {
          "Q": {
            "mean": 0.2923400104045868,
            "error": 0.12156716403281827,
            "tau_int": 1189.1569668864888,
            "dtau_int": 413.193497243404
          },
          "Chi_t": {
            "mean": 0.6932200193405151,
            "error": 0.057301862211904045,
            "tau_int": 302.2281842032926,
            "dtau_int": 65.22170529663647
          }
        },
        "n_skipped": 0,
        "step_size": 0
      }
    ],
    [
      {
        "acc_rate": 0.04938,
        "n_steps": 150000,
        "obs_stats": {
          "Q": {
            "mean": -0.03738666698336601,
            "error": 0.0638916276708039,
            "tau_int": 584.6967845032664,
            "dtau_int": 138.75281251419088
          },
          "Chi_t": {
            "mean": 0.5210800170898438,
            "error": 0.03924114535820039,
            "tau_int": 251.049980067133,
            "dtau_int": 43.0646469132987
          }
        },
        "n_skipped": 0,
        "step_size": 0
      },
      {
        "acc_rate": 0.047573333333333336,
        "n_steps": 150000,
        "obs_stats": {
          "Q": {
            "mean": -0.14189332723617554,
            "error": 0.10916756011733005,
            "tau_int": 1605.0368166630835,
            "dtau_int": 539.6656786979971
          },
          "Chi_t": {
            "mean": 0.5659599900245667,
            "error": 0.042369163328811944,
            "tau_int": 315.3612355779931,
            "dtau_int": 59.17012224710167
          }
        },
        "n_skipped": 0,
        "step_size": 0
      },
      {
        "acc_rate": 0.013893333333333334,
        "n_steps": 150000,
        "obs_stats": {
          "Q": {
            "mean": -0.017260000109672546,
            "error": 0.016330787042228814,
            "tau_int": 195.3108214186089,
            "dtau_int": 30.310984008621297
          },
          "Chi_t": {
            "mean": 0.10244666785001755,
            "error": 0.05053547568131128,
            "tau_int": 1564.8009288471637,
            "dtau_int": 521.9152030127279
          }
        },
        "n_skipped": 0,
        "step_size": 0
      }
    ],
    [
      {
        "acc_rate": 0.04499,
        "n_steps": 200000,
        "obs_stats": {
          "Q": {
            "mean": -0.05868000164628029,
            "error": 0.09886196394586219,
            "tau_int": 1684.184037051055,
            "dtau_int": 524.0122028209541
          },
          "Chi_t": {
            "mean": 0.5745900273323059,
            "error": 0.050803153056243576,
            "tau_int": 605.3709383456696,
            "dtau_int": 130.68524437074885
          }
        },
        "n_skipped": 0,
        "step_size": 0
      },
      {
        "acc_rate": 0.043725,
        "n_steps": 200000,
        "obs_stats": {
          "Q": {
            "mean": -0.08312000334262848,
            "error": 0.032557667110589515,
            "tau_int": 298.01782980904767,
            "dtau_int": 48.81459585353028
          },
          "Chi_t": {
            "mean": 0.3615500032901764,
            "error": 0.03750291148052369,
            "tau_int": 397.1621870105577,
            "dtau_int": 72.87331582629919
          }
        },
        "n_skipped": 0,