{
  "observables": [
    "Chi_t"
  ],
  "n_samples": [
    50000,
    125000,
    250000
  ],
  "nip": [
    [
      {
        "obs_stats": {
          "Q": {
            "mean": 0.005439830478280783,
            "error": 0.0045754374004900455,
            "error_ess": 0.005483551882207394,
            "ess_q": 0.3414234220981598
          },
          "Chi_t": {
            "mean": 0.5133380889892578,
            "error": 0.004874551203101873,
            "error_ess": 0.005594977177679539,
            "ess_q": 0.3414234220981598
          }
        },
        "entropy": 59061.88671875,
        "std_entropy": 10808101.0,
        "free_energy": -0.3999810211994837,
        "std_free_energy": 0.0008783969678916037
      },
      {
        "obs_stats": {
          "Q": {
            "mean": -0.0007849083049222827,
            "error": 0.004573437385261059,
            "error_ess": 0.005331711377948523,
            "ess_q": 0.36402997374534607
          },
          "Chi_t": {
            "mean": 0.5174068808555603,
            "error": 0.005119787063449621,
            "error_ess": 0.0055463435128331184,
            "ess_q": 0.36402997374534607
          }
        },
        "entropy": 59016.09375,
        "std_entropy": 10455089.0,
        "free_energy": -0.39971518384011007,
        "std_free_energy": 0.0008359572384506464
      },
      {
        "obs_stats": {
          "Q": {
            "mean": 0.0024587870575487614,
            "error": 0.005879963748157024,
            "error_ess": 0.005874003749340773,
            "ess_q": 0.3027496635913849
          },
          "Chi_t": {
            "mean": 0.5222981572151184,
            "error": 0.006301008630543947,
            "error_ess": 0.006104357540607452,
            "ess_q": 0.3027496635913849
          }
        },
        "entropy": 59196.4453125,
        "std_entropy": 11528055.0,
        "free_energy": -0.4001929969864186,
        "std_free_energy": 0.0009598134784027934
      }
    ],
    [
      {
        "obs_stats": {
          "Q": {
            "mean": -0.0014134079683572054,
            "error": 0.003219850827008486,
            "error_ess": 0.0034194730687886477,
            "ess_q": 0.35427698493003845
          },
          "Chi_t": {
            "mean": 0.5178089141845703,
            "error": 0.003497955622151494,
            "error_ess": 0.00350552867166698,
            "ess_q": 0.35427698493003845
          }
        },
        "entropy": 150177.9375,
        "std_entropy": 42076744.0,
        "free_energy": -0.4000081155855428,
        "std_free_energy": 0.0005400244263000786
      },
      {
        "obs_stats": {
          "Q": {
            "mean": -0.0036696414463222027,
            "error": 0.003010321641340852,
            "error_ess": 0.003353299107402563,
            "ess_q": 0.3701044023036957
          },
          "Chi_t": {
            "mean": 0.5202195048332214,
            "error": 0.003258601063862443,
            "error_ess": 0.003447077702730894,
            "ess_q": 0.3701044023036957
          }
        },
        "entropy": 150098.015625,
        "std_entropy": 41126560.0,
        "free_energy": -0.3999284561486764,
        "std_free_energy": 0.0005218358128331602
      },
      {
        "obs_stats": {
          "Q": {
            "mean": 0.001326272962614894,
            "error": 0.003147758776322007,
            "error_ess": 0.0033381867688149214,
            "ess_q": 0.3741971552371979
          },
          "Chi_t": {
            "mean": 0.5212304592132568,
            "error": 0.0036484703887254,
            "error_ess": 0.0034808639902621508,
            "ess_q": 0.3741971552371979
          }
        },
        "entropy": 150092.109375,
        "std_entropy": 40894860.0,
        "free_energy": -0.39996669621499215,
        "std_free_energy": 0.0005172854289412498
      }
    ],
    [
      {
        "obs_stats": {
          "Q": {
            "mean": -0.0012732273899018764,
            "error": 0.0021972013637423515,
            "error_ess": 0.0023323355708271265,
            "ess_q": 0.38313955068588257
          },
          "Chi_t": {
            "mean": 0.5210491418838501,
            "error": 0.0024578736629337072,
            "error_ess": 0.0024310594890266657,
            "ess_q": 0.38313955068588257
          }
        },
        "entropy": 303546.375,
        "std_entropy": 114227792.0,
        "free_energy": -0.3999610216635257,
        "std_free_energy": 0.0003588895488064736
      },
      {
        "obs_stats": {
          "Q": {
            "mean": -0.00032930081943050027,
            "error": 0.0023034093901515007,
            "error_ess": 0.0023764411453157663,
            "ess_q": 0.370891273021698
          },
          "Chi_t": {
            "mean": 0.5236476063728333,
            "error": 0.0025798133574426174,
            "error_ess": 0.002441988792270422,
            "ess_q": 0.370891273021698
          }
        },
        "entropy": 303608.3125,
        "std_entropy": 116137184.0,
        "free_energy": -0.4000206070673912,
        "std_free_energy": 0.00036837096558883786
      },
      {
        "obs_stats": {
          "Q": {
            "mean": -0.002477104077115655,
            "error": 0.002263406990095973,
            "error_ess": 0.0024340942036360502,
            "ess_q": 0.35069698095321655
          },
          "Chi_t": {
            "mean": 0.5194576978683472,
            "error": 0.0024735373444855213,
            "error_ess": 0.002483474090695381,
            "ess_q": 0.35069698095321655
          }
        },
        "entropy": 303685.75,
        "std_entropy": 119509168.0,
        "free_energy": -0.3999753336183578,
        "std_free_energy": 0.0003848607011605054
      }
    ]
  ],
  "nmcmc": [
    [
      {
        "acc_rate": 0.53088,
        "n_steps": 50000.0,
        "obs_stats": {
          "Q": {
            "mean": -0.00046000920701771975,
            "error": 0.006486091769021871,
            "tau_int": 2.017280304892164,
            "dtau_int": 0.07099687129185496
          },
          "Chi_t": {
            "mean": 0.5213104486465454,
            "error": 0.007143309534896002,
            "tau_int": 2.260809192420825,
            "dtau_int": 0.08395985601184901
          }
        },
        "n_skipped": 0.0,
        "step_size": 0.0
      },
      {
        "acc_rate": 0.5358,
        "n_steps": 50000.0,
        "obs_stats": {
          "Q": {
            "mean": -0.010160203091800213,
            "error": 0.0066491896410431515,
            "tau_int": 2.0763609641723315,
            "dtau_int": 0.0752639292854273
          },
          "Chi_t": {
            "mean": 0.5323706269264221,
            "error": 0.0077157175066517635,
            "tau_int": 2.4729668720877247,
            "dtau_int": 0.09648352729089082
          }
        },
        "n_skipped": 0.0,
        "step_size": 0.0
      },
      {
        "acc_rate": 0.52124,
        "n_steps": 50000.0,
        "obs_stats": {
          "Q": {
            "mean": -0.012240245006978512,
            "error": 0.006995520754189034,
            "tau_int": 2.316404738743998,
            "dtau_int": 0.08834941114447782
          },
          "Chi_t": {
            "mean": 0.5282505750656128,
            "error": 0.00681192047010454,
            "tau_int": 2.0819930499726924,
            "dtau_int": 0.07545514004656205
          }
        },
        "n_skipped": 0.0,
        "step_size": 0.0
      }
    ],
    [
      {
        "acc_rate": 0.530608,
        "n_steps": 125000,
        "obs_stats": {
          "Q": {
            "mean": -0.001448011607863009,
            "error": 0.004217693318933698,
            "tau_int": 2.119377534519461,
            "dtau_int": 0.051400241587659316
          },
          "Chi_t": {
            "mean": 0.5245721936225891,
            "error": 0.0047712664390468585,
            "tau_int": 2.4606486725889307,
            "dtau_int": 0.06384729605063785
          }
        },
        "n_skipped": 0,