{
  "observables": [
    "Chi_t"
  ],
  "n_samples": [
    50000,
    125000,
    250000
  ],
  "nip": [
    [
      {
        "obs_stats": {
          "Q": {
            "mean": 0.0009279476362280548,
            "error": 0.0051612467505037785,
            "error_ess": 0.005704921670258045,
            "ess_q": 0.31813257932662964
          },
          "Chi_t": {
            "mean": 0.5176897644996643,
            "error": 0.0064169857650995255,
            "error_ess": 0.005979656707495451,
            "ess_q": 0.31813257932662964
          }
        },
        "entropy": 59123.90625,
        "std_entropy": 11220959.0,
        "free_energy": -0.4000001416508327,
        "std_free_energy": 0.0009259344078600407
      },
      {
        "obs_stats": {
          "Q": {
            "mean": -0.008106210269033909,
            "error": 0.005335780791938305,
            "error_ess": 0.005642654839903116,
            "ess_q": 0.328303724527359
          },
          "Chi_t": {
            "mean": 0.5227074027061462,
            "error": 0.006078560836613178,
            "error_ess": 0.005809682887047529,
            "ess_q": 0.328303724527359
          }
        },
        "entropy": 59170.046875,
        "std_entropy": 11065457.0,
        "free_energy": -0.3999138698127331,
        "std_free_energy": 0.0009046548511832952
      },
      {
        "obs_stats": {
          "Q": {
            "mean": 0.0005436339415609837,
            "error": 0.005283617414534092,
            "error_ess": 0.00560490507632494,
            "ess_q": 0.3291037082672119
          },
          "Chi_t": {
            "mean": 0.516929030418396,
            "error": 0.006082088220864534,
            "error_ess": 0.005777470767498016,
            "ess_q": 0.3291037082672119
          }
        },
        "entropy": 59180.89453125,
        "std_entropy": 11055116.0,
        "free_energy": -0.3999712146019137,
        "std_free_energy": 0.000903016421943903
      }
    ],
    [
      {
        "obs_stats": {
          "Q": {
            "mean": -0.00394680630415678,
            "error": 0.003907936159521341,
            "error_ess": 0.003943024668842554,
            "ess_q": 0.26681992411613464
          },
          "Chi_t": {
            "mean": 0.5185573101043701,
            "error": 0.004315811675041914,
            "error_ess": 0.004036828875541687,
            "ess_q": 0.26681992411613464
          }
        },
        "entropy": 150231.609375,
        "std_entropy": 48514796.0,
        "free_energy": -0.40008519707995865,
        "std_free_energy": 0.0006630677380599082
      },
      {
        "obs_stats": {
          "Q": {
            "mean": 0.000716996961273253,
            "error": 0.0033157244324684143,
            "error_ess": 0.0035828053951263428,
            "ess_q": 0.32431676983833313
          },
          "Chi_t": {
            "mean": 0.5203827023506165,
            "error": 0.0036664477083832026,
            "error_ess": 0.003725361078977585,
            "ess_q": 0.32431676983833313
          }
        },
        "entropy": 150126.125,
        "std_entropy": 43945928.0,
        "free_energy": -0.3999984818188117,
        "std_free_energy": 0.0005773625453002751
      },
      {
        "obs_stats": {
          "Q": {
            "mean": 0.00017070546164177358,
            "error": 0.003774459008127451,
            "error_ess": 0.00364954536780715,
            "ess_q": 0.31858062744140625
          },
          "Chi_t": {
            "mean": 0.5303999185562134,
            "error": 0.004718867130577564,
            "error_ess": 0.003809744492173195,
            "ess_q": 0.31858062744140625
          }
        },
        "entropy": 150061.953125,
        "std_entropy": 44297808.0,
        "free_energy": -0.4000210847521198,
        "std_free_energy": 0.0005850045708939433
      }
    ],
    [
      {
        "obs_stats": {
          "Q": {
            "mean": -0.0005717559834010899,
            "error": 0.002498089335858822,
            "error_ess": 0.002626270754262805,
            "ess_q": 0.3005901277065277
          },
          "Chi_t": {
            "mean": 0.5183131098747253,
            "error": 0.0027859783731400967,
            "error_ess": 0.00271086604334414,
            "ess_q": 0.3005901277065277
          }
        },
        "entropy": 303658.75,
        "std_entropy": 129054200.0,
        "free_energy": -0.4000074950828727,
        "std_free_energy": 0.00043144397204741836
      },
      {
        "obs_stats": {
          "Q": {
            "mean": 0.0014486347790807486,
            "error": 0.0023951276671141386,
            "error_ess": 0.002531220205128193,
            "ess_q": 0.3266961872577667
          },
          "Chi_t": {
            "mean": 0.5232917666435242,
            "error": 0.0027348941657692194,
            "error_ess": 0.002629666356369853,
            "ess_q": 0.3266961872577667
          }
        },
        "entropy": 303694.84375,
        "std_entropy": 123834072.0,
        "free_energy": -0.399952990895236,
        "std_free_energy": 0.0004060498613398522
      },
      {
        "obs_stats": {
          "Q": {
            "mean": 0.0006065688212402165,
            "error": 0.0027886629104614258,
            "error_ess": 0.00272369384765625,
            "ess_q": 0.2832898199558258
          },
          "Chi_t": {
            "mean": 0.5253950953483582,
            "error": 0.003098968882113695,
            "error_ess": 0.002813865663483739,
            "ess_q": 0.2832898199558258
          }
        },
        "entropy": 303739.5625,
        "std_entropy": 133027832.0,
        "free_energy": -0.39994177864860503,
        "std_free_energy": 0.0004498856724239886
      }
    ]
  ],
  "nmcmc": [
    [
      {
        "acc_rate": 0.50182,
        "n_steps": 50000,
        "obs_stats": {
          "Q": {
            "mean": -0.0007600152166560292,
            "error": 0.006842437354150553,
            "tau_int": 2.229358432203336,
            "dtau_int": 0.08286735387534719
          },
          "Chi_t": {
            "mean": 0.5249704718589783,
            "error": 0.0070377039311890184,
            "tau_int": 2.134278408849857,
            "dtau_int": 0.07722679061000508
          }
        },
        "n_skipped": 0,
        "step_size": 0
      },
      {
        "acc_rate": 0.50546,
        "n_steps": 50000,
        "obs_stats": {
          "Q": {
            "mean": 0.005640112794935703,
            "error": 0.007492146376870453,
            "tau_int": 2.6491201781738645,
            "dtau_int": 0.10557008645179095
          },
          "Chi_t": {
            "mean": 0.5296906232833862,
            "error": 0.009586770093991994,
            "tau_int": 3.9634649523747445,
            "dtau_int": 0.18937601708531013
          }
        },
        "n_skipped": 0,
        "step_size": 0
      },
      {
        "acc_rate": 0.50886,
        "n_steps": 50000,
        "obs_stats": {
          "Q": {
            "mean": -0.0004800095921382308,
            "error": 0.007238973531688668,
            "tau_int": 2.4696217584433,
            "dtau_int": 0.09636148616781308
          },
          "Chi_t": {
            "mean": 0.5304105877876282,
            "error": 0.007236705793118213,
            "tau_int": 2.296823581676215,
            "dtau_int": 0.08764972624283814
          }
        },
        "n_skipped": 0,
        "step_size": 0
      }
    ],
    [
      {
        "acc_rate": 0.505472,
        "n_steps": 125000,
        "obs_stats": {
          "Q": {
            "mean": -0.011472092010080814,
            "error": 0.004499984041722176,
            "tau_int": 2.408416818096563,
            "dtau_int": 0.0610682475581319
          },
          "Chi_t": {
            "mean": 0.5256041884422302,
            "error": 0.004342240951486361,
            "tau_int": 2.122452614710857,
            "dtau_int": 0.05147051397335969
          }
        },
        "n_skipped": 0,