{
  "observables": [
    "Chi_t"
  ],
  "n_samples": [
    50000,
    80000,
    100000
  ],
  "nip": [],
  "nmcmc": [
    [
      {
        "acc_rate": 0.64062,
        "n_steps": 50000,
        "obs_stats": {
          "Q": {
            "mean": 0.002199999988079071,
            "error": 0.005571439336703379,
            "tau_int": 1.200482651946941,
            "dtau_int": 0.0344595275388857
          },
          "Chi_t": {
            "mean": 0.646399974822998,
            "error": 0.006115929069017765,
            "tau_int": 1.0936957265672085,
            "dtau_int": 0.03000205619971677
          }
        },
        "n_skipped": 0,
        "step_size": 0
      },
      {
        "acc_rate": 0.63832,
        "n_steps": 50000,
        "obs_stats": {
          "Q": {
            "mean": -0.0011599999852478504,
            "error": 0.005754278445324764,
            "tau_int": 1.2735439571064004,
            "dtau_int": 0.03642684107180998
          },
          "Chi_t": {
            "mean": 0.6499599814414978,
            "error": 0.006207296236868122,
            "tau_int": 1.1496563122105146,
            "dtau_int": 0.03144320512159592
          }
        },
        "n_skipped": 0,
        "step_size": 0
      },
      {
        "acc_rate": 0.63274,
        "n_steps": 50000,
        "obs_stats": {
          "Q": {
            "mean": 5.999999848427251e-05,
            "error": 0.00554524957486812,
            "tau_int": 1.1994194683399273,
            "dtau_int": 0.03443078609103606
          },
          "Chi_t": {
            "mean": 0.6409000158309937,
            "error": 0.005946142130939055,
            "tau_int": 1.0622671114329503,
            "dtau_int": 0.027598890002155665
          }
        },
        "n_skipped": 0,
        "step_size": 0
      }
    ],
    [
      {
        "acc_rate": 0.63175,
        "n_steps": 80000,
        "obs_stats": {
          "Q": {
            "mean": -0.003275000024586916,
            "error": 0.004517156866947284,
            "tau_int": 1.2605523415796716,
            "dtau_int": 0.02988259922381563
          },
          "Chi_t": {
            "mean": 0.647475004196167,
            "error": 0.004849995916298055,
            "tau_int": 1.1219542692291007,
            "dtau_int": 0.02429496796427493
          }
        },
        "n_skipped": 0,
        "step_size": 0
      },
      {
        "acc_rate": 0.63645,
        "n_steps": 80000,
        "obs_stats": {
          "Q": {
            "mean": 0.001025000005029142,
            "error": 0.00446376139444258,
            "tau_int": 1.2135269198875422,
            "dtau_int": 0.02752121885254735
          },
          "Chi_t": {
            "mean": 0.6567500233650208,
            "error": 0.005010740624607381,
            "tau_int": 1.150791418748087,
            "dtau_int": 0.02617792305891973
          }
        },
        "n_skipped": 0,
        "step_size": 0
      },
      {
        "acc_rate": 0.6393875,
        "n_steps": 80000,
        "obs_stats": {
          "Q": {
            "mean": 0.008050000295042992,
            "error": 0.00442514115479468,
            "tau_int": 1.1982090134810612,
            "dtau_int": 0.027194053743311557
          },
          "Chi_t": {
            "mean": 0.6537500023841858,
            "error": 0.00483425879755752,
            "tau_int": 1.1070815884442293,
            "dtau_int": 0.023991914517101948
          }
        },
        "n_skipped": 0,
        "step_size": 0
      }
    ],
    [
      {
        "acc_rate": 0.63746,
        "n_steps": 100000,
        "obs_stats": {
          "Q": {
            "mean": 0.004350000061094761,
            "error": 0.004059453766997711,
            "tau_int": 1.2600146156137293,
            "dtau_int": 0.02671704682965551
          },
          "Chi_t": {
            "mean": 0.6539300084114075,
            "error": 0.004392885102997725,
            "tau_int": 1.13183465284886,
            "dtau_int": 0.023049628990126168
          }
        },
        "n_skipped": 0,
        "step_size": 0
      },
      {
        "acc_rate": 0.63428,
        "n_steps": 100000,
        "obs_stats": {
          "Q": {
            "mean": -0.0035099999513477087,
            "error": 0.003985651707354544,
            "tau_int": 1.2301812259067664,
            "dtau_int": 0.026119060822280268
          },
          "Chi_t": {
            "mean": 0.6456500291824341,
            "error": 0.00439422436783426,
            "tau_int": 1.1467836498972586,
            "dtau_int": 0.023337220673076926
          }
        },
        "n_skipped": 0,
        "step_size": 0
      },
      {
        "acc_rate": 0.63554,
        "n_steps": 100000,
        "obs_stats": {
          "Q": {
            "mean": -0.0004799999878741801,
            "error": 0.004125833391867616,
            "tau_int": 1.2993944578364216,
            "dtau_int": 0.027503740205386155
          },
          "Chi_t": {
            "mean": 0.6549999713897705,
            "error": 0.00446719366054099,
            "tau_int": 1.1822239222442996,
            "dtau_int": 0.02401722285321119
          }
        },
        "n_skipped": 0,
        "step_size": 0
      }
    ]
  ],
  "exact_sus": 0.6500977944017748
}