{
  "observables": [
    "Chi_t"
  ],
  "n_samples": [
    50000,
    80000,
    100000
  ],
  "nip": [],
  "nmcmc": [
    [
      {
        "acc_rate": 0.68872,
        "n_steps": 50000,
        "obs_stats": {
          "Q": {
            "mean": -0.004879999905824661,
            "error": 0.005146719132892775,
            "tau_int": 1.0040866209605555,
            "dtau_int": 0.026177080693127082
          },
          "Chi_t": {
            "mean": 0.6595199704170227,
            "error": 0.005936549883819072,
            "tau_int": 0.9970993967199999,
            "dtau_int": 0.026005607179483803
          }
        },
        "n_skipped": 0,
        "step_size": 0
      },
      {
        "acc_rate": 0.6884,
        "n_steps": 50000,
        "obs_stats": {
          "Q": {
            "mean": -0.008860000409185886,
            "error": 0.005349342904274718,
            "tau_int": 1.0735576995298202,
            "dtau_int": 0.029481141231650465
          },
          "Chi_t": {
            "mean": 0.6664199829101562,
            "error": 0.005902111666034377,
            "tau_int": 0.9864681970018092,
            "dtau_int": 0.02574441118819184
          }
        },
        "n_skipped": 0,
        "step_size": 0
      },
      {
        "acc_rate": 0.6862,
        "n_steps": 50000,
        "obs_stats": {
          "Q": {
            "mean": 0.00674000009894371,
            "error": 0.005358647007429224,
            "tau_int": 1.0829621023063267,
            "dtau_int": 0.029724558419638246
          },
          "Chi_t": {
            "mean": 0.6628999710083008,
            "error": 0.005969065794762699,
            "tau_int": 1.005196175572849,
            "dtau_int": 0.026204296091185336
          }
        },
        "n_skipped": 0,
        "step_size": 0
      }
    ],
    [
      {
        "acc_rate": 0.683825,
        "n_steps": 80000,
        "obs_stats": {
          "Q": {
            "mean": -3.7500001781154424e-05,
            "error": 0.0042904319523088,
            "tau_int": 1.106852127437147,
            "dtau_int": 0.023987234783698547
          },
          "Chi_t": {
            "mean": 0.6652125120162964,
            "error": 0.004860234945631708,
            "tau_int": 1.058887463014716,
            "dtau_int": 0.023006279716634697
          }
        },
        "n_skipped": 0,
        "step_size": 0
      },
      {
        "acc_rate": 0.688475,
        "n_steps": 80000,
        "obs_stats": {
          "Q": {
            "mean": 0.0026374999433755875,
            "error": 0.0041868560571961515,
            "tau_int": 1.0500038931940379,
            "dtau_int": 0.02282399830036431
          },
          "Chi_t": {
            "mean": 0.667787492275238,
            "error": 0.004787954898140365,
            "tau_int": 1.0077591170580327,
            "dtau_int": 0.02076600193962877
          }
        },
        "n_skipped": 0,
        "step_size": 0
      },
      {
        "acc_rate": 0.6889375,
        "n_steps": 80000,
        "obs_stats": {
          "Q": {
            "mean": 0.004825000185519457,
            "error": 0.004272427504348083,
            "tau_int": 1.0812245464462107,
            "dtau_int": 0.023463787700530026
          },
          "Chi_t": {
            "mean": 0.6753000020980835,
            "error": 0.004859519748262981,
            "tau_int": 1.039168444965575,
            "dtau_int": 0.022601413862355077
          }
        },
        "n_skipped": 0,
        "step_size": 0
      }
    ],
    [
      {
        "acc_rate": 0.68629,
        "n_steps": 100000,
        "obs_stats": {
          "Q": {
            "mean": 0.0032399999909102917,
            "error": 0.0037721302779180504,
            "tau_int": 1.0672731818281942,
            "dtau_int": 0.020731189472287217
          },
          "Chi_t": {
            "mean": 0.6665999889373779,
            "error": 0.004146926800854921,
            "tau_int": 0.9635884449651992,
            "dtau_int": 0.017805708188827523
          }
        },
        "n_skipped": 0,
        "step_size": 0
      },
      {
        "acc_rate": 0.68664,
        "n_steps": 100000,
        "obs_stats": {
          "Q": {
            "mean": 0.005289999768137932,
            "error": 0.003831044859592922,
            "tau_int": 1.089184468644537,
            "dtau_int": 0.02113221720013013
          },
          "Chi_t": {
            "mean": 0.673770010471344,
            "error": 0.004339507265523765,
            "tau_int": 1.0243514755322618,
            "dtau_int": 0.019942677430071956
          }
        },
        "n_skipped": 0,
        "step_size": 0
      },
      {
        "acc_rate": 0.68865,
        "n_steps": 100000,
        "obs_stats": {
          "Q": {
            "mean": 0.0005200000014156103,
            "error": 0.003798860977362083,
            "tau_int": 1.0742176453919496,
            "dtau_int": 0.020858399505912905
          },
          "Chi_t": {
            "mean": 0.6717000007629395,
            "error": 0.004251169136526701,
            "tau_int": 1.0000497056281297,
            "dtau_int": 0.018439951525000463
          }
        },
        "n_skipped": 0,
        "step_size": 0
      }
    ]
  ],
  "exact_sus": 0.6687749432186545
}