{
  "observables": [
    "Chi_t"
  ],
  "n_samples": [
    50000,
    80000,
    100000,
    150000,
    200000,
    250000,
    300000,
    350000,
    500000
  ],
  "nip": [],
  "nmcmc": [
    [
      {
        "acc_rate": 0.03098,
        "n_steps": 50000,
        "obs_stats": {
          "Q": {
            "mean": -0.38005998730659485,
            "error": 0.1914544370068751,
            "tau_int": 1755.6280981614682,
            "dtau_int": 799.1285714502435
          },
          "Chi_t": {
            "mean": 0.6351799964904785,
            "error": 0.12068605962320512,
            "tau_int": 823.0458684474638,
            "dtau_int": 314.6967626301271
          }
        },
        "n_skipped": 0,
        "step_size": 0
      },
      {
        "acc_rate": 0.0554,
        "n_steps": 50000,
        "obs_stats": {
          "Q": {
            "mean": -0.08451999723911285,
            "error": 0.1026131144249179,
            "tau_int": 399.39701226944214,
            "dtau_int": 122.14513966918881
          },
          "Chi_t": {
            "mean": 0.6563199758529663,
            "error": 0.03378767449137211,
            "tau_int": 49.62019364493463,
            "dtau_int": 6.902449762116174
          }
        },
        "n_skipped": 0,
        "step_size": 0
      },
      {
        "acc_rate": 0.05336,
        "n_steps": 50000,
        "obs_stats": {
          "Q": {
            "mean": -0.15206000208854675,
            "error": 0.10563896182340776,
            "tau_int": 438.5572370155538,
            "dtau_int": 138.34755059259226
          },
          "Chi_t": {
            "mean": 0.6488199830055237,
            "error": 0.033885473842479856,
            "tau_int": 55.44772047661776,
            "dtau_int": 8.074106280545859
          }
        },
        "n_skipped": 0,
        "step_size": 0
      }
    ],
    [
      {
        "acc_rate": 0.0596375,
        "n_steps": 80000,
        "obs_stats": {
          "Q": {
            "mean": -0.005562500096857548,
            "error": 0.05382601847027737,
            "tau_int": 170.04045002518373,
            "dtau_int": 32.04844232798485
          },
          "Chi_t": {
            "mean": 0.6787375211715698,
            "error": 0.08354949471605544,
            "tau_int": 286.8344061038356,
            "dtau_int": 65.9926617965872
          }
        },
        "n_skipped": 0,
        "step_size": 0
      },
      {
        "acc_rate": 0.052675,
        "n_steps": 80000,
        "obs_stats": {
          "Q": {
            "mean": -0.07126250118017197,
            "error": 0.06987234201827781,
            "tau_int": 325.3183619904616,
            "dtau_int": 78.42067638883275
          },
          "Chi_t": {
            "mean": 0.6006625294685364,
            "error": 0.03777251991128849,
            "tau_int": 96.89814284913251,
            "dtau_int": 14.608850959404466
          }
        },
        "n_skipped": 0,
        "step_size": 0
      },
      {
        "acc_rate": 0.0552875,
        "n_steps": 80000,
        "obs_stats": {
          "Q": {
            "mean": -0.027012500911951065,
            "error": 0.04546981731784946,
            "tau_int": 143.49908114034628,
            "dtau_int": 25.306357296495992
          },
          "Chi_t": {
            "mean": 0.5750125050544739,
            "error": 0.041804584070508216,
            "tau_int": 106.31198064841476,
            "dtau_int": 16.643649362017783
          }
        },
        "n_skipped": 0,
        "step_size": 0
      }
    ],
    [
      {
        "acc_rate": 0.04461,
        "n_steps": 100000,
        "obs_stats": {
          "Q": {
            "mean": 0.15762999653816223,
            "error": 0.13298195775366123,
            "tau_int": 1287.3971661423764,
            "dtau_int": 458.29189789835016
          },
          "Chi_t": {
            "mean": 0.6954299807548523,
            "error": 0.032930523407037955,
            "tau_int": 99.43712098857917,
            "dtau_int": 13.836601302548097
          }
        },
        "n_skipped": 0,
        "step_size": 0
      },
      {
        "acc_rate": 0.04015,
        "n_steps": 100000,
        "obs_stats": {
          "Q": {
            "mean": 0.2439900040626526,
            "error": 0.18104100929059944,
            "tau_int": 2114.808058394717,
            "dtau_int": 864.0943146334803
          },
          "Chi_t": {
            "mean": 0.8053299784660339,
            "error": 0.03962315258942631,
            "tau_int": 123.00135058039537,
            "dtau_int": 18.66216522634878
          }
        },
        "n_skipped": 0,
        "step_size": 0
      },
      {
        "acc_rate": 0.05978,
        "n_steps": 100000,
        "obs_stats": {
          "Q": {
            "mean": -0.008059999905526638,
            "error": 0.03310028781961747,
            "tau_int": 101.40248316668885,
            "dtau_int": 14.226699969753362
          },
          "Chi_t": {
            "mean": 0.5392199754714966,
            "error": 0.02925282008124655,
            "tau_int": 65.58398865471938,
            "dtau_int": 7.69226113529682
          }
        },
        "n_skipped": 0,
        "step_size": 0
      }
    ],
    [
      {
        "acc_rate": 0.056773333333333335,
        "n_steps": 150000,
        "obs_stats": {
          "Q": {
            "mean": 0.04850666597485542,
            "error": 0.033809760454926306,
            "tau_int": 144.81741742166201,
            "dtau_int": 19.90815640325711
          },
          "Chi_t": {
            "mean": 0.5932266712188721,
            "error": 0.025356532641881212,
            "tau_int": 69.39268741419416,
            "dtau_int": 7.0321634371560755
          }
        },
        "n_skipped": 0,
        "step_size": 0
      },
      {
        "acc_rate": 0.04985333333333333,
        "n_steps": 150000,
        "obs_stats": {
          "Q": {
            "mean": -0.17790666222572327,
            "error": 0.09016764271173337,
            "tau_int": 985.9374658894641,
            "dtau_int": 282.07979482674733
          },
          "Chi_t": {
            "mean": 0.6424000263214111,
            "error": 0.028581367422562422,
            "tau_int": 112.36477459704288,
            "dtau_int": 13.915523046861184
          }
        },
        "n_skipped": 0,
        "step_size": 0
      },
      {
        "acc_rate": 0.03539333333333333,
        "n_steps": 150000,
        "obs_stats": {
          "Q": {
            "mean": 0.007780000101774931,
            "error": 0.020564485098961943,
            "tau_int": 95.6324188770813,
            "dtau_int": 11.0743010663271
          },
          "Chi_t": {
            "mean": 0.3312999904155731,
            "error": 0.05534472128923587,
            "tau_int": 456.8649044522305,
            "dtau_int": 98.85287181484746
          }
        },
        "n_skipped": 0,
        "step_size": 0
      }
    ],
    [
      {
        "acc_rate": 0.055515,
        "n_steps": 200000,
        "obs_stats": {
          "Q": {
            "mean": -0.023724999278783798,
            "error": 0.02224368021090043,
            "tau_int": 98.56324409462071,
            "dtau_int": 10.251873371768621
          },
          "Chi_t": {
            "mean": 0.5020650029182434,
            "error": 0.021917235664551966,
            "tau_int": 75.41130759132444,
            "dtau_int": 7.00220441222243
          }
        },
        "n_skipped": 0,
        "step_size": 0
      },
      {
        "acc_rate": 0.050535,
        "n_steps": 200000,
        "obs_stats": {
          "Q": {
            "mean": 0.043175000697374344,
            "error": 0.041602518980604845,
            "tau_int": 300.72438975630394,
            "dtau_int": 49.42825235383159
          },
          "Chi_t": {
            "mean": 0.5756949782371521,
            "error": 0.05235933691776629,
            "tau_int": 326.83447077713475,
            "dtau_int": 55.536198161871006
          }
        },
        "n_skipped": 0,