{
  "observables": [
    "Chi_t"
  ],
  "n_samples": 500000,
  "nip": {
    "Chi_t": {
      "mean": 1.229701042175293,
      "error": 0.002478107577189803,
      "error_ess": 0.0024992863181978464,
      "ess_q": 0.9662483930587769
    }
  },
  "nmcmc": {
    "Chi_t": {
      "mean": 1.2340760231018066,
      "error": 0.0027168523629887407,
      "tau_int": 0.6114719059501978,
      "dtau_int": 0.0041968638195416805,
      "tau_int_basic": 1.7080340754746934
    },
    "acc_rate": 0.896624
  },
  "exact_sus": 1.2331214131349946
}