{
  "observables": [
    "Chi_t"
  ],
  "n_samples": [
    50000,
    125000,
    250000,
    500000,
    1000000
  ],
  "nip": [
    [
      {
        "obs_stats": {
          "Q": {
            "mean": -0.010546304285526276,
            "error": 0.038062144070863724,
            "error_ess": 0.04045449569821358,
            "ess_q": 0.0058629256673157215
          },
          "Chi_t": {
            "mean": 0.47985488176345825,
            "error": 0.04010194540023804,
            "error_ess": 0.039376307278871536,
            "ess_q": 0.0058629256673157215
          }
        },
        "entropy": 42554.08203125,
        "std_entropy": 78680920.0,
        "free_energy": -0.16985384727397146,
        "std_free_energy": 0.006680030841380358
      },
      {
        "obs_stats": {
          "Q": {
            "mean": 0.01994745060801506,
            "error": 0.042627882212400436,
            "error_ess": 0.034780725836753845,
            "ess_q": 0.008036468178033829
          },
          "Chi_t": {
            "mean": 0.48647356033325195,
            "error": 0.04269608482718468,
            "error_ess": 0.031148070469498634,
            "ess_q": 0.008036468178033829
          }
        },
        "entropy": 42374.58984375,
        "std_entropy": 66830396.0,
        "free_energy": -0.16925741970723485,
        "std_free_energy": 0.005699382163584232
      },
      {
        "obs_stats": {
          "Q": {
            "mean": -0.03262465074658394,
            "error": 0.01748223416507244,
            "error_ess": 0.024865588173270226,
            "ess_q": 0.01473200786858797
          },
          "Chi_t": {
            "mean": 0.45649343729019165,
            "error": 0.018856476992368698,
            "error_ess": 0.024209612980484962,
            "ess_q": 0.01473200786858797
          }
        },
        "entropy": 42028.45703125,
        "std_entropy": 48764020.0,
        "free_energy": -0.16880725133773,
        "std_free_energy": 0.00419525895267725
      }
    ],
    [
      {
        "obs_stats": {
          "Q": {
            "mean": 0.01795140467584133,
            "error": 0.020309412851929665,
            "error_ess": 0.018535608425736427,
            "ess_q": 0.011219995096325874
          },
          "Chi_t": {
            "mean": 0.48217344284057617,
            "error": 0.02233368717133999,
            "error_ess": 0.017789771780371666,
            "ess_q": 0.011219995096325874
          }
        },
        "entropy": 106863.7265625,
        "std_entropy": 221845200.0,
        "free_energy": -0.1687673134403939,
        "std_free_energy": 0.003045744262635708
      },
      {
        "obs_stats": {
          "Q": {
            "mean": 0.011411882005631924,
            "error": 0.014673534780740738,
            "error_ess": 0.019068848341703415,
            "ess_q": 0.009988884441554546
          },
          "Chi_t": {
            "mean": 0.4541475176811218,
            "error": 0.015153167769312859,
            "error_ess": 0.01826813817024231,
            "ess_q": 0.009988884441554546
          }
        },
        "entropy": 106695.0390625,
        "std_entropy": 234530816.0,
        "free_energy": -0.1687483773134799,
        "std_free_energy": 0.0032299922313541174
      },
      {
        "obs_stats": {
          "Q": {
            "mean": 0.018265848979353905,
            "error": 0.01696464605629444,
            "error_ess": 0.03179783374071121,
            "ess_q": 0.003635060740634799
          },
          "Chi_t": {
            "mean": 0.4597572386264801,
            "error": 0.018283404409885406,
            "error_ess": 0.031892795115709305,
            "ess_q": 0.003635060740634799
          }
        },
        "entropy": 106976.4375,
        "std_entropy": 389508608.0,
        "free_energy": -0.1700037197369861,
        "std_free_energy": 0.005371471866965294
      }
    ],
    [
      {
        "obs_stats": {
          "Q": {
            "mean": -0.01499095931649208,
            "error": 0.008982181549072266,
            "error_ess": 0.01591903157532215,
            "ess_q": 0.007078222464770079
          },
          "Chi_t": {
            "mean": 0.4486558139324188,
            "error": 0.010288632474839687,
            "error_ess": 0.015683623030781746,
            "ess_q": 0.007078222464770079
          }
        },
        "entropy": 216542.265625,
        "std_entropy": 792595264.0,
        "free_energy": -0.16916333169773512,
        "std_free_energy": 0.0027171866968274117
      },
      {
        "obs_stats": {
          "Q": {
            "mean": -0.011430373415350914,
            "error": 0.01755967177450657,
            "error_ess": 0.12395374476909637,
            "ess_q": 9.696872439235449e-05
          },
          "Chi_t": {
            "mean": 0.3725989758968353,
            "error": 0.01806037686765194,
            "error_ess": 0.12703309953212738,
            "ess_q": 9.696872439235449e-05
          }
        },
        "entropy": 221559.546875,
        "std_entropy": 6982513152.0,
        "free_energy": -0.172625025561792,
        "std_free_energy": 0.023296311497688293
      },
      {
        "obs_stats": {
          "Q": {
            "mean": -0.013331811875104904,
            "error": 0.024586403742432594,
            "error_ess": 0.0198961328715086,
            "ess_q": 0.004804377909749746
          },
          "Chi_t": {
            "mean": 0.47563645243644714,
            "error": 0.02485421486198902,
            "error_ess": 0.01915123499929905,
            "ess_q": 0.004804377909749746
          }
        },
        "entropy": 217044.46875,
        "std_entropy": 966004288.0,
        "free_energy": -0.1689758873261203,
        "std_free_energy": 0.0033018679823726416
      }
    ],
    [
      {
        "obs_stats": {
          "Q": {
            "mean": -0.004319955129176378,
            "error": 0.013470767997205257,
            "error_ess": 0.013990704901516438,
            "ess_q": 0.0047141253016889095
          },
          "Chi_t": {
            "mean": 0.4613886773586273,
            "error": 0.013599500060081482,
            "error_ess": 0.013268734328448772,
            "ess_q": 0.0047141253016889095
          }
        },
        "entropy": 440078.5625,
        "std_entropy": 2769589760.0,
        "free_energy": -0.16964409999857044,
        "std_free_energy": 0.002357121789827943
      },
      {
        "obs_stats": {
          "Q": {
            "mean": 0.012988853268325329,
            "error": 0.010405915789306164,
            "error_ess": 0.01266335416585207,
            "ess_q": 0.0057894582860171795
          },
          "Chi_t": {
            "mean": 0.4643680453300476,
            "error": 0.013058106414973736,
            "error_ess": 0.012606197968125343,
            "ess_q": 0.0057894582860171795
          }
        },
        "entropy": 436890.71875,
        "std_entropy": 2471231744.0,
        "free_energy": -0.169282620878171,
        "std_free_energy": 0.0021258315537124872
      },
      {
        "obs_stats": {
          "Q": {
            "mean": 0.0038079144433140755,
            "error": 0.012962422333657742,
            "error_ess": 0.017759395763278008,
            "ess_q": 0.002954438328742981
          },
          "Chi_t": {
            "mean": 0.46592286229133606,
            "error": 0.013450279831886292,
            "error_ess": 0.01710125431418419,
            "ess_q": 0.002954438328742981
          }
        },
        "entropy": 437905.875,
        "std_entropy": 3470395904.0,
        "free_energy": -0.16961512916468707,
        "std_free_energy": 0.0029800853226333857
      }
    ],
    [
      {
        "obs_stats": {
          "Q": {
            "mean": -0.0021069056820124388,
            "error": 0.008080380037426949,
            "error_ess": 0.009146874770522118,
            "ess_q": 0.005653236526995897
          },
          "Chi_t": {
            "mean": 0.47298380732536316,
            "error": 0.008425882086157799,