{
  "observables": [
    "Chi_t"
  ],
  "n_samples": [
    50000,
    80000,
    100000,
    150000,
    200000
  ],
  "nip": [],
  "nmcmc": [
    [
      {
        "acc_rate": 0.00068,
        "n_steps": 50000,
        "obs_stats": {
          "Q": {
            "mean": -0.6545799970626831,
            "error": 0.3047474366646127,
            "tau_int": 4064.5949951296056,
            "dtau_int": 1818.071125350918
          },
          "Chi_t": {
            "mean": 0.9261400103569031,
            "error": 0.08835692838652437,
            "tau_int": 639.8815649934012,
            "dtau_int": 227.39618635416844
          }
        },
        "n_skipped": 0,
        "step_size": 0
      },
      {
        "acc_rate": 0.0003,
        "n_steps": 50000,
        "obs_stats": {
          "Q": {
            "mean": 0.011800000444054604,
            "error": 0.010213624932368822,
            "tau_int": 71.64028960081792,
            "dtau_int": 11.566918082160273
          },
          "Chi_t": {
            "mean": 0.03643999993801117,
            "error": 0.03717857964487158,
            "tau_int": 378.1761312914709,
            "dtau_int": 113.5699564946228
          }
        },
        "n_skipped": 0,
        "step_size": 0
      },
      {
        "acc_rate": 0.00058,
        "n_steps": 50000,
        "obs_stats": {
          "Q": {
            "mean": -0.5596799850463867,
            "error": 0.2384191028370586,
            "tau_int": 1912.607390082605,
            "dtau_int": 882.2727676156342
          },
          "Chi_t": {
            "mean": 1.0082000494003296,
            "error": 0.22805722965749403,
            "tau_int": 1649.6360747243912,
            "dtau_int": 742.8659700813112
          }
        },
        "n_skipped": 0,
        "step_size": 0
      }
    ],
    [
      {
        "acc_rate": 0.000325,
        "n_steps": 80000,
        "obs_stats": {
          "Q": {
            "mean": 0.03971249982714653,
            "error": 0.09471162751438528,
            "tau_int": 1692.6825876471567,
            "dtau_int": 691.8101015788353
          },
          "Chi_t": {
            "mean": 0.2055875062942505,
            "error": 0.15149684323619086,
            "tau_int": 4990.1271680798645,
            "dtau_int": 2365.544725867526
          }
        },
        "n_skipped": 0,
        "step_size": 0
      },
      {
        "acc_rate": 0.000125,
        "n_steps": 80000,
        "obs_stats": {
          "Q": {
            "mean": -0.4644874930381775,
            "error": 0.2665449974990631,
            "tau_int": 6456.8017443931885,
            "dtau_int": 2896.8303606065406
          },
          "Chi_t": {
            "mean": 0.5995875000953674,
            "error": 0.23209412896364273,
            "tau_int": 7627.847788941623,
            "dtau_int": 3048.5885420082222
          }
        },
        "n_skipped": 0,
        "step_size": 0
      },
      {
        "acc_rate": 0.000175,
        "n_steps": 80000,
        "obs_stats": {
          "Q": {
            "mean": -0.030400000512599945,
            "error": 0.07099781578884846,
            "tau_int": 2160.0679920752564,
            "dtau_int": 934.642226459952
          },
          "Chi_t": {
            "mean": 0.0898749977350235,
            "error": 0.062517545049378,
            "tau_int": 1833.9169967515502,
            "dtau_int": 764.391806427307
          }
        },
        "n_skipped": 0,
        "step_size": 0
      }
    ],
    [
      {
        "acc_rate": 0.00049,
        "n_steps": 100000,
        "obs_stats": {
          "Q": {
            "mean": -0.17253999412059784,
            "error": 0.14918320039218955,
            "tau_int": 2618.2364944165283,
            "dtau_int": 1125.3256606490374
          },
          "Chi_t": {
            "mean": 0.4353399872779846,
            "error": 0.15006768234932197,
            "tau_int": 1864.4881383070506,
            "dtau_int": 737.4527288159413
          }
        },
        "n_skipped": 0,
        "step_size": 0
      },
      {
        "acc_rate": 0.0007,
        "n_steps": 100000,
        "obs_stats": {
          "Q": {
            "mean": -0.14110000431537628,
            "error": 0.09080999005727276,
            "tau_int": 1620.928063078401,
            "dtau_int": 617.0242689306775
          },
          "Chi_t": {
            "mean": 0.2668200135231018,
            "error": 0.08747890340580937,
            "tau_int": 930.7488029523444,
            "dtau_int": 299.27597515074103
          }
        },
        "n_skipped": 0,
        "step_size": 0
      },
      {
        "acc_rate": 0.00014,
        "n_steps": 100000,
        "obs_stats": {
          "Q": {
            "mean": -0.6313199996948242,
            "error": 0.2394237429537139,
            "tau_int": 9661.281637399277,
            "dtau_int": 3802.77586753459
          },
          "Chi_t": {
            "mean": 0.6501200199127197,
            "error": 0.2391341618703686,
            "tau_int": 10490.041626371478,
            "dtau_int": 3573.6776770731276
          }
        },
        "n_skipped": 0,
        "step_size": 0
      }
    ],
    [
      {
        "acc_rate": 0.0006466666666666667,
        "n_steps": 150000,
        "obs_stats": {
          "Q": {
            "mean": -0.11251333355903625,
            "error": 0.11425848365138004,
            "tau_int": 2145.800503338001,
            "dtau_int": 788.1214538093456
          },
          "Chi_t": {
            "mean": 0.45704665780067444,
            "error": 0.22631660129367107,
            "tau_int": 3510.019197467262,
            "dtau_int": 1470.1331268036042
          }
        },
        "n_skipped": 0,
        "step_size": 0
      },
      {
        "acc_rate": 0.00022,
        "n_steps": 150000,
        "obs_stats": {
          "Q": {
            "mean": 0.626686692237854,
            "error": 0.24535377279978665,
            "tau_int": 14266.038517387926,
            "dtau_int": 5717.561268970984
          },
          "Chi_t": {
            "mean": 0.6618333458900452,
            "error": 0.23351796275441483,
            "tau_int": 15322.060274618445,
            "dtau_int": 5536.016635082726
          }
        },
        "n_skipped": 0,
        "step_size": 0
      },
      {
        "acc_rate": 0.00027333333333333333,
        "n_steps": 150000,
        "obs_stats": {
          "Q": {
            "mean": 0.16884666681289673,
            "error": 0.16987511366280136,
            "tau_int": 9763.61595703249,
            "dtau_int": 4610.4904312664885
          },
          "Chi_t": {
            "mean": 0.22694000601768494,
            "error": 0.15719769086818822,
            "tau_int": 5697.267429458174,
            "dtau_int": 2625.2363029726134
          }
        },
        "n_skipped": 0,
        "step_size": 0
      }
    ],
    [
      {
        "acc_rate": 0.0004,
        "n_steps": 200000,
        "obs_stats": {
          "Q": {
            "mean": -0.4730150103569031,
            "error": 0.3925946859131417,
            "tau_int": 12816.23038117719,
            "dtau_int": 6061.486153609887
          },
          "Chi_t": {
            "mean": 1.3020650148391724,
            "error": 0.7388507319762527,
            "tau_int": 17755.668723705796,
            "dtau_int": 7561.426704592381
          }
        },
        "n_skipped": 0,
        "step_size": 0
      },
      {
        "acc_rate": 0.00015,
        "n_steps": 200000,
        "obs_stats": {
          "Q": {
            "mean": -0.07372500002384186,
            "error": 0.07548986163138074,
            "tau_int": 7216.061598874266,
            "dtau_int": 3299.001283603451
          },
          "Chi_t": {
            "mean": 0.07956500351428986,
            "error": 0.08144353831352037,
            "tau_int": 7618.583935655743,
            "dtau_int": 3511.979792722205
          }
        },
        "n_skipped": 0,
        "step_size": 0
      },
      {
        "acc_rate": 0.00025,