{
  "observables": [
    "Chi_t"
  ],
  "n_samples": [
    50000,
    125000,
    250000,
    500000,
    1000000
  ],
  "nip": [
    [
      {
        "obs_stats": {
          "Q": {
            "mean": 0.0715053603053093,
            "error": 0.07465329766273499,
            "error_ess": 0.03935743123292923,
            "ess_q": 0.008857104927301407
          },
          "Chi_t": {
            "mean": 0.6910853981971741,
            "error": 0.14596940577030182,
            "error_ess": 0.04816785454750061,
            "ess_q": 0.008857104927301407
          }
        },
        "entropy": 47686.36328125,
        "std_entropy": 64715164.0,
        "free_energy": -0.26660638493528094,
        "std_free_energy": 0.005426687188446522
      },
      {
        "obs_stats": {
          "Q": {
            "mean": -0.043843451887369156,
            "error": 0.03769456222653389,
            "error_ess": 0.034352876245975494,
            "ess_q": 0.010807687416672707
          },
          "Chi_t": {
            "mean": 0.6396279335021973,
            "error": 0.04264266416430473,
            "error_ess": 0.03848201036453247,
            "ess_q": 0.010807687416672707
          }
        },
        "entropy": 47904.49609375,
        "std_entropy": 59081268.0,
        "free_energy": -0.2663534168488842,
        "std_free_energy": 0.004907796159386635
      },
      {
        "obs_stats": {
          "Q": {
            "mean": 0.011769091710448265,
            "error": 0.04468025639653206,
            "error_ess": 0.03510839492082596,
            "ess_q": 0.011416584253311157
          },
          "Chi_t": {
            "mean": 0.7037281394004822,
            "error": 0.06776854395866394,
            "error_ess": 0.04055418819189072,
            "ess_q": 0.011416584253311157
          }
        },
        "entropy": 47692.86328125,
        "std_entropy": 56997476.0,
        "free_energy": -0.26677244450182336,
        "std_free_energy": 0.004773655906319618
      }
    ],
    [
      {
        "obs_stats": {
          "Q": {
            "mean": 0.019788650795817375,
            "error": 0.028330722823739052,
            "error_ess": 0.02455785684287548,
            "ess_q": 0.008411098271608353
          },
          "Chi_t": {
            "mean": 0.6344659328460693,
            "error": 0.036013588309288025,
            "error_ess": 0.026223689317703247,
            "ess_q": 0.008411098271608353
          }
        },
        "entropy": 120941.1328125,
        "std_entropy": 263200576.0,
        "free_energy": -0.2669094847627223,
        "std_free_energy": 0.0035227301996201277
      },
      {
        "obs_stats": {
          "Q": {
            "mean": 0.00661757867783308,
            "error": 0.023828545585274696,
            "error_ess": 0.020769089460372925,
            "ess_q": 0.011448930017650127
          },
          "Chi_t": {
            "mean": 0.6173580884933472,
            "error": 0.031827375292778015,
            "error_ess": 0.0221128910779953,
            "ess_q": 0.011448930017650127
          }
        },
        "entropy": 121106.5546875,
        "std_entropy": 226181088.0,
        "free_energy": -0.2668153391208263,
        "std_free_energy": 0.0030147896613925695
      },
      {
        "obs_stats": {
          "Q": {
            "mean": -0.005596969276666641,
            "error": 0.019438596442341805,
            "error_ess": 0.01876799389719963,
            "ess_q": 0.013173101469874382
          },
          "Chi_t": {
            "mean": 0.5800344347953796,
            "error": 0.02057667076587677,
            "error_ess": 0.019725272431969643,
            "ess_q": 0.013173101469874382
          }
        },
        "entropy": 120480.984375,
        "std_entropy": 209004688.0,
        "free_energy": -0.2666300867552486,
        "std_free_energy": 0.0028081247583031654
      }
    ],
    [
      {
        "obs_stats": {
          "Q": {
            "mean": 0.009081663563847542,
            "error": 0.018166981637477875,
            "error_ess": 0.02645735628902912,
            "ess_q": 0.003215570468455553
          },
          "Chi_t": {
            "mean": 0.5627983808517456,
            "error": 0.019762061536312103,
            "error_ess": 0.028461072593927383,
            "ess_q": 0.003215570468455553
          }
        },
        "entropy": 243460.734375,
        "std_entropy": 1195931904.0,
        "free_energy": -0.2677677876602447,
        "std_free_energy": 0.004039202816784382
      },
      {
        "obs_stats": {
          "Q": {
            "mean": 0.001007338985800743,
            "error": 0.012669403105974197,
            "error_ess": 0.041141409426927567,
            "ess_q": 0.001354413339868188
          },
          "Chi_t": {
            "mean": 0.5731240510940552,
            "error": 0.015795595943927765,
            "error_ess": 0.045462287962436676,
            "ess_q": 0.001354413339868188
          }
        },
        "entropy": 243567.53125,
        "std_entropy": 1845970176.0,
        "free_energy": -0.26723868698435627,
        "std_free_energy": 0.006229513790458441
      },
      {
        "obs_stats": {
          "Q": {
            "mean": -0.008784662932157516,
            "error": 0.014048471115529537,
            "error_ess": 0.11853498220443726,
            "ess_q": 0.00013059684715699404
          },
          "Chi_t": {
            "mean": 0.45881444215774536,
            "error": 0.017427945509552956,
            "error_ess": 0.1357484608888626,
            "ess_q": 0.00013059684715699404
          }
        },
        "entropy": 240629.1875,
        "std_entropy": 5781585408.0,
        "free_energy": -0.2704028761360399,
        "std_free_energy": 0.02007378824055195
      }
    ],
    [
      {
        "obs_stats": {
          "Q": {
            "mean": -0.009925677441060543,
            "error": 0.00985260121524334,
            "error_ess": 0.03818517550826073,
            "ess_q": 0.0007651147898286581
          },
          "Chi_t": {
            "mean": 0.557907223701477,
            "error": 0.011945325881242752,
            "error_ess": 0.042519230395555496,
            "ess_q": 0.0007651147898286581
          }
        },
        "entropy": 493413.78125,
        "std_entropy": 6985281536.0,
        "free_energy": -0.2676619744155193,
        "std_free_energy": 0.005862449761480093
      },
      {
        "obs_stats": {
          "Q": {
            "mean": -0.025073731318116188,
            "error": 0.014832327142357826,
            "error_ess": 0.01955994963645935,
            "ess_q": 0.003003903664648533
          },
          "Chi_t": {
            "mean": 0.5752617716789246,
            "error": 0.01622697524726391,
            "error_ess": 0.02116101235151291,
            "ess_q": 0.003003903664648533
          }
        },
        "entropy": 493144.15625,
        "std_entropy": 3522988544.0,
        "free_energy": -0.2674911848224665,
        "std_free_energy": 0.002955373376607895
      },
      {
        "obs_stats": {
          "Q": {
            "mean": -0.0025853444822132587,
            "error": 0.01976575143635273,
            "error_ess": 0.03425432741641998,
            "ess_q": 0.0009622609941288829
          },
          "Chi_t": {
            "mean": 0.5645443201065063,
            "error": 0.020538929849863052,
            "error_ess": 0.0361468680202961,
            "ess_q": 0.0009622609941288829
          }
        },
        "entropy": 493380.0,
        "std_entropy": 6225165312.0,
        "free_energy": -0.2679086647444148,
        "std_free_energy": 0.005227007903158665
      }
    ],
    [
      {
        "obs_stats": {
          "Q": {
            "mean": 0.016320182010531425,
            "error": 0.014333750121295452,
            "error_ess": 0.012650067918002605,
            "ess_q": 0.003674064762890339
          },
          "Chi_t": {
            "mean": 0.588205099105835,
            "error": 0.015104117803275585,