{
  "observables": [
    "Chi_t"
  ],
  "n_samples": [
    25000,
    40000,
    50000,
    75000,
    100000,
    125000,
    150000,
    175000,
    200000,
    225000,
    250000,
    80000
  ],
  "nip": {},
  "nmcmc": [
    [
      {
        "acc_rate": 0.77384,
        "n_steps": 25000.0,
        "obs_stats": {
          "Q": {
            "mean": -0.006440257653594017,
            "error": 0.006600492047615418,
            "tau_int": 0.8346145899343538,
            "dtau_int": 0.02725632399380487
          },
          "Chi_t": {
            "mean": 0.6524661183357239,
            "error": 0.007519769013320284,
            "tau_int": 0.8508845741257896,
            "dtau_int": 0.027753723917413858
          }
        },
        "n_skipped": 0.0,
        "step_size": 0.0
      },
      {
        "acc_rate": 0.7754,
        "n_steps": 25000.0,
        "obs_stats": {
          "Q": {
            "mean": -0.005280211102217436,
            "error": 0.0066009480395460025,
            "tau_int": 0.8387748212652064,
            "dtau_int": 0.02738363642559069
          },
          "Chi_t": {
            "mean": 0.6493059992790222,
            "error": 0.007740266243243361,
            "tau_int": 0.8953108022409852,
            "dtau_int": 0.029105073112156085
          }
        },
        "n_skipped": 0.0,
        "step_size": 0.0
      },
      {
        "acc_rate": 0.77688,
        "n_steps": 25000.0,
        "obs_stats": {
          "Q": {
            "mean": -0.004520180635154247,
            "error": 0.006601397055368155,
            "tau_int": 0.8323671037684073,
            "dtau_int": 0.0271875094773939
          },
          "Chi_t": {
            "mean": 0.6543861627578735,
            "error": 0.007291081280270265,
            "tau_int": 0.7697740609349788,
            "dtau_int": 0.023308687703632886
          }
        },
        "n_skipped": 0.0,
        "step_size": 0.0
      }
    ],
    [
      {
        "acc_rate": 0.77055,
        "n_steps": 40000.0,
        "obs_stats": {
          "Q": {
            "mean": 0.000950023764744401,
            "error": 0.005256603808558585,
            "tau_int": 0.8364303006015583,
            "dtau_int": 0.021591790530251384
          },
          "Chi_t": {
            "mean": 0.6606665253639221,
            "error": 0.00579201986316186,
            "tau_int": 0.7949111894172389,
            "dtau_int": 0.020583835682990378
          }
        },
        "n_skipped": 0.0,
        "step_size": 0.0
      },
      {
        "acc_rate": 0.77535,
        "n_steps": 40000.0,
        "obs_stats": {
          "Q": {
            "mean": 0.0042001050896942616,
            "error": 0.0050809365351459496,
            "tau_int": 0.7999473495968163,
            "dtau_int": 0.02070646393637932
          },
          "Chi_t": {
            "mean": 0.6454161405563354,
            "error": 0.005703032770252618,
            "tau_int": 0.7821958929176149,
            "dtau_int": 0.020273775254068965
          }
        },
        "n_skipped": 0.0,
        "step_size": 0.0
      },
      {
        "acc_rate": 0.767575,
        "n_steps": 40000.0,
        "obs_stats": {
          "Q": {
            "mean": -0.010000250302255154,
            "error": 0.005298053167783148,
            "tau_int": 0.8698820394835207,
            "dtau_int": 0.02402876327285962
          },
          "Chi_t": {
            "mean": 0.6454161405563354,
            "error": 0.00583365370099991,
            "tau_int": 0.8067928420723844,
            "dtau_int": 0.02087298680790929
          }
        },
        "n_skipped": 0.0,
        "step_size": 0.0
      }
    ],
    [
      {
        "acc_rate": 0.77014,
        "n_steps": 50000.0,
        "obs_stats": {
          "Q": {
            "mean": -0.00044000879279337823,
            "error": 0.004647971248730688,
            "tau_int": 0.839893247974336,
            "dtau_int": 0.01938715228048971
          },
          "Chi_t": {
            "mean": 0.6430128812789917,
            "error": 0.005047401410187935,
            "tau_int": 0.7898926485104132,
            "dtau_int": 0.018301308527287147
          }
        },
        "n_skipped": 0.0,
        "step_size": 0.0
      },
      {
        "acc_rate": 0.77502,
        "n_steps": 50000.0,
        "obs_stats": {
          "Q": {
            "mean": -0.005000100005418062,
            "error": 0.0046157076011825535,
            "tau_int": 0.8119407884337901,
            "dtau_int": 0.018781217849302347
          },
          "Chi_t": {
            "mean": 0.6559731364250183,
            "error": 0.005241763012512389,
            "tau_int": 0.7857400300268591,
            "dtau_int": 0.018210727340618342
          }
        },
        "n_skipped": 0.0,
        "step_size": 0.0
      },
      {
        "acc_rate": 0.77472,
        "n_steps": 50000.0,
        "obs_stats": {
          "Q": {
            "mean": 0.0010000199545174837,
            "error": 0.004691555284443928,
            "tau_int": 0.8375361471624625,
            "dtau_int": 0.01933616436865647
          },
          "Chi_t": {
            "mean": 0.656973123550415,
            "error": 0.005146908794047492,
            "tau_int": 0.7949477386523296,
            "dtau_int": 0.018411492627377034
          }
        },
        "n_skipped": 0.0,
        "step_size": 0.0
      }
    ],
    [
      {
        "acc_rate": 0.7706533333333333,
        "n_steps": 75000.0,
        "obs_stats": {
          "Q": {
            "mean": 0.002080027712509036,
            "error": 0.0038042749293666555,
            "tau_int": 0.8357742870250944,
            "dtau_int": 0.016897614898386728
          },
          "Chi_t": {
            "mean": 0.6493420004844666,
            "error": 0.00421572770742416,
            "tau_int": 0.7959350773925891,
            "dtau_int": 0.015050433520241779
          }
        },
        "n_skipped": 0.0,
        "step_size": 0.0
      },
      {
        "acc_rate": 0.77648,
        "n_steps": 75000.0,
        "obs_stats": {
          "Q": {
            "mean": 0.0028267044108361006,
            "error": 0.003767648529396796,
            "tau_int": 0.8221947425438416,
            "dtau_int": 0.015516502278831916
          },
          "Chi_t": {
            "mean": 0.6474219560623169,
            "error": 0.00411051475795597,
            "tau_int": 0.7649526803838553,
            "dtau_int": 0.014497968629570644
          }
        },
        "n_skipped": 0.0,
        "step_size": 0.0
      },
      {
        "acc_rate": 0.7715866666666666,
        "n_steps": 75000.0,
        "obs_stats": {
          "Q": {
            "mean": -0.0024933665990829468,
            "error": 0.003791242386282794,
            "tau_int": 0.8291918868771446,
            "dtau_int": 0.015640352163908515
          },
          "Chi_t": {
            "mean": 0.650022029876709,
            "error": 0.004261015807164202,
            "tau_int": 0.8050164754193478,
            "dtau_int": 0.015211841243183371
          }
        },
        "n_skipped": 0.0,
        "step_size": 0.0
      }
    ],
    [
      {
        "acc_rate": 0.77179,
        "n_steps": 100000.0,
        "obs_stats": {
          "Q": {
            "mean": 0.0003200031933374703,
            "error": 0.0033050168287101695,
            "tau_int": 0.83612003378324,
            "dtau_int": 0.014639462907545081
          },
          "Chi_t": {
            "mean": 0.653186559677124,
            "error": 0.0036744645636232745,
            "tau_int": 0.7915702371150592,
            "dtau_int": 0.012966777601360188
          }
        },
        "n_skipped": 0.0,
        "step_size": 0.0
      },
      {
        "acc_rate": 0.76828,
        "n_steps": 100000.0,
        "obs_stats": {
          "Q": {
            "mean": 0.0007700077258050442,
            "error": 0.0033187299258378403,
            "tau_int": 0.8525887414533377,
            "dtau_int": 0.014911762691423646
          },