{
  "observables": [
    "Chi_t"
  ],
  "n_samples": [
    50000,
    80000,
    100000
  ],
  "nip": [],
  "nmcmc": [
    [
      {
        "acc_rate": 0.61872,
        "n_steps": 50000,
        "obs_stats": {
          "Q": {
            "mean": 0.0075599998235702515,
            "error": 0.006097376721188227,
            "tau_int": 1.4198315570567286,
            "dtau_int": 0.044138575513742125
          },
          "Chi_t": {
            "mean": 0.6546400189399719,
            "error": 0.006661417385231375,
            "tau_int": 1.296512702379515,
            "dtau_int": 0.03881489204455872
          }
        },
        "n_skipped": 0,
        "step_size": 0
      },
      {
        "acc_rate": 0.62054,
        "n_steps": 50000,
        "obs_stats": {
          "Q": {
            "mean": -0.0034600000362843275,
            "error": 0.006004279033735439,
            "tau_int": 1.341507905554863,
            "dtau_int": 0.04008122486018972
          },
          "Chi_t": {
            "mean": 0.6718199849128723,
            "error": 0.00694889218615097,
            "tau_int": 1.311627512326605,
            "dtau_int": 0.03924090091000381
          }
        },
        "n_skipped": 0,
        "step_size": 0
      },
      {
        "acc_rate": 0.61912,
        "n_steps": 50000,
        "obs_stats": {
          "Q": {
            "mean": -0.0075599998235702515,
            "error": 0.0059460070563646175,
            "tau_int": 1.3194169973535494,
            "dtau_int": 0.039460200999971835
          },
          "Chi_t": {
            "mean": 0.669920027256012,
            "error": 0.00665756554321494,
            "tau_int": 1.2235164572587873,
            "dtau_int": 0.03508141275096514
          }
        },
        "n_skipped": 0,
        "step_size": 0
      }
    ],
    [
      {
        "acc_rate": 0.61395,
        "n_steps": 80000,
        "obs_stats": {
          "Q": {
            "mean": 0.0034749999176710844,
            "error": 0.004754966514291698,
            "tau_int": 1.3683974809336412,
            "dtau_int": 0.0337020527877088
          },
          "Chi_t": {
            "mean": 0.6608999967575073,
            "error": 0.005476255469866661,
            "tau_int": 1.333689253995428,
            "dtau_int": 0.03151334535329541
          }
        },
        "n_skipped": 0,
        "step_size": 0
      },
      {
        "acc_rate": 0.612125,
        "n_steps": 80000,
        "obs_stats": {
          "Q": {
            "mean": 0.00572500005364418,
            "error": 0.004769333986914525,
            "tau_int": 1.3701914798238226,
            "dtau_int": 0.033743741654943996
          },
          "Chi_t": {
            "mean": 0.6640499830245972,
            "error": 0.005238721813513202,
            "tau_int": 1.2604045197255125,
            "dtau_int": 0.029879291450473282
          }
        },
        "n_skipped": 0,
        "step_size": 0
      },
      {
        "acc_rate": 0.62135,
        "n_steps": 80000,
        "obs_stats": {
          "Q": {
            "mean": 0.0054374998435378075,
            "error": 0.00481470571097901,
            "tau_int": 1.3943564972799893,
            "dtau_int": 0.0343046321724642
          },
          "Chi_t": {
            "mean": 0.6650124788284302,
            "error": 0.005394275077890425,
            "tau_int": 1.3229461632609816,
            "dtau_int": 0.03127453381235285
          }
        },
        "n_skipped": 0,
        "step_size": 0
      }
    ],
    [
      {
        "acc_rate": 0.61364,
        "n_steps": 100000,
        "obs_stats": {
          "Q": {
            "mean": -9.999999747378752e-06,
            "error": 0.004388973665606195,
            "tau_int": 1.4543246672148933,
            "dtau_int": 0.03322191395445021
          },
          "Chi_t": {
            "mean": 0.6622499823570251,
            "error": 0.004923040051295423,
            "tau_int": 1.3668449109135854,
            "dtau_int": 0.03011175791599905
          }
        },
        "n_skipped": 0,
        "step_size": 0
      },
      {
        "acc_rate": 0.61389,
        "n_steps": 100000,
        "obs_stats": {
          "Q": {
            "mean": 0.0011599999852478504,
            "error": 0.004322711147140765,
            "tau_int": 1.4029301696508674,
            "dtau_int": 0.030860726393857587
          },
          "Chi_t": {
            "mean": 0.66593998670578,
            "error": 0.004793991745045009,
            "tau_int": 1.2812296107284926,
            "dtau_int": 0.027141234203493698
          }
        },
        "n_skipped": 0,
        "step_size": 0
      },
      {
        "acc_rate": 0.61273,
        "n_steps": 100000,
        "obs_stats": {
          "Q": {
            "mean": -0.0050200000405311584,
            "error": 0.004377006999342851,
            "tau_int": 1.4235245734919248,
            "dtau_int": 0.03128708234330693
          },
          "Chi_t": {
            "mean": 0.6729199886322021,
            "error": 0.005096252636172639,
            "tau_int": 1.3942868538866275,
            "dtau_int": 0.030681551535016366
          }
        },
        "n_skipped": 0,
        "step_size": 0
      }
    ]
  ],
  "exact_sus": 0.6629736823224884
}