{
  "observables": [
    "Chi_t"
  ],
  "n_samples": [
    25000,
    40000,
    50000,
    75000,
    100000,
    125000,
    150000,
    175000,
    200000,
    225000,
    250000
  ],
  "nip": {},
  "nmcmc": [
    [
      {
        "acc_rate": 0.40284,
        "n_steps": 25000,
        "obs_stats": {
          "Q": {
            "mean": 0.008400335907936096,
            "error": 0.013059727274566125,
            "tau_int": 3.4435865897276967,
            "dtau_int": 0.20915852022560286
          },
          "Chi_t": {
            "mean": 0.6189847588539124,
            "error": 0.012865199381580665,
            "tau_int": 2.7266390253497415,
            "dtau_int": 0.14944016525162013
          }
        },
        "n_skipped": 0,
        "step_size": 0
      },
      {
        "acc_rate": 0.4012,
        "n_steps": 25000,
        "obs_stats": {
          "Q": {
            "mean": 0.0023200928699225187,
            "error": 0.014378903257253026,
            "tau_int": 4.056320414598087,
            "dtau_int": 0.26385290114007176
          },
          "Chi_t": {
            "mean": 0.6369054913520813,
            "error": 0.014354271470114208,
            "tau_int": 3.2181784971902774,
            "dtau_int": 0.19215608928976083
          }
        },
        "n_skipped": 0,
        "step_size": 0
      },
      {
        "acc_rate": 0.39648,
        "n_steps": 25000,
        "obs_stats": {
          "Q": {
            "mean": -0.011920477263629436,
            "error": 0.014482964001355007,
            "tau_int": 4.248992198616506,
            "dtau_int": 0.28567457084053227
          },
          "Chi_t": {
            "mean": 0.6169846653938293,
            "error": 0.012063276080319593,
            "tau_int": 2.431243496672075,
            "dtau_int": 0.12705684759064356
          }
        },
        "n_skipped": 0,
        "step_size": 0
      }
    ],
    [
      {
        "acc_rate": 0.4037,
        "n_steps": 40000,
        "obs_stats": {
          "Q": {
            "mean": -0.011325282976031303,
            "error": 0.010881909995033596,
            "tau_int": 3.8168169397942995,
            "dtau_int": 0.19716307261668045
          },
          "Chi_t": {
            "mean": 0.6204904913902283,
            "error": 0.01025247408415166,
            "tau_int": 2.7980992025143747,
            "dtau_int": 0.12731326267836512
          }
        },
        "n_skipped": 0,
        "step_size": 0
      },
      {
        "acc_rate": 0.404875,
        "n_steps": 40000,
        "obs_stats": {
          "Q": {
            "mean": -0.007475187070667744,
            "error": 0.011018681238511347,
            "tau_int": 4.00948540285112,
            "dtau_int": 0.21401499938083246
          },
          "Chi_t": {
            "mean": 0.6055401563644409,
            "error": 0.01177483903823891,
            "tau_int": 3.6580751082107508,
            "dtau_int": 0.18596040225106492
          }
        },
        "n_skipped": 0,
        "step_size": 0
      },
      {
        "acc_rate": 0.405825,
        "n_steps": 40000,
        "obs_stats": {
          "Q": {
            "mean": 0.011500287801027298,
            "error": 0.011087783479807494,
            "tau_int": 3.9135587201064563,
            "dtau_int": 0.20555361678196324
          },
          "Chi_t": {
            "mean": 0.6282656788825989,
            "error": 0.01145712265959844,
            "tau_int": 3.3072191819755665,
            "dtau_int": 0.16267143671469217
          }
        },
        "n_skipped": 0,
        "step_size": 0
      }
    ],
    [
      {
        "acc_rate": 0.40696,
        "n_steps": 50000,
        "obs_stats": {
          "Q": {
            "mean": 0.00016000319737941027,
            "error": 0.008967039677758937,
            "tau_int": 3.2853581834796532,
            "dtau_int": 0.14460093003313465
          },
          "Chi_t": {
            "mean": 0.6117722392082214,
            "error": 0.009843946786242777,
            "tau_int": 3.23723629255561,
            "dtau_int": 0.1426244134715218
          }
        },
        "n_skipped": 0,
        "step_size": 0
      },
      {
        "acc_rate": 0.40832,
        "n_steps": 50000,
        "obs_stats": {
          "Q": {
            "mean": -0.008120162412524223,
            "error": 0.009021155309263559,
            "tau_int": 3.3246157482798386,
            "dtau_int": 0.14621013800942068
          },
          "Chi_t": {
            "mean": 0.6119322180747986,
            "error": 0.00926108549721398,
            "tau_int": 2.8175153953796386,
            "dtau_int": 0.11734650455053881
          }
        },
        "n_skipped": 0,
        "step_size": 0
      },
      {
        "acc_rate": 0.40388,
        "n_steps": 50000,
        "obs_stats": {
          "Q": {
            "mean": 0.003580071497708559,
            "error": 0.009594595082001717,
            "tau_int": 3.7157585572390213,
            "dtau_int": 0.17200318890699262
          },
          "Chi_t": {
            "mean": 0.6192724108695984,
            "error": 0.010049237508482597,
            "tau_int": 3.2853713286173547,
            "dtau_int": 0.14460146935079943
          }
        },
        "n_skipped": 0,
        "step_size": 0
      }
    ],
    [
      {
        "acc_rate": 0.40688,
        "n_steps": 75000,
        "obs_stats": {
          "Q": {
            "mean": -2.66670231212629e-05,
            "error": 0.007198568026548286,
            "tau_int": 3.1620415424421973,
            "dtau_int": 0.11392312863554963
          },
          "Chi_t": {
            "mean": 0.6144881844520569,
            "error": 0.0073914000093010445,
            "tau_int": 2.7284238246264536,
            "dtau_int": 0.09297346741010487
          }
        },
        "n_skipped": 0,
        "step_size": 0
      },
      {
        "acc_rate": 0.40653333333333336,
        "n_steps": 75000,
        "obs_stats": {
          "Q": {
            "mean": 0.0062934174202382565,
            "error": 0.00787203816226733,
            "tau_int": 3.7756572671034148,
            "dtau_int": 0.1477814331368711
          },
          "Chi_t": {
            "mean": 0.6154481768608093,
            "error": 0.00795712804716898,
            "tau_int": 3.2011709523117946,
            "dtau_int": 0.11758754869850095
          }
        },
        "n_skipped": 0,
        "step_size": 0
      },
      {
        "acc_rate": 0.39944,
        "n_steps": 75000,
        "obs_stats": {
          "Q": {
            "mean": -0.007986772805452347,
            "error": 0.008579816450179379,
            "tau_int": 4.351807866804737,
            "dtau_int": 0.18019811756368717
          },
          "Chi_t": {
            "mean": 0.6343151330947876,
            "error": 0.008588478682902814,
            "tau_int": 3.4306119643036594,
            "dtau_int": 0.12792024290380966
          }
        },
        "n_skipped": 0,
        "step_size": 0
      }
    ],
    [
      {
        "acc_rate": 0.40126,
        "n_steps": 100000,
        "obs_stats": {
          "Q": {
            "mean": -0.010390103794634342,
            "error": 0.006564603634949246,
            "tau_int": 3.479715774920245,
            "dtau_int": 0.1164963201618346
          },
          "Chi_t": {
            "mean": 0.6192761659622192,
            "error": 0.007302192771841457,
            "tau_int": 3.37173875752821,
            "dtau_int": 0.1110700749038586
          }
        },
        "n_skipped": 0,
        "step_size": 0
      },
      {
        "acc_rate": 0.40075,
        "n_steps": 100000,
        "obs_stats": {
          "Q": {
            "mean": 0.023140231147408485,
            "error": 0.007130734617242927,
            "tau_int": 4.131866347804654,
            "dtau_int": 0.14867476529623075
          },
          "Chi_t": {
            "mean": 0.6157861351966858,
            "error": 0.007448019575877278,
            "tau_int": 3.5823141796734532,