{
  "observables": [
    "Chi_t",
    "Q"
  ],
  "n_samples": [
    50000,
    250000,
    500000,
    2500000,
    5000000
  ],
  "nip": [
    {
      "obs_stats": {
        "Q": {
          "mean": -0.014045019634068012,
          "error": 0.14151066541671753,
          "error_ess": 0.10238969326019287,
          "ess_q": 0.0008811494917608798
        },
        "Chi_t": {
          "mean": 0.46207109093666077,
          "error": 0.14260804653167725,
          "error_ess": 0.08949565887451172,
          "ess_q": 0.0008811494917608798
        }
      },
      "entropy": 51476.49609375,
      "std_entropy": 214257968.0,
      "free_energy": -0.28033158843115835,
      "std_free_energy": 0.019441397860646248,
      "ess_p": {
        "0-1": {
          "log_ess_p": -72.9433544762336,
          "ess_p": 2.09461234816203e-32
        },
        "0.05-1": {
          "log_ess_p": -69.76842533088507,
          "ess_p": 5.011386142256384e-31
        },
        "0.1-1": {
          "log_ess_p": -68.38536192865523,
          "ess_p": 1.9980882754677125e-30
        }
      }
    },
    {
      "obs_stats": {
        "Q": {
          "mean": 0.011049973778426647,
          "error": 0.053430069237947464,
          "error_ess": 0.1536141186952591,
          "ess_q": 4.8189700464718044e-05
        },
        "Chi_t": {
          "mean": 0.2844076156616211,
          "error": 0.053464874625205994,
          "error_ess": 0.14190351963043213,
          "ess_q": 4.8189700464718044e-05
        }
      },
      "entropy": 255045.28125,
      "std_entropy": 9374433280.0,
      "free_energy": -0.2924177911916618,
      "std_free_energy": 0.037193551659584045,
      "ess_p": {
        "0-1": {
          "log_ess_p": -72.23751981955587,
          "ess_p": 4.2427139891518285e-32
        },
        "0.05-1": {
          "log_ess_p": -69.06845883213475,
          "ess_p": 1.0091354333504623e-30
        },
        "0.1-1": {
          "log_ess_p": -67.67701895470634,
          "ess_p": 4.057365352913579e-30
        }
      }
    },
    {
      "obs_stats": {
        "Q": {
          "mean": -0.06151987612247467,
          "error": 0.047367244958877563,
          "error_ess": 0.1274595558643341,
          "ess_q": 4.472294676816091e-05
        },
        "Chi_t": {
          "mean": 0.3670671284198761,
          "error": 0.04901895672082901,
          "error_ess": 0.1253688931465149,
          "ess_q": 4.472294676816091e-05
        }
      },
      "entropy": 527830.25,
      "std_entropy": 29007486976.0,
      "free_energy": -0.28827274115933377,
      "std_free_energy": 0.027300141751766205,
      "ess_p": {
        "0-1": {
          "log_ess_p": -73.27531637503448,
          "ess_p": 1.5029150678760113e-32
        },
        "0.05-1": {
          "log_ess_p": -70.17278165307135,
          "ess_p": 3.3446305188756736e-31
        },
        "0.1-1": {
          "log_ess_p": -68.79123497167471,
          "ess_p": 1.3315155678223167e-30
        }
      }
    },
    {
      "obs_stats": {
        "Q": {
          "mean": -0.6175678968429565,
          "error": 0.4965515732765198,
          "error_ess": 0.304392009973526,
          "ess_q": 1.614876055100467e-06
        },
        "Chi_t": {
          "mean": 0.7554537653923035,
          "error": 0.49655893445014954,
          "error_ess": 0.23589563369750977,
          "ess_q": 1.614876055100467e-06
        }
      },
      "entropy": 2678935.5,
      "std_entropy": 1627029897216.0,
      "free_energy": -0.30298000306104583,
      "std_free_energy": 0.06425168365240097,
      "ess_p": {
        "0-1": {
          "log_ess_p": -72.92988208729885,
          "ess_p": 2.1230227285127564e-32
        },
        "0.05-1": {
          "log_ess_p": -69.7502142682045,
          "ess_p": 5.103484871969986e-31
        },
        "0.1-1": {
          "log_ess_p": -68.36152915783173,
          "ess_p": 2.046280248477193e-30
        }
      }
    },
    {
      "obs_stats": {
        "Q": {
          "mean": -0.12293302267789841,
          "error": 0.03168388456106186,
          "error_ess": 0.03582415357232094,
          "ess_q": 6.330839096335694e-05
        },
        "Chi_t": {
          "mean": 0.4213528335094452,
          "error": 0.03191591426730156,
          "error_ess": 0.033413562923669815,
          "ess_q": 6.330839096335694e-05
        }
      },
      "entropy": 5433880.5,
      "std_entropy": 762358530048.0,
      "free_energy": -0.2871496310079066,
      "std_free_energy": 0.007255962584167719,
      "ess_p": {
        "0-1": {
          "log_ess_p": -72.24431802197802,
          "ess_p": 4.213968978540153e-32
        },
        "0.05-1": {
          "log_ess_p": -69.05410191047562,
          "ess_p": 1.0237280133217727e-30
        },
        "0.1-1": {
          "log_ess_p": -67.66198443352819,
          "ess_p": 4.1188267619599665e-30
        }
      }
    }
  ],
  "nmcmc": [
    {
      "acc_rate": 0.0217,
      "n_steps": 50000,
      "obs_stats": {
        "Q": {
          "mean": -0.04540090635418892,
          "error": 0.015979049520547413,
          "tau_int": 73.71511694460986,
          "dtau_int": 12.027841330960504
        },
        "Chi_t": {
          "mean": 0.08840176463127136,
          "error": 0.02975539218488894,
          "tau_int": 185.8085143328796,
          "dtau_int": 43.32822143209869
        }
      },
      "n_skipped": 0,
      "step_size": 0
    },
    {
      "acc_rate": 0.042728,
      "n_steps": 250000,
      "obs_stats": {
        "Q": {
          "mean": -0.06402425467967987,
          "error": 0.1168463277939449,
          "tau_int": 2464.515138608036,
          "dtau_int": 807.2789614808946
        },
        "Chi_t": {
          "mean": 0.6838587522506714,
          "error": 0.193448685781386,
          "tau_int": 4229.621110929166,
          "dtau_int": 1629.2699028952734
        }
      },
      "n_skipped": 0,
      "step_size": 0
    },
    {
      "acc_rate": 0.032426,
      "n_steps": 500000,
      "obs_stats": {
        "Q": {
          "mean": 0.13087426126003265,
          "error": 0.16256372651116435,
          "tau_int": 11860.077076660675,
          "dtau_int": 4983.092030362877
        },
        "Chi_t": {
          "mean": 0.5509151220321655,
          "error": 0.0606612625906376,
          "tau_int": 3279.486595295297,
          "dtau_int": 937.5447687904831
        }
      },
      "n_skipped": 0,
      "step_size": 0
    },
    {
      "acc_rate": 0.0240876,
      "n_steps": 2500000,
      "obs_stats": {
        "Q": {
          "mean": -0.2902621030807495,
          "error": 0.15347436257857403,
          "tau_int": 69600.02241361135,
          "dtau_int": 30310.92083352062
        },
        "Chi_t": {
          "mean": 0.4868094027042389,
          "error": 0.10023407801649624,
          "tau_int": 37675.106995952265,
          "dtau_int": 14046.333114768973
        }
      },
      "n_skipped": 0,
      "step_size": 0
    },
    {
      "acc_rate": 0.0325802,
      "n_steps": 5000000,
      "obs_stats": {
        "Q": {
          "mean": -0.013957003131508827,
          "error": 0.030603874653612584,
          "tau_int": 5898.136250930988,
          "dtau_int": 879.1408111666412
        },
        "Chi_t": {
          "mean": 0.396258682012558,
          "error": 0.02774966467923145,
          "tau_int": 4553.844771458354,
          "dtau_int": 610.849142178191
        }
      },
      "n_skipped": 0,
      "step_size": 0
    }
  ],
  "exact_sus": 0.49095233701679164
}