{
  "observables": [
    "Chi_t"
  ],
  "n_samples": [
    50000,
    80000,
    100000
  ],
  "nip": [],
  "nmcmc": [
    [
      {
        "acc_rate": 0.8074,
        "n_steps": 50000,
        "obs_stats": {
          "Q": {
            "mean": 0.00570000009611249,
            "error": 0.004390845164765917,
            "tau_int": 0.7428379942952443,
            "dtau_int": 0.015942019187693758
          },
          "Chi_t": {
            "mean": 0.648859977722168,
            "error": 0.005068249829028173,
            "tau_int": 0.7466966784188089,
            "dtau_int": 0.01601945912074316
          }
        },
        "n_skipped": 0,
        "step_size": 0
      },
      {
        "acc_rate": 0.804,
        "n_steps": 50000,
        "obs_stats": {
          "Q": {
            "mean": 0.0030799999367445707,
            "error": 0.004537795099339159,
            "tau_int": 0.7809177352635079,
            "dtau_int": 0.018105280549840234
          },
          "Chi_t": {
            "mean": 0.6592000126838684,
            "error": 0.0050033867465195565,
            "tau_int": 0.734113780298399,
            "dtau_int": 0.01576672177414757
          }
        },
        "n_skipped": 0,
        "step_size": 0
      },
      {
        "acc_rate": 0.8015,
        "n_steps": 50000,
        "obs_stats": {
          "Q": {
            "mean": -0.008139999583363533,
            "error": 0.004586662726531834,
            "tau_int": 0.798453204421441,
            "dtau_int": 0.01848766184547828
          },
          "Chi_t": {
            "mean": 0.6587399840354919,
            "error": 0.005010581165470907,
            "tau_int": 0.7385949615349738,
            "dtau_int": 0.01585679962469134
          }
        },
        "n_skipped": 0,
        "step_size": 0
      }
    ],
    [
      {
        "acc_rate": 0.80525,
        "n_steps": 80000,
        "obs_stats": {
          "Q": {
            "mean": 0.002812500111758709,
            "error": 0.0035288780060663575,
            "tau_int": 0.7694243640233858,
            "dtau_int": 0.014114875146656674
          },
          "Chi_t": {
            "mean": 0.6473875045776367,
            "error": 0.0039890014336924455,
            "tau_int": 0.7492973885884675,
            "dtau_int": 0.013766188416649233
          }
        },
        "n_skipped": 0,
        "step_size": 0
      },
      {
        "acc_rate": 0.80435,
        "n_steps": 80000,
        "obs_stats": {
          "Q": {
            "mean": -0.0013749999925494194,
            "error": 0.003515126364676722,
            "tau_int": 0.757682997309477,
            "dtau_int": 0.013911601467132875
          },
          "Chi_t": {
            "mean": 0.6523000001907349,
            "error": 0.003923421102977162,
            "tau_int": 0.7259930776759389,
            "dtau_int": 0.012335482230308725
          }
        },
        "n_skipped": 0,
        "step_size": 0
      },
      {
        "acc_rate": 0.8035625,
        "n_steps": 80000,
        "obs_stats": {
          "Q": {
            "mean": 0.002850000048056245,
            "error": 0.0035527702303935053,
            "tau_int": 0.7698741953882575,
            "dtau_int": 0.014122655216956133
          },
          "Chi_t": {
            "mean": 0.6557999849319458,
            "error": 0.003946399249194212,
            "tau_int": 0.7306691047036771,
            "dtau_int": 0.012409905388922851
          }
        },
        "n_skipped": 0,
        "step_size": 0
      }
    ],
    [
      {
        "acc_rate": 0.8044,
        "n_steps": 100000,
        "obs_stats": {
          "Q": {
            "mean": -0.0014199999859556556,
            "error": 0.0032046378689665764,
            "tau_int": 0.7908189427390941,
            "dtau_int": 0.012955131191835008
          },
          "Chi_t": {
            "mean": 0.6492999792098999,
            "error": 0.0036057234855883563,
            "tau_int": 0.7688652487209906,
            "dtau_int": 0.012616078137434634
          }
        },
        "n_skipped": 0,
        "step_size": 0
      },
      {
        "acc_rate": 0.8037,
        "n_steps": 100000,
        "obs_stats": {
          "Q": {
            "mean": 0.0007300000288523734,
            "error": 0.0031913020640208954,
            "tau_int": 0.7800084481824301,
            "dtau_int": 0.012788325026335761
          },
          "Chi_t": {
            "mean": 0.6528300046920776,
            "error": 0.003504453750629645,
            "tau_int": 0.723806926482087,
            "dtau_int": 0.011002049159872157
          }
        },
        "n_skipped": 0,
        "step_size": 0
      },
      {
        "acc_rate": 0.80613,
        "n_steps": 100000,
        "obs_stats": {
          "Q": {
            "mean": -0.0019199999514967203,
            "error": 0.0031511246572077122,
            "tau_int": 0.7658807447785572,
            "dtau_int": 0.01256989205465075
          },
          "Chi_t": {
            "mean": 0.6482399702072144,
            "error": 0.003450410652697156,
            "tau_int": 0.7163974541899552,
            "dtau_int": 0.010896405321382668
          }
        },
        "n_skipped": 0,
        "step_size": 0
      }
    ]
  ],
  "exact_sus": 0.6500977944017748
}