{
  "observables": [
    "Chi_t"
  ],
  "n_samples": [
    50000,
    80000,
    100000
  ],
  "nip": [],
  "nmcmc": [
    [
      {
        "acc_rate": 0.45432,
        "n_steps": 50000,
        "obs_stats": {
          "Q": {
            "mean": -0.005260000005364418,
            "error": 0.008861742835164468,
            "tau_int": 3.241039604438862,
            "dtau_int": 0.1427793577997692
          },
          "Chi_t": {
            "mean": 0.6057000160217285,
            "error": 0.009072858263990348,
            "tau_int": 2.6444947717295797,
            "dtau_int": 0.10539698252487945
          }
        },
        "n_skipped": 0,
        "step_size": 0
      },
      {
        "acc_rate": 0.47144,
        "n_steps": 50000,
        "obs_stats": {
          "Q": {
            "mean": 0.0037799999117851257,
            "error": 0.008130565138463188,
            "tau_int": 2.6373577497524723,
            "dtau_int": 0.10513142432634967
          },
          "Chi_t": {
            "mean": 0.626579999923706,
            "error": 0.008000841005906657,
            "tau_int": 2.0478239239717446,
            "dtau_int": 0.07429323684057784
          }
        },
        "n_skipped": 0,
        "step_size": 0
      },
      {
        "acc_rate": 0.4691,
        "n_steps": 50000,
        "obs_stats": {
          "Q": {
            "mean": 0.006300000008195639,
            "error": 0.0074551050060744275,
            "tau_int": 2.311475789751871,
            "dtau_int": 0.08817248355987498
          },
          "Chi_t": {
            "mean": 0.6011000275611877,
            "error": 0.007913534516670494,
            "tau_int": 2.138560958645073,
            "dtau_int": 0.07737085157893064
          }
        },
        "n_skipped": 0,
        "step_size": 0
      }
    ],
    [
      {
        "acc_rate": 0.4590625,
        "n_steps": 80000,
        "obs_stats": {
          "Q": {
            "mean": -0.00023750000400468707,
            "error": 0.006622970516802108,
            "tau_int": 2.845724990138739,
            "dtau_int": 0.09577518819372315
          },
          "Chi_t": {
            "mean": 0.6165124773979187,
            "error": 0.006821895766384952,
            "tau_int": 2.4832941597756784,
            "dtau_int": 0.07856144678459814
          }
        },
        "n_skipped": 0,
        "step_size": 0
      },
      {
        "acc_rate": 0.4609625,
        "n_steps": 80000,
        "obs_stats": {
          "Q": {
            "mean": 0.0019000000320374966,
            "error": 0.006236864819936904,
            "tau_int": 2.5751622234828138,
            "dtau_int": 0.08329532841279372
          },
          "Chi_t": {
            "mean": 0.6041749715805054,
            "error": 0.006677026911376703,
            "tau_int": 2.397588729881211,
            "dtau_int": 0.07409753937507324
          }
        },
        "n_skipped": 0,
        "step_size": 0
      },
      {
        "acc_rate": 0.4637875,
        "n_steps": 80000,
        "obs_stats": {
          "Q": {
            "mean": -0.006312500219792128,
            "error": 0.0063023987157145665,
            "tau_int": 2.5828522748064704,
            "dtau_int": 0.08352871523877121
          },
          "Chi_t": {
            "mean": 0.61513751745224,
            "error": 0.006968990845033417,
            "tau_int": 2.5297139038578784,
            "dtau_int": 0.07993713029407225
          }
        },
        "n_skipped": 0,
        "step_size": 0
      }
    ],
    [
      {
        "acc_rate": 0.46024,
        "n_steps": 100000,
        "obs_stats": {
          "Q": {
            "mean": 0.0006699999794363976,
            "error": 0.006073691214953069,
            "tau_int": 2.952470802336241,
            "dtau_int": 0.09061253471988229
          },
          "Chi_t": {
            "mean": 0.6246899962425232,
            "error": 0.006602782712452899,
            "tau_int": 2.748516294499084,
            "dtau_int": 0.08291501307945492
          }
        },
        "n_skipped": 0,
        "step_size": 0
      },
      {
        "acc_rate": 0.46632,
        "n_steps": 100000,
        "obs_stats": {
          "Q": {
            "mean": 0.0031999999191612005,
            "error": 0.005689222868832694,
            "tau_int": 2.5977676755250467,
            "dtau_int": 0.07511499443866484
          },
          "Chi_t": {
            "mean": 0.6229599714279175,
            "error": 0.006602046951797177,
            "tau_int": 2.6344709811855727,
            "dtau_int": 0.07791183075635906
          }
        },
        "n_skipped": 0,
        "step_size": 0
      },
      {
        "acc_rate": 0.46447,
        "n_steps": 100000,
        "obs_stats": {
          "Q": {
            "mean": 0.006049999967217445,
            "error": 0.006022863566488295,
            "tau_int": 2.9013892272170776,
            "dtau_int": 0.08914135030860752
          },
          "Chi_t": {
            "mean": 0.6251299977302551,
            "error": 0.007106255735946795,
            "tau_int": 3.063534797024168,
            "dtau_int": 0.09577937646974057
          }
        },
        "n_skipped": 0,
        "step_size": 0
      }
    ]
  ],
  "exact_sus": 0.6194099585690315
}