{
  "observables": [
    "Chi_t"
  ],
  "n_samples": [
    50000,
    80000,
    100000
  ],
  "nip": [],
  "nmcmc": [
    [
      {
        "acc_rate": 0.67818,
        "n_steps": 50000,
        "obs_stats": {
          "Q": {
            "mean": -0.004999999888241291,
            "error": 0.005543715855835726,
            "tau_int": 1.143663564721208,
            "dtau_int": 0.03128932496529916
          },
          "Chi_t": {
            "mean": 0.6718000173568726,
            "error": 0.0062012033156617795,
            "tau_int": 1.0841373650622785,
            "dtau_int": 0.029754959487274624
          }
        },
        "n_skipped": 0,
        "step_size": 0
      },
      {
        "acc_rate": 0.68322,
        "n_steps": 50000,
        "obs_stats": {
          "Q": {
            "mean": -0.008919999934732914,
            "error": 0.00543240594410696,
            "tau_int": 1.1201675953468049,
            "dtau_int": 0.03068495833243747
          },
          "Chi_t": {
            "mean": 0.6586800217628479,
            "error": 0.006143896686592516,
            "tau_int": 1.0971335634452648,
            "dtau_int": 0.030090861951539538
          }
        },
        "n_skipped": 0,
        "step_size": 0
      },
      {
        "acc_rate": 0.67924,
        "n_steps": 50000,
        "obs_stats": {
          "Q": {
            "mean": -0.007720000110566616,
            "error": 0.005514263600885401,
            "tau_int": 1.1456555679714406,
            "dtau_int": 0.03134048709884751
          },
          "Chi_t": {
            "mean": 0.6635599732398987,
            "error": 0.00649801129866581,
            "tau_int": 1.1576503228179258,
            "dtau_int": 0.031648304613000014
          }
        },
        "n_skipped": 0,
        "step_size": 0
      }
    ],
    [
      {
        "acc_rate": 0.6772125,
        "n_steps": 80000,
        "obs_stats": {
          "Q": {
            "mean": -0.0003375000087544322,
            "error": 0.004289261648522805,
            "tau_int": 1.1161056882504234,
            "dtau_int": 0.024175856968809577
          },
          "Chi_t": {
            "mean": 0.6593375205993652,
            "error": 0.0047802899515291776,
            "tau_int": 1.0355308368473073,
            "dtau_int": 0.022526627033848015
          }
        },
        "n_skipped": 0,
        "step_size": 0
      },
      {
        "acc_rate": 0.6777,
        "n_steps": 80000,
        "obs_stats": {
          "Q": {
            "mean": -0.0013500000350177288,
            "error": 0.004444650243989626,
            "tau_int": 1.1745018779190644,
            "dtau_int": 0.026686660070231728
          },
          "Chi_t": {
            "mean": 0.6727749705314636,
            "error": 0.005078146574630519,
            "tau_int": 1.1127628267183827,
            "dtau_int": 0.024107740420291762
          }
        },
        "n_skipped": 0,
        "step_size": 0
      },
      {
        "acc_rate": 0.677525,
        "n_steps": 80000,
        "obs_stats": {
          "Q": {
            "mean": 0.0022249999456107616,
            "error": 0.004314348346767282,
            "tau_int": 1.1253456762819103,
            "dtau_int": 0.024363999403697153
          },
          "Chi_t": {
            "mean": 0.6615999937057495,
            "error": 0.004804190863381495,
            "tau_int": 1.0315098053298555,
            "dtau_int": 0.022443920913695913
          }
        },
        "n_skipped": 0,
        "step_size": 0
      }
    ],
    [
      {
        "acc_rate": 0.67372,
        "n_steps": 100000,
        "obs_stats": {
          "Q": {
            "mean": 0.0015399999683722854,
            "error": 0.003806457584967751,
            "tau_int": 1.0994061811513625,
            "dtau_int": 0.021318950148725768
          },
          "Chi_t": {
            "mean": 0.6589400172233582,
            "error": 0.004342620026061111,
            "tau_int": 1.0780179878956688,
            "dtau_int": 0.020927971664732266
          }
        },
        "n_skipped": 0,
        "step_size": 0
      },
      {
        "acc_rate": 0.67652,
        "n_steps": 100000,
        "obs_stats": {
          "Q": {
            "mean": 0.003379999892786145,
            "error": 0.003910799413805609,
            "tau_int": 1.1459810315078727,
            "dtau_int": 0.023321791209302833
          },
          "Chi_t": {
            "mean": 0.6672999858856201,
            "error": 0.004349654758534548,
            "tau_int": 1.0509083109496753,
            "dtau_int": 0.02043101082294897
          }
        },
        "n_skipped": 0,
        "step_size": 0
      },
      {
        "acc_rate": 0.68043,
        "n_steps": 100000,
        "obs_stats": {
          "Q": {
            "mean": -0.0016499999910593033,
            "error": 0.0037416627066797956,
            "tau_int": 1.060285591897629,
            "dtau_int": 0.020603086370239387
          },
          "Chi_t": {
            "mean": 0.6601899862289429,
            "error": 0.004314402459530826,
            "tau_int": 1.0370673774164927,
            "dtau_int": 0.020176686340217145
          }
        },
        "n_skipped": 0,
        "step_size": 0
      }
    ]
  ],
  "exact_sus": 0.6629736823224884
}