{
  "observables": [
    "Chi_t"
  ],
  "n_samples": [
    50000,
    80000,
    100000
  ],
  "nip": [],
  "nmcmc": [
    [
      {
        "acc_rate": 0.79574,
        "n_steps": 50000,
        "obs_stats": {
          "Q": {
            "mean": 0.006099999882280827,
            "error": 0.00452288065953354,
            "tau_int": 0.7925375509307084,
            "dtau_int": 0.01835878631826552
          },
          "Chi_t": {
            "mean": 0.6452999711036682,
            "error": 0.0049186886878272735,
            "tau_int": 0.7393086538027112,
            "dtau_int": 0.015871138684070172
          }
        },
        "n_skipped": 0,
        "step_size": 0
      },
      {
        "acc_rate": 0.7941,
        "n_steps": 50000,
        "obs_stats": {
          "Q": {
            "mean": -0.0017800000496208668,
            "error": 0.00451178755540919,
            "tau_int": 0.7879294512654174,
            "dtau_int": 0.01825831030070512
          },
          "Chi_t": {
            "mean": 0.6458600163459778,
            "error": 0.00506943116894567,
            "tau_int": 0.7534188221509386,
            "dtau_int": 0.016154228893011005
          }
        },
        "n_skipped": 0,
        "step_size": 0
      },
      {
        "acc_rate": 0.79106,
        "n_steps": 50000,
        "obs_stats": {
          "Q": {
            "mean": 0.0003000000142492354,
            "error": 0.004559612540494196,
            "tau_int": 0.8000603129385633,
            "dtau_int": 0.01852265201956246
          },
          "Chi_t": {
            "mean": 0.649619996547699,
            "error": 0.0051536459449939695,
            "tau_int": 0.8001943830744835,
            "dtau_int": 0.018525570596525927
          }
        },
        "n_skipped": 0,
        "step_size": 0
      }
    ],
    [
      {
        "acc_rate": 0.7920375,
        "n_steps": 80000,
        "obs_stats": {
          "Q": {
            "mean": 0.003425000002607703,
            "error": 0.00359743925442827,
            "tau_int": 0.7994776526288898,
            "dtau_int": 0.014633414041433203
          },
          "Chi_t": {
            "mean": 0.6474999785423279,
            "error": 0.004028162585023632,
            "tau_int": 0.7810769671151596,
            "dtau_int": 0.014316229982938578
          }
        },
        "n_skipped": 0,
        "step_size": 0
      },
      {
        "acc_rate": 0.79295,
        "n_steps": 80000,
        "obs_stats": {
          "Q": {
            "mean": 0.0028250000905245543,
            "error": 0.0035852227936662285,
            "tau_int": 0.7987090511708796,
            "dtau_int": 0.014620184228239365
          },
          "Chi_t": {
            "mean": 0.6437249779701233,
            "error": 0.003891510514057879,
            "tau_int": 0.7358455187978594,
            "dtau_int": 0.013532511672580417
          }
        },
        "n_skipped": 0,
        "step_size": 0
      },
      {
        "acc_rate": 0.792875,
        "n_steps": 80000,
        "obs_stats": {
          "Q": {
            "mean": -0.003412500023841858,
            "error": 0.003623225227526509,
            "tau_int": 0.8065109714530889,
            "dtau_int": 0.014754400223747485
          },
          "Chi_t": {
            "mean": 0.6510875225067139,
            "error": 0.004020501606516326,
            "tau_int": 0.7735207336027499,
            "dtau_int": 0.014185703073154225
          }
        },
        "n_skipped": 0,
        "step_size": 0
      }
    ],
    [
      {
        "acc_rate": 0.79222,
        "n_steps": 100000,
        "obs_stats": {
          "Q": {
            "mean": -0.0012499999720603228,
            "error": 0.0032303410060906613,
            "tau_int": 0.8009026833168447,
            "dtau_int": 0.013110458729987784
          },
          "Chi_t": {
            "mean": 0.651449978351593,
            "error": 0.0036359310610408653,
            "tau_int": 0.7838474866975593,
            "dtau_int": 0.012847595088513932
          }
        },
        "n_skipped": 0,
        "step_size": 0
      },
      {
        "acc_rate": 0.79283,
        "n_steps": 100000,
        "obs_stats": {
          "Q": {
            "mean": -0.0035699999425560236,
            "error": 0.0032536744086713973,
            "tau_int": 0.8081123531587182,
            "dtau_int": 0.014174841365867422
          },
          "Chi_t": {
            "mean": 0.6550099849700928,
            "error": 0.0036444653348747203,
            "tau_int": 0.783416576963559,
            "dtau_int": 0.012840944212928425
          }
        },
        "n_skipped": 0,
        "step_size": 0
      },
      {
        "acc_rate": 0.79432,
        "n_steps": 100000,
        "obs_stats": {
          "Q": {
            "mean": -0.001550000044517219,
            "error": 0.0031856741418710708,
            "tau_int": 0.7838900792281775,
            "dtau_int": 0.012848252457531451
          },
          "Chi_t": {
            "mean": 0.6473100185394287,
            "error": 0.003541498980148954,
            "tau_int": 0.7363978424985753,
            "dtau_int": 0.012112436969762297
          }
        },
        "n_skipped": 0,
        "step_size": 0
      }
    ]
  ],
  "exact_sus": 0.6500977944017748
}