{
  "observables": [
    "Chi_t"
  ],
  "n_samples": [
    50000,
    80000,
    100000,
    150000,
    200000,
    250000,
    300000
  ],
  "nip": [],
  "nmcmc": [
    [
      {
        "acc_rate": 0.27466,
        "n_steps": 50000,
        "obs_stats": {
          "Q": {
            "mean": -0.021560000255703926,
            "error": 0.013349206061550318,
            "tau_int": 7.442010512021329,
            "dtau_int": 0.4662191900456054
          },
          "Chi_t": {
            "mean": 0.5989199876785278,
            "error": 0.014585955692408675,
            "tau_int": 7.546180811531082,
            "dtau_int": 0.47704192544209434
          }
        },
        "n_skipped": 0,
        "step_size": 0
      },
      {
        "acc_rate": 0.25998,
        "n_steps": 50000,
        "obs_stats": {
          "Q": {
            "mean": -0.003599999938160181,
            "error": 0.016183415960863718,
            "tau_int": 10.954101112391852,
            "dtau_int": 0.8111711139032133
          },
          "Chi_t": {
            "mean": 0.5974799990653992,
            "error": 0.017460963053556346,
            "tau_int": 10.841650336680091,
            "dtau_int": 0.7976292835552553
          }
        },
        "n_skipped": 0,
        "step_size": 0
      },
      {
        "acc_rate": 0.2604,
        "n_steps": 50000,
        "obs_stats": {
          "Q": {
            "mean": -0.05130000039935112,
            "error": 0.043677825195728964,
            "tau_int": 68.89906583538263,
            "dtau_int": 10.947815432534462
          },
          "Chi_t": {
            "mean": 0.6929799914360046,
            "error": 0.0941480149196325,
            "tau_int": 208.37317031030489,
            "dtau_int": 50.70372504191435
          }
        },
        "n_skipped": 0,
        "step_size": 0
      }
    ],
    [
      {
        "acc_rate": 0.261375,
        "n_steps": 80000,
        "obs_stats": {
          "Q": {
            "mean": -0.0043624998070299625,
            "error": 0.012810835141785963,
            "tau_int": 11.09638172055021,
            "dtau_int": 0.672241197955324
          },
          "Chi_t": {
            "mean": 0.5914624929428101,
            "error": 0.012906083649604305,
            "tau_int": 9.306057991636123,
            "dtau_int": 0.5231045292862736
          }
        },
        "n_skipped": 0,
        "step_size": 0
      },
      {
        "acc_rate": 0.2653125,
        "n_steps": 80000,
        "obs_stats": {
          "Q": {
            "mean": 0.0014375000027939677,
            "error": 0.010994668610246401,
            "tau_int": 8.476588230146568,
            "dtau_int": 0.456570365917366
          },
          "Chi_t": {
            "mean": 0.5703125,
            "error": 0.010771187590030198,
            "tau_int": 6.987780987826964,
            "dtau_int": 0.3476806191237938
          }
        },
        "n_skipped": 0,
        "step_size": 0
      },
      {
        "acc_rate": 0.2611875,
        "n_steps": 80000,
        "obs_stats": {
          "Q": {
            "mean": 0.01836249977350235,
            "error": 0.011083589842653946,
            "tau_int": 8.586154188764146,
            "dtau_int": 0.4660069269102713
          },
          "Chi_t": {
            "mean": 0.5725125074386597,
            "error": 0.01273530791492618,
            "tau_int": 9.337873280919624,
            "dtau_int": 0.5247607577927391
          }
        },
        "n_skipped": 0,
        "step_size": 0
      }
    ],
    [
      {
        "acc_rate": 0.26767,
        "n_steps": 100000,
        "obs_stats": {
          "Q": {
            "mean": -0.007180000189691782,
            "error": 0.010575597346964314,
            "tau_int": 9.315301298291375,
            "dtau_int": 0.47566339729004153
          },
          "Chi_t": {
            "mean": 0.6002600193023682,
            "error": 0.01176106698745702,
            "tau_int": 9.27983924785609,
            "dtau_int": 0.47398148930748846
          }
        },
        "n_skipped": 0,
        "step_size": 0
      },
      {
        "acc_rate": 0.2771,
        "n_steps": 100000,
        "obs_stats": {
          "Q": {
            "mean": 0.017410000786185265,
            "error": 0.009310480422892828,
            "tau_int": 7.249447234466225,
            "dtau_int": 0.331421236633111
          },
          "Chi_t": {
            "mean": 0.5980899930000305,
            "error": 0.010992035895441897,
            "tau_int": 7.632274850527066,
            "dtau_int": 0.35755468630244736
          }
        },
        "n_skipped": 0,
        "step_size": 0
      },
      {
        "acc_rate": 0.26031,
        "n_steps": 100000,
        "obs_stats": {
          "Q": {
            "mean": -0.011359999887645245,
            "error": 0.011767292273897806,
            "tau_int": 11.648804546788224,
            "dtau_int": 0.6542074643924287
          },
          "Chi_t": {
            "mean": 0.5943400263786316,
            "error": 0.01038194436507817,
            "tau_int": 7.680833745795072,
            "dtau_int": 0.35967029693365843
          }
        },
        "n_skipped": 0,
        "step_size": 0
      }
    ],
    [
      {
        "acc_rate": 0.2644,
        "n_steps": 150000,
        "obs_stats": {
          "Q": {
            "mean": 0.010066666640341282,
            "error": 0.008165622438892644,
            "tau_int": 8.747681867333554,
            "dtau_int": 0.3635004952541784
          },
          "Chi_t": {
            "mean": 0.5717066526412964,
            "error": 0.007932079029320303,
            "tau_int": 6.9195166885517985,
            "dtau_int": 0.25910298368918994
          }
        },
        "n_skipped": 0,
        "step_size": 0
      },
      {
        "acc_rate": 0.26062,
        "n_steps": 150000,
        "obs_stats": {
          "Q": {
            "mean": 0.001626666635274887,
            "error": 0.007863728336932444,
            "tau_int": 8.0487893672511,
            "dtau_int": 0.3231598737368877
          },
          "Chi_t": {
            "mean": 0.5761600136756897,
            "error": 0.008727099604866161,
            "tau_int": 8.256062908126989,
            "dtau_int": 0.33364829544805963
          }
        },
        "n_skipped": 0,
        "step_size": 0
      },
      {
        "acc_rate": 0.2580866666666667,
        "n_steps": 150000,
        "obs_stats": {
          "Q": {
            "mean": -0.01090666651725769,
            "error": 0.009456172983335683,
            "tau_int": 11.403240511624837,
            "dtau_int": 0.53029117638052
          },
          "Chi_t": {
            "mean": 0.5881466865539551,
            "error": 0.009318005803105243,
            "tau_int": 9.45181355325271,
            "dtau_int": 0.40557917775945995
          }
        },
        "n_skipped": 0,
        "step_size": 0
      }
    ],
    [
      {
        "acc_rate": 0.267365,
        "n_steps": 200000,
        "obs_stats": {
          "Q": {
            "mean": 0.01610499992966652,
            "error": 0.00745608663092951,
            "tau_int": 9.529812298827117,
            "dtau_int": 0.3615560743040429
          },
          "Chi_t": {
            "mean": 0.5835649967193604,
            "error": 0.009390645709831075,
            "tau_int": 12.063093490829733,
            "dtau_int": 0.5073299049246902
          }
        },
        "n_skipped": 0,
        "step_size": 0
      },
      {
        "acc_rate": 0.26954,
        "n_steps": 200000,
        "obs_stats": {
          "Q": {
            "mean": 0.013194999657571316,
            "error": 0.007898270127295976,
            "tau_int": 10.254687684427818,
            "dtau_int": 0.40044604597486055
          },
          "Chi_t": {
            "mean": 0.6084449887275696,
            "error": 0.006749283034346441,
            "tau_int": 6.452375928600501,
            "dtau_int": 0.2061685549095862
          }
        },
        "n_skipped": 0,