{
  "observables": [
    "Chi_t"
  ],
  "n_samples": [
    50000,
    80000,
    100000,
    150000,
    200000
  ],
  "nip": [],
  "nmcmc": [
    [
      {
        "acc_rate": 0.34084,
        "n_steps": 50000,
        "obs_stats": {
          "Q": {
            "mean": -0.004379999823868275,
            "error": 0.010200577647404075,
            "tau_int": 4.471232607676453,
            "dtau_int": 0.22633012852167975
          },
          "Chi_t": {
            "mean": 0.5817000269889832,
            "error": 0.011056771368287959,
            "tau_int": 4.3294904601929565,
            "dtau_int": 0.21619902515121706
          }
        },
        "n_skipped": 0,
        "step_size": 0
      },
      {
        "acc_rate": 0.35568,
        "n_steps": 50000,
        "obs_stats": {
          "Q": {
            "mean": 0.0014799999771639705,
            "error": 0.010842777714632173,
            "tau_int": 4.887211724121819,
            "dtau_int": 0.25717244888245006
          },
          "Chi_t": {
            "mean": 0.6012799739837646,
            "error": 0.010481209324077674,
            "tau_int": 3.893097241607599,
            "dtau_int": 0.18624115872100924
          }
        },
        "n_skipped": 0,
        "step_size": 0
      },
      {
        "acc_rate": 0.34674,
        "n_steps": 50000,
        "obs_stats": {
          "Q": {
            "mean": -0.014680000022053719,
            "error": 0.010584239101388298,
            "tau_int": 4.748347263016187,
            "dtau_int": 0.24673740248727768
          },
          "Chi_t": {
            "mean": 0.5899199843406677,
            "error": 0.01182463185403621,
            "tau_int": 4.787019247038134,
            "dtau_int": 0.24860436140760014
          }
        },
        "n_skipped": 0,
        "step_size": 0
      }
    ],
    [
      {
        "acc_rate": 0.34165,
        "n_steps": 80000,
        "obs_stats": {
          "Q": {
            "mean": -0.028037499636411667,
            "error": 0.0098043493038979,
            "tau_int": 6.437346265302871,
            "dtau_int": 0.30893445697059013
          },
          "Chi_t": {
            "mean": 0.5979874730110168,
            "error": 0.01336978096318495,
            "tau_int": 9.444897358503692,
            "dtau_int": 0.5345140317238284
          }
        },
        "n_skipped": 0,
        "step_size": 0
      },
      {
        "acc_rate": 0.3521375,
        "n_steps": 80000,
        "obs_stats": {
          "Q": {
            "mean": -0.007025000173598528,
            "error": 0.008809330522383772,
            "tau_int": 5.18331204402708,
            "dtau_int": 0.22687484106500963
          },
          "Chi_t": {
            "mean": 0.5988500118255615,
            "error": 0.00932901460855259,
            "tau_int": 4.773270641641179,
            "dtau_int": 0.20174263619600682
          }
        },
        "n_skipped": 0,
        "step_size": 0
      },
      {
        "acc_rate": 0.3397625,
        "n_steps": 80000,
        "obs_stats": {
          "Q": {
            "mean": 0.007887500338256359,
            "error": 0.009462201892368367,
            "tau_int": 5.989200479974278,
            "dtau_int": 0.2793523857389154
          },
          "Chi_t": {
            "mean": 0.5979375243186951,
            "error": 0.009399595547135091,
            "tau_int": 4.945236743077564,
            "dtau_int": 0.2114190306903975
          }
        },
        "n_skipped": 0,
        "step_size": 0
      }
    ],
    [
      {
        "acc_rate": 0.34431,
        "n_steps": 100000,
        "obs_stats": {
          "Q": {
            "mean": -0.0002800000074785203,
            "error": 0.008167326071579148,
            "tau_int": 5.616178466308732,
            "dtau_int": 0.22987621932113175
          },
          "Chi_t": {
            "mean": 0.5938000082969666,
            "error": 0.009541450952679139,
            "tau_int": 6.423045913504663,
            "dtau_int": 0.2787245353169443
          }
        },
        "n_skipped": 0,
        "step_size": 0
      },
      {
        "acc_rate": 0.34151,
        "n_steps": 100000,
        "obs_stats": {
          "Q": {
            "mean": 0.004679999779909849,
            "error": 0.010009024350041086,
            "tau_int": 8.235036961250794,
            "dtau_int": 0.3975568913788425
          },
          "Chi_t": {
            "mean": 0.6081799864768982,
            "error": 0.023693987944575907,
            "tau_int": 32.12081997904852,
            "dtau_int": 2.7882587268021846
          }
        },
        "n_skipped": 0,
        "step_size": 0
      },
      {
        "acc_rate": 0.34622,
        "n_steps": 100000,
        "obs_stats": {
          "Q": {
            "mean": -0.011289999820291996,
            "error": 0.007627002225817906,
            "tau_int": 4.907462720842028,
            "dtau_int": 0.19029957764283806
          },
          "Chi_t": {
            "mean": 0.5927500128746033,
            "error": 0.007659082413445788,
            "tau_int": 4.148295347991419,
            "dtau_int": 0.14922728914940758
          }
        },
        "n_skipped": 0,
        "step_size": 0
      }
    ],
    [
      {
        "acc_rate": 0.33776666666666666,
        "n_steps": 150000,
        "obs_stats": {
          "Q": {
            "mean": -0.01408000010997057,
            "error": 0.008804710278720746,
            "tau_int": 9.468806097669995,
            "dtau_int": 0.4062583324950205
          },
          "Chi_t": {
            "mean": 0.6141600012779236,
            "error": 0.011777850300878164,
            "tau_int": 13.207091142102398,
            "dtau_int": 0.6552027448164399
          }
        },
        "n_skipped": 0,
        "step_size": 0
      },
      {
        "acc_rate": 0.3483866666666667,
        "n_steps": 150000,
        "obs_stats": {
          "Q": {
            "mean": 0.006279999855905771,
            "error": 0.006602325118279599,
            "tau_int": 5.496682103568009,
            "dtau_int": 0.18613839680275437
          },
          "Chi_t": {
            "mean": 0.5947733521461487,
            "error": 0.007039356218016872,
            "tau_int": 5.11211079198614,
            "dtau_int": 0.16776841507733342
          }
        },
        "n_skipped": 0,
        "step_size": 0
      },
      {
        "acc_rate": 0.3447,
        "n_steps": 150000,
        "obs_stats": {
          "Q": {
            "mean": -0.015346666797995567,
            "error": 0.0067895903565626595,
            "tau_int": 5.795831642357695,
            "dtau_int": 0.20011246317596013
          },
          "Chi_t": {
            "mean": 0.5967199802398682,
            "error": 0.0066197889077688294,
            "tau_int": 4.710994265691613,
            "dtau_int": 0.14954767807363953
          }
        },
        "n_skipped": 0,
        "step_size": 0
      }
    ],
    [
      {
        "acc_rate": 0.34501,
        "n_steps": 200000,
        "obs_stats": {
          "Q": {
            "mean": -0.002025000052526593,
            "error": 0.005678253008874198,
            "tau_int": 5.457872834995562,
            "dtau_int": 0.16198416210711875
          },
          "Chi_t": {
            "mean": 0.5907250046730042,
            "error": 0.005545522821900699,
            "tau_int": 4.473660877954618,
            "dtau_int": 0.12174004130398995
          }
        },
        "n_skipped": 0,
        "step_size": 0
      },
      {
        "acc_rate": 0.34573,
        "n_steps": 200000,
        "obs_stats": {
          "Q": {
            "mean": -0.0019099999917671084,
            "error": 0.005676229734352458,
            "tau_int": 5.458461183916525,
            "dtau_int": 0.16200054163447802
          },
          "Chi_t": {
            "mean": 0.5902400016784668,
            "error": 0.006116237759422614,
            "tau_int": 5.3276576385716625,
            "dtau_int": 0.15655037520470863
          }
        },
        "n_skipped": 0,