{
  "observables": [
    "Chi_t"
  ],
  "n_samples": [
    50000,
    80000
  ],
  "nip": [],
  "nmcmc": [
    [
      {
        "acc_rate": 0.45918,
        "n_steps": 50000,
        "obs_stats": {
          "Q": {
            "mean": -0.004559999797493219,
            "error": 0.008371636204917033,
            "tau_int": 2.8472452530553847,
            "dtau_int": 0.11850220991860777
          },
          "Chi_t": {
            "mean": 0.6153200268745422,
            "error": 0.008845216824988344,
            "tau_int": 2.551125666973336,
            "dtau_int": 0.10191451521823756
          }
        },
        "n_skipped": 0,
        "step_size": 0
      },
      {
        "acc_rate": 0.46738,
        "n_steps": 50000,
        "obs_stats": {
          "Q": {
            "mean": 0.001339999958872795,
            "error": 0.007784768559054494,
            "tau_int": 2.5087237405953555,
            "dtau_int": 0.09778560088889526
          },
          "Chi_t": {
            "mean": 0.6038600206375122,
            "error": 0.008410365123249735,
            "tau_int": 2.399254687547774,
            "dtau_int": 0.09129974704995195
          }
        },
        "n_skipped": 0,
        "step_size": 0
      },
      {
        "acc_rate": 0.46646,
        "n_steps": 50000,
        "obs_stats": {
          "Q": {
            "mean": -0.0020200000144541264,
            "error": 0.00840720226392429,
            "tau_int": 2.816397658151221,
            "dtau_int": 0.11730180233533699
          },
          "Chi_t": {
            "mean": 0.6273400187492371,
            "error": 0.008974034786997933,
            "tau_int": 2.5689930342537126,
            "dtau_int": 0.10258232562518761
          }
        },
        "n_skipped": 0,
        "step_size": 0
      }
    ],
    [
      {
        "acc_rate": 0.464375,
        "n_steps": 80000,
        "obs_stats": {
          "Q": {
            "mean": 0.005450000055134296,
            "error": 0.006657267126918273,
            "tau_int": 2.8438703974103623,
            "dtau_int": 0.09571668805147662
          },
          "Chi_t": {
            "mean": 0.6233500242233276,
            "error": 0.007908059478224093,
            "tau_int": 3.1138419243507953,
            "dtau_int": 0.10873096841979042
          }
        },
        "n_skipped": 0,
        "step_size": 0
      },
      {
        "acc_rate": 0.46125,
        "n_steps": 80000,
        "obs_stats": {
          "Q": {
            "mean": 0.008787499740719795,
            "error": 0.0066577742509631825,
            "tau_int": 2.8725753143986035,
            "dtau_int": 0.09662154779047459
          },
          "Chi_t": {
            "mean": 0.6172624826431274,
            "error": 0.006885172627554081,
            "tau_int": 2.4626388670270165,
            "dtau_int": 0.07794818270759578
          }
        },
        "n_skipped": 0,
        "step_size": 0
      },
      {
        "acc_rate": 0.4698125,
        "n_steps": 80000,
        "obs_stats": {
          "Q": {
            "mean": -0.008262500166893005,
            "error": 0.006495301908131962,
            "tau_int": 2.690894595825778,
            "dtau_int": 0.08885883486448376
          },
          "Chi_t": {
            "mean": 0.627162516117096,
            "error": 0.006932038781667309,
            "tau_int": 2.4566187794246788,
            "dtau_int": 0.07776931308876789
          }
        },
        "n_skipped": 0,
        "step_size": 0
      }
    ]
  ],
  "exact_sus": 0.6194099585690315
}