{
  "observables": [
    "Chi_t"
  ],
  "n_samples": [
    50000,
    80000,
    100000
  ],
  "nip": [],
  "nmcmc": [
    [
      {
        "acc_rate": 0.76332,
        "n_steps": 50000,
        "obs_stats": {
          "Q": {
            "mean": 0.0025599999353289604,
            "error": 0.004705166169245289,
            "tau_int": 0.8494774142382577,
            "dtau_int": 0.019594072753041775
          },
          "Chi_t": {
            "mean": 0.6515200138092041,
            "error": 0.005218522605250536,
            "tau_int": 0.8116367958189596,
            "dtau_int": 0.018774425035445564
          }
        },
        "n_skipped": 0,
        "step_size": 0
      },
      {
        "acc_rate": 0.75794,
        "n_steps": 50000,
        "obs_stats": {
          "Q": {
            "mean": 0.005900000222027302,
            "error": 0.00468171368160074,
            "tau_int": 0.8447233248503403,
            "dtau_int": 0.0194913776967908
          },
          "Chi_t": {
            "mean": 0.6486999988555908,
            "error": 0.00538790840527441,
            "tau_int": 0.8559883546937026,
            "dtau_int": 0.021167692592463042
          }
        },
        "n_skipped": 0,
        "step_size": 0
      },
      {
        "acc_rate": 0.7605,
        "n_steps": 50000,
        "obs_stats": {
          "Q": {
            "mean": 0.007259999867528677,
            "error": 0.0047114209160430635,
            "tau_int": 0.8535532087464965,
            "dtau_int": 0.021110835818713196
          },
          "Chi_t": {
            "mean": 0.6501799821853638,
            "error": 0.005471217992895654,
            "tau_int": 0.8912010726098814,
            "dtau_int": 0.02198764658298231
          }
        },
        "n_skipped": 0,
        "step_size": 0
      }
    ],
    [
      {
        "acc_rate": 0.75955,
        "n_steps": 80000,
        "obs_stats": {
          "Q": {
            "mean": -0.006424999795854092,
            "error": 0.0037058586334607325,
            "tau_int": 0.8396127198510557,
            "dtau_int": 0.016431960216398728
          },
          "Chi_t": {
            "mean": 0.6542999744415283,
            "error": 0.004115667179104945,
            "tau_int": 0.8007349580943013,
            "dtau_int": 0.014655052255155732
          }
        },
        "n_skipped": 0,
        "step_size": 0
      },
      {
        "acc_rate": 0.7630625,
        "n_steps": 80000,
        "obs_stats": {
          "Q": {
            "mean": 0.0009500000160187483,
            "error": 0.003643046482086068,
            "tau_int": 0.8157373848201617,
            "dtau_int": 0.014912900513173791
          },
          "Chi_t": {
            "mean": 0.6507750153541565,
            "error": 0.004161220613018885,
            "tau_int": 0.8109151379547515,
            "dtau_int": 0.0148300891861079
          }
        },
        "n_skipped": 0,
        "step_size": 0
      },
      {
        "acc_rate": 0.763675,
        "n_steps": 80000,
        "obs_stats": {
          "Q": {
            "mean": -0.0018500000005587935,
            "error": 0.0037672843747258507,
            "tau_int": 0.8743411070851377,
            "dtau_int": 0.01707279347150468
          },
          "Chi_t": {
            "mean": 0.649275004863739,
            "error": 0.004125419199165043,
            "tau_int": 0.8140336707536375,
            "dtau_int": 0.014883650512082375
          }
        },
        "n_skipped": 0,
        "step_size": 0
      }
    ],
    [
      {
        "acc_rate": 0.75798,
        "n_steps": 100000,
        "obs_stats": {
          "Q": {
            "mean": -0.0015899999998509884,
            "error": 0.003360338544210968,
            "tau_int": 0.8724193160925469,
            "dtau_int": 0.015238726461878816
          },
          "Chi_t": {
            "mean": 0.6471499800682068,
            "error": 0.003695023467033686,
            "tau_int": 0.8168909469589738,
            "dtau_int": 0.014320644952471267
          }
        },
        "n_skipped": 0,
        "step_size": 0
      },
      {
        "acc_rate": 0.7614,
        "n_steps": 100000,
        "obs_stats": {
          "Q": {
            "mean": -0.0011599999852478504,
            "error": 0.0033164915250846238,
            "tau_int": 0.8404616668007052,
            "dtau_int": 0.014711237364799228
          },
          "Chi_t": {
            "mean": 0.6543400287628174,
            "error": 0.0037988260326582883,
            "tau_int": 0.8480951279500051,
            "dtau_int": 0.014837452619309181
          }
        },
        "n_skipped": 0,
        "step_size": 0
      },
      {
        "acc_rate": 0.75856,
        "n_steps": 100000,
        "obs_stats": {
          "Q": {
            "mean": -0.004600000102072954,
            "error": 0.003423348118451543,
            "tau_int": 0.8957657272617892,
            "dtau_int": 0.015622559296551108
          },
          "Chi_t": {
            "mean": 0.6541600227355957,
            "error": 0.003807167323925208,
            "tau_int": 0.8449753639535404,
            "dtau_int": 0.014785885504862005
          }
        },
        "n_skipped": 0,
        "step_size": 0
      }
    ]
  ],
  "exact_sus": 0.6500977944017748
}