{
  "observables": [
    "Chi_t"
  ],
  "n_samples": [
    50000,
    80000,
    100000
  ],
  "nip": [],
  "nmcmc": [
    [
      {
        "acc_rate": 0.5972,
        "n_steps": 50000,
        "obs_stats": {
          "Q": {
            "mean": -0.0017399999778717756,
            "error": 0.006639558515379205,
            "tau_int": 1.6958912068723277,
            "dtau_int": 0.05635690941322885
          },
          "Chi_t": {
            "mean": 0.6498200297355652,
            "error": 0.007138598681006043,
            "tau_int": 1.506601651241931,
            "dtau_int": 0.04666750276403948
          }
        },
        "n_skipped": 0,
        "step_size": 0
      },
      {
        "acc_rate": 0.5935,
        "n_steps": 50000,
        "obs_stats": {
          "Q": {
            "mean": -0.005260000005364418,
            "error": 0.006710053651592162,
            "tau_int": 1.7504746219650085,
            "dtau_int": 0.058055673253295664
          },
          "Chi_t": {
            "mean": 0.64301997423172,
            "error": 0.007299008973988314,
            "tau_int": 1.5704773813284176,
            "dtau_int": 0.05050890164011617
          }
        },
        "n_skipped": 0,
        "step_size": 0
      },
      {
        "acc_rate": 0.59834,
        "n_steps": 50000,
        "obs_stats": {
          "Q": {
            "mean": -0.003700000001117587,
            "error": 0.006381824473815683,
            "tau_int": 1.5711702178823845,
            "dtau_int": 0.050529830409317966
          },
          "Chi_t": {
            "mean": 0.6480200290679932,
            "error": 0.007105337025144314,
            "tau_int": 1.5183512181926733,
            "dtau_int": 0.047008406345075415
          }
        },
        "n_skipped": 0,
        "step_size": 0
      }
    ],
    [
      {
        "acc_rate": 0.598325,
        "n_steps": 80000,
        "obs_stats": {
          "Q": {
            "mean": 0.0108625004068017,
            "error": 0.005082242074947414,
            "tau_int": 1.5948365134306073,
            "dtau_int": 0.04205224848906944
          },
          "Chi_t": {
            "mean": 0.6479125022888184,
            "error": 0.0055976408692630245,
            "tau_int": 1.48306556922299,
            "dtau_int": 0.037835520529505576
          }
        },
        "n_skipped": 0,
        "step_size": 0
      },
      {
        "acc_rate": 0.5987125,
        "n_steps": 80000,
        "obs_stats": {
          "Q": {
            "mean": -0.006662500090897083,
            "error": 0.004866923117428665,
            "tau_int": 1.4852682943977913,
            "dtau_int": 0.03788850963533633
          },
          "Chi_t": {
            "mean": 0.6379374861717224,
            "error": 0.005331580954466332,
            "tau_int": 1.3584563389102542,
            "dtau_int": 0.03347091922993552
          }
        },
        "n_skipped": 0,
        "step_size": 0
      },
      {
        "acc_rate": 0.6007875,
        "n_steps": 80000,
        "obs_stats": {
          "Q": {
            "mean": 0.0001875000016298145,
            "error": 0.0049811662033181015,
            "tau_int": 1.5350709885968299,
            "dtau_int": 0.03908395798593874
          },
          "Chi_t": {
            "mean": 0.646512508392334,
            "error": 0.005494746252085195,
            "tau_int": 1.4230474069482664,
            "dtau_int": 0.03496898696630496
          }
        },
        "n_skipped": 0,
        "step_size": 0
      }
    ],
    [
      {
        "acc_rate": 0.59318,
        "n_steps": 100000,
        "obs_stats": {
          "Q": {
            "mean": 0.010040000081062317,
            "error": 0.0045314400315779844,
            "tau_int": 1.5681959642902354,
            "dtau_int": 0.03701979470892777
          },
          "Chi_t": {
            "mean": 0.6547799706459045,
            "error": 0.005222649000374171,
            "tau_int": 1.5802492303425995,
            "dtau_int": 0.03728819085697179
          }
        },
        "n_skipped": 0,
        "step_size": 0
      },
      {
        "acc_rate": 0.59303,
        "n_steps": 100000,
        "obs_stats": {
          "Q": {
            "mean": 0.00343000004068017,
            "error": 0.004551083344153702,
            "tau_int": 1.6080552319413939,
            "dtau_int": 0.03790639475795859
          },
          "Chi_t": {
            "mean": 0.6440100073814392,
            "error": 0.004940483836061205,
            "tau_int": 1.4471505956147943,
            "dtau_int": 0.03306712119058187
          }
        },
        "n_skipped": 0,
        "step_size": 0
      },
      {
        "acc_rate": 0.59462,
        "n_steps": 100000,
        "obs_stats": {
          "Q": {
            "mean": 0.002850000048056245,
            "error": 0.004516856480861886,
            "tau_int": 1.5770452935257517,
            "dtau_int": 0.03721687188807671
          },
          "Chi_t": {
            "mean": 0.6468300223350525,
            "error": 0.005160883153705442,
            "tau_int": 1.564194648640422,
            "dtau_int": 0.03693063943252926
          }
        },
        "n_skipped": 0,
        "step_size": 0
      }
    ]
  ],
  "exact_sus": 0.6439874072967454
}