{
  "observables": [
    "Chi_t"
  ],
  "n_samples": [
    50000,
    125000,
    250000,
    375000
  ],
  "nip": [
    [
      {
        "obs_stats": {
          "Q": {
            "mean": -0.017588108777999878,
            "error": 0.009055412374436855,
            "error_ess": 0.009619882330298424,
            "ess_q": 0.27902302145957947
          },
          "Chi_t": {
            "mean": 1.2913527488708496,
            "error": 0.01719585433602333,
            "error_ess": 0.015730787068605423,
            "ess_q": 0.27902302145957947
          }
        },
        "entropy": 69705.84375,
        "std_entropy": 12737412.0,
        "free_energy": -0.6377582288753869,
        "std_free_energy": 0.0008592330850660801
      },
      {
        "obs_stats": {
          "Q": {
            "mean": -0.016575045883655548,
            "error": 0.010457025840878487,
            "error_ess": 0.011517994105815887,
            "ess_q": 0.19021350145339966
          },
          "Chi_t": {
            "mean": 1.2619754076004028,
            "error": 0.01597653515636921,
            "error_ess": 0.018492551520466805,
            "ess_q": 0.19021350145339966
          }
        },
        "entropy": 69763.328125,
        "std_entropy": 15456340.0,
        "free_energy": -0.6377612028533571,
        "std_free_energy": 0.001102896872907877
      },
      {
        "obs_stats": {
          "Q": {
            "mean": -0.002017403021454811,
            "error": 0.009782560169696808,
            "error_ess": 0.009948808699846268,
            "ess_q": 0.2615920603275299
          },
          "Chi_t": {
            "mean": 1.294581413269043,
            "error": 0.017448874190449715,
            "error_ess": 0.015994923189282417,
            "ess_q": 0.2615920603275299
          }
        },
        "entropy": 69717.484375,
        "std_entropy": 13159960.0,
        "free_energy": -0.6377609812547638,
        "std_free_energy": 0.0008980617276392877
      }
    ],
    [
      {
        "obs_stats": {
          "Q": {
            "mean": -0.0011342905927449465,
            "error": 0.006204694975167513,
            "error_ess": 0.006405881606042385,
            "ess_q": 0.24948062002658844
          },
          "Chi_t": {
            "mean": 1.2796804904937744,
            "error": 0.011288043111562729,
            "error_ess": 0.010300231166183949,
            "ess_q": 0.24948062002658844
          }
        },
        "entropy": 175980.828125,
        "std_entropy": 53299176.0,
        "free_energy": -0.6378046282177797,
        "std_free_energy": 0.0005863545229658484
      },
      {
        "obs_stats": {
          "Q": {
            "mean": -0.005803724285215139,
            "error": 0.00609427597373724,
            "error_ess": 0.00640420988202095,
            "ess_q": 0.251475989818573
          },
          "Chi_t": {
            "mean": 1.289275050163269,
            "error": 0.01047093328088522,
            "error_ess": 0.01033223420381546,
            "ess_q": 0.251475989818573
          }
        },
        "entropy": 175942.0625,
        "std_entropy": 53072912.0,
        "free_energy": -0.6376575910826375,
        "std_free_energy": 0.0005832466995343566
      },
      {
        "obs_stats": {
          "Q": {
            "mean": -0.006762295495718718,
            "error": 0.008953527547419071,
            "error_ess": 0.009832640178501606,
            "ess_q": 0.10652396827936172
          },
          "Chi_t": {
            "mean": 1.287388563156128,
            "error": 0.01238955743610859,
            "error_ess": 0.015866341069340706,
            "ess_q": 0.10652396827936172
          }
        },
        "entropy": 176012.34375,
        "std_entropy": 81589640.0,
        "free_energy": -0.6378902667976126,
        "std_free_energy": 0.0009790739277377725
      }
    ],
    [
      {
        "obs_stats": {
          "Q": {
            "mean": -0.0019840302411466837,
            "error": 0.004134614951908588,
            "error_ess": 0.0043584126979112625,
            "ess_q": 0.2708267867565155
          },
          "Chi_t": {
            "mean": 1.2861391305923462,
            "error": 0.007265847641974688,
            "error_ess": 0.0069868979044258595,
            "ess_q": 0.2708267867565155
          }
        },
        "entropy": 354188.40625,
        "std_entropy": 144470000.0,
        "free_energy": -0.6377242691953493,
        "std_free_energy": 0.00039223956991918385
      },
      {
        "obs_stats": {
          "Q": {
            "mean": -0.005315081682056189,
            "error": 0.00414477102458477,
            "error_ess": 0.0044089010916650295,
            "ess_q": 0.26510414481163025
          },
          "Chi_t": {
            "mean": 1.2883237600326538,
            "error": 0.007351340726017952,
            "error_ess": 0.007109019439667463,
            "ess_q": 0.26510414481163025
          }
        },
        "entropy": 354193.34375,
        "std_entropy": 146008400.0,
        "free_energy": -0.637796085865618,
        "std_free_energy": 0.00039800311787985265
      },
      {
        "obs_stats": {
          "Q": {
            "mean": -0.012422367930412292,
            "error": 0.004358795005828142,
            "error_ess": 0.004564701579511166,
            "ess_q": 0.2456810027360916
          },
          "Chi_t": {
            "mean": 1.2799323797225952,
            "error": 0.0074097272008657455,
            "error_ess": 0.007319645024836063,
            "ess_q": 0.2456810027360916
          }
        },
        "entropy": 354431.96875,
        "std_entropy": 151920832.0,
        "free_energy": -0.6377566298466577,
        "std_free_energy": 0.0004188645107205957
      }
    ],
    [
      {
        "obs_stats": {
          "Q": {
            "mean": -0.004032852128148079,
            "error": 0.003458657069131732,
            "error_ess": 0.0037863890174776316,
            "ess_q": 0.2369929701089859
          },
          "Chi_t": {
            "mean": 1.2741528749465942,
            "error": 0.006053640507161617,
            "error_ess": 0.006077034864574671,
            "ess_q": 0.2369929701089859
          }
        },
        "entropy": 533752.25,
        "std_entropy": 284092480.0,
        "free_energy": -0.63773158797819,
        "std_free_energy": 0.0003502131439745426
      },
      {
        "obs_stats": {
          "Q": {
            "mean": 0.0016701265703886747,
            "error": 0.0034481959883123636,
            "error_ess": 0.0035546724684536457,
            "ess_q": 0.27181175351142883
          },
          "Chi_t": {
            "mean": 1.2879482507705688,
            "error": 0.00664161890745163,
            "error_ess": 0.0057572307996451855,
            "ess_q": 0.27181175351142883
          }
        },
        "entropy": 533705.4375,
        "std_entropy": 265246432.0,
        "free_energy": -0.6376675308489037,
        "std_free_energy": 0.00031946523813530803
      },
      {
        "obs_stats": {
          "Q": {
            "mean": 0.004122826270759106,
            "error": 0.003554092487320304,
            "error_ess": 0.0035387903917580843,
            "ess_q": 0.27573975920677185
          },
          "Chi_t": {
            "mean": 1.2949259281158447,
            "error": 0.00674335565418005,
            "error_ess": 0.005713209509849548,
            "ess_q": 0.27573975920677185
          }
        },
        "entropy": 533595.3125,
        "std_entropy": 263206176.0,
        "free_energy": -0.6377037384530616,
        "std_free_energy": 0.00031632502214051783
      }
    ]
  ],
  "nmcmc": [
    [
      {
        "acc_rate": 0.43854,
        "n_steps": 50000.0,
        "obs_stats": {
          "Q": {
            "mean": -0.008940178900957108,
            "error": 0.012444333863578239,
            "tau_int": 3.008498923516198,
            "dtau_int": 0.12761696661330157
          },
          "Chi_t": {
            "mean": 1.286765694618225,