{
  "observables": [
    "Chi_t"
  ],
  "n_samples": [
    50000,
    125000,
    250000,
    100000,
    150000,
    500000
  ],
  "nip": [
    [
      {
        "obs_stats": {
          "Q": {
            "mean": -0.03346296772360802,
            "error": 0.025675300508737564,
            "error_ess": 0.031363025307655334,
            "ess_q": 0.009631523862481117
          },
          "Chi_t": {
            "mean": 0.4748075306415558,
            "error": 0.0272822268307209,
            "error_ess": 0.029879841953516006,
            "ess_q": 0.009631523862481117
          }
        },
        "entropy": 42225.19921875,
        "std_entropy": 60722560.0,
        "free_energy": -0.16911211903395557,
        "std_free_energy": 0.005201917141675949
      },
      {
        "obs_stats": {
          "Q": {
            "mean": 0.04680262506008148,
            "error": 0.07468835264444351,
            "error_ess": 0.05741698294878006,
            "ess_q": 0.0030514199752360582
          },
          "Chi_t": {
            "mean": 0.5051627159118652,
            "error": 0.0751224160194397,
            "error_ess": 0.05530635267496109,
            "ess_q": 0.0030514199752360582
          }
        },
        "entropy": 42395.5234375,
        "std_entropy": 108254304.0,
        "free_energy": -0.17067672483233923,
        "std_free_energy": 0.00927252322435379
      },
      {
        "obs_stats": {
          "Q": {
            "mean": -0.01384772453457117,
            "error": 0.020290616899728775,
            "error_ess": 0.01993962563574314,
            "ess_q": 0.023245520889759064
          },
          "Chi_t": {
            "mean": 0.4622902572154999,
            "error": 0.020615970715880394,
            "error_ess": 0.018771955743432045,
            "ess_q": 0.023245520889759064
          }
        },
        "entropy": 42040.79296875,
        "std_entropy": 38861724.0,
        "free_energy": -0.1684910582557595,
        "std_free_energy": 0.003325336379930377
      }
    ],
    [
      {
        "obs_stats": {
          "Q": {
            "mean": 0.009295837953686714,
            "error": 0.013099651783704758,
            "error_ess": 0.06607279926538467,
            "ess_q": 0.0007729618810117245
          },
          "Chi_t": {
            "mean": 0.4218897521495819,
            "error": 0.013543984852731228,
            "error_ess": 0.06415329873561859,
            "ess_q": 0.0007729618810117245
          }
        },
        "entropy": 107689.4140625,
        "std_entropy": 853871104.0,
        "free_energy": -0.16992710862229624,
        "std_free_energy": 0.011665220372378826
      },
      {
        "obs_stats": {
          "Q": {
            "mean": -0.021593349054455757,
            "error": 0.026674671098589897,
            "error_ess": 0.035232409834861755,
            "ess_q": 0.003195278812199831
          },
          "Chi_t": {
            "mean": 0.4962589144706726,
            "error": 0.045996297150850296,
            "error_ess": 0.0379662960767746,
            "ess_q": 0.003195278812199831
          }
        },
        "entropy": 108210.796875,
        "std_entropy": 422890496.0,
        "free_energy": -0.17036048740448856,
        "std_free_energy": 0.005730474833399057
      },
      {
        "obs_stats": {
          "Q": {
            "mean": 0.0070663513615727425,
            "error": 0.027412166818976402,
            "error_ess": 0.024447595700621605,
            "ess_q": 0.006167697254568338
          },
          "Chi_t": {
            "mean": 0.46083864569664,
            "error": 0.027645818889141083,
            "error_ess": 0.023342791944742203,
            "ess_q": 0.006167697254568338
          }
        },
        "entropy": 107183.3359375,
        "std_entropy": 300272032.0,
        "free_energy": -0.169447007230838,
        "std_free_energy": 0.004118461161851883
      }
    ],
    [
      {
        "obs_stats": {
          "Q": {
            "mean": 0.004786873236298561,
            "error": 0.011757133528590202,
            "error_ess": 0.030282508581876755,
            "ess_q": 0.001896673464216292
          },
          "Chi_t": {
            "mean": 0.43484795093536377,
            "error": 0.012134878896176815,
            "error_ess": 0.02924298122525215,
            "ess_q": 0.001896673464216292
          }
        },
        "entropy": 217725.03125,
        "std_entropy": 1542345088.0,
        "free_energy": -0.169993102344674,
        "std_free_energy": 0.005262783728539944
      },
      {
        "obs_stats": {
          "Q": {
            "mean": 0.004985414445400238,
            "error": 0.008698982186615467,
            "error_ess": 0.01613721065223217,
            "ess_q": 0.006886309944093227
          },
          "Chi_t": {
            "mean": 0.4483383595943451,
            "error": 0.00947234034538269,
            "error_ess": 0.015941733494400978,
            "ess_q": 0.006886309944093227
          }
        },
        "entropy": 216661.96875,
        "std_entropy": 804416512.0,
        "free_energy": -0.1690760451094987,
        "std_free_energy": 0.002755054971203208
      },
      {
        "obs_stats": {
          "Q": {
            "mean": -0.08534863591194153,
            "error": 0.07569707930088043,
            "error_ess": 0.056891269981861115,
            "ess_q": 0.0006077891448512673
          },
          "Chi_t": {
            "mean": 0.49907761812210083,
            "error": 0.07572159171104431,
            "error_ess": 0.05081063508987427,
            "ess_q": 0.0006077891448512673
          }
        },
        "entropy": 220952.5,
        "std_entropy": 2783264512.0,
        "free_energy": -0.17133094792662398,
        "std_free_energy": 0.009302840568125248
      }
    ],
    [
      {
        "obs_stats": {
          "Q": {
            "mean": -0.013834245502948761,
            "error": 0.012776868417859077,
            "error_ess": 0.02283993363380432,
            "ess_q": 0.008647691458463669
          },
          "Chi_t": {
            "mean": 0.45130905508995056,
            "error": 0.01383213046938181,
            "error_ess": 0.022666390985250473,
            "ess_q": 0.008647691458463669
          }
        },
        "entropy": 85758.359375,
        "std_entropy": 182569120.0,
        "free_energy": -0.1692121927170626,
        "std_free_energy": 0.003883802331984043
      }
    ],
    [
      {
        "obs_stats": {
          "Q": {
            "mean": 0.008034062571823597,
            "error": 0.013989047147333622,
            "error_ess": 0.017656631767749786,
            "ess_q": 0.009762571193277836
          },
          "Chi_t": {
            "mean": 0.4565965235233307,
            "error": 0.01618063449859619,
            "error_ess": 0.01752515882253647,
            "ess_q": 0.009762571193277836
          }
        },
        "entropy": 129051.25,
        "std_entropy": 314164096.0,
        "free_energy": -0.16919775172725401,
        "std_free_energy": 0.0029828755650669336
      }
    ],
    [
      {
        "obs_stats": {
          "Q": {
            "mean": 0.011648446321487427,
            "error": 0.0288900975137949,
            "error_ess": 0.02618531510233879,
            "ess_q": 0.0013716897228732705
          },
          "Chi_t": {
            "mean": 0.470399409532547,
            "error": 0.029051970690488815,
            "error_ess": 0.025035664439201355,
            "ess_q": 0.0013716897228732705
          }
        },
        "entropy": 440366.40625,
        "std_entropy": 5131729920.0,
        "free_energy": -0.17049720797805468,
        "std_free_energy": 0.00437705684453249
      }
    ]
  ],
  "nmcmc": [
    [
      {
        "acc_rate": 0.18752,
        "n_steps": 50000.0,
        "obs_stats": {
          "Q": {
            "mean": 0.01950038969516754,
            "error": 0.024915008570638473,
            "tau_int": 31.172825330259194,
            "dtau_int": 3.585069873689161
          },