{
  "observables": [
    "Chi_t"
  ],
  "n_samples": [
    100000
  ],
  "nip": [
    [
      {
        "obs_stats": {
          "Q": {
            "mean": 0.00046336548984982073,
            "error": 0.005357610993087292,
            "error_ess": 0.006843733601272106,
            "ess_q": 0.1028096005320549
          },
          "Chi_t": {
            "mean": 0.48152637481689453,
            "error": 0.0057745263911783695,
            "error_ess": 0.006874234415590763,
            "ess_q": 0.1028096005320549
          }
        },
        "entropy": 104086.5,
        "std_entropy": 54337620.0,
        "free_energy": -0.29802181007023865,
        "std_free_energy": 0.0012060070876032114
      }
    ]
  ],
  "nmcmc": [
    [
      {
        "acc_rate": 0.37679,
        "n_steps": 100000,
        "obs_stats": {
          "Q": {
            "mean": -0.0024500000290572643,
            "error": 0.007079036178667782,
            "tau_int": 4.958575046828886,
            "dtau_int": 0.19215082911212553
          },
          "Chi_t": {
            "mean": 0.5052700042724609,
            "error": 0.0072777589354346955,
            "tau_int": 5.105576659625321,
            "dtau_int": 0.20008239242345144
          }
        },
        "n_skipped": 0,
        "step_size": 0
      }
    ]
  ],
  "exact_sus": 0.49095233701679153
}