{
  "observables": [
    "Chi_t"
  ],
  "n_samples": [
    50000,
    125000,
    250000,
    500000,
    1000000
  ],
  "nip": [
    [
      {
        "obs_stats": {
          "Q": {
            "mean": -0.012564887292683125,
            "error": 0.015602374449372292,
            "error_ess": 0.023878980427980423,
            "ess_q": 0.017326349392533302
          },
          "Chi_t": {
            "mean": 0.49412715435028076,
            "error": 0.017028462141752243,
            "error_ess": 0.02383643016219139,
            "ess_q": 0.017326349392533302
          }
        },
        "entropy": 48966.75390625,
        "std_entropy": 46400912.0,
        "free_energy": -0.2691019548410061,
        "std_free_energy": 0.004145706072449684
      },
      {
        "obs_stats": {
          "Q": {
            "mean": 0.019744306802749634,
            "error": 0.02097022719681263,
            "error_ess": 0.025853971019387245,
            "ess_q": 0.015117012895643711
          },
          "Chi_t": {
            "mean": 0.5056113004684448,
            "error": 0.023555759340524673,
            "error_ess": 0.026858434081077576,
            "ess_q": 0.015117012895643711
          }
        },
        "entropy": 48885.01171875,
        "std_entropy": 49579940.0,
        "free_energy": -0.26852435477295067,
        "std_free_energy": 0.004443310666829348
      },
      {
        "obs_stats": {
          "Q": {
            "mean": -0.0016866952646523714,
            "error": 0.014102403074502945,
            "error_ess": 0.026766452938318253,
            "ess_q": 0.012789553962647915
          },
          "Chi_t": {
            "mean": 0.458143025636673,
            "error": 0.015244860202074051,
            "error_ess": 0.02779499441385269,
            "ess_q": 0.012789553962647915
          }
        },
        "entropy": 49312.65234375,
        "std_entropy": 54647644.0,
        "free_energy": -0.26954201946457773,
        "std_free_energy": 0.004836426116526127
      }
    ],
    [
      {
        "obs_stats": {
          "Q": {
            "mean": 0.02243618480861187,
            "error": 0.013122519478201866,
            "error_ess": 0.011786780320107937,
            "ess_q": 0.03021816536784172
          },
          "Chi_t": {
            "mean": 0.5252685546875,
            "error": 0.016874749213457108,
            "error_ess": 0.012055464088916779,
            "ess_q": 0.03021816536784172
          }
        },
        "entropy": 123915.484375,
        "std_entropy": 138545408.0,
        "free_energy": -0.26854724561631127,
        "std_free_energy": 0.001972321653738618
      },
      {
        "obs_stats": {
          "Q": {
            "mean": -0.001962817506864667,
            "error": 0.014344078488647938,
            "error_ess": 0.013375954702496529,
            "ess_q": 0.023331264033913612
          },
          "Chi_t": {
            "mean": 0.5217923521995544,
            "error": 0.016954844817519188,
            "error_ess": 0.013472702354192734,
            "ess_q": 0.023331264033913612
          }
        },
        "entropy": 123772.359375,
        "std_entropy": 157344512.0,
        "free_energy": -0.2685372694999252,
        "std_free_energy": 0.002252575010061264
      },
      {
        "obs_stats": {
          "Q": {
            "mean": -0.02063417248427868,
            "error": 0.016682641580700874,
            "error_ess": 0.013646669685840607,
            "ess_q": 0.022477488964796066
          },
          "Chi_t": {
            "mean": 0.523673951625824,
            "error": 0.028880838304758072,
            "error_ess": 0.014991573058068752,
            "ess_q": 0.022477488964796066
          }
        },
        "entropy": 123926.453125,
        "std_entropy": 160644768.0,
        "free_energy": -0.26861715718948725,
        "std_free_energy": 0.002295959508046508
      }
    ],
    [
      {
        "obs_stats": {
          "Q": {
            "mean": -0.009126278571784496,
            "error": 0.009477083571255207,
            "error_ess": 0.00997973047196865,
            "ess_q": 0.02101259119808674
          },
          "Chi_t": {
            "mean": 0.523268461227417,
            "error": 0.013357723131775856,
            "error_ess": 0.01051468588411808,
            "ess_q": 0.02101259119808674
          }
        },
        "entropy": 251074.34375,
        "std_entropy": 471797184.0,
        "free_energy": -0.26885200197608916,
        "std_free_energy": 0.001680380548350513
      },
      {
        "obs_stats": {
          "Q": {
            "mean": 0.0038679747376590967,
            "error": 0.007449205499142408,
            "error_ess": 0.020501554012298584,
            "ess_q": 0.0046592880971729755
          },
          "Chi_t": {
            "mean": 0.48960357904434204,
            "error": 0.008294319733977318,
            "error_ess": 0.02094431221485138,
            "ess_q": 0.0046592880971729755
          }
        },
        "entropy": 251496.46875,
        "std_entropy": 1004760064.0,
        "free_energy": -0.2689923015862906,
        "std_free_energy": 0.0035981975961476564
      },
      {
        "obs_stats": {
          "Q": {
            "mean": -0.003705115057528019,
            "error": 0.008350334130227566,
            "error_ess": 0.02264377288520336,
            "ess_q": 0.003830972360447049
          },
          "Chi_t": {
            "mean": 0.49108535051345825,
            "error": 0.009461242705583572,
            "error_ess": 0.023188108578324318,
            "ess_q": 0.003830972360447049
          }
        },
        "entropy": 250601.8125,
        "std_entropy": 1100596224.0,
        "free_energy": -0.269115052918854,
        "std_free_energy": 0.003969820681959391
      }
    ],
    [
      {
        "obs_stats": {
          "Q": {
            "mean": -0.0046101948246359825,
            "error": 0.007086224853992462,
            "error_ess": 0.0075148786418139935,
            "ess_q": 0.017916571348905563
          },
          "Chi_t": {
            "mean": 0.5059251189231873,
            "error": 0.007495692931115627,
            "error_ess": 0.007603514473885298,
            "ess_q": 0.017916571348905563
          }
        },
        "entropy": 507045.96875,
        "std_entropy": 1443993088.0,
        "free_energy": -0.2685823699740388,
        "std_free_energy": 0.0012888138880953193
      },
      {
        "obs_stats": {
          "Q": {
            "mean": 0.0006022718152962625,
            "error": 0.00768645666539669,
            "error_ess": 0.007383675780147314,
            "ess_q": 0.018962480127811432
          },
          "Chi_t": {
            "mean": 0.5169039964675903,
            "error": 0.009575429372489452,
            "error_ess": 0.007517324294894934,
            "ess_q": 0.018962480127811432
          }
        },
        "entropy": 506469.375,
        "std_entropy": 1400732032.0,
        "free_energy": -0.2685483413047061,
        "std_free_energy": 0.001252099173143506
      },
      {
        "obs_stats": {
          "Q": {
            "mean": 0.0013492610305547714,
            "error": 0.006422898732125759,
            "error_ess": 0.007502509746700525,
            "ess_q": 0.017909035086631775
          },
          "Chi_t": {
            "mean": 0.5040295720100403,
            "error": 0.008909216150641441,
            "error_ess": 0.007846849970519543,
            "ess_q": 0.017909035086631775
          }
        },
        "entropy": 505497.09375,
        "std_entropy": 1435674880.0,
        "free_energy": -0.26874834819329585,
        "std_free_energy": 0.0012890900252386928
      }
    ],
    [
      {
        "obs_stats": {
          "Q": {
            "mean": 0.009541553445160389,
            "error": 0.004839668981730938,
            "error_ess": 0.005368133075535297,
            "ess_q": 0.01769847422838211
          },
          "Chi_t": {
            "mean": 0.5101048350334167,
            "error": 0.005523692816495895,