{
  "observables": [
    "Chi_t"
  ],
  "n_samples": [
    25000,
    40000,
    50000,
    75000,
    100000,
    125000,
    150000,
    175000,
    200000,
    225000,
    250000
  ],
  "nip": {},
  "nmcmc": [
    [
      {
        "acc_rate": 0.44652,
        "n_steps": 25000,
        "obs_stats": {
          "Q": {
            "mean": -0.009720388799905777,
            "error": 0.011959832762876724,
            "tau_int": 2.9884363948602153,
            "dtau_int": 0.17120327898587648
          },
          "Chi_t": {
            "mean": 0.5982239246368408,
            "error": 0.011997696896265463,
            "tau_int": 2.4073413449717376,
            "dtau_int": 0.12589577683273764
          }
        },
        "n_skipped": 0,
        "step_size": 0
      },
      {
        "acc_rate": 0.44356,
        "n_steps": 25000,
        "obs_stats": {
          "Q": {
            "mean": -0.0037201486993581057,
            "error": 0.012767079829556665,
            "tau_int": 3.4163162431970915,
            "dtau_int": 0.20762483541889307
          },
          "Chi_t": {
            "mean": 0.5962238311767578,
            "error": 0.013190839840851102,
            "tau_int": 2.9830046674130535,
            "dtau_int": 0.17091472875300126
          }
        },
        "n_skipped": 0,
        "step_size": 0
      },
      {
        "acc_rate": 0.45668,
        "n_steps": 25000,
        "obs_stats": {
          "Q": {
            "mean": 0.02016080729663372,
            "error": 0.012204572285013694,
            "tau_int": 2.935849167158842,
            "dtau_int": 0.16840609560787712
          },
          "Chi_t": {
            "mean": 0.6344254016876221,
            "error": 0.01412281158689236,
            "tau_int": 3.094095135937644,
            "dtau_int": 0.18107943715890062
          }
        },
        "n_skipped": 0,
        "step_size": 0
      }
    ],
    [
      {
        "acc_rate": 0.44005,
        "n_steps": 40000,
        "obs_stats": {
          "Q": {
            "mean": -0.003875096794217825,
            "error": 0.010088180966831109,
            "tau_int": 3.458429957857295,
            "dtau_int": 0.1730673686131901
          },
          "Chi_t": {
            "mean": 0.5884397029876709,
            "error": 0.009773497149730833,
            "tau_int": 2.725274227465152,
            "dtau_int": 0.12119114055380373
          }
        },
        "n_skipped": 0,
        "step_size": 0
      },
      {
        "acc_rate": 0.448725,
        "n_steps": 40000,
        "obs_stats": {
          "Q": {
            "mean": -0.010825270786881447,
            "error": 0.009739037189337574,
            "tau_int": 3.1808063235057547,
            "dtau_int": 0.1536029015530602
          },
          "Chi_t": {
            "mean": 0.596389889717102,
            "error": 0.00842244406554116,
            "tau_int": 2.111527937580795,
            "dtau_int": 0.0854813738009467
          }
        },
        "n_skipped": 0,
        "step_size": 0
      },
      {
        "acc_rate": 0.435175,
        "n_steps": 40000,
        "obs_stats": {
          "Q": {
            "mean": -0.0006000149878673255,
            "error": 0.009562442686892946,
            "tau_int": 3.0327397353822554,
            "dtau_int": 0.14375257352648058
          },
          "Chi_t": {
            "mean": 0.6029150485992432,
            "error": 0.010474522824338344,
            "tau_int": 2.9158371221644765,
            "dtau_int": 0.13546786749967396
          }
        },
        "n_skipped": 0,
        "step_size": 0
      }
    ],
    [
      {
        "acc_rate": 0.44976,
        "n_steps": 50000,
        "obs_stats": {
          "Q": {
            "mean": 0.003120062407106161,
            "error": 0.00876787051290672,
            "tau_int": 3.2422125576664045,
            "dtau_int": 0.14282900579388896
          },
          "Chi_t": {
            "mean": 0.5926918387413025,
            "error": 0.008615663178153796,
            "tau_int": 2.6414525615025206,
            "dtau_int": 0.1052848520817164
          }
        },
        "n_skipped": 0,
        "step_size": 0
      },
      {
        "acc_rate": 0.44708,
        "n_steps": 50000,
        "obs_stats": {
          "Q": {
            "mean": 0.00988019723445177,
            "error": 0.008458601201759805,
            "tau_int": 2.981572422507789,
            "dtau_int": 0.1265504605273024
          },
          "Chi_t": {
            "mean": 0.5999320149421692,
            "error": 0.01016738697414594,
            "tau_int": 3.5126385036307353,
            "dtau_int": 0.16016362432784606
          }
        },
        "n_skipped": 0,
        "step_size": 0
      },
      {
        "acc_rate": 0.4383,
        "n_steps": 50000,
        "obs_stats": {
          "Q": {
            "mean": -0.019340386614203453,
            "error": 0.009014569057976264,
            "tau_int": 3.370480866522293,
            "dtau_int": 0.1511239483484848
          },
          "Chi_t": {
            "mean": 0.6030320525169373,
            "error": 0.008540879665975085,
            "tau_int": 2.553434527916059,
            "dtau_int": 0.10200186831628111
          }
        },
        "n_skipped": 0,
        "step_size": 0
      }
    ],
    [
      {
        "acc_rate": 0.45222666666666667,
        "n_steps": 75000,
        "obs_stats": {
          "Q": {
            "mean": 0.005146735347807407,
            "error": 0.0069146735299890115,
            "tau_int": 3.0174777859342163,
            "dtau_int": 0.10678708013037679
          },
          "Chi_t": {
            "mean": 0.594167947769165,
            "error": 0.008967878377701556,
            "tau_int": 3.9452358423200247,
            "dtau_int": 0.15663506020787724
          }
        },
        "n_skipped": 0,
        "step_size": 0
      },
      {
        "acc_rate": 0.4426,
        "n_steps": 75000,
        "obs_stats": {
          "Q": {
            "mean": -0.005813410971313715,
            "error": 0.0068442400765277136,
            "tau_int": 2.9715633393982364,
            "dtau_int": 0.10526494959222442
          },
          "Chi_t": {
            "mean": 0.591127872467041,
            "error": 0.007255223004771997,
            "tau_int": 2.7630506406401474,
            "dtau_int": 0.09407850355173596
          }
        },
        "n_skipped": 0,
        "step_size": 0
      },
      {
        "acc_rate": 0.44292,
        "n_steps": 75000,
        "obs_stats": {
          "Q": {
            "mean": -0.0045733945444226265,
            "error": 0.006887293476427841,
            "tau_int": 3.0113741792607525,
            "dtau_int": 0.10658492558498817
          },
          "Chi_t": {
            "mean": 0.5906612277030945,
            "error": 0.007197276024014026,
            "tau_int": 2.789356747566005,
            "dtau_int": 0.09491670800678904
          }
        },
        "n_skipped": 0,
        "step_size": 0
      }
    ],
    [
      {
        "acc_rate": 0.44807,
        "n_steps": 100000,
        "obs_stats": {
          "Q": {
            "mean": 0.0030800309032201767,
            "error": 0.00604914833936692,
            "tau_int": 3.056996922504859,
            "dtau_int": 0.09558823660475123
          },
          "Chi_t": {
            "mean": 0.5984659790992737,
            "error": 0.006028512572366897,
            "tau_int": 2.521320399312641,
            "dtau_int": 0.073038068520855
          }
        },
        "n_skipped": 0,
        "step_size": 0
      },
      {
        "acc_rate": 0.44298,
        "n_steps": 100000,
        "obs_stats": {
          "Q": {
            "mean": -0.0052700527012348175,
            "error": 0.0058880158489907335,
            "tau_int": 2.882868159146258,
            "dtau_int": 0.0886075086109173
          },
          "Chi_t": {
            "mean": 0.6012760400772095,
            "error": 0.006578675246315881,
            "tau_int": 2.9329786231518544,