{
  "observables": [
    "Chi_t"
  ],
  "n_samples": [
    50000,
    80000,
    100000
  ],
  "nip": [],
  "nmcmc": [
    [
      {
        "acc_rate": 0.78924,
        "n_steps": 50000,
        "obs_stats": {
          "Q": {
            "mean": 0.0032999999821186066,
            "error": 0.004422896273514535,
            "tau_int": 0.7557000497261761,
            "dtau_int": 0.016199924816192677
          },
          "Chi_t": {
            "mean": 0.6471400260925293,
            "error": 0.0051071417241381955,
            "tau_int": 0.7772613816097225,
            "dtau_int": 0.01802541186617994
          }
        },
        "n_skipped": 0,
        "step_size": 0
      },
      {
        "acc_rate": 0.79312,
        "n_steps": 50000,
        "obs_stats": {
          "Q": {
            "mean": 0.005679999943822622,
            "error": 0.0044754226170699895,
            "tau_int": 0.7730403431892463,
            "dtau_int": 0.01793314930966699
          },
          "Chi_t": {
            "mean": 0.6477599740028381,
            "error": 0.005119160995978952,
            "tau_int": 0.7740070724924413,
            "dtau_int": 0.01795428545392949
          }
        },
        "n_skipped": 0,
        "step_size": 0
      },
      {
        "acc_rate": 0.79514,
        "n_steps": 50000,
        "obs_stats": {
          "Q": {
            "mean": 0.003659999929368496,
            "error": 0.00452694053400402,
            "tau_int": 0.783873829068217,
            "dtau_int": 0.018169818189418464
          },
          "Chi_t": {
            "mean": 0.6535800099372864,
            "error": 0.005161416426565583,
            "tau_int": 0.7769910063762242,
            "dtau_int": 0.018019503957362324
          }
        },
        "n_skipped": 0,
        "step_size": 0
      }
    ],
    [
      {
        "acc_rate": 0.790075,
        "n_steps": 80000,
        "obs_stats": {
          "Q": {
            "mean": -0.004600000102072954,
            "error": 0.0036577319372470512,
            "tau_int": 0.8248560009143562,
            "dtau_int": 0.015069313220329948
          },
          "Chi_t": {
            "mean": 0.6488000154495239,
            "error": 0.004161962667656556,
            "tau_int": 0.8232115484087672,
            "dtau_int": 0.01504112306250976
          }
        },
        "n_skipped": 0,
        "step_size": 0
      },
      {
        "acc_rate": 0.790575,
        "n_steps": 80000,
        "obs_stats": {
          "Q": {
            "mean": 0.0006874999962747097,
            "error": 0.0036198841948291327,
            "tau_int": 0.7979029294623214,
            "dtau_int": 0.014606306799627997
          },
          "Chi_t": {
            "mean": 0.6568874716758728,
            "error": 0.004061249621697541,
            "tau_int": 0.7696543240469238,
            "dtau_int": 0.014118852497217664
          }
        },
        "n_skipped": 0,
        "step_size": 0
      },
      {
        "acc_rate": 0.7915875,
        "n_steps": 80000,
        "obs_stats": {
          "Q": {
            "mean": -0.0007125000120140612,
            "error": 0.0036163853757935787,
            "tau_int": 0.8034551954405034,
            "dtau_int": 0.014701852288922759
          },
          "Chi_t": {
            "mean": 0.6510875225067139,
            "error": 0.0040066817271190835,
            "tau_int": 0.7558690711222318,
            "dtau_int": 0.013880163240968189
          }
        },
        "n_skipped": 0,
        "step_size": 0
      }
    ],
    [
      {
        "acc_rate": 0.79529,
        "n_steps": 100000,
        "obs_stats": {
          "Q": {
            "mean": -0.006130000110715628,
            "error": 0.003218588985526978,
            "tau_int": 0.7943982637752538,
            "dtau_int": 0.01301029547677144
          },
          "Chi_t": {
            "mean": 0.6520500183105469,
            "error": 0.0035826575601505036,
            "tau_int": 0.7562591747781664,
            "dtau_int": 0.012420843440379704
          }
        },
        "n_skipped": 0,
        "step_size": 0
      },
      {
        "acc_rate": 0.79472,
        "n_steps": 100000,
        "obs_stats": {
          "Q": {
            "mean": -0.003860000055283308,
            "error": 0.0031688350715976285,
            "tau_int": 0.7750054567664244,
            "dtau_int": 0.012711029427474041
          },
          "Chi_t": {
            "mean": 0.6478400230407715,
            "error": 0.003493995482729474,
            "tau_int": 0.7267399845194198,
            "dtau_int": 0.011962113667700834
          }
        },
        "n_skipped": 0,
        "step_size": 0
      },
      {
        "acc_rate": 0.79258,
        "n_steps": 100000,
        "obs_stats": {
          "Q": {
            "mean": 0.0017500000540167093,
            "error": 0.0032847372319864156,
            "tau_int": 0.8240565507495474,
            "dtau_int": 0.014439524602107609
          },
          "Chi_t": {
            "mean": 0.6546499729156494,
            "error": 0.003611558751033624,
            "tau_int": 0.7737223605799268,
            "dtau_int": 0.012691195629779155
          }
        },
        "n_skipped": 0,
        "step_size": 0
      }
    ]
  ],
  "exact_sus": 0.6500977944017748
}