{
  "observables": [
    "Chi_t"
  ],
  "n_samples": [
    25000,
    40000,
    50000,
    75000,
    100000,
    125000,
    150000,
    175000,
    200000,
    225000,
    250000
  ],
  "nip": {},
  "nmcmc": [
    [
      {
        "acc_rate": 0.7782,
        "n_steps": 25000,
        "obs_stats": {
          "Q": {
            "mean": 0.001280051190406084,
            "error": 0.006471062108334677,
            "tau_int": 0.7918171019955671,
            "dtau_int": 0.025941554840643796
          },
          "Chi_t": {
            "mean": 0.6609864234924316,
            "error": 0.007185186037548983,
            "tau_int": 0.7514790766545314,
            "dtau_int": 0.022791012991783113
          }
        },
        "n_skipped": 0,
        "step_size": 0
      },
      {
        "acc_rate": 0.77944,
        "n_steps": 25000,
        "obs_stats": {
          "Q": {
            "mean": -0.006520260591059923,
            "error": 0.006518344913942,
            "tau_int": 0.8168765678006074,
            "dtau_int": 0.02671251979400479
          },
          "Chi_t": {
            "mean": 0.6501460075378418,
            "error": 0.00726073310425033,
            "tau_int": 0.7876043865691693,
            "dtau_int": 0.0258116386234597
          }
        },
        "n_skipped": 0,
        "step_size": 0
      },
      {
        "acc_rate": 0.78088,
        "n_steps": 25000,
        "obs_stats": {
          "Q": {
            "mean": 0.002000079955905676,
            "error": 0.006354370790222493,
            "tau_int": 0.7712693086705134,
            "dtau_int": 0.02335091647172773
          },
          "Chi_t": {
            "mean": 0.6543461680412292,
            "error": 0.006824239977201809,
            "tau_int": 0.7170128224863228,
            "dtau_int": 0.021810805975852884
          }
        },
        "n_skipped": 0,
        "step_size": 0
      }
    ],
    [
      {
        "acc_rate": 0.776725,
        "n_steps": 40000,
        "obs_stats": {
          "Q": {
            "mean": 0.00302507565356791,
            "error": 0.005226904590441703,
            "tau_int": 0.8437789779615332,
            "dtau_int": 0.02176947707936906
          },
          "Chi_t": {
            "mean": 0.6475411653518677,
            "error": 0.00578499537114473,
            "tau_int": 0.7973818505474912,
            "dtau_int": 0.020644007784907336
          }
        },
        "n_skipped": 0,
        "step_size": 0
      },
      {
        "acc_rate": 0.7863,
        "n_steps": 40000,
        "obs_stats": {
          "Q": {
            "mean": 0.0005500137340277433,
            "error": 0.0051898256572622025,
            "tau_int": 0.8253705830901048,
            "dtau_int": 0.02132396662050141
          },
          "Chi_t": {
            "mean": 0.6526163220405579,
            "error": 0.005962540602174197,
            "tau_int": 0.8357475468487583,
            "dtau_int": 0.0215752710022959
          }
        },
        "n_skipped": 0,
        "step_size": 0
      },
      {
        "acc_rate": 0.77695,
        "n_steps": 40000,
        "obs_stats": {
          "Q": {
            "mean": 0.0020000499207526445,
            "error": 0.00498668634565296,
            "tau_int": 0.76167869174617,
            "dtau_int": 0.018246083838848615
          },
          "Chi_t": {
            "mean": 0.6529163122177124,
            "error": 0.006013836316332736,
            "tau_int": 0.8361260283445124,
            "dtau_int": 0.021584428758946693
          }
        },
        "n_skipped": 0,
        "step_size": 0
      }
    ],
    [
      {
        "acc_rate": 0.78226,
        "n_steps": 50000,
        "obs_stats": {
          "Q": {
            "mean": -0.0034600691869854927,
            "error": 0.004678351238332322,
            "tau_int": 0.8387406362626808,
            "dtau_int": 0.019362221901921692
          },
          "Chi_t": {
            "mean": 0.652353048324585,
            "error": 0.00506952778544744,
            "tau_int": 0.7712350299522288,
            "dtau_int": 0.017893848797944718
          }
        },
        "n_skipped": 0,
        "step_size": 0
      },
      {
        "acc_rate": 0.78492,
        "n_steps": 50000,
        "obs_stats": {
          "Q": {
            "mean": 0.006420128513127565,
            "error": 0.004633129538193803,
            "tau_int": 0.8336320772886028,
            "dtau_int": 0.01925166932759114
          },
          "Chi_t": {
            "mean": 0.6437528729438782,
            "error": 0.005048205002371211,
            "tau_int": 0.7773903581460966,
            "dtau_int": 0.018028410297256325
          }
        },
        "n_skipped": 0,
        "step_size": 0
      },
      {
        "acc_rate": 0.78082,
        "n_steps": 50000,
        "obs_stats": {
          "Q": {
            "mean": 0.00186003721319139,
            "error": 0.0046172420388274635,
            "tau_int": 0.8194745759120716,
            "dtau_int": 0.018944804643246396
          },
          "Chi_t": {
            "mean": 0.6503530144691467,
            "error": 0.00522145966423041,
            "tau_int": 0.8016352517078977,
            "dtau_int": 0.01855711844473633
          }
        },
        "n_skipped": 0,
        "step_size": 0
      }
    ],
    [
      {
        "acc_rate": 0.7797866666666666,
        "n_steps": 75000,
        "obs_stats": {
          "Q": {
            "mean": -0.0022133628372102976,
            "error": 0.003785938381925982,
            "tau_int": 0.8337296339626397,
            "dtau_int": 0.016858524571905287
          },
          "Chi_t": {
            "mean": 0.6446752548217773,
            "error": 0.004132567371415808,
            "tau_int": 0.7819410531238074,
            "dtau_int": 0.014801242676723222
          }
        },
        "n_skipped": 0,
        "step_size": 0
      },
      {
        "acc_rate": 0.7801466666666667,
        "n_steps": 75000,
        "obs_stats": {
          "Q": {
            "mean": -0.0007200096151791513,
            "error": 0.00377647217316247,
            "tau_int": 0.8273013980983128,
            "dtau_int": 0.015606904464335063
          },
          "Chi_t": {
            "mean": 0.6464352607727051,
            "error": 0.004256080778793409,
            "tau_int": 0.8074843199672539,
            "dtau_int": 0.015255661919994513
          }
        },
        "n_skipped": 0,
        "step_size": 0
      },
      {
        "acc_rate": 0.7798,
        "n_steps": 75000,
        "obs_stats": {
          "Q": {
            "mean": 0.0054800729267299175,
            "error": 0.0037427443366354735,
            "tau_int": 0.7964136981437944,
            "dtau_int": 0.015058946240852274
          },
          "Chi_t": {
            "mean": 0.6595954895019531,
            "error": 0.004440432642073923,
            "tau_int": 0.8459910034795248,
            "dtau_int": 0.017092771546819915
          }
        },
        "n_skipped": 0,
        "step_size": 0
      }
    ],
    [
      {
        "acc_rate": 0.78223,
        "n_steps": 100000,
        "obs_stats": {
          "Q": {
            "mean": -0.0008700087200850248,
            "error": 0.0032815383144235316,
            "tau_int": 0.8248772562579287,
            "dtau_int": 0.014453204953855473
          },
          "Chi_t": {
            "mean": 0.6527165174484253,
            "error": 0.0036359126030289803,
            "tau_int": 0.7908269178054945,
            "dtau_int": 0.01295531891564677
          }
        },
        "n_skipped": 0,
        "step_size": 0
      },
      {
        "acc_rate": 0.7788,
        "n_steps": 100000,
        "obs_stats": {
          "Q": {
            "mean": -0.0017400174401700497,
            "error": 0.0032910505011920057,
            "tau_int": 0.836629234206212,
            "dtau_int": 0.014647891759717611
          },
          "Chi_t": {
            "mean": 0.6472864747047424,
            "error": 0.0036705986175671473,
            "tau_int": 0.809523301086579,