{
  "observables": [
    "Chi_t"
  ],
  "n_samples": [
    50000,
    80000,
    100000
  ],
  "nip": [],
  "nmcmc": [
    [
      {
        "acc_rate": 0.58134,
        "n_steps": 50000,
        "obs_stats": {
          "Q": {
            "mean": -0.004600000102072954,
            "error": 0.006363281807236994,
            "tau_int": 1.5405341011158455,
            "dtau_int": 0.049603219049953295
          },
          "Chi_t": {
            "mean": 0.6570799946784973,
            "error": 0.0070682840441389895,
            "tau_int": 1.4528581114023245,
            "dtau_int": 0.045103496312291096
          }
        },
        "n_skipped": 0,
        "step_size": 0
      },
      {
        "acc_rate": 0.57844,
        "n_steps": 50000,
        "obs_stats": {
          "Q": {
            "mean": 0.0014199999859556556,
            "error": 0.006479312210002292,
            "tau_int": 1.5957692822303695,
            "dtau_int": 0.051272105713514066
          },
          "Chi_t": {
            "mean": 0.6576600074768066,
            "error": 0.0069747967751311165,
            "tau_int": 1.3867163688199224,
            "dtau_int": 0.04134793593814638
          }
        },
        "n_skipped": 0,
        "step_size": 0
      },
      {
        "acc_rate": 0.58038,
        "n_steps": 50000,
        "obs_stats": {
          "Q": {
            "mean": -0.004000000189989805,
            "error": 0.006450800597984533,
            "tau_int": 1.5704718659307138,
            "dtau_int": 0.0505087350295285
          },
          "Chi_t": {
            "mean": 0.6624000072479248,
            "error": 0.007348188158575906,
            "tau_int": 1.4903465202943886,
            "dtau_int": 0.046195267867238564
          }
        },
        "n_skipped": 0,
        "step_size": 0
      }
    ],
    [
      {
        "acc_rate": 0.5781375,
        "n_steps": 80000,
        "obs_stats": {
          "Q": {
            "mean": 6.25000029685907e-05,
            "error": 0.005102664521757714,
            "tau_int": 1.5687095647818525,
            "dtau_int": 0.039888571151714576
          },
          "Chi_t": {
            "mean": 0.6638875007629395,
            "error": 0.005575350512210908,
            "tau_int": 1.3818082631767261,
            "dtau_int": 0.03401352930551751
          }
        },
        "n_skipped": 0,
        "step_size": 0
      },
      {
        "acc_rate": 0.5728125,
        "n_steps": 80000,
        "obs_stats": {
          "Q": {
            "mean": -0.007375000044703484,
            "error": 0.0059189632815791725,
            "tau_int": 2.0721651332178084,
            "dtau_int": 0.06116895795966921
          },
          "Chi_t": {
            "mean": 0.6762999892234802,
            "error": 0.007468425075730794,
            "tau_int": 2.465913823493154,
            "dtau_int": 0.07804546385522168
          }
        },
        "n_skipped": 0,
        "step_size": 0
      },
      {
        "acc_rate": 0.581525,
        "n_steps": 80000,
        "obs_stats": {
          "Q": {
            "mean": 2.499999936844688e-05,
            "error": 0.005006379960511045,
            "tau_int": 1.5240428689606005,
            "dtau_int": 0.038819674220407024
          },
          "Chi_t": {
            "mean": 0.657800018787384,
            "error": 0.005547643961115551,
            "tau_int": 1.3761253325464318,
            "dtau_int": 0.03388158439408823
          }
        },
        "n_skipped": 0,
        "step_size": 0
      }
    ],
    [
      {
        "acc_rate": 0.57576,
        "n_steps": 100000,
        "obs_stats": {
          "Q": {
            "mean": -0.0009200000204145908,
            "error": 0.0046392659300730004,
            "tau_int": 1.6319466064340151,
            "dtau_int": 0.038436487562760344
          },
          "Chi_t": {
            "mean": 0.6593999862670898,
            "error": 0.004947818169415055,
            "tau_int": 1.4097093320778957,
            "dtau_int": 0.031001159775802027
          }
        },
        "n_skipped": 0,
        "step_size": 0
      },
      {
        "acc_rate": 0.57546,
        "n_steps": 100000,
        "obs_stats": {
          "Q": {
            "mean": -0.0065100002102553844,
            "error": 0.004610029575541436,
            "tau_int": 1.5976611598801118,
            "dtau_int": 0.03767546382770643
          },
          "Chi_t": {
            "mean": 0.6651300191879272,
            "error": 0.005007061242781617,
            "tau_int": 1.4079624137734845,
            "dtau_int": 0.030964979808254463
          }
        },
        "n_skipped": 0,
        "step_size": 0
      },
      {
        "acc_rate": 0.58085,
        "n_steps": 100000,
        "obs_stats": {
          "Q": {
            "mean": -0.002940000034868717,
            "error": 0.004579748196189822,
            "tau_int": 1.573751798099698,
            "dtau_int": 0.03714354071394664
          },
          "Chi_t": {
            "mean": 0.6663600206375122,
            "error": 0.00516243720343721,
            "tau_int": 1.4987978846470276,
            "dtau_int": 0.03417943048871858
          }
        },
        "n_skipped": 0,
        "step_size": 0
      }
    ]
  ],
  "exact_sus": 0.6629736823224884
}