{
  "observables": [
    "Chi_t"
  ],
  "n_samples": [
    50000,
    80000,
    100000
  ],
  "nip": [],
  "nmcmc": [
    [
      {
        "acc_rate": 0.65382,
        "n_steps": 50000,
        "obs_stats": {
          "Q": {
            "mean": 0.003700000001117587,
            "error": 0.005743220094225468,
            "tau_int": 1.2296679086498743,
            "dtau_int": 0.035247236782562814
          },
          "Chi_t": {
            "mean": 0.6705800294876099,
            "error": 0.006201516850736238,
            "tau_int": 1.0613415038057437,
            "dtau_int": 0.027576354098222945
          }
        },
        "n_skipped": 0,
        "step_size": 0
      },
      {
        "acc_rate": 0.66048,
        "n_steps": 50000,
        "obs_stats": {
          "Q": {
            "mean": -0.0011599999852478504,
            "error": 0.005693800758096471,
            "tau_int": 1.2111404223194193,
            "dtau_int": 0.03474746391913401
          },
          "Chi_t": {
            "mean": 0.669160008430481,
            "error": 0.006383030799984467,
            "tau_int": 1.1249702830902717,
            "dtau_int": 0.03080862885711257
          }
        },
        "n_skipped": 0,
        "step_size": 0
      },
      {
        "acc_rate": 0.65466,
        "n_steps": 50000,
        "obs_stats": {
          "Q": {
            "mean": -0.0007600000244565308,
            "error": 0.005589351387625393,
            "tau_int": 1.1636353925120952,
            "dtau_int": 0.03180173522049232
          },
          "Chi_t": {
            "mean": 0.6711599826812744,
            "error": 0.006098403850956861,
            "tau_int": 1.0714255104757389,
            "dtau_int": 0.0294259162379371
          }
        },
        "n_skipped": 0,
        "step_size": 0
      }
    ],
    [
      {
        "acc_rate": 0.6590375,
        "n_steps": 80000,
        "obs_stats": {
          "Q": {
            "mean": -0.001025000005029142,
            "error": 0.0043468141224791935,
            "tau_int": 1.142986627466671,
            "dtau_int": 0.026010183732062517
          },
          "Chi_t": {
            "mean": 0.6612250208854675,
            "error": 0.004882746066388008,
            "tau_int": 1.0579281504557223,
            "dtau_int": 0.02298660463185557
          }
        },
        "n_skipped": 0,
        "step_size": 0
      },
      {
        "acc_rate": 0.6512875,
        "n_steps": 80000,
        "obs_stats": {
          "Q": {
            "mean": 0.000375000003259629,
            "error": 0.004539070915875369,
            "tau_int": 1.2359047014560667,
            "dtau_int": 0.027998213719246923
          },
          "Chi_t": {
            "mean": 0.6668000221252441,
            "error": 0.005098948472872496,
            "tau_int": 1.1614548461315888,
            "dtau_int": 0.026406877270700877
          }
        },
        "n_skipped": 0,
        "step_size": 0
      },
      {
        "acc_rate": 0.6553875,
        "n_steps": 80000,
        "obs_stats": {
          "Q": {
            "mean": -0.006275000050663948,
            "error": 0.004477952924152213,
            "tau_int": 1.19112784949502,
            "dtau_int": 0.027042631975777692
          },
          "Chi_t": {
            "mean": 0.6733999848365784,
            "error": 0.005052443402219884,
            "tau_int": 1.1023194478480387,
            "dtau_int": 0.023894767598743205
          }
        },
        "n_skipped": 0,
        "step_size": 0
      }
    ],
    [
      {
        "acc_rate": 0.65416,
        "n_steps": 100000,
        "obs_stats": {
          "Q": {
            "mean": 0.003010000102221966,
            "error": 0.004041382681344379,
            "tau_int": 1.2264837735019443,
            "dtau_int": 0.026044828355259633
          },
          "Chi_t": {
            "mean": 0.6658300161361694,
            "error": 0.004492545565427118,
            "tau_int": 1.1486383295982523,
            "dtau_int": 0.023372869891046772
          }
        },
        "n_skipped": 0,
        "step_size": 0
      },
      {
        "acc_rate": 0.65821,
        "n_steps": 100000,
        "obs_stats": {
          "Q": {
            "mean": 0.0015800000401213765,
            "error": 0.0039317668592545405,
            "tau_int": 1.1642882916519512,
            "dtau_int": 0.02367340452915499
          },
          "Chi_t": {
            "mean": 0.663860023021698,
            "error": 0.00443137957374387,
            "tau_int": 1.1078279116045076,
            "dtau_int": 0.02147263388400754
          }
        },
        "n_skipped": 0,
        "step_size": 0
      },
      {
        "acc_rate": 0.65275,
        "n_steps": 100000,
        "obs_stats": {
          "Q": {
            "mean": 0.001230000052601099,
            "error": 0.004023867168300723,
            "tau_int": 1.2019623540409365,
            "dtau_int": 0.024394847010055235
          },
          "Chi_t": {
            "mean": 0.6735299825668335,
            "error": 0.004530216172327836,
            "tau_int": 1.1199158500279003,
            "dtau_int": 0.02282000966479675
          }
        },
        "n_skipped": 0,
        "step_size": 0
      }
    ]
  ],
  "exact_sus": 0.6687749432186545
}