{
  "observables": [
    "Chi_t"
  ],
  "n_samples": [
    50000,
    80000,
    100000
  ],
  "nip": [],
  "nmcmc": [
    [
      {
        "acc_rate": 0.48174,
        "n_steps": 50000,
        "obs_stats": {
          "Q": {
            "mean": -0.0010000000474974513,
            "error": 0.008468734008022812,
            "tau_int": 2.7862575403537653,
            "dtau_int": 0.11342153914323207
          },
          "Chi_t": {
            "mean": 0.6434400081634521,
            "error": 0.009888935102610361,
            "tau_int": 2.9143239830661787,
            "dtau_int": 0.1211059974569569
          }
        },
        "n_skipped": 0,
        "step_size": 0
      },
      {
        "acc_rate": 0.48644,
        "n_steps": 50000,
        "obs_stats": {
          "Q": {
            "mean": -0.021880000829696655,
            "error": 0.007548189898129998,
            "tau_int": 2.2505662964761197,
            "dtau_int": 0.08360345494137715
          },
          "Chi_t": {
            "mean": 0.6333199739456177,
            "error": 0.007775658512494897,
            "tau_int": 1.8733702456098373,
            "dtau_int": 0.06408269175204917
          }
        },
        "n_skipped": 0,
        "step_size": 0
      },
      {
        "acc_rate": 0.4862,
        "n_steps": 50000,
        "obs_stats": {
          "Q": {
            "mean": -0.00033999999868683517,
            "error": 0.0075114465730970826,
            "tau_int": 2.205507028546912,
            "dtau_int": 0.0820365440767946
          },
          "Chi_t": {
            "mean": 0.6395000219345093,
            "error": 0.008385820299615277,
            "tau_int": 2.0675880421292137,
            "dtau_int": 0.07496519280472815
          }
        },
        "n_skipped": 0,
        "step_size": 0
      }
    ],
    [
      {
        "acc_rate": 0.4876125,
        "n_steps": 80000,
        "obs_stats": {
          "Q": {
            "mean": -0.0029249999206513166,
            "error": 0.006137253552338697,
            "tau_int": 2.344121801355105,
            "dtau_int": 0.07254645738425562
          },
          "Chi_t": {
            "mean": 0.6427000164985657,
            "error": 0.006907929312560116,
            "tau_int": 2.2730753027231168,
            "dtau_int": 0.06862076022828106
          }
        },
        "n_skipped": 0,
        "step_size": 0
      },
      {
        "acc_rate": 0.4912875,
        "n_steps": 80000,
        "obs_stats": {
          "Q": {
            "mean": 0.00795000046491623,
            "error": 0.005981077927515212,
            "tau_int": 2.2267064669891745,
            "dtau_int": 0.06730640398413525
          },
          "Chi_t": {
            "mean": 0.6426500082015991,
            "error": 0.0064255509585366315,
            "tau_int": 1.9977303686035808,
            "dtau_int": 0.057384382568538124
          }
        },
        "n_skipped": 0,
        "step_size": 0
      },
      {
        "acc_rate": 0.4882375,
        "n_steps": 80000,
        "obs_stats": {
          "Q": {
            "mean": 0.011250000447034836,
            "error": 0.006172335349642829,
            "tau_int": 2.3467804161948274,
            "dtau_int": 0.07262369665928782
          },
          "Chi_t": {
            "mean": 0.6494500041007996,
            "error": 0.006712813942681621,
            "tau_int": 2.1546278873684854,
            "dtau_int": 0.06345255137697559
          }
        },
        "n_skipped": 0,
        "step_size": 0
      }
    ],
    [
      {
        "acc_rate": 0.49059,
        "n_steps": 100000,
        "obs_stats": {
          "Q": {
            "mean": 0.00798999983817339,
            "error": 0.005465461678139274,
            "tau_int": 2.3163350017925426,
            "dtau_int": 0.06416484601133833
          },
          "Chi_t": {
            "mean": 0.6448299884796143,
            "error": 0.005766127127922464,
            "tau_int": 1.9687074310736525,
            "dtau_int": 0.050624947083390937
          }
        },
        "n_skipped": 0,
        "step_size": 0
      },
      {
        "acc_rate": 0.49436,
        "n_steps": 100000,
        "obs_stats": {
          "Q": {
            "mean": 0.003370000049471855,
            "error": 0.005234278042928803,
            "tau_int": 2.1578194938182684,
            "dtau_int": 0.05844812577026943
          },
          "Chi_t": {
            "mean": 0.6348299980163574,
            "error": 0.00568052894830803,
            "tau_int": 1.9748758625898688,
            "dtau_int": 0.05077409166809179
          }
        },
        "n_skipped": 0,
        "step_size": 0
      },
      {
        "acc_rate": 0.49092,
        "n_steps": 100000,
        "obs_stats": {
          "Q": {
            "mean": -0.0024300001095980406,
            "error": 0.005458819181022572,
            "tau_int": 2.320938547981287,
            "dtau_int": 0.064284654290649
          },
          "Chi_t": {
            "mean": 0.6419299840927124,
            "error": 0.005675065548530182,
            "tau_int": 1.9775784408829802,
            "dtau_int": 0.05083941726084909
          }
        },
        "n_skipped": 0,
        "step_size": 0
      }
    ]
  ],
  "exact_sus": 0.6439874072967454
}