{
  "observables": [
    "Chi_t"
  ],
  "n_samples": [
    25000,
    40000,
    50000,
    75000,
    100000,
    125000,
    150000,
    175000
  ],
  "nip": [],
  "nmcmc": [
    [
      {
        "acc_rate": 0.29716,
        "n_steps": 25000,
        "obs_stats": {
          "Q": {
            "mean": -0.05660226568579674,
            "error": 0.027063806946004947,
            "tau_int": 15.728886794241511,
            "dtau_int": 1.8210161918847776
          },
          "Chi_t": {
            "mean": 0.5845434069633484,
            "error": 0.026969754896148692,
            "tau_int": 13.953129426018682,
            "dtau_int": 1.5340818775688219
          }
        },
        "n_skipped": 0,
        "step_size": 0
      },
      {
        "acc_rate": 0.28776,
        "n_steps": 25000,
        "obs_stats": {
          "Q": {
            "mean": 0.018400736153125763,
            "error": 0.01672107412936746,
            "tau_int": 6.777568763743614,
            "dtau_int": 0.5537674360010263
          },
          "Chi_t": {
            "mean": 0.51570063829422,
            "error": 0.0213387909267325,
            "tau_int": 9.529465907616034,
            "dtau_int": 0.8937215218070731
          }
        },
        "n_skipped": 0,
        "step_size": 0
      },
      {
        "acc_rate": 0.29152,
        "n_steps": 25000,
        "obs_stats": {
          "Q": {
            "mean": -0.010800432413816452,
            "error": 0.016052909042674177,
            "tau_int": 6.0319489579478605,
            "dtau_int": 0.4670430210660517
          },
          "Chi_t": {
            "mean": 0.5338613390922546,
            "error": 0.016992726937008797,
            "tau_int": 6.000688173801743,
            "dtau_int": 0.4648163387123393
          }
        },
        "n_skipped": 0,
        "step_size": 0
      }
    ],
    [
      {
        "acc_rate": 0.30105,
        "n_steps": 40000,
        "obs_stats": {
          "Q": {
            "mean": 0.016000399366021156,
            "error": 0.012760502990976271,
            "tau_int": 5.993755220889738,
            "dtau_int": 0.37673615992516596
          },
          "Chi_t": {
            "mean": 0.5434135794639587,
            "error": 0.013527234770233652,
            "tau_int": 5.942819377065694,
            "dtau_int": 0.373775322321025
          }
        },
        "n_skipped": 0,
        "step_size": 0
      },
      {
        "acc_rate": 0.303925,
        "n_steps": 40000,
        "obs_stats": {
          "Q": {
            "mean": -0.021750543266534805,
            "error": 0.016259235914139043,
            "tau_int": 9.043922129398737,
            "dtau_int": 0.6795440196051464
          },
          "Chi_t": {
            "mean": 0.5848146080970764,
            "error": 0.015848350306330732,
            "tau_int": 7.942361136922644,
            "dtau_int": 0.5647398717436821
          }
        },
        "n_skipped": 0,
        "step_size": 0
      },
      {
        "acc_rate": 0.28875,
        "n_steps": 40000,
        "obs_stats": {
          "Q": {
            "mean": 0.033700842410326004,
            "error": 0.012919284703094149,
            "tau_int": 6.703052582780728,
            "dtau_int": 0.4436086193755868
          },
          "Chi_t": {
            "mean": 0.4989624619483948,
            "error": 0.011753292831373873,
            "tau_int": 5.866385031001935,
            "dtau_int": 0.3646352632133551
          }
        },
        "n_skipped": 0,
        "step_size": 0
      }
    ],
    [
      {
        "acc_rate": 0.29874,
        "n_steps": 50000,
        "obs_stats": {
          "Q": {
            "mean": 0.006720134522765875,
            "error": 0.012789538083060792,
            "tau_int": 7.442409828383777,
            "dtau_int": 0.46624697094373546
          },
          "Chi_t": {
            "mean": 0.54933100938797,
            "error": 0.013935877840396738,
            "tau_int": 7.734928468651301,
            "dtau_int": 0.49293327920173347
          }
        },
        "n_skipped": 0,
        "step_size": 0
      },
      {
        "acc_rate": 0.2975,
        "n_steps": 50000,
        "obs_stats": {
          "Q": {
            "mean": 0.002900057937949896,
            "error": 0.012528223040715618,
            "tau_int": 7.254811922263118,
            "dtau_int": 0.4507155028992644
          },
          "Chi_t": {
            "mean": 0.5407108068466187,
            "error": 0.012377528781419476,
            "tau_int": 6.792451587242652,
            "dtau_int": 0.4107426986268798
          }
        },
        "n_skipped": 0,
        "step_size": 0
      },
      {
        "acc_rate": 0.2869,
        "n_steps": 50000,
        "obs_stats": {
          "Q": {
            "mean": -0.010460209101438522,
            "error": 0.013159716559630774,
            "tau_int": 8.014760447327909,
            "dtau_int": 0.5193480133232218
          },
          "Chi_t": {
            "mean": 0.5401108264923096,
            "error": 0.013689606982174472,
            "tau_int": 7.517405565028913,
            "dtau_int": 0.475364466630736
          }
        },
        "n_skipped": 0,
        "step_size": 0
      }
    ],
    [
      {
        "acc_rate": 0.30333333333333334,
        "n_steps": 75000,
        "obs_stats": {
          "Q": {
            "mean": 0.017746903002262115,
            "error": 0.009806715711549287,
            "tau_int": 6.742911569118962,
            "dtau_int": 0.3403052461201714
          },
          "Chi_t": {
            "mean": 0.535060465335846,
            "error": 0.010638485734750004,
            "tau_int": 6.833755168670073,
            "dtau_int": 0.3445618133377925
          }
        },
        "n_skipped": 0,
        "step_size": 0
      },
      {
        "acc_rate": 0.2959333333333333,
        "n_steps": 75000,
        "obs_stats": {
          "Q": {
            "mean": -0.003720049513503909,
            "error": 0.01349786691422981,
            "tau_int": 12.183353417008233,
            "dtau_int": 0.7924124201716479
          },
          "Chi_t": {
            "mean": 0.5606074929237366,
            "error": 0.018778753003084337,
            "tau_int": 20.130019347320953,
            "dtau_int": 1.6195788359524765
          }
        },
        "n_skipped": 0,
        "step_size": 0
      },
      {
        "acc_rate": 0.2986666666666667,
        "n_steps": 75000,
        "obs_stats": {
          "Q": {
            "mean": 0.01789357140660286,
            "error": 0.013614902247100994,
            "tau_int": 11.918260266573201,
            "dtau_int": 0.7666460131993698
          },
          "Chi_t": {
            "mean": 0.5833677649497986,
            "error": 0.010805002210431661,
            "tau_int": 7.08905040369894,
            "dtau_int": 0.36391664809312574
          }
        },
        "n_skipped": 0,
        "step_size": 0
      }
    ],
    [
      {
        "acc_rate": 0.28822,
        "n_steps": 100000,
        "obs_stats": {
          "Q": {
            "mean": 0.007050070445984602,
            "error": 0.009294288147893575,
            "tau_int": 8.059433967678995,
            "dtau_int": 0.3863189962420138
          },
          "Chi_t": {
            "mean": 0.5358753800392151,
            "error": 0.008856911324364506,
            "tau_int": 6.713865607077711,
            "dtau_int": 0.2965876170642035
          }
        },
        "n_skipped": 0,
        "step_size": 0
      },
      {
        "acc_rate": 0.30984,
        "n_steps": 100000,
        "obs_stats": {
          "Q": {
            "mean": 0.020860208198428154,
            "error": 0.00842450967479442,
            "tau_int": 6.368125220326681,
            "dtau_int": 0.2765038096398781
          },
          "Chi_t": {
            "mean": 0.5576055645942688,
            "error": 0.009479485090746956,
            "tau_int": 6.7118050715827176,
            "dtau_int": 0.2965028534716193
          }
        },
        "n_skipped": 0,