{
  "observables": [
    "Chi_t"
  ],
  "n_samples": [
    50000,
    80000,
    100000,
    150000,
    200000,
    250000
  ],
  "nip": [],
  "nmcmc": [
    [
      {
        "acc_rate": 0.00226,
        "n_steps": 50000,
        "obs_stats": {
          "Q": {
            "mean": -0.011939999647438526,
            "error": 0.016786438185273162,
            "tau_int": 141.82377043383212,
            "dtau_int": 29.902323122546928
          },
          "Chi_t": {
            "mean": 0.049539998173713684,
            "error": 0.04603525922755615,
            "tau_int": 1082.0204603960617,
            "dtau_int": 444.70693827756486
          }
        },
        "n_skipped": 0,
        "step_size": 0
      },
      {
        "acc_rate": 0.02246,
        "n_steps": 50000,
        "obs_stats": {
          "Q": {
            "mean": -0.09870000183582306,
            "error": 0.07910349156383915,
            "tau_int": 495.4421761501879,
            "dtau_int": 162.58101345224833
          },
          "Chi_t": {
            "mean": 0.3196600079536438,
            "error": 0.12551709486807125,
            "tau_int": 578.5041904237027,
            "dtau_int": 199.3949324601139
          }
        },
        "n_skipped": 0,
        "step_size": 0
      },
      {
        "acc_rate": 0.02444,
        "n_steps": 50000,
        "obs_stats": {
          "Q": {
            "mean": 0.12101999670267105,
            "error": 0.11090160976182391,
            "tau_int": 1089.2903876171135,
            "dtau_int": 448.4077726495216
          },
          "Chi_t": {
            "mean": 0.2860200107097626,
            "error": 0.09568915672670457,
            "tau_int": 1036.9298432039548,
            "dtau_int": 421.6182914838087
          }
        },
        "n_skipped": 0,
        "step_size": 0
      }
    ],
    [
      {
        "acc_rate": 0.0267625,
        "n_steps": 80000,
        "obs_stats": {
          "Q": {
            "mean": -0.08139999955892563,
            "error": 0.06970053769100362,
            "tau_int": 641.2999535275752,
            "dtau_int": 196.3153157038221
          },
          "Chi_t": {
            "mean": 0.3050749897956848,
            "error": 0.044187194461960844,
            "tau_int": 302.9017058700443,
            "dtau_int": 71.12059469701562
          }
        },
        "n_skipped": 0,
        "step_size": 0
      },
      {
        "acc_rate": 0.021025,
        "n_steps": 80000,
        "obs_stats": {
          "Q": {
            "mean": -0.14343750476837158,
            "error": 0.14149417372439652,
            "tau_int": 1812.4172937592577,
            "dtau_int": 753.307729335678
          },
          "Chi_t": {
            "mean": 0.4447374939918518,
            "error": 0.2668818224850919,
            "tau_int": 2368.3073600811413,
            "dtau_int": 1044.6346636133255
          }
        },
        "n_skipped": 0,
        "step_size": 0
      },
      {
        "acc_rate": 0.020925,
        "n_steps": 80000,
        "obs_stats": {
          "Q": {
            "mean": -0.050712499767541885,
            "error": 0.02137870483100534,
            "tau_int": 111.66891114205148,
            "dtau_int": 17.82914187813039
          },
          "Chi_t": {
            "mean": 0.16583749651908875,
            "error": 0.029017616460618255,
            "tau_int": 162.9773305422759,
            "dtau_int": 30.217303981657526
          }
        },
        "n_skipped": 0,
        "step_size": 0
      }
    ],
    [
      {
        "acc_rate": 0.01336,
        "n_steps": 100000,
        "obs_stats": {
          "Q": {
            "mean": -0.2310899943113327,
            "error": 0.12880136831009997,
            "tau_int": 2447.0241865994494,
            "dtau_int": 1035.6985642176116
          },
          "Chi_t": {
            "mean": 0.377810001373291,
            "error": 0.09467464973544534,
            "tau_int": 1791.1717446837017,
            "dtau_int": 700.8338681948595
          }
        },
        "n_skipped": 0,
        "step_size": 0
      },
      {
        "acc_rate": 0.01021,
        "n_steps": 100000,
        "obs_stats": {
          "Q": {
            "mean": -0.07208999991416931,
            "error": 0.05631372787371601,
            "tau_int": 838.6380671909671,
            "dtau_int": 260.59182084838386
          },
          "Chi_t": {
            "mean": 0.1912900060415268,
            "error": 0.08747152072232357,
            "tau_int": 2265.0383584912493,
            "dtau_int": 941.2821017190744
          }
        },
        "n_skipped": 0,
        "step_size": 0
      },
      {
        "acc_rate": 0.01797,
        "n_steps": 100000,
        "obs_stats": {
          "Q": {
            "mean": -0.3218199908733368,
            "error": 0.1407232962415668,
            "tau_int": 2392.1525423472235,
            "dtau_int": 1007.1328642170538
          },
          "Chi_t": {
            "mean": 0.5000600218772888,
            "error": 0.08671502336390853,
            "tau_int": 1152.2082020342843,
            "dtau_int": 396.4863306146493
          }
        },
        "n_skipped": 0,
        "step_size": 0
      }
    ],
    [
      {
        "acc_rate": 0.0161,
        "n_steps": 150000,
        "obs_stats": {
          "Q": {
            "mean": -0.07983999699354172,
            "error": 0.19829398334719409,
            "tau_int": 6133.290191382175,
            "dtau_int": 2854.9280764695545
          },
          "Chi_t": {
            "mean": 0.45416000485420227,
            "error": 0.11671944144516544,
            "tau_int": 3531.322411664637,
            "dtau_int": 1481.1560754194936
          }
        },
        "n_skipped": 0,
        "step_size": 0
      },
      {
        "acc_rate": 0.02232666666666667,
        "n_steps": 150000,
        "obs_stats": {
          "Q": {
            "mean": -0.04963333159685135,
            "error": 0.09798296398560832,
            "tau_int": 1936.8835585589497,
            "dtau_int": 690.1118341743834
          },
          "Chi_t": {
            "mean": 0.36540666222572327,
            "error": 0.07848449002146318,
            "tau_int": 1655.2133884656914,
            "dtau_int": 561.9467159174443
          }
        },
        "n_skipped": 0,
        "step_size": 0
      },
      {
        "acc_rate": 0.017133333333333334,
        "n_steps": 150000,
        "obs_stats": {
          "Q": {
            "mean": 0.012826666235923767,
            "error": 0.04358116954696563,
            "tau_int": 574.7233870171169,
            "dtau_int": 135.51051614438535
          },
          "Chi_t": {
            "mean": 0.24618667364120483,
            "error": 0.040106716905913185,
            "tau_int": 462.40243782608394,
            "dtau_int": 100.51903144015306
          }
        },
        "n_skipped": 0,
        "step_size": 0
      }
    ],
    [
      {
        "acc_rate": 0.01752,
        "n_steps": 200000,
        "obs_stats": {
          "Q": {
            "mean": -0.15841500461101532,
            "error": 0.08813807714287032,
            "tau_int": 2132.350767815478,
            "dtau_int": 716.111154529456
          },
          "Chi_t": {
            "mean": 0.38219499588012695,
            "error": 0.10883144345214606,
            "tau_int": 4198.479467021418,
            "dtau_int": 1712.2406679400908
          }
        },
        "n_skipped": 0,
        "step_size": 0
      },
      {
        "acc_rate": 0.02231,
        "n_steps": 200000,
        "obs_stats": {
          "Q": {
            "mean": -0.16301999986171722,
            "error": 0.04892530390544955,
            "tau_int": 995.7169351208106,
            "dtau_int": 258.3029857468417
          },
          "Chi_t": {
            "mean": 0.26467999815940857,
            "error": 0.04392307733011376,
            "tau_int": 667.2457851737688,
            "dtau_int": 149.41700330897478
          }
        },
        "n_skipped": 0,