{
  "observables": [
    "Chi_t"
  ],
  "n_samples": [
    50000,
    80000,
    100000
  ],
  "nip": [],
  "nmcmc": [
    [
      {
        "acc_rate": 0.47102,
        "n_steps": 50000,
        "obs_stats": {
          "Q": {
            "mean": -0.005140000022947788,
            "error": 0.008315462755677197,
            "tau_int": 2.575869545236208,
            "dtau_int": 0.1028391660662228
          },
          "Chi_t": {
            "mean": 0.6710600256919861,
            "error": 0.00953799320302878,
            "tau_int": 2.4278990849450035,
            "dtau_int": 0.09483636357255606
          }
        },
        "n_skipped": 0,
        "step_size": 0
      },
      {
        "acc_rate": 0.47504,
        "n_steps": 50000,
        "obs_stats": {
          "Q": {
            "mean": 0.01080000028014183,
            "error": 0.008479223111219084,
            "tau_int": 2.702597849087059,
            "dtau_int": 0.11023790854471342
          },
          "Chi_t": {
            "mean": 0.665120005607605,
            "error": 0.010591572790963535,
            "tau_int": 3.0113314556230244,
            "dtau_int": 0.1277277982538331
          }
        },
        "n_skipped": 0,
        "step_size": 0
      },
      {
        "acc_rate": 0.45872,
        "n_steps": 50000,
        "obs_stats": {
          "Q": {
            "mean": -0.009580000303685665,
            "error": 0.008289833554238558,
            "tau_int": 2.5811924147682745,
            "dtau_int": 0.10303791021578827
          },
          "Chi_t": {
            "mean": 0.6656200289726257,
            "error": 0.008375793334310606,
            "tau_int": 1.9525379139153967,
            "dtau_int": 0.06886114224618772
          }
        },
        "n_skipped": 0,
        "step_size": 0
      }
    ],
    [
      {
        "acc_rate": 0.4664375,
        "n_steps": 80000,
        "obs_stats": {
          "Q": {
            "mean": -0.004187500104308128,
            "error": 0.006296999681685551,
            "tau_int": 2.396411990891993,
            "dtau_int": 0.07406345333533443
          },
          "Chi_t": {
            "mean": 0.6618375182151794,
            "error": 0.007159082195369952,
            "tau_int": 2.28726480864558,
            "dtau_int": 0.06902223798344821
          }
        },
        "n_skipped": 0,
        "step_size": 0
      },
      {
        "acc_rate": 0.475875,
        "n_steps": 80000,
        "obs_stats": {
          "Q": {
            "mean": 0.0063749998807907104,
            "error": 0.006083632900329361,
            "tau_int": 2.2435032390411016,
            "dtau_int": 0.06778294364789907
          },
          "Chi_t": {
            "mean": 0.6598749756813049,
            "error": 0.006666069273078531,
            "tau_int": 2.0061968579121867,
            "dtau_int": 0.057612795872830865
          }
        },
        "n_skipped": 0,
        "step_size": 0
      },
      {
        "acc_rate": 0.465925,
        "n_steps": 80000,
        "obs_stats": {
          "Q": {
            "mean": -0.000512500002514571,
            "error": 0.006579234966238415,
            "tau_int": 2.5787527794737817,
            "dtau_int": 0.08340431060582947
          },
          "Chi_t": {
            "mean": 0.6713874936103821,
            "error": 0.0072454258475064676,
            "tau_int": 2.2534696620816663,
            "dtau_int": 0.0680654726430844
          }
        },
        "n_skipped": 0,
        "step_size": 0
      }
    ],
    [
      {
        "acc_rate": 0.46977,
        "n_steps": 100000,
        "obs_stats": {
          "Q": {
            "mean": 0.008440000005066395,
            "error": 0.005744065083217114,
            "tau_int": 2.497365762107527,
            "dtau_int": 0.07238507582471576
          },
          "Chi_t": {
            "mean": 0.6606199741363525,
            "error": 0.006148431890535251,
            "tau_int": 2.153393647088273,
            "dtau_int": 0.05833528104410244
          }
        },
        "n_skipped": 0,
        "step_size": 0
      },
      {
        "acc_rate": 0.46668,
        "n_steps": 100000,
        "obs_stats": {
          "Q": {
            "mean": 0.012040000408887863,
            "error": 0.005535646260328775,
            "tau_int": 2.3398835477210014,
            "dtau_int": 0.0647773700319334
          },
          "Chi_t": {
            "mean": 0.6549199819564819,
            "error": 0.006005227245013414,
            "tau_int": 2.0627187684444417,
            "dtau_int": 0.05447652565899787
          }
        },
        "n_skipped": 0,
        "step_size": 0
      },
      {
        "acc_rate": 0.47257,
        "n_steps": 100000,
        "obs_stats": {
          "Q": {
            "mean": -0.0019000000320374966,
            "error": 0.005614913264411855,
            "tau_int": 2.3342868939635064,
            "dtau_int": 0.06463186957792527
          },
          "Chi_t": {
            "mean": 0.675279974937439,
            "error": 0.006264186426148884,
            "tau_int": 2.131785136527746,
            "dtau_int": 0.0577839067471397
          }
        },
        "n_skipped": 0,
        "step_size": 0
      }
    ]
  ],
  "exact_sus": 0.6629736823224884
}