{
  "observables": [
    "Chi_t"
  ],
  "n_samples": [
    50000,
    125000,
    250000,
    375000
  ],
  "nip": [
    [
      {
        "obs_stats": {
          "Q": {
            "mean": -0.008501322939991951,
            "error": 0.009865613654255867,
            "error_ess": 0.011126512661576271,
            "ess_q": 0.08454256504774094
          },
          "Chi_t": {
            "mean": 0.5233772397041321,
            "error": 0.016704251989722252,
            "error_ess": 0.011726041324436665,
            "ess_q": 0.08454256504774094
          }
        },
        "entropy": 59342.93359375,
        "std_entropy": 21922018.0,
        "free_energy": -0.40034186748326633,
        "std_free_energy": 0.002081209095194936
      },
      {
        "obs_stats": {
          "Q": {
            "mean": -0.0023943264968693256,
            "error": 0.0069608017802238464,
            "error_ess": 0.008506271056830883,
            "ess_q": 0.14271363615989685
          },
          "Chi_t": {
            "mean": 0.5163094401359558,
            "error": 0.00801559817045927,
            "error_ess": 0.008923946879804134,
            "ess_q": 0.14271363615989685
          }
        },
        "entropy": 59058.89453125,
        "std_entropy": 16711003.0,
        "free_energy": -0.4001311468071334,
        "std_free_energy": 0.0015501172747462988
      },
      {
        "obs_stats": {
          "Q": {
            "mean": 0.01706080511212349,
            "error": 0.01416229922324419,
            "error_ess": 0.008444078266620636,
            "ess_q": 0.149990051984787
          },
          "Chi_t": {
            "mean": 0.5350133776664734,
            "error": 0.026377828791737556,
            "error_ess": 0.00904113333672285,
            "ess_q": 0.149990051984787
          }
        },
        "entropy": 59064.6953125,
        "std_entropy": 16305555.0,
        "free_energy": -0.400075302504707,
        "std_free_energy": 0.0015056191477924585
      }
    ],
    [
      {
        "obs_stats": {
          "Q": {
            "mean": -0.0017629665089771152,
            "error": 0.004514812026172876,
            "error_ess": 0.0047706603072583675,
            "ess_q": 0.18396595120429993
          },
          "Chi_t": {
            "mean": 0.5233636498451233,
            "error": 0.005099622532725334,
            "error_ess": 0.004879598040133715,
            "ess_q": 0.18396595120429993
          }
        },
        "entropy": 150199.890625,
        "std_entropy": 58410660.0,
        "free_energy": -0.3999914993184492,
        "std_free_energy": 0.0008424558327533305
      },
      {
        "obs_stats": {
          "Q": {
            "mean": -0.000890290190000087,
            "error": 0.004726320039480925,
            "error_ess": 0.00468003423884511,
            "ess_q": 0.19139426946640015
          },
          "Chi_t": {
            "mean": 0.5240035057067871,
            "error": 0.005486082751303911,
            "error_ess": 0.0047549111768603325,
            "ess_q": 0.19139426946640015
          }
        },
        "entropy": 150016.671875,
        "std_entropy": 57122208.0,
        "free_energy": -0.39994870093416984,
        "std_free_energy": 0.0008221776224672794
      },
      {
        "obs_stats": {
          "Q": {
            "mean": -0.002679936122149229,
            "error": 0.004037116188555956,
            "error_ess": 0.004756479989737272,
            "ess_q": 0.18203017115592957
          },
          "Chi_t": {
            "mean": 0.5147866606712341,
            "error": 0.004508469719439745,
            "error_ess": 0.004926885943859816,
            "ess_q": 0.18203017115592957
          }
        },
        "entropy": 150144.984375,
        "std_entropy": 58680552.0,
        "free_energy": -0.3999369425927568,
        "std_free_energy": 0.0008479274110868573
      }
    ],
    [
      {
        "obs_stats": {
          "Q": {
            "mean": 0.0015790172619745135,
            "error": 0.002822358161211014,
            "error_ess": 0.003766568610444665,
            "ess_q": 0.1455817073583603
          },
          "Chi_t": {
            "mean": 0.5163438320159912,
            "error": 0.0032125632278621197,
            "error_ess": 0.0038902678061276674,
            "ess_q": 0.1455817073583603
          }
        },
        "entropy": 303394.4375,
        "std_entropy": 185091392.0,
        "free_energy": -0.400018156203797,
        "std_free_energy": 0.0006852163351140916
      },
      {
        "obs_stats": {
          "Q": {
            "mean": -0.0012902746675536036,
            "error": 0.0029411748982965946,
            "error_ess": 0.0034837841521948576,
            "ess_q": 0.16969388723373413
          },
          "Chi_t": {
            "mean": 0.5148827433586121,
            "error": 0.0035213972441852093,
            "error_ess": 0.0036365045234560966,
            "ess_q": 0.16969388723373413
          }
        },
        "entropy": 303553.96875,
        "std_entropy": 171635952.0,
        "free_energy": -0.4000030949168506,
        "std_free_energy": 0.0006256506312638521
      },
      {
        "obs_stats": {
          "Q": {
            "mean": -0.003000641008839011,
            "error": 0.003486083587631583,
            "error_ess": 0.0038533296901732683,
            "ess_q": 0.13999229669570923
          },
          "Chi_t": {
            "mean": 0.5196635723114014,
            "error": 0.0038545518182218075,
            "error_ess": 0.003971563186496496,
            "ess_q": 0.13999229669570923
          }
        },
        "entropy": 303845.84375,
        "std_entropy": 189306064.0,
        "free_energy": -0.40015976526249103,
        "std_free_energy": 0.0007010435219854116
      }
    ],
    [
      {
        "obs_stats": {
          "Q": {
            "mean": 0.002033848548308015,
            "error": 0.002976046409457922,
            "error_ess": 0.003165154019370675,
            "ess_q": 0.13921818137168884
          },
          "Chi_t": {
            "mean": 0.5230211615562439,
            "error": 0.0038272407837212086,
            "error_ess": 0.003296354552730918,
            "ess_q": 0.13921818137168884
          }
        },
        "entropy": 458763.84375,
        "std_entropy": 348800000.0,
        "free_energy": -0.3999448007053688,
        "std_free_energy": 0.0005742466892115772
      },
      {
        "obs_stats": {
          "Q": {
            "mean": 0.0019311996875330806,
            "error": 0.002736457623541355,
            "error_ess": 0.0027805448044091463,
            "ess_q": 0.180521622300148
          },
          "Chi_t": {
            "mean": 0.5233861207962036,
            "error": 0.0036140969023108482,
            "error_ess": 0.0029100188985466957,
            "ess_q": 0.180521622300148
          }
        },
        "entropy": 458382.15625,
        "std_entropy": 305751136.0,
        "free_energy": -0.3999594678201106,
        "std_free_energy": 0.000492044142447412
      },
      {
        "obs_stats": {
          "Q": {
            "mean": -9.747747753863223e-06,
            "error": 0.002633009571582079,
            "error_ess": 0.003659766400232911,
            "ess_q": 0.1034184917807579
          },
          "Chi_t": {
            "mean": 0.5194395184516907,
            "error": 0.0030136979185044765,
            "error_ess": 0.0037750480696558952,
            "ess_q": 0.1034184917807579
          }
        },
        "entropy": 458529.96875,
        "std_entropy": 404103264.0,
        "free_energy": -0.4001467340419281,
        "std_free_energy": 0.0006799793336540461
      }
    ]
  ],
  "nmcmc": [
    [
      {
        "acc_rate": 0.4067,
        "n_steps": 50000.0,
        "obs_stats": {
          "Q": {
            "mean": -0.020080402493476868,
            "error": 0.010178420606854841,
            "tau_int": 4.9401085600873715,
            "dtau_int": 0.25975984354380754
          },
          "Chi_t": {
            "mean": 0.5245704650878906,