{
  "observables": [
    "Chi_t"
  ],
  "n_samples": [
    50000,
    125000,
    250000
  ],
  "nip": [
    [
      {
        "obs_stats": {
          "Q": {
            "mean": -0.07441165298223495,
            "error": 0.03245892375707626,
            "error_ess": 0.030855529010295868,
            "ess_q": 0.013345135375857353
          },
          "Chi_t": {
            "mean": 0.6407952904701233,
            "error": 0.0352485217154026,
            "error_ess": 0.03325799107551575,
            "ess_q": 0.013345135375857353
          }
        },
        "entropy": 45598.640625,
        "std_entropy": 52680744.0,
        "free_energy": -0.2418291434203296,
        "std_free_energy": 0.004146591294556856
      },
      {
        "obs_stats": {
          "Q": {
            "mean": 0.05099610611796379,
            "error": 0.060115158557891846,
            "error_ess": 0.05630984902381897,
            "ess_q": 0.004105941392481327
          },
          "Chi_t": {
            "mean": 0.6535434722900391,
            "error": 0.06287023425102234,
            "error_ess": 0.06143331527709961,
            "ess_q": 0.004105941392481327
          }
        },
        "entropy": 45528.734375,
        "std_entropy": 94707496.0,
        "free_energy": -0.24196140285537593,
        "std_free_energy": 0.007510525640100241
      },
      {
        "obs_stats": {
          "Q": {
            "mean": -0.029363971203565598,
            "error": 0.023523151874542236,
            "error_ess": 0.02949056401848793,
            "ess_q": 0.013963381759822369
          },
          "Chi_t": {
            "mean": 0.6080430746078491,
            "error": 0.040444742888212204,
            "error_ess": 0.037707265466451645,
            "ess_q": 0.013963381759822369
          }
        },
        "entropy": 45732.88671875,
        "std_entropy": 51735516.0,
        "free_energy": -0.24203856592972767,
        "std_free_energy": 0.004052483942359686
      }
    ],
    [
      {
        "obs_stats": {
          "Q": {
            "mean": -0.021534718573093414,
            "error": 0.018991412594914436,
            "error_ess": 0.025048397481441498,
            "ess_q": 0.007700987160205841
          },
          "Chi_t": {
            "mean": 0.6044302582740784,
            "error": 0.024693435057997704,
            "error_ess": 0.027753576636314392,
            "ess_q": 0.007700987160205841
          }
        },
        "entropy": 115038.5078125,
        "std_entropy": 272711872.0,
        "free_energy": -0.24232244188043087,
        "std_free_energy": 0.003462147666141391
      },
      {
        "obs_stats": {
          "Q": {
            "mean": 0.07499135285615921,
            "error": 0.07653865218162537,
            "error_ess": 0.06331760436296463,
            "ess_q": 0.0013245133450254798
          },
          "Chi_t": {
            "mean": 0.6693848371505737,
            "error": 0.0769081637263298,
            "error_ess": 0.06433919817209244,
            "ess_q": 0.0013245133450254798
          }
        },
        "entropy": 115646.78125,
        "std_entropy": 662997120.0,
        "free_energy": -0.24272768040389953,
        "std_free_energy": 0.008374936878681183
      },
      {
        "obs_stats": {
          "Q": {
            "mean": 0.0702906921505928,
            "error": 0.07849249243736267,
            "error_ess": 0.06580209732055664,
            "ess_q": 0.0011989243794232607
          },
          "Chi_t": {
            "mean": 0.6538408398628235,
            "error": 0.07893218100070953,
            "error_ess": 0.0682288408279419,
            "ess_q": 0.0011989243794232607
          }
        },
        "entropy": 115840.734375,
        "std_entropy": 698130176.0,
        "free_energy": -0.24328220416305427,
        "std_free_energy": 0.008803211152553558
      }
    ],
    [
      {
        "obs_stats": {
          "Q": {
            "mean": 0.0007436973392032087,
            "error": 0.020527716726064682,
            "error_ess": 0.020408092066645622,
            "ess_q": 0.005979965440928936
          },
          "Chi_t": {
            "mean": 0.6226474046707153,
            "error": 0.026436779648065567,
            "error_ess": 0.022840367630124092,
            "ess_q": 0.005979965440928936
          }
        },
        "entropy": 231940.234375,
        "std_entropy": 874980864.0,
        "free_energy": -0.24193418473623562,
        "std_free_energy": 0.0027805448044091463
      },
      {
        "obs_stats": {
          "Q": {
            "mean": -0.0025152971502393484,
            "error": 0.019785432144999504,
            "error_ess": 0.03322504088282585,
            "ess_q": 0.0021808238234370947
          },
          "Chi_t": {
            "mean": 0.6018586158752441,
            "error": 0.022283462807536125,
            "error_ess": 0.03693210333585739,
            "ess_q": 0.0021808238234370947
          }
        },
        "entropy": 232943.015625,
        "std_entropy": 1457930368.0,
        "free_energy": -0.24257028972955058,
        "std_free_energy": 0.004613146651536226
      },
      {
        "obs_stats": {
          "Q": {
            "mean": -0.02454998902976513,
            "error": 0.018184179440140724,
            "error_ess": 0.019595032557845116,
            "ess_q": 0.00662145484238863
          },
          "Chi_t": {
            "mean": 0.6362024545669556,
            "error": 0.022578489035367966,
            "error_ess": 0.02176470123231411,
            "ess_q": 0.00662145484238863
          }
        },
        "entropy": 231950.09375,
        "std_entropy": 832089088.0,
        "free_energy": -0.24160131894485584,
        "std_free_energy": 0.002641571220010519
      }
    ]
  ],
  "nmcmc": [
    [
      {
        "acc_rate": 0.14228,
        "n_steps": 50000,
        "obs_stats": {
          "Q": {
            "mean": -0.03734074532985687,
            "error": 0.026097437869163114,
            "tau_int": 29.735891275274177,
            "dtau_int": 3.351247179528619
          },
          "Chi_t": {
            "mean": 0.573311448097229,
            "error": 0.02208060840840382,
            "tau_int": 18.74479094105496,
            "dtau_int": 1.740399999663315
          }
        },
        "n_skipped": 0,
        "step_size": 0
      },
      {
        "acc_rate": 0.1445,
        "n_steps": 50000,
        "obs_stats": {
          "Q": {
            "mean": 0.08698173612356186,
            "error": 0.03974015710222547,
            "tau_int": 62.99417352210216,
            "dtau_int": 9.652906118458757
          },
          "Chi_t": {
            "mean": 0.6327526569366455,
            "error": 0.02316774110514016,
            "tau_int": 18.847029255405182,
            "dtau_int": 1.7571670211058634
          }
        },
        "n_skipped": 0,
        "step_size": 0
      },
      {
        "acc_rate": 0.1117,
        "n_steps": 50000,
        "obs_stats": {
          "Q": {
            "mean": -0.20688413083553314,
            "error": 0.10073603429552654,
            "tau_int": 361.56348720517497,
            "dtau_int": 106.91321032105341
          },
          "Chi_t": {
            "mean": 0.7348546981811523,
            "error": 0.026929981793500774,
            "tau_int": 29.022688713016645,
            "dtau_int": 3.236834475206306
          }
        },
        "n_skipped": 0,
        "step_size": 0
      }
    ],
    [
      {
        "acc_rate": 0.138888,
        "n_steps": 125000,
        "obs_stats": {
          "Q": {
            "mean": 0.023504188284277916,
            "error": 0.02249741712607753,
            "tau_int": 50.12185577705438,
            "dtau_int": 4.781365865371071
          },
          "Chi_t": {
            "mean": 0.6311730742454529,
            "error": 0.017657320703385864,
            "tau_int": 28.01973080537435,
            "dtau_int": 2.087688642687426
          }
        },
        "n_skipped": 0,