{
  "observables": [
    "Chi_t"
  ],
  "n_samples": 500000,
  "nip": {
    "Chi_t": {
      "mean": 0.2881481647491455,
      "error": 0.011078519746661186,
      "error_ess": 0.02560320496559143,
      "ess_q": 0.0007266518659889698
    }
  },
  "nmcmc": {
    "Chi_t": {
      "mean": 0.2955000102519989,
      "error": 0.00547292918226199,
      "tau_int": 32.1315079372543,
      "dtau_int": 1.3853666252660541,
      "tau_int_basic": 64.51749985577565
    },
    "acc_rate": 0.385008
  },
  "exact_sus": 0.29397258281851024
}