{
  "observables": [
    "Chi_t"
  ],
  "n_samples": [
    50000,
    125000,
    250000,
    500000
  ],
  "nip": [
    [
      {
        "obs_stats": {
          "Q": {
            "mean": 0.10029159486293793,
            "error": 0.08447428792715073,
            "error_ess": 0.07085468620061874,
            "ess_q": 0.00192555645480752
          },
          "Chi_t": {
            "mean": 0.49340060353279114,
            "error": 0.08516054600477219,
            "error_ess": 0.06920916587114334,
            "ess_q": 0.00192555645480752
          }
        },
        "entropy": 45680.5234375,
        "std_entropy": 138667776.0,
        "free_energy": -0.2147846335822705,
        "std_free_energy": 0.01216952595859766
      },
      {
        "obs_stats": {
          "Q": {
            "mean": -0.04271978884935379,
            "error": 0.027792613953351974,
            "error_ess": 0.02696630358695984,
            "ess_q": 0.013013044372200966
          },
          "Chi_t": {
            "mean": 0.47495782375335693,
            "error": 0.029767358675599098,
            "error_ess": 0.026267820969223976,
            "ess_q": 0.013013044372200966
          }
        },
        "entropy": 45373.390625,
        "std_entropy": 52977868.0,
        "free_energy": -0.21235143905661882,
        "std_free_energy": 0.004655180964618921
      },
      {
        "obs_stats": {
          "Q": {
            "mean": -0.03176321089267731,
            "error": 0.026557397097349167,
            "error_ess": 0.04425308480858803,
            "ess_q": 0.004731220193207264
          },
          "Chi_t": {
            "mean": 0.4642654061317444,
            "error": 0.026757756248116493,
            "error_ess": 0.041035864502191544,
            "ess_q": 0.004731220193207264
          }
        },
        "entropy": 45132.48046875,
        "std_entropy": 86999440.0,
        "free_energy": -0.21283654354640033,
        "std_free_energy": 0.0077527170069515705
      }
    ],
    [
      {
        "obs_stats": {
          "Q": {
            "mean": 0.014419050887227058,
            "error": 0.025103747844696045,
            "error_ess": 0.05470499023795128,
            "ess_q": 0.0012563021155074239
          },
          "Chi_t": {
            "mean": 0.4701610207557678,
            "error": 0.026738524436950684,
            "error_ess": 0.05366945266723633,
            "ess_q": 0.0012563021155074239
          }
        },
        "entropy": 115956.71875,
        "std_entropy": 680232640.0,
        "free_energy": -0.2144370311261542,
        "std_free_energy": 0.009531860239803791
      },
      {
        "obs_stats": {
          "Q": {
            "mean": -0.09719265252351761,
            "error": 0.10486266762018204,
            "error_ess": 0.09139782935380936,
            "ess_q": 0.0004556239291559905
          },
          "Chi_t": {
            "mean": 0.48520299792289734,
            "error": 0.10498471558094025,
            "error_ess": 0.0825367346405983,
            "ess_q": 0.0004556239291559905
          }
        },
        "entropy": 116222.890625,
        "std_entropy": 1131008512.0,
        "free_energy": -0.21585648607070582,
        "std_free_energy": 0.015834176912903786
      },
      {
        "obs_stats": {
          "Q": {
            "mean": -0.004271199926733971,
            "error": 0.019308743998408318,
            "error_ess": 0.03443402424454689,
            "ess_q": 0.003153568832203746
          },
          "Chi_t": {
            "mean": 0.46741366386413574,
            "error": 0.02089960314333439,
            "error_ess": 0.03472377732396126,
            "ess_q": 0.003153568832203746
          }
        },
        "entropy": 115052.8671875,
        "std_entropy": 424752288.0,
        "free_energy": -0.21303829604880592,
        "std_free_energy": 0.006010501179844141
      }
    ],
    [
      {
        "obs_stats": {
          "Q": {
            "mean": -0.008500264026224613,
            "error": 0.013812320306897163,
            "error_ess": 0.031196774914860725,
            "ess_q": 0.0018670501885935664
          },
          "Chi_t": {
            "mean": 0.4543418884277344,
            "error": 0.01562374085187912,
            "error_ess": 0.03175968676805496,
            "ess_q": 0.0018670501885935664
          }
        },
        "entropy": 234304.265625,
        "std_entropy": 1578040064.0,
        "free_energy": -0.2141664798066959,
        "std_free_energy": 0.005527109373360872
      },
      {
        "obs_stats": {
          "Q": {
            "mean": 0.03323366492986679,
            "error": 0.030663568526506424,
            "error_ess": 0.025899376720190048,
            "ess_q": 0.002800513291731477
          },
          "Chi_t": {
            "mean": 0.47073307633399963,
            "error": 0.030823901295661926,
            "error_ess": 0.024336405098438263,
            "ess_q": 0.002800513291731477
          }
        },
        "entropy": 233303.0,
        "std_entropy": 1280005248.0,
        "free_energy": -0.2137486366511491,
        "std_free_energy": 0.004510805010795593
      },
      {
        "obs_stats": {
          "Q": {
            "mean": 0.030381930992007256,
            "error": 0.0164481308311224,
            "error_ess": 0.017975006252527237,
            "ess_q": 0.0056878612376749516
          },
          "Chi_t": {
            "mean": 0.46035948395729065,
            "error": 0.017110398039221764,
            "error_ess": 0.01766282692551613,
            "ess_q": 0.0056878612376749516
          }
        },
        "entropy": 231476.25,
        "std_entropy": 887139264.0,
        "free_energy": -0.21309419885927147,
        "std_free_energy": 0.003160594031214714
      }
    ],
    [
      {
        "obs_stats": {
          "Q": {
            "mean": 0.007300706580281258,
            "error": 0.012753669172525406,
            "error_ess": 0.01784544438123703,
            "ess_q": 0.0029369648545980453
          },
          "Chi_t": {
            "mean": 0.467705100774765,
            "error": 0.013599410653114319,
            "error_ess": 0.01763494685292244,
            "ess_q": 0.0029369648545980453
          }
        },
        "entropy": 469687.15625,
        "std_entropy": 3511390720.0,
        "free_energy": -0.2136745133587583,
        "std_free_energy": 0.0031144283711910248
      },
      {
        "obs_stats": {
          "Q": {
            "mean": 0.0011197131825610995,
            "error": 0.014327026903629303,
            "error_ess": 0.014766662381589413,
            "ess_q": 0.004345697816461325
          },
          "Chi_t": {
            "mean": 0.4737994074821472,
            "error": 0.01456029899418354,
            "error_ess": 0.014290228486061096,
            "ess_q": 0.004345697816461325
          }
        },
        "entropy": 468365.5625,
        "std_entropy": 2877100032.0,
        "free_energy": -0.21281782253118933,
        "std_free_energy": 0.0025585326366126537
      },
      {
        "obs_stats": {
          "Q": {
            "mean": 0.0038166905287653208,
            "error": 0.01011335663497448,
            "error_ess": 0.023113572970032692,
            "ess_q": 0.0017041574465110898
          },
          "Chi_t": {
            "mean": 0.4552258551120758,
            "error": 0.011532608419656754,
            "error_ess": 0.022915765643119812,
            "ess_q": 0.0017041574465110898
          }
        },
        "entropy": 465906.21875,
        "std_entropy": 4544929280.0,
        "free_energy": -0.2136768379400258,
        "std_free_energy": 0.004091110546141863
      }
    ]
  ],
  "nmcmc": [
    [
      {
        "acc_rate": 0.1276,
        "n_steps": 50000.0,
        "obs_stats": {
          "Q": {
            "mean": 0.019520390778779984,
            "error": 0.05295090214612296,
            "tau_int": 147.5051854437544,
            "dtau_int": 31.55387278308437
          },
          "Chi_t": {
            "mean": 0.47284945845603943,