{
  "observables": [
    "Chi_t"
  ],
  "n_samples": [
    50000,
    80000,
    100000
  ],
  "nip": [],
  "nmcmc": [
    [
      {
        "acc_rate": 0.4347,
        "n_steps": 50000,
        "obs_stats": {
          "Q": {
            "mean": -0.014960000291466713,
            "error": 0.008619105389971037,
            "tau_int": 3.007113289747286,
            "dtau_int": 0.12756084321763805
          },
          "Chi_t": {
            "mean": 0.6177600026130676,
            "error": 0.010218413096858189,
            "tau_int": 3.1606073430464883,
            "dtau_int": 0.13657157362705283
          }
        },
        "n_skipped": 0,
        "step_size": 0
      },
      {
        "acc_rate": 0.43826,
        "n_steps": 50000,
        "obs_stats": {
          "Q": {
            "mean": 0.009340000338852406,
            "error": 0.008781078434485098,
            "tau_int": 3.134598850811712,
            "dtau_int": 0.13552318021240992
          },
          "Chi_t": {
            "mean": 0.6149799823760986,
            "error": 0.009629566337933486,
            "tau_int": 2.915580352949762,
            "dtau_int": 0.12115468046296439
          }
        },
        "n_skipped": 0,
        "step_size": 0
      },
      {
        "acc_rate": 0.44048,
        "n_steps": 50000,
        "obs_stats": {
          "Q": {
            "mean": 0.020419999957084656,
            "error": 0.008742711973244284,
            "tau_int": 3.1077242038465607,
            "dtau_int": 0.1344385134233291
          },
          "Chi_t": {
            "mean": 0.6152200102806091,
            "error": 0.010695126354103147,
            "tau_int": 3.4964150061233843,
            "dtau_int": 0.15947205185284605
          }
        },
        "n_skipped": 0,
        "step_size": 0
      }
    ],
    [
      {
        "acc_rate": 0.4332,
        "n_steps": 80000,
        "obs_stats": {
          "Q": {
            "mean": -0.005450000055134296,
            "error": 0.007575927852940705,
            "tau_int": 3.6488698391287437,
            "dtau_int": 0.13616477893741227
          },
          "Chi_t": {
            "mean": 0.6291499733924866,
            "error": 0.007489342851279464,
            "tau_int": 2.8307814800849895,
            "dtau_int": 0.09530366939966885
          }
        },
        "n_skipped": 0,
        "step_size": 0
      },
      {
        "acc_rate": 0.4279,
        "n_steps": 80000,
        "obs_stats": {
          "Q": {
            "mean": 0.006124999839812517,
            "error": 0.007151122642002381,
            "tau_int": 3.2818543783498804,
            "dtau_int": 0.11653620817245956
          },
          "Chi_t": {
            "mean": 0.6232749819755554,
            "error": 0.007322533376990284,
            "tau_int": 2.77333779720906,
            "dtau_int": 0.0914080151836796
          }
        },
        "n_skipped": 0,
        "step_size": 0
      },
      {
        "acc_rate": 0.435125,
        "n_steps": 80000,
        "obs_stats": {
          "Q": {
            "mean": 2.499999936844688e-05,
            "error": 0.006805537825030503,
            "tau_int": 3.0155855284705426,
            "dtau_int": 0.10333478041648442
          },
          "Chi_t": {
            "mean": 0.614300012588501,
            "error": 0.007405806296844867,
            "tau_int": 2.778979801974574,
            "dtau_int": 0.09158207983571082
          }
        },
        "n_skipped": 0,
        "step_size": 0
      }
    ],
    [
      {
        "acc_rate": 0.43575,
        "n_steps": 100000,
        "obs_stats": {
          "Q": {
            "mean": 0.015300000086426735,
            "error": 0.007030031616545325,
            "tau_int": 3.948052455533692,
            "dtau_int": 0.13801692901387907
          },
          "Chi_t": {
            "mean": 0.6260799765586853,
            "error": 0.008591296620850031,
            "tau_int": 4.598791250653486,
            "dtau_int": 0.1718279964903725
          }
        },
        "n_skipped": 0,
        "step_size": 0
      },
      {
        "acc_rate": 0.43226,
        "n_steps": 100000,
        "obs_stats": {
          "Q": {
            "mean": -0.001449999981559813,
            "error": 0.005835660636103513,
            "tau_int": 2.8612692475059123,
            "dtau_int": 0.08798341198047059
          },
          "Chi_t": {
            "mean": 0.5950700044631958,
            "error": 0.006287400900521751,
            "tau_int": 2.67987314196255,
            "dtau_int": 0.07917222813661841
          }
        },
        "n_skipped": 0,
        "step_size": 0
      },
      {
        "acc_rate": 0.43394,
        "n_steps": 100000,
        "obs_stats": {
          "Q": {
            "mean": -0.0051299999468028545,
            "error": 0.006056918989622937,
            "tau_int": 2.980392186513853,
            "dtau_int": 0.09333836122515239
          },
          "Chi_t": {
            "mean": 0.6154500246047974,
            "error": 0.006581534623315343,
            "tau_int": 2.7751586316468466,
            "dtau_int": 0.0836697052014721
          }
        },
        "n_skipped": 0,
        "step_size": 0
      }
    ]
  ],
  "exact_sus": 0.6194099585690315
}