{
  "observables": [
    "Chi_t"
  ],
  "n_samples": [
    25000,
    40000,
    50000,
    75000,
    100000,
    125000,
    150000,
    175000,
    200000,
    225000,
    250000,
    80000
  ],
  "nip": {},
  "nmcmc": [
    [
      {
        "acc_rate": 0.80952,
        "n_steps": 25000.0,
        "obs_stats": {
          "Q": {
            "mean": 0.008680347353219986,
            "error": 0.0061715602102645276,
            "tau_int": 0.7251734941790955,
            "dtau_int": 0.02204347554406465
          },
          "Chi_t": {
            "mean": 0.6565462350845337,
            "error": 0.007016888849979622,
            "tau_int": 0.7318522702995047,
            "dtau_int": 0.02223362565121073
          }
        },
        "n_skipped": 0.0,
        "step_size": 0.0
      },
      {
        "acc_rate": 0.806,
        "n_steps": 25000.0,
        "obs_stats": {
          "Q": {
            "mean": 0.00036001441185362637,
            "error": 0.006308388266880657,
            "tau_int": 0.7495592681353234,
            "dtau_int": 0.02273658430998861
          },
          "Chi_t": {
            "mean": 0.6635865569114685,
            "error": 0.007160083638102908,
            "tau_int": 0.7145847524150915,
            "dtau_int": 0.021741509341724554
          }
        },
        "n_skipped": 0.0,
        "step_size": 0.0
      },
      {
        "acc_rate": 0.80896,
        "n_steps": 25000.0,
        "obs_stats": {
          "Q": {
            "mean": -0.0020400816574692726,
            "error": 0.006361563767235325,
            "tau_int": 0.7779145463294752,
            "dtau_int": 0.023538443400688683
          },
          "Chi_t": {
            "mean": 0.6502259969711304,
            "error": 0.007147552114003614,
            "tau_int": 0.7495036191954942,
            "dtau_int": 0.022735006301958054
          }
        },
        "n_skipped": 0.0,
        "step_size": 0.0
      }
    ],
    [
      {
        "acc_rate": 0.8123,
        "n_steps": 40000.0,
        "obs_stats": {
          "Q": {
            "mean": -0.001900047529488802,
            "error": 0.004977925606603875,
            "tau_int": 0.75778585173555,
            "dtau_int": 0.018158986832048276
          },
          "Chi_t": {
            "mean": 0.6539663672447205,
            "error": 0.005638742723302438,
            "tau_int": 0.7430891386558243,
            "dtau_int": 0.017829579254622512
          }
        },
        "n_skipped": 0.0,
        "step_size": 0.0
      },
      {
        "acc_rate": 0.811425,
        "n_steps": 40000.0,
        "obs_stats": {
          "Q": {
            "mean": -0.005700142588466406,
            "error": 0.005041597004971845,
            "tau_int": 0.7749586374927047,
            "dtau_int": 0.020097009223312833
          },
          "Chi_t": {
            "mean": 0.6559664011001587,
            "error": 0.005569502570181858,
            "tau_int": 0.7132170654756609,
            "dtau_int": 0.017157173812838954
          }
        },
        "n_skipped": 0.0,
        "step_size": 0.0
      },
      {
        "acc_rate": 0.808175,
        "n_steps": 40000.0,
        "obs_stats": {
          "Q": {
            "mean": 0.006150153931230307,
            "error": 0.005047380031922739,
            "tau_int": 0.7891353122566553,
            "dtau_int": 0.020443071494191563
          },
          "Chi_t": {
            "mean": 0.6456661224365234,
            "error": 0.00570733409607794,
            "tau_int": 0.7885658559619684,
            "dtau_int": 0.02042918606581735
          }
        },
        "n_skipped": 0.0,
        "step_size": 0.0
      }
    ],
    [
      {
        "acc_rate": 0.80428,
        "n_steps": 50000.0,
        "obs_stats": {
          "Q": {
            "mean": -0.002900057937949896,
            "error": 0.004460498638427448,
            "tau_int": 0.7665327828862076,
            "dtau_int": 0.017790962525417005
          },
          "Chi_t": {
            "mean": 0.648872971534729,
            "error": 0.004997862728184291,
            "tau_int": 0.7499374042156928,
            "dtau_int": 0.016084613807840317
          }
        },
        "n_skipped": 0.0,
        "step_size": 0.0
      },
      {
        "acc_rate": 0.81094,
        "n_steps": 50000.0,
        "obs_stats": {
          "Q": {
            "mean": -0.002260045148432255,
            "error": 0.004406485582396584,
            "tau_int": 0.7479394609638039,
            "dtau_int": 0.01604454876746715
          },
          "Chi_t": {
            "mean": 0.6489929556846619,
            "error": 0.004908698945019282,
            "tau_int": 0.7238667811317074,
            "dtau_int": 0.015560608780792842
          }
        },
        "n_skipped": 0.0,
        "step_size": 0.0
      },
      {
        "acc_rate": 0.8091,
        "n_steps": 50000.0,
        "obs_stats": {
          "Q": {
            "mean": 0.003680073656141758,
            "error": 0.004389990382399163,
            "tau_int": 0.7448622506884501,
            "dtau_int": 0.01598281096514528
          },
          "Chi_t": {
            "mean": 0.646812915802002,
            "error": 0.004873771511351873,
            "tau_int": 0.7118191349167846,
            "dtau_int": 0.015317575917855559
          }
        },
        "n_skipped": 0.0,
        "step_size": 0.0
      }
    ],
    [
      {
        "acc_rate": 0.809,
        "n_steps": 75000.0,
        "obs_stats": {
          "Q": {
            "mean": -0.003053374122828245,
            "error": 0.0036314608437366487,
            "tau_int": 0.7551390277272529,
            "dtau_int": 0.014322395982256096
          },
          "Chi_t": {
            "mean": 0.6548753976821899,
            "error": 0.004151196890021525,
            "tau_int": 0.7534023257197882,
            "dtau_int": 0.01429129624847137
          }
        },
        "n_skipped": 0.0,
        "step_size": 0.0
      },
      {
        "acc_rate": 0.81028,
        "n_steps": 75000.0,
        "obs_stats": {
          "Q": {
            "mean": 0.0010800143936648965,
            "error": 0.003641030114247383,
            "tau_int": 0.7684394357867861,
            "dtau_int": 0.014560281870307942
          },
          "Chi_t": {
            "mean": 0.646928608417511,
            "error": 0.003996715245510352,
            "tau_int": 0.730250734774113,
            "dtau_int": 0.012810106258156323
          }
        },
        "n_skipped": 0.0,
        "step_size": 0.0
      },
      {
        "acc_rate": 0.8065866666666667,
        "n_steps": 75000.0,
        "obs_stats": {
          "Q": {
            "mean": -0.0017866904381662607,
            "error": 0.0036926477174004644,
            "tau_int": 0.7877048322885547,
            "dtau_int": 0.014903946811340177
          },
          "Chi_t": {
            "mean": 0.6491286754608154,
            "error": 0.004090699032672201,
            "tau_int": 0.7539780170511243,
            "dtau_int": 0.014301606321603317
          }
        },
        "n_skipped": 0.0,
        "step_size": 0.0
      }
    ],
    [
      {
        "acc_rate": 0.80773,
        "n_steps": 100000.0,
        "obs_stats": {
          "Q": {
            "mean": 0.0007700077258050442,
            "error": 0.0031450190022285847,
            "tau_int": 0.7624381685361905,
            "dtau_int": 0.012516652022292477
          },
          "Chi_t": {
            "mean": 0.6486364603042603,
            "error": 0.0035464350351509456,
            "tau_int": 0.738363313043042,
            "dtau_int": 0.012143061452120926
          }
        },
        "n_skipped": 0.0,
        "step_size": 0.0
      },
      {
        "acc_rate": 0.80922,
        "n_steps": 100000.0,
        "obs_stats": {
          "Q": {
            "mean": -0.0018700186628848314,
            "error": 0.0030994599820647856,
            "tau_int": 0.7415183368663341,
            "dtau_int": 0.012192103257418345
          },