{
  "observables": [
    "Chi_t"
  ],
  "n_samples": [
    50000,
    125000,
    250000
  ],
  "nip": [
    [
      {
        "obs_stats": {
          "Q": {
            "mean": 0.011566892266273499,
            "error": 0.011643114499747753,
            "error_ess": 0.01250144001096487,
            "ess_q": 0.18961508572101593
          },
          "Chi_t": {
            "mean": 1.4818134307861328,
            "error": 0.02122797630727291,
            "error_ess": 0.021693769842386246,
            "ess_q": 0.18961508572101593
          }
        },
        "entropy": 65271.5234375,
        "std_entropy": 15326578.0,
        "free_energy": -0.588275087645846,
        "std_free_energy": 0.0009745571296662092
      },
      {
        "obs_stats": {
          "Q": {
            "mean": -0.0007579503580927849,
            "error": 0.011321180500090122,
            "error_ess": 0.011406172066926956,
            "ess_q": 0.22814823687076569
          },
          "Chi_t": {
            "mean": 1.4840837717056274,
            "error": 0.02119823731482029,
            "error_ess": 0.019460884854197502,
            "ess_q": 0.22814823687076569
          }
        },
        "entropy": 65264.0,
        "std_entropy": 13967935.0,
        "free_energy": -0.588318194062176,
        "std_free_energy": 0.0008670745883136988
      },
      {
        "obs_stats": {
          "Q": {
            "mean": 0.0004805046191904694,
            "error": 0.010432570241391659,
            "error_ess": 0.012077496387064457,
            "ess_q": 0.2003854662179947
          },
          "Chi_t": {
            "mean": 1.4614415168762207,
            "error": 0.021150683984160423,
            "error_ess": 0.02102084457874298,
            "ess_q": 0.2003854662179947
          }
        },
        "entropy": 65204.81640625,
        "std_entropy": 14879656.0,
        "free_energy": -0.588116136822875,
        "std_free_energy": 0.0009416842367500067
      }
    ],
    [
      {
        "obs_stats": {
          "Q": {
            "mean": 0.03221660479903221,
            "error": 0.015361573547124863,
            "error_ess": 0.011237295344471931,
            "ess_q": 0.095521941781044
          },
          "Chi_t": {
            "mean": 1.5088015794754028,
            "error": 0.030342627316713333,
            "error_ess": 0.019324084743857384,
            "ess_q": 0.095521941781044
          }
        },
        "entropy": 164392.0625,
        "std_entropy": 85279552.0,
        "free_energy": -0.5883434931010475,
        "std_free_energy": 0.0009174299193546176
      },
      {
        "obs_stats": {
          "Q": {
            "mean": -0.007363318465650082,
            "error": 0.0075953309424221516,
            "error_ess": 0.008285350166261196,
            "ess_q": 0.17187359929084778
          },
          "Chi_t": {
            "mean": 1.4748687744140625,
            "error": 0.013706639409065247,
            "error_ess": 0.01423211395740509,
            "ess_q": 0.17187359929084778
          }
        },
        "entropy": 164361.203125,
        "std_entropy": 63554940.0,
        "free_energy": -0.5882929863905634,
        "std_free_energy": 0.0006544390344060957
      },
      {
        "obs_stats": {
          "Q": {
            "mean": -0.0003091423714067787,
            "error": 0.006978400517255068,
            "error_ess": 0.007155722938477993,
            "ess_q": 0.22866004705429077
          },
          "Chi_t": {
            "mean": 1.463537573814392,
            "error": 0.013332400470972061,
            "error_ess": 0.012314580380916595,
            "ess_q": 0.22866004705429077
          }
        },
        "entropy": 164341.84375,
        "std_entropy": 55092180.0,
        "free_energy": -0.5882323506466495,
        "std_free_energy": 0.0005475871148519218
      }
    ],
    [
      {
        "obs_stats": {
          "Q": {
            "mean": 0.001008064253255725,
            "error": 0.004924858920276165,
            "error_ess": 0.006333967205137014,
            "ess_q": 0.14694678783416748
          },
          "Chi_t": {
            "mean": 1.4738399982452393,
            "error": 0.00916043110191822,
            "error_ess": 0.010926221497356892,
            "ess_q": 0.14694678783416748
          }
        },
        "entropy": 330668.625,
        "std_entropy": 194423952.0,
        "free_energy": -0.5883336762032202,
        "std_free_energy": 0.0005079460679553449
      },
      {
        "obs_stats": {
          "Q": {
            "mean": -0.0007284506573341787,
            "error": 0.0048413886688649654,
            "error_ess": 0.005169596988707781,
            "ess_q": 0.22022773325443268
          },
          "Chi_t": {
            "mean": 1.4713762998580933,
            "error": 0.009225402027368546,
            "error_ess": 0.00890769250690937,
            "ess_q": 0.22022773325443268
          }
        },
        "entropy": 330474.5625,
        "std_entropy": 158630784.0,
        "free_energy": -0.5882522137653348,
        "std_free_energy": 0.00039669571560807526
      },
      {
        "obs_stats": {
          "Q": {
            "mean": -0.0003975238651037216,
            "error": 0.005019915755838156,
            "error_ess": 0.005146658979356289,
            "ess_q": 0.2238886058330536
          },
          "Chi_t": {
            "mean": 1.4825900793075562,
            "error": 0.009653656743466854,
            "error_ess": 0.008842756040394306,
            "ess_q": 0.2238886058330536
          }
        },
        "entropy": 330637.5,
        "std_entropy": 157506736.0,
        "free_energy": -0.5882294126787692,
        "std_free_energy": 0.00039251442649401724
      }
    ]
  ],
  "nmcmc": [
    [
      {
        "acc_rate": 0.42328,
        "n_steps": 50000,
        "obs_stats": {
          "Q": {
            "mean": -0.045980919152498245,
            "error": 0.015337200198443326,
            "tau_int": 3.9987656246493977,
            "dtau_int": 0.1909444858826181
          },
          "Chi_t": {
            "mean": 1.4724894762039185,
            "error": 0.022659473335243267,
            "tau_int": 3.1180908770242874,
            "dtau_int": 0.134858426833958
          }
        },
        "n_skipped": 0,
        "step_size": 0
      },
      {
        "acc_rate": 0.41176,
        "n_steps": 50000,
        "obs_stats": {
          "Q": {
            "mean": -0.033720675855875015,
            "error": 0.01381497823473519,
            "tau_int": 3.309406504253579,
            "dtau_int": 0.14558703936302309
          },
          "Chi_t": {
            "mean": 1.4426687955856323,
            "error": 0.022320773264520723,
            "tau_int": 3.0047451108563537,
            "dtau_int": 0.12746837017007123
          }
        },
        "n_skipped": 0,
        "step_size": 0
      },
      {
        "acc_rate": 0.41592,
        "n_steps": 50000,
        "obs_stats": {
          "Q": {
            "mean": -0.019120382145047188,
            "error": 0.013925525600705783,
            "tau_int": 3.3004625469509348,
            "dtau_int": 0.1452204164352824
          },
          "Chi_t": {
            "mean": 1.469029426574707,
            "error": 0.02194274396367167,
            "tau_int": 2.7462578913005045,
            "dtau_int": 0.11190226116558424
          }
        },
        "n_skipped": 0,
        "step_size": 0
      }
    ],
    [
      {
        "acc_rate": 0.414816,
        "n_steps": 125000,
        "obs_stats": {
          "Q": {
            "mean": -0.005112040787935257,
            "error": 0.00932798186708386,
            "tau_int": 3.618682846231736,
            "dtau_int": 0.11001090715279688
          },
          "Chi_t": {
            "mean": 1.5027400255203247,
            "error": 0.015426535190123014,
            "tau_int": 3.339545037397565,
            "dtau_int": 0.09845381546118231
          }
        },
        "n_skipped": 0,
        "step_size": 0
      },
      {
        "acc_rate": 0.41528,