{
  "observables": [
    "Chi_t"
  ],
  "n_samples": [
    50000,
    80000,
    100000
  ],
  "nip": [],
  "nmcmc": [
    [
      {
        "acc_rate": 0.44048,
        "n_steps": 50000,
        "obs_stats": {
          "Q": {
            "mean": 0.002400000113993883,
            "error": 0.008238396915712643,
            "tau_int": 2.5811164005995364,
            "dtau_int": 0.10303507242778757
          },
          "Chi_t": {
            "mean": 0.6573200225830078,
            "error": 0.009439058415126643,
            "tau_int": 2.568788956759267,
            "dtau_int": 0.10257470175472394
          }
        },
        "n_skipped": 0,
        "step_size": 0
      },
      {
        "acc_rate": 0.4194,
        "n_steps": 50000,
        "obs_stats": {
          "Q": {
            "mean": 0.002460000105202198,
            "error": 0.0083218635420602,
            "tau_int": 2.7271864294894033,
            "dtau_int": 0.11117508813245318
          },
          "Chi_t": {
            "mean": 0.6347799897193909,
            "error": 0.009467202511229853,
            "tau_int": 2.6445659913652175,
            "dtau_int": 0.10539963197150871
          }
        },
        "n_skipped": 0,
        "step_size": 0
      },
      {
        "acc_rate": 0.42676,
        "n_steps": 50000,
        "obs_stats": {
          "Q": {
            "mean": 0.016580000519752502,
            "error": 0.008743737792046588,
            "tau_int": 2.9509332175441965,
            "dtau_int": 0.1253339309531391
          },
          "Chi_t": {
            "mean": 0.6478999853134155,
            "error": 0.009745912753061716,
            "tau_int": 2.8391028600280945,
            "dtau_int": 0.11818553914261043
          }
        },
        "n_skipped": 0,
        "step_size": 0
      }
    ],
    [
      {
        "acc_rate": 0.4258,
        "n_steps": 80000,
        "obs_stats": {
          "Q": {
            "mean": 0.0012125000357627869,
            "error": 0.007153325496973452,
            "tau_int": 3.187236866619542,
            "dtau_int": 0.1133885286905334
          },
          "Chi_t": {
            "mean": 0.6421375274658203,
            "error": 0.007150452398564511,
            "tau_int": 2.4538532021403396,
            "dtau_int": 0.07768712212323133
          }
        },
        "n_skipped": 0,
        "step_size": 0
      },
      {
        "acc_rate": 0.431875,
        "n_steps": 80000,
        "obs_stats": {
          "Q": {
            "mean": 0.006162500008940697,
            "error": 0.00685416005797931,
            "tau_int": 2.8947363960873265,
            "dtau_int": 0.09731926307435301
          },
          "Chi_t": {
            "mean": 0.6491624712944031,
            "error": 0.00712916460705268,
            "tau_int": 2.4299245947516144,
            "dtau_int": 0.0769754614484143
          }
        },
        "n_skipped": 0,
        "step_size": 0
      },
      {
        "acc_rate": 0.434725,
        "n_steps": 80000,
        "obs_stats": {
          "Q": {
            "mean": 0.0009125000215135515,
            "error": 0.007081798869631017,
            "tau_int": 3.131987587155122,
            "dtau_int": 0.10932389287953163
          },
          "Chi_t": {
            "mean": 0.6404625177383423,
            "error": 0.007191772235218548,
            "tau_int": 2.486698434449833,
            "dtau_int": 0.07866245437241041
          }
        },
        "n_skipped": 0,
        "step_size": 0
      }
    ],
    [
      {
        "acc_rate": 0.42726,
        "n_steps": 100000,
        "obs_stats": {
          "Q": {
            "mean": -0.001449999981559813,
            "error": 0.006149086488226604,
            "tau_int": 2.9421189928116513,
            "dtau_int": 0.09031467868671282
          },
          "Chi_t": {
            "mean": 0.642549991607666,
            "error": 0.006260497903186496,
            "tau_int": 2.3801194457713017,
            "dtau_int": 0.06752140137626571
          }
        },
        "n_skipped": 0,
        "step_size": 0
      },
      {
        "acc_rate": 0.4282,
        "n_steps": 100000,
        "obs_stats": {
          "Q": {
            "mean": 0.0035200000274926424,
            "error": 0.006085113027744096,
            "tau_int": 2.936612150320812,
            "dtau_int": 0.09015616981149634
          },
          "Chi_t": {
            "mean": 0.6304399967193604,
            "error": 0.006698754689848457,
            "tau_int": 2.7062432275589363,
            "dtau_int": 0.07990296079955668
          }
        },
        "n_skipped": 0,
        "step_size": 0
      },
      {
        "acc_rate": 0.43033,
        "n_steps": 100000,
        "obs_stats": {
          "Q": {
            "mean": 0.0048500001430511475,
            "error": 0.0061179277395227785,
            "tau_int": 2.8843761448252208,
            "dtau_int": 0.08865058425208358
          },
          "Chi_t": {
            "mean": 0.6488100290298462,
            "error": 0.006555683603566995,
            "tau_int": 2.526694851263127,
            "dtau_int": 0.07318401447868886
          }
        },
        "n_skipped": 0,
        "step_size": 0
      }
    ]
  ],
  "exact_sus": 0.6439874072967454
}