{
  "observables": [
    "Chi_t"
  ],
  "n_samples": [
    50000,
    80000,
    100000
  ],
  "nip": [],
  "nmcmc": [
    [
      {
        "acc_rate": 0.7658,
        "n_steps": 50000,
        "obs_stats": {
          "Q": {
            "mean": -0.0052999998442828655,
            "error": 0.004737302187315888,
            "tau_int": 0.8547725748485011,
            "dtau_int": 0.021139308537073968
          },
          "Chi_t": {
            "mean": 0.6563799977302551,
            "error": 0.005251015649120301,
            "tau_int": 0.7949889745551963,
            "dtau_int": 0.018412206934015823
          }
        },
        "n_skipped": 0,
        "step_size": 0
      },
      {
        "acc_rate": 0.76238,
        "n_steps": 50000,
        "obs_stats": {
          "Q": {
            "mean": 0.009999999776482582,
            "error": 0.0047480916856077185,
            "tau_int": 0.8698178549078621,
            "dtau_int": 0.021490215199230736
          },
          "Chi_t": {
            "mean": 0.6480399966239929,
            "error": 0.00539782448232145,
            "tau_int": 0.8730267787939745,
            "dtau_int": 0.021564960625259158
          }
        },
        "n_skipped": 0,
        "step_size": 0
      },
      {
        "acc_rate": 0.76886,
        "n_steps": 50000,
        "obs_stats": {
          "Q": {
            "mean": -0.004879999905824661,
            "error": 0.004561871535239519,
            "tau_int": 0.808172660241441,
            "dtau_int": 0.018699134761751914
          },
          "Chi_t": {
            "mean": 0.6437600255012512,
            "error": 0.005194393279652704,
            "tau_int": 0.8107487381480705,
            "dtau_int": 0.018755127872812062
          }
        },
        "n_skipped": 0,
        "step_size": 0
      }
    ],
    [
      {
        "acc_rate": 0.7647375,
        "n_steps": 80000,
        "obs_stats": {
          "Q": {
            "mean": -0.0008999999845400453,
            "error": 0.0037211522634125424,
            "tau_int": 0.8548332433873034,
            "dtau_int": 0.01671321063176759
          },
          "Chi_t": {
            "mean": 0.6479250192642212,
            "error": 0.004045889319232326,
            "tau_int": 0.7875169931040629,
            "dtau_int": 0.01442734893442173
          }
        },
        "n_skipped": 0,
        "step_size": 0
      },
      {
        "acc_rate": 0.761525,
        "n_steps": 80000,
        "obs_stats": {
          "Q": {
            "mean": 0.0070500001311302185,
            "error": 0.0037534207483999847,
            "tau_int": 0.8699563323161286,
            "dtau_int": 0.016992057442224054
          },
          "Chi_t": {
            "mean": 0.6478000283241272,
            "error": 0.0040987031828360375,
            "tau_int": 0.8071555361983005,
            "dtau_int": 0.014765480972803625
          }
        },
        "n_skipped": 0,
        "step_size": 0
      },
      {
        "acc_rate": 0.7629875,
        "n_steps": 80000,
        "obs_stats": {
          "Q": {
            "mean": -0.000750000006519258,
            "error": 0.0037607200799973615,
            "tau_int": 0.85911993707136,
            "dtau_int": 0.016792311856017112
          },
          "Chi_t": {
            "mean": 0.6584749817848206,
            "error": 0.004182077657536449,
            "tau_int": 0.8011778384540764,
            "dtau_int": 0.014662673162200901
          }
        },
        "n_skipped": 0,
        "step_size": 0
      }
    ],
    [
      {
        "acc_rate": 0.76074,
        "n_steps": 100000,
        "obs_stats": {
          "Q": {
            "mean": -0.007980000227689743,
            "error": 0.0033538351543724123,
            "tau_int": 0.870028602349284,
            "dtau_int": 0.015199348783694576
          },
          "Chi_t": {
            "mean": 0.6464800238609314,
            "error": 0.003708843587862139,
            "tau_int": 0.820346248499211,
            "dtau_int": 0.014377984525918146
          }
        },
        "n_skipped": 0,
        "step_size": 0
      },
      {
        "acc_rate": 0.76557,
        "n_steps": 100000,
        "obs_stats": {
          "Q": {
            "mean": 0.006140000186860561,
            "error": 0.0032905791177376075,
            "tau_int": 0.8312369174528078,
            "dtau_int": 0.014558528443706554
          },
          "Chi_t": {
            "mean": 0.6513400077819824,
            "error": 0.003696895407659306,
            "tau_int": 0.8093995730553498,
            "dtau_int": 0.013241144151458472
          }
        },
        "n_skipped": 0,
        "step_size": 0
      },
      {
        "acc_rate": 0.76165,
        "n_steps": 100000,
        "obs_stats": {
          "Q": {
            "mean": 0.00860000029206276,
            "error": 0.003368750371368058,
            "tau_int": 0.8712210344947486,
            "dtau_int": 0.015218991131976237
          },
          "Chi_t": {
            "mean": 0.6513599753379822,
            "error": 0.003791151271042621,
            "tau_int": 0.8461528174360893,
            "dtau_int": 0.014805350521945227
          }
        },
        "n_skipped": 0,
        "step_size": 0
      }
    ]
  ],
  "exact_sus": 0.6500977944017748
}