{
  "observables": [
    "Chi_t"
  ],
  "n_samples": [
    25000,
    40000,
    50000,
    75000,
    100000,
    125000,
    150000,
    175000,
    200000,
    225000,
    250000
  ],
  "nip": {},
  "nmcmc": [
    [
      {
        "acc_rate": 0.65128,
        "n_steps": 25000,
        "obs_stats": {
          "Q": {
            "mean": 0.0031201248057186604,
            "error": 0.007830204122782559,
            "tau_int": 1.1909091170897403,
            "dtau_int": 0.045962213161772236
          },
          "Chi_t": {
            "mean": 0.6434657573699951,
            "error": 0.008797118073824786,
            "tau_int": 1.1641097558509932,
            "dtau_int": 0.044992536218763285
          }
        },
        "n_skipped": 0,
        "step_size": 0
      },
      {
        "acc_rate": 0.64864,
        "n_steps": 25000,
        "obs_stats": {
          "Q": {
            "mean": 0.01668066717684269,
            "error": 0.007934834501610238,
            "tau_int": 1.223683984225224,
            "dtau_int": 0.047143923243725794
          },
          "Chi_t": {
            "mean": 0.6433457136154175,
            "error": 0.008597122064352297,
            "tau_int": 1.128029738132853,
            "dtau_int": 0.04368221754488788
          }
        },
        "n_skipped": 0,
        "step_size": 0
      },
      {
        "acc_rate": 0.6504,
        "n_steps": 25000,
        "obs_stats": {
          "Q": {
            "mean": -8.000319940038025e-05,
            "error": 0.008094867144628664,
            "tau_int": 1.248229931048695,
            "dtau_int": 0.04802591910996825
          },
          "Chi_t": {
            "mean": 0.6561062335968018,
            "error": 0.008961956451851213,
            "tau_int": 1.187484315039532,
            "dtau_int": 0.04583846521355351
          }
        },
        "n_skipped": 0,
        "step_size": 0
      }
    ],
    [
      {
        "acc_rate": 0.646775,
        "n_steps": 40000,
        "obs_stats": {
          "Q": {
            "mean": 0.003500087419524789,
            "error": 0.006696833821763612,
            "tau_int": 1.3965450752672048,
            "dtau_int": 0.04653604313522922
          },
          "Chi_t": {
            "mean": 0.6422160267829895,
            "error": 0.00723534241974577,
            "tau_int": 1.266236478674434,
            "dtau_int": 0.04050773294940814
          }
        },
        "n_skipped": 0,
        "step_size": 0
      },
      {
        "acc_rate": 0.65655,
        "n_steps": 40000,
        "obs_stats": {
          "Q": {
            "mean": 0.0008000200032256544,
            "error": 0.006405425055375579,
            "tau_int": 1.2757472442858344,
            "dtau_int": 0.040793019806610584
          },
          "Chi_t": {
            "mean": 0.6431660652160645,
            "error": 0.007021347206171445,
            "tau_int": 1.1885244046194123,
            "dtau_int": 0.0362679315325222
          }
        },
        "n_skipped": 0,
        "step_size": 0
      },
      {
        "acc_rate": 0.647625,
        "n_steps": 40000,
        "obs_stats": {
          "Q": {
            "mean": -0.0037750944029539824,
            "error": 0.006584445997550841,
            "tau_int": 1.3066836479512915,
            "dtau_int": 0.04171897565741077
          },
          "Chi_t": {
            "mean": 0.6635416150093079,
            "error": 0.0073550828052183536,
            "tau_int": 1.1673366338772149,
            "dtau_int": 0.035661889020623845
          }
        },
        "n_skipped": 0,
        "step_size": 0
      }
    ],
    [
      {
        "acc_rate": 0.64524,
        "n_steps": 50000,
        "obs_stats": {
          "Q": {
            "mean": -0.00020000399672426283,
            "error": 0.005605203294602335,
            "tau_int": 1.2394851775403386,
            "dtau_int": 0.03551200965798964
          },
          "Chi_t": {
            "mean": 0.6336526870727539,
            "error": 0.006064907558012942,
            "tau_int": 1.1425576950058887,
            "dtau_int": 0.03126122952477516
          }
        },
        "n_skipped": 0,
        "step_size": 0
      },
      {
        "acc_rate": 0.6517,
        "n_steps": 50000,
        "obs_stats": {
          "Q": {
            "mean": -0.0014400287764146924,
            "error": 0.00547006773902278,
            "tau_int": 1.1750322017454935,
            "dtau_int": 0.032093920719830964
          },
          "Chi_t": {
            "mean": 0.6365727186203003,
            "error": 0.006013622296001925,
            "tau_int": 1.114439841981004,
            "dtau_int": 0.03053768179164523
          }
        },
        "n_skipped": 0,
        "step_size": 0
      },
      {
        "acc_rate": 0.64702,
        "n_steps": 50000,
        "obs_stats": {
          "Q": {
            "mean": -0.008680173195898533,
            "error": 0.0054550923044469415,
            "tau_int": 1.1612255250340178,
            "dtau_int": 0.0317402873249882
          },
          "Chi_t": {
            "mean": 0.6406928300857544,
            "error": 0.006273406688912037,
            "tau_int": 1.1530225729972545,
            "dtau_int": 0.03152991087098465
          }
        },
        "n_skipped": 0,
        "step_size": 0
      }
    ],
    [
      {
        "acc_rate": 0.6491066666666667,
        "n_steps": 75000,
        "obs_stats": {
          "Q": {
            "mean": 0.007866771891713142,
            "error": 0.0046154831394290005,
            "tau_int": 1.2521109369117915,
            "dtau_int": 0.030667655812223985
          },
          "Chi_t": {
            "mean": 0.6380351781845093,
            "error": 0.0051299092750689956,
            "tau_int": 1.214686014174574,
            "dtau_int": 0.028449528127900865
          }
        },
        "n_skipped": 0,
        "step_size": 0
      },
      {
        "acc_rate": 0.65144,
        "n_steps": 75000,
        "obs_stats": {
          "Q": {
            "mean": 0.004346724599599838,
            "error": 0.004718014856450439,
            "tau_int": 1.2939380992950187,
            "dtau_int": 0.03163313745330444
          },
          "Chi_t": {
            "mean": 0.6451019644737244,
            "error": 0.005490649634155696,
            "tau_int": 1.3384095913157505,
            "dtau_int": 0.03265534979662882
          }
        },
        "n_skipped": 0,
        "step_size": 0
      },
      {
        "acc_rate": 0.6524,
        "n_steps": 75000,
        "obs_stats": {
          "Q": {
            "mean": 0.0013333511305972934,
            "error": 0.004536505583417164,
            "tau_int": 1.2053330911146947,
            "dtau_int": 0.028243303226274795
          },
          "Chi_t": {
            "mean": 0.6402485370635986,
            "error": 0.004855610771004079,
            "tau_int": 1.0703138133127634,
            "dtau_int": 0.024002805705003058
          }
        },
        "n_skipped": 0,
        "step_size": 0
      }
    ],
    [
      {
        "acc_rate": 0.65426,
        "n_steps": 100000,
        "obs_stats": {
          "Q": {
            "mean": -0.0015200151829048991,
            "error": 0.003932499705470961,
            "tau_int": 1.2007648889492057,
            "dtau_int": 0.024372082172701367
          },
          "Chi_t": {
            "mean": 0.6439264416694641,
            "error": 0.004335184874895976,
            "tau_int": 1.1115364810499597,
            "dtau_int": 0.022658520430366997
          }
        },
        "n_skipped": 0,
        "step_size": 0
      },
      {
        "acc_rate": 0.64452,
        "n_steps": 100000,
        "obs_stats": {
          "Q": {
            "mean": 0.006160061806440353,
            "error": 0.00411436089649593,
            "tau_int": 1.3036114498643068,
            "dtau_int": 0.02758794262892615
          },
          "Chi_t": {
            "mean": 0.6492865085601807,
            "error": 0.004635571607984705,
            "tau_int": 1.252259780962099,