{
  "observables": [
    "Chi_t"
  ],
  "n_samples": [
    50000,
    80000,
    100000
  ],
  "nip": [],
  "nmcmc": [
    [
      {
        "acc_rate": 0.71558,
        "n_steps": 50000,
        "obs_stats": {
          "Q": {
            "mean": -0.002360000042244792,
            "error": 0.005024655910089443,
            "tau_int": 0.948200899873777,
            "dtau_int": 0.023306151788877797
          },
          "Chi_t": {
            "mean": 0.6656399965286255,
            "error": 0.00584379512129841,
            "tau_int": 0.9649519509930249,
            "dtau_int": 0.025214691979107407
          }
        },
        "n_skipped": 0,
        "step_size": 0
      },
      {
        "acc_rate": 0.71472,
        "n_steps": 50000,
        "obs_stats": {
          "Q": {
            "mean": -0.005960000213235617,
            "error": 0.005396805922670956,
            "tau_int": 1.0803336532345416,
            "dtau_int": 0.02965655211805942
          },
          "Chi_t": {
            "mean": 0.6740000247955322,
            "error": 0.005677520964491646,
            "tau_int": 0.9145024997315068,
            "dtau_int": 0.022527963053651515
          }
        },
        "n_skipped": 0,
        "step_size": 0
      },
      {
        "acc_rate": 0.71872,
        "n_steps": 50000,
        "obs_stats": {
          "Q": {
            "mean": 0.005179999861866236,
            "error": 0.005046864112881985,
            "tau_int": 0.9447940261295928,
            "dtau_int": 0.02322765070267153
          },
          "Chi_t": {
            "mean": 0.6739799976348877,
            "error": 0.005618583794482647,
            "tau_int": 0.8869121404428506,
            "dtau_int": 0.021887996680078663
          }
        },
        "n_skipped": 0,
        "step_size": 0
      }
    ],
    [
      {
        "acc_rate": 0.716425,
        "n_steps": 80000,
        "obs_stats": {
          "Q": {
            "mean": 0.0027749999426305294,
            "error": 0.004151658895620448,
            "tau_int": 1.0242393621819397,
            "dtau_int": 0.021085106837016147
          },
          "Chi_t": {
            "mean": 0.6731250286102295,
            "error": 0.004543285030503378,
            "tau_int": 0.939476668264817,
            "dtau_int": 0.019436638563045006
          }
        },
        "n_skipped": 0,
        "step_size": 0
      },
      {
        "acc_rate": 0.7177375,
        "n_steps": 80000,
        "obs_stats": {
          "Q": {
            "mean": 0.007375000044703484,
            "error": 0.004119511521441429,
            "tau_int": 1.0122311966871835,
            "dtau_int": 0.02085266137846911
          },
          "Chi_t": {
            "mean": 0.6706500053405762,
            "error": 0.004746869234888637,
            "tau_int": 0.9873577316843665,
            "dtau_int": 0.02037003264932103
          }
        },
        "n_skipped": 0,
        "step_size": 0
      },
      {
        "acc_rate": 0.7197,
        "n_steps": 80000,
        "obs_stats": {
          "Q": {
            "mean": -0.0004625000001396984,
            "error": 0.004035287235695185,
            "tau_int": 0.9645169876031963,
            "dtau_int": 0.019925486522827836
          },
          "Chi_t": {
            "mean": 0.6752874851226807,
            "error": 0.004606067696666639,
            "tau_int": 0.922784331762585,
            "dtau_int": 0.017961393948325726
          }
        },
        "n_skipped": 0,
        "step_size": 0
      }
    ],
    [
      {
        "acc_rate": 0.72049,
        "n_steps": 100000,
        "obs_stats": {
          "Q": {
            "mean": 0.003490000031888485,
            "error": 0.0035961895252959457,
            "tau_int": 0.974292477426939,
            "dtau_int": 0.01799221201186072
          },
          "Chi_t": {
            "mean": 0.6636899709701538,
            "error": 0.004044903926962612,
            "tau_int": 0.9166357439435731,
            "dtau_int": 0.016984609087034443
          }
        },
        "n_skipped": 0,
        "step_size": 0
      },
      {
        "acc_rate": 0.71835,
        "n_steps": 100000,
        "obs_stats": {
          "Q": {
            "mean": 0.005239999853074551,
            "error": 0.0036246029022109476,
            "tau_int": 0.9770663630047012,
            "dtau_int": 0.018040501718243455
          },
          "Chi_t": {
            "mean": 0.6723200082778931,
            "error": 0.004032231478034667,
            "tau_int": 0.9030287563978048,
            "dtau_int": 0.01574170673411838
          }
        },
        "n_skipped": 0,
        "step_size": 0
      },
      {
        "acc_rate": 0.71911,
        "n_steps": 100000,
        "obs_stats": {
          "Q": {
            "mean": 0.0006099999882280827,
            "error": 0.00355107644126325,
            "tau_int": 0.9583310473398665,
            "dtau_int": 0.017714011479967318
          },
          "Chi_t": {
            "mean": 0.6579099893569946,
            "error": 0.004017119998559789,
            "tau_int": 0.9149756582184727,
            "dtau_int": 0.016955488298217504
          }
        },
        "n_skipped": 0,
        "step_size": 0
      }
    ]
  ],
  "exact_sus": 0.6687749432186545
}