{
  "observables": [
    "Chi_t"
  ],
  "n_samples": [
    50000,
    80000,
    100000,
    150000,
    200000,
    250000,
    300000
  ],
  "nip": [],
  "nmcmc": [
    [
      {
        "acc_rate": 0.17552,
        "n_steps": 50000,
        "obs_stats": {
          "Q": {
            "mean": 0.01592000015079975,
            "error": 0.02348128782999584,
            "tau_int": 22.157834484852074,
            "dtau_int": 2.209945282205024
          },
          "Chi_t": {
            "mean": 0.6218000054359436,
            "error": 0.019769658598066515,
            "tau_int": 13.315703571876972,
            "dtau_int": 1.0731121885337105
          }
        },
        "n_skipped": 0,
        "step_size": 0
      },
      {
        "acc_rate": 0.17518,
        "n_steps": 50000,
        "obs_stats": {
          "Q": {
            "mean": 0.0020200000144541264,
            "error": 0.019811500889193315,
            "tau_int": 16.184406362397397,
            "dtau_int": 1.4132654642693667
          },
          "Chi_t": {
            "mean": 0.60589998960495,
            "error": 0.023922002074479327,
            "tau_int": 18.41931866547972,
            "dtau_int": 1.6968236366083174
          }
        },
        "n_skipped": 0,
        "step_size": 0
      },
      {
        "acc_rate": 0.16154,
        "n_steps": 50000,
        "obs_stats": {
          "Q": {
            "mean": -0.011900000274181366,
            "error": 0.02087223863602098,
            "tau_int": 18.42254639095502,
            "dtau_int": 1.6970951615726781
          },
          "Chi_t": {
            "mean": 0.5909000039100647,
            "error": 0.024783032963347586,
            "tau_int": 18.396489765033255,
            "dtau_int": 1.694902938503981
          }
        },
        "n_skipped": 0,
        "step_size": 0
      }
    ],
    [
      {
        "acc_rate": 0.1583125,
        "n_steps": 80000,
        "obs_stats": {
          "Q": {
            "mean": 0.008449999615550041,
            "error": 0.016730483581595377,
            "tau_int": 19.041190646645113,
            "dtau_int": 1.4592237873122758
          },
          "Chi_t": {
            "mean": 0.5878000259399414,
            "error": 0.0222166262398754,
            "tau_int": 22.99637386822126,
            "dtau_int": 1.9067837337172797
          }
        },
        "n_skipped": 0,
        "step_size": 0
      },
      {
        "acc_rate": 0.1663625,
        "n_steps": 80000,
        "obs_stats": {
          "Q": {
            "mean": -0.04073749855160713,
            "error": 0.02430992198864989,
            "tau_int": 37.48395496216228,
            "dtau_int": 3.8227757911514533
          },
          "Chi_t": {
            "mean": 0.6317124962806702,
            "error": 0.024305901687238264,
            "tau_int": 29.370342697392623,
            "dtau_int": 2.7008713658256664
          }
        },
        "n_skipped": 0,
        "step_size": 0
      },
      {
        "acc_rate": 0.1602875,
        "n_steps": 80000,
        "obs_stats": {
          "Q": {
            "mean": 0.026724999770522118,
            "error": 0.023402944264097267,
            "tau_int": 35.44221985001409,
            "dtau_int": 3.526970855236314
          },
          "Chi_t": {
            "mean": 0.6183000206947327,
            "error": 0.014863264978283993,
            "tau_int": 13.215178155402473,
            "dtau_int": 0.8629664221622406
          }
        },
        "n_skipped": 0,
        "step_size": 0
      }
    ],
    [
      {
        "acc_rate": 0.16983,
        "n_steps": 100000,
        "obs_stats": {
          "Q": {
            "mean": 0.0348999984562397,
            "error": 0.01744945686432205,
            "tau_int": 24.819110600203253,
            "dtau_int": 1.9332216196727001
          },
          "Chi_t": {
            "mean": 0.6143199801445007,
            "error": 0.01581236699534748,
            "tau_int": 16.742388235964594,
            "dtau_int": 1.0991864926244148
          }
        },
        "n_skipped": 0,
        "step_size": 0
      },
      {
        "acc_rate": 0.17966,
        "n_steps": 100000,
        "obs_stats": {
          "Q": {
            "mean": 0.035920001566410065,
            "error": 0.016406628890701692,
            "tau_int": 21.07631639798585,
            "dtau_int": 1.5281342971783667
          },
          "Chi_t": {
            "mean": 0.6395999789237976,
            "error": 0.01629500079947471,
            "tau_int": 15.939209201023097,
            "dtau_int": 1.0258749977019415
          }
        },
        "n_skipped": 0,
        "step_size": 0
      },
      {
        "acc_rate": 0.15404,
        "n_steps": 100000,
        "obs_stats": {
          "Q": {
            "mean": -0.01334999967366457,
            "error": 0.019829408686203406,
            "tau_int": 33.97180852536567,
            "dtau_int": 3.019695883919872
          },
          "Chi_t": {
            "mean": 0.5785099864006042,
            "error": 0.017257381003971374,
            "tau_int": 21.84906571287965,
            "dtau_int": 1.6094380372001134
          }
        },
        "n_skipped": 0,
        "step_size": 0
      }
    ],
    [
      {
        "acc_rate": 0.16630666666666666,
        "n_steps": 150000,
        "obs_stats": {
          "Q": {
            "mean": 0.037780001759529114,
            "error": 0.015872340515579047,
            "tau_int": 30.032303002594933,
            "dtau_int": 2.1290774735300833
          },
          "Chi_t": {
            "mean": 0.6303266882896423,
            "error": 0.017193771039719,
            "tau_int": 28.814556104469006,
            "dtau_int": 2.005655629469422
          }
        },
        "n_skipped": 0,
        "step_size": 0
      },
      {
        "acc_rate": 0.17859333333333333,
        "n_steps": 150000,
        "obs_stats": {
          "Q": {
            "mean": -0.00853333342820406,
            "error": 0.012338402354746175,
            "tau_int": 18.835335394958282,
            "dtau_int": 1.0903459438615717
          },
          "Chi_t": {
            "mean": 0.6061066389083862,
            "error": 0.010911306391082325,
            "tau_int": 12.018794781526037,
            "dtau_int": 0.5738265048138276
          }
        },
        "n_skipped": 0,
        "step_size": 0
      },
      {
        "acc_rate": 0.17828,
        "n_steps": 150000,
        "obs_stats": {
          "Q": {
            "mean": 0.004673333372920752,
            "error": 0.011473202829868544,
            "tau_int": 16.404820906454017,
            "dtau_int": 0.8969109521973451
          },
          "Chi_t": {
            "mean": 0.6017000079154968,
            "error": 0.01107347417320533,
            "tau_int": 12.292019416319652,
            "dtau_int": 0.5927693213007369
          }
        },
        "n_skipped": 0,
        "step_size": 0
      }
    ],
    [
      {
        "acc_rate": 0.16303,
        "n_steps": 200000,
        "obs_stats": {
          "Q": {
            "mean": -0.05480000004172325,
            "error": 0.029154317367633444,
            "tau_int": 128.36577573251589,
            "dtau_int": 14.905187218314378
          },
          "Chi_t": {
            "mean": 0.6643099784851074,
            "error": 0.08261112118352042,
            "tau_int": 702.2574735620722,
            "dtau_int": 160.3007103748504
          }
        },
        "n_skipped": 0,
        "step_size": 0
      },
      {
        "acc_rate": 0.1628,
        "n_steps": 200000,
        "obs_stats": {
          "Q": {
            "mean": -0.02817000076174736,
            "error": 0.012049537213465194,
            "tau_int": 24.0765126334099,
            "dtau_int": 1.3680184111276361
          },
          "Chi_t": {
            "mean": 0.6036900281906128,
            "error": 0.01407090470873426,
            "tau_int": 25.19198290395205,
            "dtau_int": 1.4616040994805986
          }
        },
        "n_skipped": 0,