{
  "observables": [
    "Chi_t"
  ],
  "n_samples": [
    50000,
    80000,
    100000
  ],
  "nip": [],
  "nmcmc": [
    [
      {
        "acc_rate": 0.51154,
        "n_steps": 50000,
        "obs_stats": {
          "Q": {
            "mean": -0.00203999993391335,
            "error": 0.007473060889659675,
            "tau_int": 2.2329666437548576,
            "dtau_int": 0.08299197371001943
          },
          "Chi_t": {
            "mean": 0.6251999735832214,
            "error": 0.00793374304351296,
            "tau_int": 2.022038951448699,
            "dtau_int": 0.07341524404504755
          }
        },
        "n_skipped": 0,
        "step_size": 0
      },
      {
        "acc_rate": 0.512,
        "n_steps": 50000,
        "obs_stats": {
          "Q": {
            "mean": -0.008700000122189522,
            "error": 0.007300065997121214,
            "tau_int": 2.170119120927153,
            "dtau_int": 0.08080278985420594
          },
          "Chi_t": {
            "mean": 0.6139400005340576,
            "error": 0.007799878569947061,
            "tau_int": 1.9774242623617675,
            "dtau_int": 0.06968298492930144
          }
        },
        "n_skipped": 0,
        "step_size": 0
      },
      {
        "acc_rate": 0.50782,
        "n_steps": 50000,
        "obs_stats": {
          "Q": {
            "mean": -0.00571999978274107,
            "error": 0.007194215628134329,
            "tau_int": 2.0834067292132836,
            "dtau_int": 0.07550236844394624
          },
          "Chi_t": {
            "mean": 0.6210399866104126,
            "error": 0.008068275941952086,
            "tau_int": 2.0833079402704073,
            "dtau_int": 0.075499015507925
          }
        },
        "n_skipped": 0,
        "step_size": 0
      }
    ],
    [
      {
        "acc_rate": 0.516275,
        "n_steps": 80000,
        "obs_stats": {
          "Q": {
            "mean": -0.008074999786913395,
            "error": 0.005626524823558878,
            "tau_int": 2.0367985714816466,
            "dtau_int": 0.05843731183388835
          },
          "Chi_t": {
            "mean": 0.621749997138977,
            "error": 0.006260637539852589,
            "tau_int": 1.9676100404496966,
            "dtau_int": 0.056570739060485445
          }
        },
        "n_skipped": 0,
        "step_size": 0
      },
      {
        "acc_rate": 0.508525,
        "n_steps": 80000,
        "obs_stats": {
          "Q": {
            "mean": 0.0037249999586492777,
            "error": 0.005667549509015854,
            "tau_int": 2.081585797864726,
            "dtau_int": 0.06143043987991717
          },
          "Chi_t": {
            "mean": 0.6172249913215637,
            "error": 0.005997937347994648,
            "tau_int": 1.8380644096242338,
            "dtau_int": 0.051436148900637954
          }
        },
        "n_skipped": 0,
        "step_size": 0
      },
      {
        "acc_rate": 0.5088875,
        "n_steps": 80000,
        "obs_stats": {
          "Q": {
            "mean": -0.0016749999485909939,
            "error": 0.005940795853520188,
            "tau_int": 2.279885558115535,
            "dtau_int": 0.06881349246173404
          },
          "Chi_t": {
            "mean": 0.6191750168800354,
            "error": 0.006213519223884123,
            "tau_int": 1.9939841183201854,
            "dtau_int": 0.05728327327369486
          }
        },
        "n_skipped": 0,
        "step_size": 0
      }
    ],
    [
      {
        "acc_rate": 0.50984,
        "n_steps": 100000,
        "obs_stats": {
          "Q": {
            "mean": 0.0017999999690800905,
            "error": 0.005300107939809419,
            "tau_int": 2.26781150447413,
            "dtau_int": 0.0629000952673137
          },
          "Chi_t": {
            "mean": 0.6193199753761292,
            "error": 0.005750945628583204,
            "tau_int": 2.0775886632120186,
            "dtau_int": 0.05484584020583017
          }
        },
        "n_skipped": 0,
        "step_size": 0
      },
      {
        "acc_rate": 0.50601,
        "n_steps": 100000,
        "obs_stats": {
          "Q": {
            "mean": 0.006209999788552523,
            "error": 0.005394995784478718,
            "tau_int": 2.3211971468409214,
            "dtau_int": 0.06429138344625021
          },
          "Chi_t": {
            "mean": 0.6269699931144714,
            "error": 0.00582657222226637,
            "tau_int": 2.144452741666836,
            "dtau_int": 0.0581072261603396
          }
        },
        "n_skipped": 0,
        "step_size": 0
      },
      {
        "acc_rate": 0.50497,
        "n_steps": 100000,
        "obs_stats": {
          "Q": {
            "mean": 0.009449999779462814,
            "error": 0.005119832388732557,
            "tau_int": 2.157682096603084,
            "dtau_int": 0.05844462303507762
          },
          "Chi_t": {
            "mean": 0.6074900031089783,
            "error": 0.005743763125268898,
            "tau_int": 2.0873952433309517,
            "dtau_int": 0.055089211494351906
          }
        },
        "n_skipped": 0,
        "step_size": 0
      }
    ]
  ],
  "exact_sus": 0.6194099585690315
}