{
  "observables": [
    "Chi_t"
  ],
  "n_samples": [
    50000,
    125000,
    250000
  ],
  "nip": [
    [
      {
        "obs_stats": {
          "Q": {
            "mean": -0.0019353628158569336,
            "error": 0.004975955002009869,
            "error_ess": 0.006759546231478453,
            "ess_q": 0.22795502841472626
          },
          "Chi_t": {
            "mean": 0.5207732915878296,
            "error": 0.005991063546389341,
            "error_ess": 0.007093145977705717,
            "ess_q": 0.22795502841472626
          }
        },
        "entropy": 59019.40625,
        "std_entropy": 13208169.0,
        "free_energy": -0.39994928937409385,
        "std_free_energy": 0.0011639412259683013
      },
      {
        "obs_stats": {
          "Q": {
            "mean": -0.012857223860919476,
            "error": 0.005938222631812096,
            "error_ess": 0.0061666229739785194,
            "ess_q": 0.26903581619262695
          },
          "Chi_t": {
            "mean": 0.5116895437240601,
            "error": 0.006322853732854128,
            "error_ess": 0.006342689972370863,
            "ess_q": 0.26903581619262695
          }
        },
        "entropy": 59146.6953125,
        "std_entropy": 12206295.0,
        "free_energy": -0.4002542457469725,
        "std_free_energy": 0.0010425030486658216
      },
      {
        "obs_stats": {
          "Q": {
            "mean": -0.0023329504765570164,
            "error": 0.006022850517183542,
            "error_ess": 0.005802005995064974,
            "ess_q": 0.3089769780635834
          },
          "Chi_t": {
            "mean": 0.5200538635253906,
            "error": 0.006372543517500162,
            "error_ess": 0.0059478688053786755,
            "ess_q": 0.3089769780635834
          }
        },
        "entropy": 59092.125,
        "std_entropy": 11370044.0,
        "free_energy": -0.4001575372880909,
        "std_free_energy": 0.0009458396816626191
      }
    ],
    [
      {
        "obs_stats": {
          "Q": {
            "mean": 9.087108628591523e-05,
            "error": 0.003253213595598936,
            "error_ess": 0.003381469054147601,
            "ess_q": 0.36512526869773865
          },
          "Chi_t": {
            "mean": 0.5218662619590759,
            "error": 0.0037056156434118748,
            "error_ess": 0.003478442784398794,
            "ess_q": 0.36512526869773865
          }
        },
        "entropy": 150166.4375,
        "std_entropy": 41436928.0,
        "free_energy": -0.4000532108597346,
        "std_free_energy": 0.0005274542490951717
      },
      {
        "obs_stats": {
          "Q": {
            "mean": -0.003769861301407218,
            "error": 0.0031297660898417234,
            "error_ess": 0.003330492414534092,
            "ess_q": 0.37786704301834106
          },
          "Chi_t": {
            "mean": 0.5239311456680298,
            "error": 0.0035131340846419334,
            "error_ess": 0.0034385903272777796,
            "ess_q": 0.37786704301834106
          }
        },
        "entropy": 149898.484375,
        "std_entropy": 40590484.0,
        "free_energy": -0.39988224750666207,
        "std_free_energy": 0.0005132557707838714
      },
      {
        "obs_stats": {
          "Q": {
            "mean": -0.0008501596166752279,
            "error": 0.0032441646326333284,
            "error_ess": 0.0033672298304736614,
            "ess_q": 0.3648030459880829
          },
          "Chi_t": {
            "mean": 0.5170245170593262,
            "error": 0.0036269535776227713,
            "error_ess": 0.0034738900139927864,
            "ess_q": 0.3648030459880829
          }
        },
        "entropy": 150178.734375,
        "std_entropy": 41471744.0,
        "free_energy": -0.39992577202312446,
        "std_free_energy": 0.0005278210155665874
      }
    ],
    [
      {
        "obs_stats": {
          "Q": {
            "mean": 0.0002210818784078583,
            "error": 0.0025765872560441494,
            "error_ess": 0.0025348865892738104,
            "ess_q": 0.32701173424720764
          },
          "Chi_t": {
            "mean": 0.5253137350082397,
            "error": 0.0030499945860356092,
            "error_ess": 0.0026385269593447447,
            "ess_q": 0.32701173424720764
          }
        },
        "entropy": 303586.8125,
        "std_entropy": 123692184.0,
        "free_energy": -0.39989656362138676,
        "std_free_energy": 0.00040575876482762396
      },
      {
        "obs_stats": {
          "Q": {
            "mean": 0.0008047916926443577,
            "error": 0.002453167922794819,
            "error_ess": 0.0036789835430681705,
            "ess_q": 0.15338528156280518
          },
          "Chi_t": {
            "mean": 0.5190129280090332,
            "error": 0.002722733886912465,
            "error_ess": 0.0038071018643677235,
            "ess_q": 0.15338528156280518
          }
        },
        "entropy": 303984.125,
        "std_entropy": 181009264.0,
        "free_energy": -0.40022180382272976,
        "std_free_energy": 0.0006645029643550515
      },
      {
        "obs_stats": {
          "Q": {
            "mean": 0.0024550186935812235,
            "error": 0.002323280554264784,
            "error_ess": 0.0024765620473772287,
            "ess_q": 0.3392866551876068
          },
          "Chi_t": {
            "mean": 0.5202457308769226,
            "error": 0.0025885580107569695,
            "error_ess": 0.0025604069232940674,
            "ess_q": 0.3392866551876068
          }
        },
        "entropy": 303561.46875,
        "std_entropy": 121396952.0,
        "free_energy": -0.3999680885095792,
        "std_free_energy": 0.0003947016957681626
      }
    ]
  ],
  "nmcmc": [
    [
      {
        "acc_rate": 0.52502,
        "n_steps": 50000,
        "obs_stats": {
          "Q": {
            "mean": -0.0009200184140354395,
            "error": 0.0063529414529970435,
            "tau_int": 1.9603581911497647,
            "dtau_int": 0.06912024521044238
          },
          "Chi_t": {
            "mean": 0.514650285243988,
            "error": 0.0065927748078385895,
            "tau_int": 1.9389808494494383,
            "dtau_int": 0.06841351032505254
          }
        },
        "n_skipped": 0,
        "step_size": 0
      },
      {
        "acc_rate": 0.52242,
        "n_steps": 50000,
        "obs_stats": {
          "Q": {
            "mean": 0.006640132982283831,
            "error": 0.006899899585982841,
            "tau_int": 2.270258097442502,
            "dtau_int": 0.08428765198439817
          },
          "Chi_t": {
            "mean": 0.5242505073547363,
            "error": 0.006328036329482238,
            "tau_int": 1.8275309152460286,
            "dtau_int": 0.0626131668988967
          }
        },
        "n_skipped": 0,
        "step_size": 0
      },
      {
        "acc_rate": 0.52528,
        "n_steps": 50000,
        "obs_stats": {
          "Q": {
            "mean": -0.0063201263546943665,
            "error": 0.006436192169212902,
            "tau_int": 1.9870476796491388,
            "dtau_int": 0.07000109822048878
          },
          "Chi_t": {
            "mean": 0.521170437335968,
            "error": 0.006499192870722264,
            "tau_int": 1.9238567306674472,
            "dtau_int": 0.0679128615518447
          }
        },
        "n_skipped": 0,
        "step_size": 0
      }
    ],
    [
      {
        "acc_rate": 0.526416,
        "n_steps": 125000,
        "obs_stats": {
          "Q": {
            "mean": 0.0026240209117531776,
            "error": 0.004218227790081584,
            "tau_int": 2.132912648952315,
            "dtau_int": 0.05170945277965338
          },
          "Chi_t": {
            "mean": 0.5213801860809326,
            "error": 0.0046528276884202305,
            "tau_int": 2.3704968823653143,
            "dtau_int": 0.06016343750762578
          }
        },
        "n_skipped": 0,