{
  "observables": [
    "Chi_t"
  ],
  "n_samples": [
    50000,
    80000,
    100000,
    150000,
    200000,
    250000,
    300000
  ],
  "nip": [],
  "nmcmc": [
    [
      {
        "acc_rate": 0.23926,
        "n_steps": 50000,
        "obs_stats": {
          "Q": {
            "mean": -0.020959999412298203,
            "error": 0.014088796698073417,
            "tau_int": 8.951523577376454,
            "dtau_int": 0.6073777361935621
          },
          "Chi_t": {
            "mean": 0.5546000003814697,
            "error": 0.013226147345007308,
            "tau_int": 6.8685134627658755,
            "dtau_int": 0.4149923164288517
          }
        },
        "n_skipped": 0,
        "step_size": 0
      },
      {
        "acc_rate": 0.22552,
        "n_steps": 50000,
        "obs_stats": {
          "Q": {
            "mean": -0.009340000338852406,
            "error": 0.01609660550757212,
            "tau_int": 11.308693809887155,
            "dtau_int": 0.8474207638588757
          },
          "Chi_t": {
            "mean": 0.5726199746131897,
            "error": 0.017673793501221145,
            "tau_int": 11.662338729345258,
            "dtau_int": 0.8841108844427342
          }
        },
        "n_skipped": 0,
        "step_size": 0
      },
      {
        "acc_rate": 0.22606,
        "n_steps": 50000,
        "obs_stats": {
          "Q": {
            "mean": -0.015320000238716602,
            "error": 0.01790870953490501,
            "tau_int": 14.311687355291022,
            "dtau_int": 1.1883928303282998
          },
          "Chi_t": {
            "mean": 0.5601599812507629,
            "error": 0.01566786566271294,
            "tau_int": 9.825168133465777,
            "dtau_int": 0.6957153302979223
          }
        },
        "n_skipped": 0,
        "step_size": 0
      }
    ],
    [
      {
        "acc_rate": 0.2138875,
        "n_steps": 80000,
        "obs_stats": {
          "Q": {
            "mean": -0.030024999752640724,
            "error": 0.018650786968554944,
            "tau_int": 23.148840854971482,
            "dtau_int": 1.925332103630341
          },
          "Chi_t": {
            "mean": 0.6016250252723694,
            "error": 0.02142988463845746,
            "tau_int": 23.61951299153268,
            "dtau_int": 1.9823546916943282
          }
        },
        "n_skipped": 0,
        "step_size": 0
      },
      {
        "acc_rate": 0.2354,
        "n_steps": 80000,
        "obs_stats": {
          "Q": {
            "mean": 0.007262500002980232,
            "error": 0.01126765185404667,
            "tau_int": 9.309000255661742,
            "dtau_int": 0.5232577357526352
          },
          "Chi_t": {
            "mean": 0.5454624891281128,
            "error": 0.013072666471197108,
            "tau_int": 10.78873997697261,
            "dtau_int": 0.6460251194704163
          }
        },
        "n_skipped": 0,
        "step_size": 0
      },
      {
        "acc_rate": 0.2197,
        "n_steps": 80000,
        "obs_stats": {
          "Q": {
            "mean": -0.047312501817941666,
            "error": 0.014733396319667774,
            "tau_int": 15.451671720522233,
            "dtau_int": 1.0818836849606734
          },
          "Chi_t": {
            "mean": 0.5639625191688538,
            "error": 0.01318160371691792,
            "tau_int": 10.493506334123122,
            "dtau_int": 0.6208330010685188
          }
        },
        "n_skipped": 0,
        "step_size": 0
      }
    ],
    [
      {
        "acc_rate": 0.22503,
        "n_steps": 100000,
        "obs_stats": {
          "Q": {
            "mean": 0.0013099999632686377,
            "error": 0.011030774267593205,
            "tau_int": 11.452479868083623,
            "dtau_int": 0.6398955454465272
          },
          "Chi_t": {
            "mean": 0.5311099886894226,
            "error": 0.010834423272025172,
            "tau_int": 9.723245196319821,
            "dtau_int": 0.5062693303353984
          }
        },
        "n_skipped": 0,
        "step_size": 0
      },
      {
        "acc_rate": 0.21972,
        "n_steps": 100000,
        "obs_stats": {
          "Q": {
            "mean": 0.027480000630021095,
            "error": 0.01635968498555532,
            "tau_int": 23.271703102951502,
            "dtau_int": 1.7614591551832641
          },
          "Chi_t": {
            "mean": 0.5755199790000916,
            "error": 0.027522337160942826,
            "tau_int": 51.97830460882111,
            "dtau_int": 5.535352136669521
          }
        },
        "n_skipped": 0,
        "step_size": 0
      },
      {
        "acc_rate": 0.22877,
        "n_steps": 100000,
        "obs_stats": {
          "Q": {
            "mean": 0.004220000002533197,
            "error": 0.013465931975187466,
            "tau_int": 15.89501570167695,
            "dtau_int": 1.0232488884565174
          },
          "Chi_t": {
            "mean": 0.5702400207519531,
            "error": 0.016330045527455473,
            "tau_int": 20.091127571769054,
            "dtau_int": 1.4286409212110536
          }
        },
        "n_skipped": 0,
        "step_size": 0
      }
    ],
    [
      {
        "acc_rate": 0.23088666666666666,
        "n_steps": 150000,
        "obs_stats": {
          "Q": {
            "mean": -0.008633333258330822,
            "error": 0.009938379951526811,
            "tau_int": 13.032421674868253,
            "dtau_int": 0.6436400799346561
          },
          "Chi_t": {
            "mean": 0.568393349647522,
            "error": 0.009970130741873511,
            "tau_int": 11.447416761897546,
            "dtau_int": 0.5354735082495155
          }
        },
        "n_skipped": 0,
        "step_size": 0
      },
      {
        "acc_rate": 0.22572,
        "n_steps": 150000,
        "obs_stats": {
          "Q": {
            "mean": -0.008846666663885117,
            "error": 0.010284705523599846,
            "tau_int": 14.14928870213926,
            "dtau_int": 0.7246156787223679
          },
          "Chi_t": {
            "mean": 0.560646653175354,
            "error": 0.010296734737293811,
            "tau_int": 12.162517800306816,
            "dtau_int": 0.5835896012320165
          }
        },
        "n_skipped": 0,
        "step_size": 0
      },
      {
        "acc_rate": 0.22571333333333332,
        "n_steps": 150000,
        "obs_stats": {
          "Q": {
            "mean": 0.002813333412632346,
            "error": 0.011223716159020097,
            "tau_int": 16.79491512979703,
            "dtau_int": 0.9248091607623234
          },
          "Chi_t": {
            "mean": 0.5624266862869263,
            "error": 0.011277070692209255,
            "tau_int": 15.273635075028663,
            "dtau_int": 0.8090755182138976
          }
        },
        "n_skipped": 0,
        "step_size": 0
      }
    ],
    [
      {
        "acc_rate": 0.22707,
        "n_steps": 200000,
        "obs_stats": {
          "Q": {
            "mean": 0.03698499873280525,
            "error": 0.013037058308673358,
            "tau_int": 28.36308828420795,
            "dtau_int": 1.7305524503939302
          },
          "Chi_t": {
            "mean": 0.6004449725151062,
            "error": 0.020873001049320723,
            "tau_int": 58.11538801528624,
            "dtau_int": 4.830116788878581
          }
        },
        "n_skipped": 0,
        "step_size": 0
      },
      {
        "acc_rate": 0.22821,
        "n_steps": 200000,
        "obs_stats": {
          "Q": {
            "mean": -0.005179999861866236,
            "error": 0.008794817556846402,
            "tau_int": 13.864268603650597,
            "dtau_int": 0.6188986254531668
          },
          "Chi_t": {
            "mean": 0.5578500032424927,
            "error": 0.009631831626349223,
            "tau_int": 14.009985523164591,
            "dtau_int": 0.6280788060056322
          }
        },
        "n_skipped": 0,