{
  "observables": [
    "Chi_t"
  ],
  "n_samples": [
    25000,
    40000,
    50000,
    75000,
    100000,
    125000,
    150000,
    175000,
    200000,
    225000,
    250000
  ],
  "nip": {},
  "nmcmc": [
    [
      {
        "acc_rate": 0.00124,
        "n_steps": 25000,
        "obs_stats": {
          "Q": {
            "mean": 0.6834273338317871,
            "error": 0.43776712184008243,
            "tau_int": 2045.3614590283087,
            "dtau_int": 912.5845618588891
          },
          "Chi_t": {
            "mean": 1.4864994287490845,
            "error": 0.8733055608725493,
            "tau_int": 2520.4411268571744,
            "dtau_int": 932.8182871365356
          }
        },
        "n_skipped": 0,
        "step_size": 0
      },
      {
        "acc_rate": 0.0012,
        "n_steps": 25000,
        "obs_stats": {
          "Q": {
            "mean": -0.15896636247634888,
            "error": 0.2847330786948208,
            "tau_int": 1667.199607962298,
            "dtau_int": 785.2084234457511
          },
          "Chi_t": {
            "mean": 0.56794273853302,
            "error": 0.19548403711135634,
            "tau_int": 1210.486743759471,
            "dtau_int": 573.1256392841593
          }
        },
        "n_skipped": 0,
        "step_size": 0
      },
      {
        "acc_rate": 0.00068,
        "n_steps": 25000,
        "obs_stats": {
          "Q": {
            "mean": 0.05776230990886688,
            "error": 0.2904968243606501,
            "tau_int": 2177.98031613551,
            "dtau_int": 939.7438565519835
          },
          "Chi_t": {
            "mean": 0.4210568368434906,
            "error": 0.23445832192627425,
            "tau_int": 2076.276933150951,
            "dtau_int": 919.6841402681968
          }
        },
        "n_skipped": 0,
        "step_size": 0
      }
    ],
    [
      {
        "acc_rate": 0.000925,
        "n_steps": 40000,
        "obs_stats": {
          "Q": {
            "mean": 0.2857321500778198,
            "error": 0.1879521357978256,
            "tau_int": 1042.1586237975032,
            "dtau_int": 447.44755689753964
          },
          "Chi_t": {
            "mean": 0.7286932468414307,
            "error": 0.1352124877387939,
            "tau_int": 714.0748122286074,
            "dtau_int": 279.1716003257738
          }
        },
        "n_skipped": 0,
        "step_size": 0
      },
      {
        "acc_rate": 0.00055,
        "n_steps": 40000,
        "obs_stats": {
          "Q": {
            "mean": 0.06302657723426819,
            "error": 0.09581098676566578,
            "tau_int": 668.5723884476746,
            "dtau_int": 256.7670067217322
          },
          "Chi_t": {
            "mean": 0.27028176188468933,
            "error": 0.1799202360250674,
            "tau_int": 1030.654222525681,
            "dtau_int": 441.4872837499233
          }
        },
        "n_skipped": 0,
        "step_size": 0
      },
      {
        "acc_rate": 0.000675,
        "n_steps": 40000,
        "obs_stats": {
          "Q": {
            "mean": 0.34488362073898315,
            "error": 0.2543012011079256,
            "tau_int": 3648.025362445004,
            "dtau_int": 1521.9385838949736
          },
          "Chi_t": {
            "mean": 0.42253556847572327,
            "error": 0.2199991434537151,
            "tau_int": 2872.592650824943,
            "dtau_int": 1335.6664360694888
          }
        },
        "n_skipped": 0,
        "step_size": 0
      }
    ],
    [
      {
        "acc_rate": 0.00022,
        "n_steps": 50000,
        "obs_stats": {
          "Q": {
            "mean": -0.30822616815567017,
            "error": 0.3058649702170264,
            "tau_int": 2951.880866901384,
            "dtau_int": 1403.475946576195
          },
          "Chi_t": {
            "mean": 0.8113162517547607,
            "error": 0.36236860481431055,
            "tau_int": 2592.1657497896645,
            "dtau_int": 1231.73229255827
          }
        },
        "n_skipped": 0,
        "step_size": 0
      },
      {
        "acc_rate": 0.00124,
        "n_steps": 50000,
        "obs_stats": {
          "Q": {
            "mean": -0.0670013427734375,
            "error": 0.08805705265083329,
            "tau_int": 1060.1977462614627,
            "dtau_int": 433.55156432658765
          },
          "Chi_t": {
            "mean": 0.18044361472129822,
            "error": 0.15562441634727048,
            "tau_int": 1965.852054857078,
            "dtau_int": 910.3744440967233
          }
        },
        "n_skipped": 0,
        "step_size": 0
      },
      {
        "acc_rate": 0.0008,
        "n_steps": 50000,
        "obs_stats": {
          "Q": {
            "mean": 0.05562111362814903,
            "error": 0.0551574951018141,
            "tau_int": 380.0593612513387,
            "dtau_int": 114.29432088726784
          },
          "Chi_t": {
            "mean": 0.2003440111875534,
            "error": 0.10697504936173703,
            "tau_int": 756.4119773473437,
            "dtau_int": 282.3857524497756
          }
        },
        "n_skipped": 0,
        "step_size": 0
      }
    ],
    [
      {
        "acc_rate": 0.0007466666666666666,
        "n_steps": 75000,
        "obs_stats": {
          "Q": {
            "mean": -0.37759169936180115,
            "error": 0.15972013960775974,
            "tau_int": 2305.6977260075782,
            "dtau_int": 1024.636662771169
          },
          "Chi_t": {
            "mean": 0.5354871153831482,
            "error": 0.17520439823079414,
            "tau_int": 3026.6300113228617,
            "dtau_int": 1406.4636398471691
          }
        },
        "n_skipped": 0,
        "step_size": 0
      },
      {
        "acc_rate": 0.0002,
        "n_steps": 75000,
        "obs_stats": {
          "Q": {
            "mean": -0.3813784122467041,
            "error": 0.2336853975783885,
            "tau_int": 7025.554439609488,
            "dtau_int": 2860.8126753656557
          },
          "Chi_t": {
            "mean": 0.3939385712146759,
            "error": 0.23580647226220236,
            "tau_int": 7380.728893578447,
            "dtau_int": 2835.7412336708985
          }
        },
        "n_skipped": 0,
        "step_size": 0
      },
      {
        "acc_rate": 0.0004,
        "n_steps": 75000,
        "obs_stats": {
          "Q": {
            "mean": -0.35137802362442017,
            "error": 0.2077100284273366,
            "tau_int": 3203.122293264134,
            "dtau_int": 1498.829868897368
          },
          "Chi_t": {
            "mean": 0.5924478769302368,
            "error": 0.2117786073616341,
            "tau_int": 6029.910113891232,
            "dtau_int": 2709.44212619409
          }
        },
        "n_skipped": 0,
        "step_size": 0
      }
    ],
    [
      {
        "acc_rate": 0.00066,
        "n_steps": 100000,
        "obs_stats": {
          "Q": {
            "mean": -0.42991429567337036,
            "error": 0.24631545003981356,
            "tau_int": 6696.616676945,
            "dtau_int": 3151.23703062617
          },
          "Chi_t": {
            "mean": 0.5890758633613586,
            "error": 0.18283198457097538,
            "tau_int": 5663.30916240097,
            "dtau_int": 2694.7468612033476
          }
        },
        "n_skipped": 0,
        "step_size": 0
      },
      {
        "acc_rate": 0.00111,
        "n_steps": 100000,
        "obs_stats": {
          "Q": {
            "mean": 0.16419164836406708,
            "error": 0.1789726205494744,
            "tau_int": 1892.3079983668156,
            "dtau_int": 751.3422110478056
          },
          "Chi_t": {
            "mean": 0.8446184396743774,
            "error": 0.18414192641712174,
            "tau_int": 1170.080995663309,
            "dtau_int": 404.54686273876774
          }
        },
        "n_skipped": 0,