{
  "observables": [
    "Chi_t"
  ],
  "n_samples": [
    25000,
    40000,
    50000,
    75000,
    100000,
    125000,
    150000,
    175000,
    200000,
    225000,
    250000
  ],
  "nip": {},
  "nmcmc": [
    [
      {
        "acc_rate": 0.43756,
        "n_steps": 25000,
        "obs_stats": {
          "Q": {
            "mean": 0.012120484374463558,
            "error": 0.012016360137879828,
            "tau_int": 2.916384063912118,
            "dtau_int": 0.16736869457642126
          },
          "Chi_t": {
            "mean": 0.6188647747039795,
            "error": 0.01447273633462128,
            "tau_int": 3.2920128578014642,
            "dtau_int": 0.19623876355888525
          }
        },
        "n_skipped": 0,
        "step_size": 0
      },
      {
        "acc_rate": 0.4506,
        "n_steps": 25000,
        "obs_stats": {
          "Q": {
            "mean": -0.028841152787208557,
            "error": 0.013363478169635857,
            "tau_int": 3.421653555211015,
            "dtau_int": 0.2079251658097393
          },
          "Chi_t": {
            "mean": 0.6530261039733887,
            "error": 0.016470575145482357,
            "tau_int": 3.8358175754081563,
            "dtau_int": 0.2458047884170283
          }
        },
        "n_skipped": 0,
        "step_size": 0
      },
      {
        "acc_rate": 0.44772,
        "n_steps": 25000,
        "obs_stats": {
          "Q": {
            "mean": 0.007680307142436504,
            "error": 0.011338028306503215,
            "tau_int": 2.657073843478883,
            "dtau_int": 0.14589703790351272
          },
          "Chi_t": {
            "mean": 0.6046642065048218,
            "error": 0.012023054192265209,
            "tau_int": 2.404741190543662,
            "dtau_int": 0.12576936258353313
          }
        },
        "n_skipped": 0,
        "step_size": 0
      }
    ],
    [
      {
        "acc_rate": 0.4451,
        "n_steps": 40000,
        "obs_stats": {
          "Q": {
            "mean": -0.010025250725448132,
            "error": 0.009437256301397755,
            "tau_int": 2.8928180294415045,
            "dtau_int": 0.13447006320956054
          },
          "Chi_t": {
            "mean": 0.6157404184341431,
            "error": 0.00977936405025664,
            "tau_int": 2.5110137518796187,
            "dtau_int": 0.10942219184679204
          }
        },
        "n_skipped": 0,
        "step_size": 0
      },
      {
        "acc_rate": 0.4438,
        "n_steps": 40000,
        "obs_stats": {
          "Q": {
            "mean": -0.014875371940433979,
            "error": 0.008935207725790928,
            "tau_int": 2.6525837864207795,
            "dtau_int": 0.11817524955569855
          },
          "Chi_t": {
            "mean": 0.602090060710907,
            "error": 0.009382593198144914,
            "tau_int": 2.3760719183753776,
            "dtau_int": 0.10115588999328112
          }
        },
        "n_skipped": 0,
        "step_size": 0
      },
      {
        "acc_rate": 0.4593,
        "n_steps": 40000,
        "obs_stats": {
          "Q": {
            "mean": 0.007800194900482893,
            "error": 0.009361382314875587,
            "tau_int": 2.8189588825162577,
            "dtau_int": 0.12819773999772494
          },
          "Chi_t": {
            "mean": 0.6217155456542969,
            "error": 0.009259409376960402,
            "tau_int": 2.285084488722987,
            "dtau_int": 0.0948113081704677
          }
        },
        "n_skipped": 0,
        "step_size": 0
      }
    ],
    [
      {
        "acc_rate": 0.45172,
        "n_steps": 50000,
        "obs_stats": {
          "Q": {
            "mean": 0.0042200842872262,
            "error": 0.008115129672366259,
            "tau_int": 2.618738937175606,
            "dtau_int": 0.10443919271304214
          },
          "Chi_t": {
            "mean": 0.6286325454711914,
            "error": 0.009572951221149645,
            "tau_int": 2.847659104849354,
            "dtau_int": 0.11851948696732474
          }
        },
        "n_skipped": 0,
        "step_size": 0
      },
      {
        "acc_rate": 0.45024,
        "n_steps": 50000,
        "obs_stats": {
          "Q": {
            "mean": -0.005280105397105217,
            "error": 0.008307292836638903,
            "tau_int": 2.791234264195643,
            "dtau_int": 0.11361161458344833
          },
          "Chi_t": {
            "mean": 0.6180523633956909,
            "error": 0.009213557830443317,
            "tau_int": 2.7418620859911615,
            "dtau_int": 0.11173497579349198
          }
        },
        "n_skipped": 0,
        "step_size": 0
      },
      {
        "acc_rate": 0.44852,
        "n_steps": 50000,
        "obs_stats": {
          "Q": {
            "mean": -0.009600192308425903,
            "error": 0.008027228805496245,
            "tau_int": 2.6007715712272237,
            "dtau_int": 0.1037694857446702
          },
          "Chi_t": {
            "mean": 0.619412362575531,
            "error": 0.008814033580760975,
            "tau_int": 2.4840986644850456,
            "dtau_int": 0.09688948232756017
          }
        },
        "n_skipped": 0,
        "step_size": 0
      }
    ],
    [
      {
        "acc_rate": 0.43965333333333334,
        "n_steps": 75000,
        "obs_stats": {
          "Q": {
            "mean": 0.0050667342729866505,
            "error": 0.007247500411009258,
            "tau_int": 3.1524995063535566,
            "dtau_int": 0.11360160785341916
          },
          "Chi_t": {
            "mean": 0.6247816681861877,
            "error": 0.008170591584857584,
            "tau_int": 3.1547254104926963,
            "dtau_int": 0.1136766225739629
          }
        },
        "n_skipped": 0,
        "step_size": 0
      },
      {
        "acc_rate": 0.4510533333333333,
        "n_steps": 75000,
        "obs_stats": {
          "Q": {
            "mean": -0.005666742101311684,
            "error": 0.007098102373125495,
            "tau_int": 3.008694205060854,
            "dtau_int": 0.1064961451769613
          },
          "Chi_t": {
            "mean": 0.6279417276382446,
            "error": 0.007524232782351483,
            "tau_int": 2.730986098680729,
            "dtau_int": 0.09305530290231498
          }
        },
        "n_skipped": 0,
        "step_size": 0
      },
      {
        "acc_rate": 0.4444133333333333,
        "n_steps": 75000,
        "obs_stats": {
          "Q": {
            "mean": 0.001306684105657041,
            "error": 0.007182384320225412,
            "tau_int": 3.1121965648893637,
            "dtau_int": 0.11224205806291139
          },
          "Chi_t": {
            "mean": 0.6215282678604126,
            "error": 0.0073522979362473494,
            "tau_int": 2.6551557089997155,
            "dtau_int": 0.0885302278349691
          }
        },
        "n_skipped": 0,
        "step_size": 0
      }
    ],
    [
      {
        "acc_rate": 0.44179,
        "n_steps": 100000,
        "obs_stats": {
          "Q": {
            "mean": 0.009010090492665768,
            "error": 0.006130010873279575,
            "tau_int": 3.0407115297040583,
            "dtau_int": 0.09511068237863096
          },
          "Chi_t": {
            "mean": 0.6179361939430237,
            "error": 0.0074036431037822585,
            "tau_int": 3.4997178666184863,
            "dtau_int": 0.11712413742327331
          }
        },
        "n_skipped": 0,
        "step_size": 0
      },
      {
        "acc_rate": 0.44821,
        "n_steps": 100000,
        "obs_stats": {
          "Q": {
            "mean": 0.0008700087200850248,
            "error": 0.006035286536905256,
            "tau_int": 2.941278865732959,
            "dtau_int": 0.09029095057078657
          },
          "Chi_t": {
            "mean": 0.6191561818122864,
            "error": 0.006527990748695146,
            "tau_int": 2.7724518051078535,