{
  "observables": [
    "Chi_t"
  ],
  "n_samples": [
    25000,
    40000,
    50000,
    75000,
    100000,
    125000,
    150000,
    175000,
    200000,
    225000,
    250000,
    80000,
    300000,
    350000
  ],
  "nip": [],
  "nmcmc": [
    {
      "acc_rate": 0.05776,
      "n_steps": 25000.0,
      "obs_stats": {
        "Q": {
          "mean": 0.09896396100521088,
          "error": 0.1704201029511275,
          "tau_int": 539.1287251518996,
          "dtau_int": 221.44094805329166
        },
        "Chi_t": {
          "mean": 0.657386302947998,
          "error": 0.04634231293548451,
          "tau_int": 55.501965202908885,
          "dtau_int": 10.647290434449326
        }
      },
      "n_skipped": 0.0,
      "step_size": 0.0
    },
    {
      "acc_rate": 0.043475,
      "n_steps": 40000.0,
      "obs_stats": {
        "Q": {
          "mean": 0.16195404529571533,
          "error": 0.09521068977895444,
          "tau_int": 406.938804752224,
          "dtau_int": 134.6954279602385
        },
        "Chi_t": {
          "mean": 0.4633115828037262,
          "error": 0.0763178224590031,
          "tau_int": 260.1938694335161,
          "dtau_int": 74.2043749858408
        }
      },
      "n_skipped": 0.0,
      "step_size": 0.0
    },
    [
      {
        "acc_rate": 0.0427,
        "n_steps": 50000,
        "obs_stats": {
          "Q": {
            "mean": -0.07327999919652939,
            "error": 0.20592336659890778,
            "tau_int": 1555.4617076220443,
            "dtau_int": 692.8408899098522
          },
          "Chi_t": {
            "mean": 0.6503999829292297,
            "error": 0.06025392505602888,
            "tau_int": 207.56446241072155,
            "dtau_int": 50.43211773049961
          }
        },
        "n_skipped": 0,
        "step_size": 0
      },
      {
        "acc_rate": 0.01716,
        "n_steps": 50000,
        "obs_stats": {
          "Q": {
            "mean": 0.0013800000306218863,
            "error": 0.007708751320769032,
            "tau_int": 21.93861385673632,
            "dtau_int": 2.1812003740825125
          },
          "Chi_t": {
            "mean": 0.06765999644994736,
            "error": 0.02557650574681481,
            "tau_int": 117.18128037096773,
            "dtau_int": 22.94644585336879
          }
        },
        "n_skipped": 0,
        "step_size": 0
      },
      {
        "acc_rate": 0.01778,
        "n_steps": 50000,
        "obs_stats": {
          "Q": {
            "mean": -0.015699999406933784,
            "error": 0.05427597313778674,
            "tau_int": 383.1980792486135,
            "dtau_int": 115.5862578069118
          },
          "Chi_t": {
            "mean": 0.1896599978208542,
            "error": 0.10460173856657004,
            "tau_int": 1520.260510831889,
            "dtau_int": 674.1788185677809
          }
        },
        "n_skipped": 0,
        "step_size": 0
      }
    ],
    {
      "acc_rate": 0.05806666666666667,
      "n_steps": 75000.0,
      "obs_stats": {
        "Q": {
          "mean": -0.007386764977127314,
          "error": 0.09165706940524722,
          "tau_int": 597.5398068091283,
          "dtau_int": 182.5505671338523
        },
        "Chi_t": {
          "mean": 0.5193669199943542,
          "error": 0.039108566607303524,
          "tau_int": 123.67052710145478,
          "dtau_int": 21.10070482705087
        }
      },
      "n_skipped": 0.0,
      "step_size": 0.0
    },
    [
      {
        "acc_rate": 0.03327,
        "n_steps": 100000,
        "obs_stats": {
          "Q": {
            "mean": 0.10465999692678452,
            "error": 0.1535761764535598,
            "tau_int": 2335.1244463666135,
            "dtau_int": 977.5641502394863
          },
          "Chi_t": {
            "mean": 0.49518001079559326,
            "error": 0.13166733226584892,
            "tau_int": 2285.386406208047,
            "dtau_int": 951.7874213648073
          }
        },
        "n_skipped": 0,
        "step_size": 0
      },
      {
        "acc_rate": 0.03819,
        "n_steps": 100000,
        "obs_stats": {
          "Q": {
            "mean": 0.04721999913454056,
            "error": 0.04602541179684349,
            "tau_int": 273.7063916529205,
            "dtau_int": 56.88336912263304
          },
          "Chi_t": {
            "mean": 0.3871400058269501,
            "error": 0.06204943378243866,
            "tau_int": 360.31913161418413,
            "dtau_int": 83.05120306282718
          }
        },
        "n_skipped": 0,
        "step_size": 0
      },
      {
        "acc_rate": 0.05687,
        "n_steps": 100000,
        "obs_stats": {
          "Q": {
            "mean": 0.0866599977016449,
            "error": 0.06404659865628103,
            "tau_int": 367.4833929883322,
            "dtau_int": 85.33266998161136
          },
          "Chi_t": {
            "mean": 0.5616599917411804,
            "error": 0.04276916865007677,
            "tau_int": 172.2172425495919,
            "dtau_int": 29.894110824750022
          }
        },
        "n_skipped": 0,
        "step_size": 0
      }
    ],
    {
      "acc_rate": 0.043976,
      "n_steps": 125000.0,
      "obs_stats": {
        "Q": {
          "mean": 0.05654445290565491,
          "error": 0.10761863413488944,
          "tau_int": 1164.2100662773935,
          "dtau_int": 374.4236143647247
        },
        "Chi_t": {
          "mean": 0.6141329407691956,
          "error": 0.18473832915801264,
          "tau_int": 2105.947784366198,
          "dtau_int": 810.313471771848
        }
      },
      "n_skipped": 0.0,
      "step_size": 0.0
    },
    [
      {
        "acc_rate": 0.034486666666666665,
        "n_steps": 150000,
        "obs_stats": {
          "Q": {
            "mean": -0.05631333217024803,
            "error": 0.03479247365626553,
            "tau_int": 358.9944143972552,
            "dtau_int": 70.84735951237816
          },
          "Chi_t": {
            "mean": 0.254886656999588,
            "error": 0.08707052034277021,
            "tau_int": 2009.0003860029744,
            "dtau_int": 723.6492353575084
          }
        },
        "n_skipped": 0,
        "step_size": 0
      },
      {
        "acc_rate": 0.04228,
        "n_steps": 150000,
        "obs_stats": {
          "Q": {
            "mean": 0.020239999517798424,
            "error": 0.09183186322253226,
            "tau_int": 1320.9441729399498,
            "dtau_int": 417.1371216768073
          },
          "Chi_t": {
            "mean": 0.4713200032711029,
            "error": 0.05788035472741836,
            "tau_int": 617.1552116473448,
            "dtau_int": 149.39218213307512
          }
        },
        "n_skipped": 0,
        "step_size": 0
      },
      {
        "acc_rate": 0.04392,
        "n_steps": 150000,
        "obs_stats": {
          "Q": {
            "mean": 0.14887332916259766,
            "error": 0.1293596315220252,
            "tau_int": 2208.741380062649,
            "dtau_int": 818.0305516670556
          },
          "Chi_t": {
            "mean": 0.5751399993896484,
            "error": 0.04374505445693467,
            "tau_int": 373.61880654400085,
            "dtau_int": 74.87010630060296
          }
        },
        "n_skipped": 0,
        "step_size": 0
      }
    ],
    {
      "acc_rate": 0.04923428571428572,
      "n_steps": 175000.0,
      "obs_stats": {
        "Q": {
          "mean": -0.07545185834169388,
          "error": 0.06423295980926479,
          "tau_int": 593.145712882127,
          "dtau_int": 133.62408570662868
        },
        "Chi_t": {
          "mean": 0.6103349328041077,
          "error": 0.03020140364283647,
          "tau_int": 148.618258825121,
          "dtau_int": 19.379221674572292
        }
      },
      "n_skipped": 0.0,
      "step_size": 0.0
    },
    [
      {
        "acc_rate": 0.050675,
        "n_steps": 200000,