{
  "observables": [
    "Chi_t"
  ],
  "n_samples": [
    50000,
    80000,
    100000
  ],
  "nip": [],
  "nmcmc": [
    [
      {
        "acc_rate": 0.73272,
        "n_steps": 50000,
        "obs_stats": {
          "Q": {
            "mean": -0.00570000009611249,
            "error": 0.004848439386828713,
            "tau_int": 0.9020047577936829,
            "dtau_int": 0.022238389393586175
          },
          "Chi_t": {
            "mean": 0.6515399813652039,
            "error": 0.005210202488061405,
            "tau_int": 0.8246286496287174,
            "dtau_int": 0.01905641174659903
          }
        },
        "n_skipped": 0,
        "step_size": 0
      },
      {
        "acc_rate": 0.73512,
        "n_steps": 50000,
        "obs_stats": {
          "Q": {
            "mean": -0.0004199999966658652,
            "error": 0.004919778196022702,
            "tau_int": 0.9331653058703564,
            "dtau_int": 0.022959408780481375
          },
          "Chi_t": {
            "mean": 0.648419976234436,
            "error": 0.005372806347465306,
            "tau_int": 0.8625882501191966,
            "dtau_int": 0.021321690455211803
          }
        },
        "n_skipped": 0,
        "step_size": 0
      },
      {
        "acc_rate": 0.73616,
        "n_steps": 50000,
        "obs_stats": {
          "Q": {
            "mean": 0.001500000013038516,
            "error": 0.004827416681128574,
            "tau_int": 0.8995150478525018,
            "dtau_int": 0.02218064026129371
          },
          "Chi_t": {
            "mean": 0.6476600170135498,
            "error": 0.00533224071357225,
            "tau_int": 0.8479252018630332,
            "dtau_int": 0.019560551661636325
          }
        },
        "n_skipped": 0,
        "step_size": 0
      }
    ],
    [
      {
        "acc_rate": 0.7373625,
        "n_steps": 80000,
        "obs_stats": {
          "Q": {
            "mean": -0.001312499982304871,
            "error": 0.0038489007020911297,
            "tau_int": 0.90848739617749,
            "dtau_int": 0.017699788113974123
          },
          "Chi_t": {
            "mean": 0.6522374749183655,
            "error": 0.004236557969221034,
            "tau_int": 0.8567863131062812,
            "dtau_int": 0.016749256102528712
          }
        },
        "n_skipped": 0,
        "step_size": 0
      },
      {
        "acc_rate": 0.739825,
        "n_steps": 80000,
        "obs_stats": {
          "Q": {
            "mean": -0.004749999847263098,
            "error": 0.0037946461885291936,
            "tau_int": 0.8885165132089154,
            "dtau_int": 0.0173334559278452
          },
          "Chi_t": {
            "mean": 0.6482499837875366,
            "error": 0.004268432922567379,
            "tau_int": 0.8769502443847603,
            "dtau_int": 0.017120810992067106
          }
        },
        "n_skipped": 0,
        "step_size": 0
      },
      {
        "acc_rate": 0.7367875,
        "n_steps": 80000,
        "obs_stats": {
          "Q": {
            "mean": -0.003074999898672104,
            "error": 0.003992002541095916,
            "tau_int": 0.9721844569504006,
            "dtau_int": 0.02007486227978148
          },
          "Chi_t": {
            "mean": 0.6556749939918518,
            "error": 0.004344895333593265,
            "tau_int": 0.8745596276242533,
            "dtau_int": 0.01707681572428348
          }
        },
        "n_skipped": 0,
        "step_size": 0
      }
    ],
    [
      {
        "acc_rate": 0.73462,
        "n_steps": 100000,
        "obs_stats": {
          "Q": {
            "mean": -0.007329999934881926,
            "error": 0.003473857914141115,
            "tau_int": 0.9341354240228323,
            "dtau_int": 0.017291212149145814
          },
          "Chi_t": {
            "mean": 0.6459699869155884,
            "error": 0.0038393590868504505,
            "tau_int": 0.8826039650226627,
            "dtau_int": 0.015406327923364672
          }
        },
        "n_skipped": 0,
        "step_size": 0
      },
      {
        "acc_rate": 0.73953,
        "n_steps": 100000,
        "obs_stats": {
          "Q": {
            "mean": 0.006690000183880329,
            "error": 0.0033613185131001503,
            "tau_int": 0.8673822623611156,
            "dtau_int": 0.015155744965704895
          },
          "Chi_t": {
            "mean": 0.6513299942016602,
            "error": 0.003777984930458666,
            "tau_int": 0.8406333184749384,
            "dtau_int": 0.014714077038743884
          }
        },
        "n_skipped": 0,
        "step_size": 0
      },
      {
        "acc_rate": 0.7366,
        "n_steps": 100000,
        "obs_stats": {
          "Q": {
            "mean": 0.0014199999859556556,
            "error": 0.0034363588711001716,
            "tau_int": 0.9073324144963861,
            "dtau_int": 0.01581224792785637
          },
          "Chi_t": {
            "mean": 0.6507200002670288,
            "error": 0.0038586838779367983,
            "tau_int": 0.8759954898146414,
            "dtau_int": 0.015297604834042595
          }
        },
        "n_skipped": 0,
        "step_size": 0
      }
    ]
  ],
  "exact_sus": 0.6500977944017748
}