{
  "observables": [
    "Chi_t"
  ],
  "n_samples": [
    50000,
    80000,
    100000,
    150000,
    200000,
    250000,
    300000,
    400000
  ],
  "nip": [],
  "nmcmc": [
    [
      {
        "acc_rate": 0.1621,
        "n_steps": 50000,
        "obs_stats": {
          "Q": {
            "mean": 0.03976000100374222,
            "error": 0.01456122500345208,
            "tau_int": 11.556733253748883,
            "dtau_int": 0.8767487588693424
          },
          "Chi_t": {
            "mean": 0.46004000306129456,
            "error": 0.026845254650324918,
            "tau_int": 30.516163971118353,
            "dtau_int": 3.473847690534583
          }
        },
        "n_skipped": 0,
        "step_size": 0
      },
      {
        "acc_rate": 0.1965,
        "n_steps": 50000,
        "obs_stats": {
          "Q": {
            "mean": 0.027939999476075172,
            "error": 0.02897156666975541,
            "tau_int": 34.01204996973509,
            "dtau_int": 4.0528659417013335
          },
          "Chi_t": {
            "mean": 0.6169000267982483,
            "error": 0.019902338357565885,
            "tau_int": 13.57988688803889,
            "dtau_int": 1.0993511060715817
          }
        },
        "n_skipped": 0,
        "step_size": 0
      },
      {
        "acc_rate": 0.2005,
        "n_steps": 50000,
        "obs_stats": {
          "Q": {
            "mean": -0.027219999581575394,
            "error": 0.021160351485099527,
            "tau_int": 18.258511849247476,
            "dtau_int": 1.6753434862261438
          },
          "Chi_t": {
            "mean": 0.6133800148963928,
            "error": 0.018230970781483977,
            "tau_int": 10.865170130889986,
            "dtau_int": 0.7992207033543485
          }
        },
        "n_skipped": 0,
        "step_size": 0
      }
    ],
    [
      {
        "acc_rate": 0.2115625,
        "n_steps": 80000,
        "obs_stats": {
          "Q": {
            "mean": 0.025212500244379044,
            "error": 0.014441832704549901,
            "tau_int": 13.814985979068434,
            "dtau_int": 0.9199422607878529
          },
          "Chi_t": {
            "mean": 0.6043124794960022,
            "error": 0.014012304930151495,
            "tau_int": 11.056769043078397,
            "dtau_int": 0.6700220994785653
          }
        },
        "n_skipped": 0,
        "step_size": 0
      },
      {
        "acc_rate": 0.20255,
        "n_steps": 80000,
        "obs_stats": {
          "Q": {
            "mean": 0.020262500271201134,
            "error": 0.017236621406094985,
            "tau_int": 19.433518758608187,
            "dtau_int": 1.4994472969232233
          },
          "Chi_t": {
            "mean": 0.6116374731063843,
            "error": 0.019157911579106606,
            "tau_int": 19.91720034854431,
            "dtau_int": 1.5529210035996668
          }
        },
        "n_skipped": 0,
        "step_size": 0
      },
      {
        "acc_rate": 0.1916375,
        "n_steps": 80000,
        "obs_stats": {
          "Q": {
            "mean": 0.047474998980760574,
            "error": 0.03456640080682095,
            "tau_int": 75.8021165405511,
            "dtau_int": 10.34772307187765
          },
          "Chi_t": {
            "mean": 0.6315749883651733,
            "error": 0.017376305074996025,
            "tau_int": 18.174161799166942,
            "dtau_int": 1.36200664470447
          }
        },
        "n_skipped": 0,
        "step_size": 0
      }
    ],
    [
      {
        "acc_rate": 0.18843,
        "n_steps": 100000,
        "obs_stats": {
          "Q": {
            "mean": -0.11231999844312668,
            "error": 0.09566819400188116,
            "tau_int": 602.9603029758284,
            "dtau_int": 167.42502853746922
          },
          "Chi_t": {
            "mean": 0.7628600001335144,
            "error": 0.20149216663878936,
            "tau_int": 1474.3624048344834,
            "dtau_int": 546.2816205381004
          }
        },
        "n_skipped": 0,
        "step_size": 0
      },
      {
        "acc_rate": 0.20241,
        "n_steps": 100000,
        "obs_stats": {
          "Q": {
            "mean": 0.0041600000113248825,
            "error": 0.015515712847440133,
            "tau_int": 19.20850033279612,
            "dtau_int": 1.337946161799279
          },
          "Chi_t": {
            "mean": 0.6264200210571289,
            "error": 0.02234182642545134,
            "tau_int": 32.43492524470071,
            "dtau_int": 2.8280954128061833
          }
        },
        "n_skipped": 0,
        "step_size": 0
      },
      {
        "acc_rate": 0.20716,
        "n_steps": 100000,
        "obs_stats": {
          "Q": {
            "mean": -0.003100000089034438,
            "error": 0.012527725790208524,
            "tau_int": 13.42302751918781,
            "dtau_int": 0.8012410662110067
          },
          "Chi_t": {
            "mean": 0.5844600200653076,
            "error": 0.014101481799540766,
            "tau_int": 13.96382204407123,
            "dtau_int": 0.8495522218516712
          }
        },
        "n_skipped": 0,
        "step_size": 0
      }
    ],
    [
      {
        "acc_rate": 0.19545333333333334,
        "n_steps": 150000,
        "obs_stats": {
          "Q": {
            "mean": -0.030939999967813492,
            "error": 0.016740167104762626,
            "tau_int": 34.29175229862283,
            "dtau_int": 2.573531455424587
          },
          "Chi_t": {
            "mean": 0.6135799884796143,
            "error": 0.010730285025710702,
            "tau_int": 12.497460450128818,
            "dtau_int": 0.6054157844275047
          }
        },
        "n_skipped": 0,
        "step_size": 0
      },
      {
        "acc_rate": 0.20523333333333332,
        "n_steps": 150000,
        "obs_stats": {
          "Q": {
            "mean": 0.00679333321750164,
            "error": 0.012681947722847742,
            "tau_int": 20.440065091887213,
            "dtau_int": 1.2266761138424946
          },
          "Chi_t": {
            "mean": 0.5900200009346008,
            "error": 0.012134809051273036,
            "tau_int": 15.89974958825199,
            "dtau_int": 0.8556380000825322
          }
        },
        "n_skipped": 0,
        "step_size": 0
      },
      {
        "acc_rate": 0.20393333333333333,
        "n_steps": 150000,
        "obs_stats": {
          "Q": {
            "mean": -0.01852666586637497,
            "error": 0.010944550203825006,
            "tau_int": 15.193118204319887,
            "dtau_int": 0.801286386140675
          },
          "Chi_t": {
            "mean": 0.5915266871452332,
            "error": 0.011452156063991002,
            "tau_int": 13.871384650473013,
            "dtau_int": 0.7041368272778777
          }
        },
        "n_skipped": 0,
        "step_size": 0
      }
    ],
    [
      {
        "acc_rate": 0.198245,
        "n_steps": 200000,
        "obs_stats": {
          "Q": {
            "mean": 0.008019999600946903,
            "error": 0.010530661472644679,
            "tau_int": 18.82999770275657,
            "dtau_int": 0.9626163064557205
          },
          "Chi_t": {
            "mean": 0.5888800024986267,
            "error": 0.009203260858428918,
            "tau_int": 12.445909839412943,
            "dtau_int": 0.5311184374451972
          }
        },
        "n_skipped": 0,
        "step_size": 0
      },
      {
        "acc_rate": 0.19501,
        "n_steps": 200000,
        "obs_stats": {
          "Q": {
            "mean": -0.013635000213980675,
            "error": 0.011687231774988031,
            "tau_int": 23.28108025952604,
            "dtau_int": 1.3054809228589996
          },
          "Chi_t": {
            "mean": 0.5867549777030945,
            "error": 0.011466996173974668,
            "tau_int": 18.573239272083523,
            "dtau_int": 0.9431357060264339
          }
        },