{
  "observables": [
    "Chi_t"
  ],
  "n_samples": [
    50000,
    80000,
    100000
  ],
  "nip": [],
  "nmcmc": [
    [
      {
        "acc_rate": 0.50002,
        "n_steps": 50000,
        "obs_stats": {
          "Q": {
            "mean": -0.007120000198483467,
            "error": 0.00707586574209911,
            "tau_int": 2.0463287607793075,
            "dtau_int": 0.07424236696460285
          },
          "Chi_t": {
            "mean": 0.6116799712181091,
            "error": 0.007390006489162173,
            "tau_int": 1.8245370866782977,
            "dtau_int": 0.06251634708130625
          }
        },
        "n_skipped": 0,
        "step_size": 0
      },
      {
        "acc_rate": 0.49984,
        "n_steps": 50000,
        "obs_stats": {
          "Q": {
            "mean": -0.00558000011369586,
            "error": 0.008111122273003372,
            "tau_int": 2.6305407780028,
            "dtau_int": 0.10487767610962069
          },
          "Chi_t": {
            "mean": 0.625220000743866,
            "error": 0.00973872486648466,
            "tau_int": 2.9885871466393192,
            "dtau_int": 0.12682716779658068
          }
        },
        "n_skipped": 0,
        "step_size": 0
      },
      {
        "acc_rate": 0.49698,
        "n_steps": 50000,
        "obs_stats": {
          "Q": {
            "mean": 0.008659999817609787,
            "error": 0.007731046040810178,
            "tau_int": 2.362770021136349,
            "dtau_int": 0.09000195129734692
          },
          "Chi_t": {
            "mean": 0.632420003414154,
            "error": 0.009121062210018415,
            "tau_int": 2.5884550748849398,
            "dtau_int": 0.10330898728590462
          }
        },
        "n_skipped": 0,
        "step_size": 0
      }
    ],
    [
      {
        "acc_rate": 0.4934625,
        "n_steps": 80000,
        "obs_stats": {
          "Q": {
            "mean": -0.013087499886751175,
            "error": 0.005950764169585915,
            "tau_int": 2.3751163325521145,
            "dtau_int": 0.07344619296346083
          },
          "Chi_t": {
            "mean": 0.596512496471405,
            "error": 0.006320960334744239,
            "tau_int": 2.1314055939348435,
            "dtau_int": 0.06281067205076453
          }
        },
        "n_skipped": 0,
        "step_size": 0
      },
      {
        "acc_rate": 0.4952625,
        "n_steps": 80000,
        "obs_stats": {
          "Q": {
            "mean": -0.007362499833106995,
            "error": 0.0062400907155658325,
            "tau_int": 2.5050153819921754,
            "dtau_int": 0.07920560878070981
          },
          "Chi_t": {
            "mean": 0.6217874884605408,
            "error": 0.006315439325140687,
            "tau_int": 2.0220221509522016,
            "dtau_int": 0.058039393892423595
          }
        },
        "n_skipped": 0,
        "step_size": 0
      },
      {
        "acc_rate": 0.4894625,
        "n_steps": 80000,
        "obs_stats": {
          "Q": {
            "mean": 0.024962499737739563,
            "error": 0.006653674055752297,
            "tau_int": 2.8286901519867973,
            "dtau_int": 0.09523765356933374
          },
          "Chi_t": {
            "mean": 0.6266124844551086,
            "error": 0.007312697645119595,
            "tau_int": 2.7672668946520416,
            "dtau_int": 0.09122066270881898
          }
        },
        "n_skipped": 0,
        "step_size": 0
      }
    ],
    [
      {
        "acc_rate": 0.49761,
        "n_steps": 100000,
        "obs_stats": {
          "Q": {
            "mean": 0.0028899998869746923,
            "error": 0.005489990073123677,
            "tau_int": 2.423795762440091,
            "dtau_int": 0.06868577772454422
          },
          "Chi_t": {
            "mean": 0.6217300295829773,
            "error": 0.006234047673869529,
            "tau_int": 2.4586453754684805,
            "dtau_int": 0.06961285161508803
          }
        },
        "n_skipped": 0,
        "step_size": 0
      },
      {
        "acc_rate": 0.49461,
        "n_steps": 100000,
        "obs_stats": {
          "Q": {
            "mean": -0.0012199999764561653,
            "error": 0.005416207543455045,
            "tau_int": 2.368547444590008,
            "dtau_int": 0.06721243665145976
          },
          "Chi_t": {
            "mean": 0.6192399859428406,
            "error": 0.006000947152202815,
            "tau_int": 2.325540641962287,
            "dtau_int": 0.06440439325930053
          }
        },
        "n_skipped": 0,
        "step_size": 0
      },
      {
        "acc_rate": 0.4974,
        "n_steps": 100000,
        "obs_stats": {
          "Q": {
            "mean": -0.001820000004954636,
            "error": 0.005435092345520901,
            "tau_int": 2.395699584527028,
            "dtau_int": 0.0679370736312634
          },
          "Chi_t": {
            "mean": 0.6165000200271606,
            "error": 0.005797379894965351,
            "tau_int": 2.187609116968195,
            "dtau_int": 0.059206889462942974
          }
        },
        "n_skipped": 0,
        "step_size": 0
      }
    ]
  ],
  "exact_sus": 0.6194099585690315
}