{
  "observables": [
    "Chi_t"
  ],
  "n_samples": [
    100000,
    150000,
    250000,
    500000,
    1000000
  ],
  "nip": [
    [
      {
        "obs_stats": {
          "Q": {
            "mean": -0.014579104259610176,
            "error": 0.018932752311229706,
            "error_ess": 0.02188403159379959,
            "ess_q": 0.01005618181079626
          },
          "Chi_t": {
            "mean": 0.48181402683258057,
            "error": 0.019580326974391937,
            "error_ess": 0.020695790648460388,
            "ess_q": 0.01005618181079626
          }
        },
        "entropy": 96241.2734375,
        "std_entropy": 171211840.0,
        "free_energy": -0.24503252667114594,
        "std_free_energy": 0.003862039651721716
      }
    ],
    [
      {
        "obs_stats": {
          "Q": {
            "mean": 0.017776578664779663,
            "error": 0.035523418337106705,
            "error_ess": 0.028313077986240387,
            "ess_q": 0.00437017809599638
          },
          "Chi_t": {
            "mean": 0.5258062481880188,
            "error": 0.04798709601163864,
            "error_ess": 0.029012279585003853,
            "ess_q": 0.00437017809599638
          }
        },
        "entropy": 145978.453125,
        "std_entropy": 480948128.0,
        "free_energy": -0.24532326366192433,
        "std_free_energy": 0.0047971331514418125
      }
    ],
    [
      {
        "obs_stats": {
          "Q": {
            "mean": -0.015111907385289669,
            "error": 0.010092814452946186,
            "error_ess": 0.06092510744929314,
            "ess_q": 0.00044386801891960204
          },
          "Chi_t": {
            "mean": 0.4121233820915222,
            "error": 0.012052107602357864,
            "error_ess": 0.0635918602347374,
            "ess_q": 0.00044386801891960204
          }
        },
        "entropy": 248648.25,
        "std_entropy": 3317478912.0,
        "free_energy": -0.24712348828178138,
        "std_free_energy": 0.011682470329105854
      }
    ],
    [
      {
        "obs_stats": {
          "Q": {
            "mean": -0.009703553281724453,
            "error": 0.013373707421123981,
            "error_ess": 0.013967682607471943,
            "ess_q": 0.0050845094956457615
          },
          "Chi_t": {
            "mean": 0.4960782527923584,
            "error": 0.013771500438451767,
            "error_ess": 0.013324044644832611,
            "ess_q": 0.0050845094956457615
          }
        },
        "entropy": 493738.09375,
        "std_entropy": 2695349760.0,
        "free_energy": -0.24504507009062163,
        "std_free_energy": 0.0024350706953555346
      }
    ],
    [
      {
        "obs_stats": {
          "Q": {
            "mean": -0.018679851666092873,
            "error": 0.03014102205634117,
            "error_ess": 0.0224441085010767,
            "ess_q": 0.0010057619074359536
          },
          "Chi_t": {
            "mean": 0.5069894194602966,
            "error": 0.030607309192419052,
            "error_ess": 0.02186136692762375,
            "ess_q": 0.0010057619074359536
          }
        },
        "entropy": 998150.1875,
        "std_entropy": 17131473920.0,
        "free_energy": -0.24552059010004768,
        "std_free_energy": 0.003879376221448183
      }
    ]
  ],
  "nmcmc": [
    [
      {
        "acc_rate": 0.15211,
        "n_steps": 100000.0,
        "obs_stats": {
          "Q": {
            "mean": -0.07041999697685242,
            "error": 0.06191464531991619,
            "tau_int": 350.7430060001426,
            "dtau_int": 80.03574193829274
          },
          "Chi_t": {
            "mean": 0.5477200150489807,
            "error": 0.03213022796035112,
            "tau_int": 105.92508362718281,
            "dtau_int": 15.122821712100796
          }
        },
        "n_skipped": 0.0,
        "step_size": 0.0
      }
    ],
    [
      {
        "acc_rate": 0.13265333333333335,
        "n_steps": 150000.0,
        "obs_stats": {
          "Q": {
            "mean": 0.22393333911895752,
            "error": 0.10369455058663374,
            "tau_int": 1425.926885462571,
            "dtau_int": 461.6465170699276
          },
          "Chi_t": {
            "mean": 0.6056666374206543,
            "error": 0.03190994840161371,
            "tau_int": 174.00759038122422,
            "dtau_int": 25.770242692311204
          }
        },
        "n_skipped": 0.0,
        "step_size": 0.0
      }
    ],
    [
      {
        "acc_rate": 0.156728,
        "n_steps": 250000.0,
        "obs_stats": {
          "Q": {
            "mean": -0.02104399912059307,
            "error": 0.017134987111338332,
            "tau_int": 79.77544033882036,
            "dtau_int": 6.9011948377821435
          },
          "Chi_t": {
            "mean": 0.46020400524139404,
            "error": 0.015196964109001402,
            "tau_int": 68.42062184725319,
            "dtau_int": 5.5421844241286236
          }
        },
        "n_skipped": 0.0,
        "step_size": 0.0
      }
    ],
    [
      {
        "acc_rate": 0.161232,
        "n_steps": 500000.0,
        "obs_stats": {
          "Q": {
            "mean": -0.02829200029373169,
            "error": 0.015325735583196554,
            "tau_int": 119.0723752376972,
            "dtau_int": 9.083451576795074
          },
          "Chi_t": {
            "mean": 0.4937080144882202,
            "error": 0.03247163077107967,
            "tau_int": 449.70678292996564,
            "dtau_int": 60.02254093279284
          }
        },
        "n_skipped": 0.0,
        "step_size": 0.0
      }
    ],
    [
      {
        "acc_rate": 0.150485,
        "n_steps": 1000000,
        "obs_stats": {
          "Q": {
            "mean": 0.014546999707818031,
            "error": 0.008443594607722772,
            "tau_int": 79.72922551280621,
            "dtau_int": 3.7760716543773083
          },
          "Chi_t": {
            "mean": 0.44724300503730774,
            "error": 0.00918877691794989,
            "tau_int": 92.9220344262299,
            "dtau_int": 4.707316781029749
          }
        },
        "n_skipped": 0,
        "step_size": 0
      }
    ]
  ],
  "exact_sus": 0.4781216108908502
}