{
  "observables": [
    "Chi_t"
  ],
  "n_samples": [
    100000,
    150000,
    250000,
    500000
  ],
  "nip": [
    [
      {
        "obs_stats": {
          "Q": {
            "mean": 0.032518044114112854,
            "error": 0.04136500135064125,
            "error_ess": 0.03147940710186958,
            "ess_q": 0.005149222444742918
          },
          "Chi_t": {
            "mean": 0.5113212466239929,
            "error": 0.04199827089905739,
            "error_ess": 0.02924724668264389,
            "ess_q": 0.005149222444742918
          }
        },
        "entropy": 82080.5546875,
        "std_entropy": 235975648.0,
        "free_energy": -0.1414151821494936,
        "std_free_energy": 0.004914316814392805
      }
    ],
    [
      {
        "obs_stats": {
          "Q": {
            "mean": -0.02536008507013321,
            "error": 0.022693002596497536,
            "error_ess": 0.053689584136009216,
            "ess_q": 0.0010177550138905644
          },
          "Chi_t": {
            "mean": 0.4407058358192444,
            "error": 0.023264635354280472,
            "error_ess": 0.05096692591905594,
            "ess_q": 0.0010177550138905644
          }
        },
        "entropy": 122643.2109375,
        "std_entropy": 957392512.0,
        "free_energy": -0.14289481705211532,
        "std_free_energy": 0.009044126607477665
      }
    ],
    [
      {
        "obs_stats": {
          "Q": {
            "mean": 0.004568464122712612,
            "error": 0.01814463920891285,
            "error_ess": 0.051999807357788086,
            "ess_q": 0.0006520145107060671
          },
          "Chi_t": {
            "mean": 0.44077935814857483,
            "error": 0.020449591800570488,
            "error_ess": 0.051010776311159134,
            "ess_q": 0.0006520145107060671
          }
        },
        "entropy": 206677.59375,
        "std_entropy": 2588046336.0,
        "free_energy": -0.1426663457080768,
        "std_free_energy": 0.008754165843129158
      }
    ],
    [
      {
        "obs_stats": {
          "Q": {
            "mean": 0.0011987379984930158,
            "error": 0.013265238143503666,
            "error_ess": 0.02103906124830246,
            "ess_q": 0.0020662141032516956
          },
          "Chi_t": {
            "mean": 0.45729807019233704,
            "error": 0.014023247174918652,
            "error_ess": 0.02012936770915985,
            "ess_q": 0.0020662141032516956
          }
        },
        "entropy": 420209.1875,
        "std_entropy": 4157310976.0,
        "free_energy": -0.14189106169211557,
        "std_free_energy": 0.0034748271573334932
      }
    ]
  ],
  "nmcmc": [
    [
      {
        "acc_rate": 0.16729,
        "n_steps": 100000,
        "obs_stats": {
          "Q": {
            "mean": 0.013179999776184559,
            "error": 0.018728163273169063,
            "tau_int": 38.47099612136321,
            "dtau_int": 3.6091372133216133
          },
          "Chi_t": {
            "mean": 0.4556800127029419,
            "error": 0.016583989153787268,
            "tau_int": 33.13682624239334,
            "dtau_int": 2.9142566021761693
          }
        },
        "n_skipped": 0,
        "step_size": 0
      }
    ],
    [
      {
        "acc_rate": 0.17814666666666668,
        "n_steps": 150000,
        "obs_stats": {
          "Q": {
            "mean": -0.00675999978557229,
            "error": 0.012679486319638599,
            "tau_int": 28.19979019518471,
            "dtau_int": 1.9444920435469208
          },
          "Chi_t": {
            "mean": 0.42746666073799133,
            "error": 0.011239977664490704,
            "tau_int": 24.28656972263349,
            "dtau_int": 1.5725170633154468
          }
        },
        "n_skipped": 0,
        "step_size": 0
      }
    ],
    [
      {
        "acc_rate": 0.11226,
        "n_steps": 250000,
        "obs_stats": {
          "Q": {
            "mean": 0.040327999740839005,
            "error": 0.015661943789267708,
            "tau_int": 92.43310444773833,
            "dtau_int": 8.512416634868654
          },
          "Chi_t": {
            "mean": 0.3331040143966675,
            "error": 0.031887070844028184,
            "tau_int": 361.78718169634976,
            "dtau_int": 58.564176518473715
          }
        },
        "n_skipped": 0,
        "step_size": 0
      }
    ],
    [
      {
        "acc_rate": 0.152716,
        "n_steps": 500000,
        "obs_stats": {
          "Q": {
            "mean": 0.050519999116659164,
            "error": 0.012861568441514022,
            "tau_int": 96.51182449767559,
            "dtau_int": 6.725361520056461
          },
          "Chi_t": {
            "mean": 0.4308840036392212,
            "error": 0.012274713160899398,
            "tau_int": 92.79694585631871,
            "dtau_int": 6.3575216952459535
          }
        },
        "n_skipped": 0,
        "step_size": 0
      }
    ]
  ],
  "exact_sus": 0.4584940103358717
}