{
  "observables": [
    "Chi_t"
  ],
  "n_samples": [
    50000,
    80000,
    100000
  ],
  "nip": [],
  "nmcmc": [
    [
      {
        "acc_rate": 0.65888,
        "n_steps": 50000,
        "obs_stats": {
          "Q": {
            "mean": -0.002940000034868717,
            "error": 0.005596047972795447,
            "tau_int": 1.1786972474407775,
            "dtau_int": 0.033869947345895116
          },
          "Chi_t": {
            "mean": 0.6641799807548523,
            "error": 0.006235280940961378,
            "tau_int": 1.073234589375717,
            "dtau_int": 0.029472773357694486
          }
        },
        "n_skipped": 0,
        "step_size": 0
      },
      {
        "acc_rate": 0.66014,
        "n_steps": 50000,
        "obs_stats": {
          "Q": {
            "mean": -0.005260000005364418,
            "error": 0.005578141807406917,
            "tau_int": 1.1735323210973807,
            "dtau_int": 0.03205521126869907
          },
          "Chi_t": {
            "mean": 0.6628599762916565,
            "error": 0.0063208303023914916,
            "tau_int": 1.0991572469290292,
            "dtau_int": 0.030143120889493134
          }
        },
        "n_skipped": 0,
        "step_size": 0
      },
      {
        "acc_rate": 0.66152,
        "n_steps": 50000,
        "obs_stats": {
          "Q": {
            "mean": 0.0034199999645352364,
            "error": 0.005563787600708953,
            "tau_int": 1.1692362959914224,
            "dtau_int": 0.031945219577371446
          },
          "Chi_t": {
            "mean": 0.6618599891662598,
            "error": 0.0060573920486965025,
            "tau_int": 1.047530953996495,
            "dtau_int": 0.02723978359346241
          }
        },
        "n_skipped": 0,
        "step_size": 0
      }
    ],
    [
      {
        "acc_rate": 0.6636625,
        "n_steps": 80000,
        "obs_stats": {
          "Q": {
            "mean": 0.006025000009685755,
            "error": 0.004421264334238962,
            "tau_int": 1.166309159529559,
            "dtau_int": 0.026511018982662785
          },
          "Chi_t": {
            "mean": 0.6704249978065491,
            "error": 0.004845868594139667,
            "tau_int": 1.03586205852051,
            "dtau_int": 0.022533438026567574
          }
        },
        "n_skipped": 0,
        "step_size": 0
      },
      {
        "acc_rate": 0.659875,
        "n_steps": 80000,
        "obs_stats": {
          "Q": {
            "mean": -0.0024500000290572643,
            "error": 0.004510839253993979,
            "tau_int": 1.2153498848160267,
            "dtau_int": 0.027560118914481922
          },
          "Chi_t": {
            "mean": 0.6696749925613403,
            "error": 0.005172666948365411,
            "tau_int": 1.1778082826725627,
            "dtau_int": 0.02675750201414125
          }
        },
        "n_skipped": 0,
        "step_size": 0
      },
      {
        "acc_rate": 0.659925,
        "n_steps": 80000,
        "obs_stats": {
          "Q": {
            "mean": -0.005400000140070915,
            "error": 0.004553522378721256,
            "tau_int": 1.2253267381693365,
            "dtau_int": 0.02777288031864009
          },
          "Chi_t": {
            "mean": 0.6768749952316284,
            "error": 0.0050029432901427555,
            "tau_int": 1.0804966484235603,
            "dtau_int": 0.02344889752707921
          }
        },
        "n_skipped": 0,
        "step_size": 0
      }
    ],
    [
      {
        "acc_rate": 0.66066,
        "n_steps": 100000,
        "obs_stats": {
          "Q": {
            "mean": -0.005690000019967556,
            "error": 0.003987975058779156,
            "tau_int": 1.1978865186486756,
            "dtau_int": 0.02431693521094195
          },
          "Chi_t": {
            "mean": 0.6638500094413757,
            "error": 0.004410350357610575,
            "tau_int": 1.0982267837191038,
            "dtau_int": 0.021297415921672294
          }
        },
        "n_skipped": 0,
        "step_size": 0
      },
      {
        "acc_rate": 0.66326,
        "n_steps": 100000,
        "obs_stats": {
          "Q": {
            "mean": 0.0017399999778717756,
            "error": 0.003959610823832488,
            "tau_int": 1.174609894705292,
            "dtau_int": 0.023871344755157786
          },
          "Chi_t": {
            "mean": 0.6673799753189087,
            "error": 0.004506553132081503,
            "tau_int": 1.1427484287210405,
            "dtau_int": 0.02325963477064862
          }
        },
        "n_skipped": 0,
        "step_size": 0
      },
      {
        "acc_rate": 0.66154,
        "n_steps": 100000,
        "obs_stats": {
          "Q": {
            "mean": 0.004660000093281269,
            "error": 0.003970995724024984,
            "tau_int": 1.1704976295461045,
            "dtau_int": 0.023792508547280527
          },
          "Chi_t": {
            "mean": 0.6736000180244446,
            "error": 0.004613999048717509,
            "tau_int": 1.1519460755308022,
            "dtau_int": 0.023436431573762535
          }
        },
        "n_skipped": 0,
        "step_size": 0
      }
    ]
  ],
  "exact_sus": 0.6687749432186545
}