{
  "observables": [
    "Chi_t"
  ],
  "n_samples": [
    50000,
    80000,
    100000,
    150000
  ],
  "nip": [],
  "nmcmc": [
    [
      {
        "acc_rate": 0.2009,
        "n_steps": 50000,
        "obs_stats": {
          "Q": {
            "mean": 0.009379999712109566,
            "error": 0.024569370164479673,
            "tau_int": 25.94389581420577,
            "dtau_int": 2.760860644428847
          },
          "Chi_t": {
            "mean": 0.5811799764633179,
            "error": 0.015574350982342841,
            "tau_int": 9.989939438565274,
            "dtau_int": 0.7120805317932877
          }
        },
        "n_skipped": 0,
        "step_size": 0
      },
      {
        "acc_rate": 0.21426,
        "n_steps": 50000,
        "obs_stats": {
          "Q": {
            "mean": -0.027639999985694885,
            "error": 0.025663546653523953,
            "tau_int": 28.12826170814631,
            "dtau_int": 3.0953537325412936
          },
          "Chi_t": {
            "mean": 0.5854799747467041,
            "error": 0.015499080776630153,
            "tau_int": 9.690528515044013,
            "dtau_int": 0.6814279961251084
          }
        },
        "n_skipped": 0,
        "step_size": 0
      },
      {
        "acc_rate": 0.20192,
        "n_steps": 50000,
        "obs_stats": {
          "Q": {
            "mean": -0.014139999635517597,
            "error": 0.01725373839644291,
            "tau_int": 13.071397000912182,
            "dtau_int": 1.0419705892866993
          },
          "Chi_t": {
            "mean": 0.5692600011825562,
            "error": 0.025004520420529776,
            "tau_int": 21.295609382914385,
            "dtau_int": 2.0883112647780533
          }
        },
        "n_skipped": 0,
        "step_size": 0
      }
    ],
    [
      {
        "acc_rate": 0.2034,
        "n_steps": 80000,
        "obs_stats": {
          "Q": {
            "mean": 0.004124999977648258,
            "error": 0.01251224198126317,
            "tau_int": 12.426594796807644,
            "dtau_int": 0.7911819060178642
          },
          "Chi_t": {
            "mean": 0.5037999749183655,
            "error": 0.012099625804121428,
            "tau_int": 11.105036279048093,
            "dtau_int": 0.6727258466327978
          }
        },
        "n_skipped": 0,
        "step_size": 0
      },
      {
        "acc_rate": 0.21545,
        "n_steps": 80000,
        "obs_stats": {
          "Q": {
            "mean": -0.0005624999757856131,
            "error": 0.013932765781300751,
            "tau_int": 13.63621084184909,
            "dtau_int": 0.9038235935217882
          },
          "Chi_t": {
            "mean": 0.569237470626831,
            "error": 0.01711674750232976,
            "tau_int": 16.86844382275651,
            "dtau_int": 1.2259051239142245
          }
        },
        "n_skipped": 0,
        "step_size": 0
      },
      {
        "acc_rate": 0.2109375,
        "n_steps": 80000,
        "obs_stats": {
          "Q": {
            "mean": 0.040062498301267624,
            "error": 0.01570687806512796,
            "tau_int": 17.408803644728543,
            "dtau_int": 1.2798205839867953
          },
          "Chi_t": {
            "mean": 0.5682125091552734,
            "error": 0.01237839362329463,
            "tau_int": 9.340117658553023,
            "dtau_int": 0.524877559510345
          }
        },
        "n_skipped": 0,
        "step_size": 0
      }
    ],
    [
      {
        "acc_rate": 0.20179,
        "n_steps": 100000,
        "obs_stats": {
          "Q": {
            "mean": -0.006550000049173832,
            "error": 0.014149365260461217,
            "tau_int": 17.9643698924373,
            "dtau_int": 1.215940402368764
          },
          "Chi_t": {
            "mean": 0.5570700168609619,
            "error": 0.014640130538324773,
            "tau_int": 16.096974899860648,
            "dtau_int": 1.0402334233876014
          }
        },
        "n_skipped": 0,
        "step_size": 0
      },
      {
        "acc_rate": 0.21446,
        "n_steps": 100000,
        "obs_stats": {
          "Q": {
            "mean": -0.014360000379383564,
            "error": 0.014032651666733472,
            "tau_int": 16.971648715639585,
            "dtau_int": 1.1233557299242656
          },
          "Chi_t": {
            "mean": 0.5801399946212769,
            "error": 0.014891686019220881,
            "tau_int": 16.194626082793715,
            "dtau_int": 1.0510568040872743
          }
        },
        "n_skipped": 0,
        "step_size": 0
      },
      {
        "acc_rate": 0.20771,
        "n_steps": 100000,
        "obs_stats": {
          "Q": {
            "mean": -0.017580000683665276,
            "error": 0.0164640405263672,
            "tau_int": 22.419782414519126,
            "dtau_int": 1.672222527639091
          },
          "Chi_t": {
            "mean": 0.6045600175857544,
            "error": 0.013351800540982686,
            "tau_int": 13.595049938725026,
            "dtau_int": 0.815272146315941
          }
        },
        "n_skipped": 0,
        "step_size": 0
      }
    ],
    [
      {
        "acc_rate": 0.20054666666666668,
        "n_steps": 150000,
        "obs_stats": {
          "Q": {
            "mean": -0.014333332888782024,
            "error": 0.012393359359398575,
            "tau_int": 20.273896838062818,
            "dtau_int": 1.2129421535711329
          },
          "Chi_t": {
            "mean": 0.5682533383369446,
            "error": 0.013383692349623177,
            "tau_int": 20.73184679032226,
            "dtau_int": 1.2520303257971932
          }
        },
        "n_skipped": 0,
        "step_size": 0
      },
      {
        "acc_rate": 0.20296,
        "n_steps": 150000,
        "obs_stats": {
          "Q": {
            "mean": -0.00027333333855494857,
            "error": 0.011374991737188247,
            "tau_int": 17.901417665921368,
            "dtau_int": 1.0151796252269911
          },
          "Chi_t": {
            "mean": 0.5419666767120361,
            "error": 0.010002204234073409,
            "tau_int": 12.337339086594799,
            "dtau_int": 0.5948002021149477
          }
        },
        "n_skipped": 0,
        "step_size": 0
      },
      {
        "acc_rate": 0.20914666666666668,
        "n_steps": 150000,
        "obs_stats": {
          "Q": {
            "mean": 0.01098666712641716,
            "error": 0.01099220912320889,
            "tau_int": 16.149726697668367,
            "dtau_int": 0.8760648382604282
          },
          "Chi_t": {
            "mean": 0.5611333250999451,
            "error": 0.012807754416095602,
            "tau_int": 19.103088482703836,
            "dtau_int": 1.1134414973220612
          }
        },
        "n_skipped": 0,
        "step_size": 0
      }
    ]
  ],
  "exact_sus": 0.5698456448544804
}