{
  "observables": [
    "Chi_t",
    "Q"
  ],
  "n_samples": [
    50000,
    250000,
    500000,
    2500000,
    5000000
  ],
  "nip": [
    {
      "obs_stats": {
        "Q": {
          "mean": -0.00034383541787974536,
          "error": 0.00020608390332199633,
          "error_ess": 0.012524176388978958,
          "ess_q": 4.5603937905980274e-05
        },
        "Chi_t": {
          "mean": 0.00035777135053649545,
          "error": 0.0002060834231087938,
          "error_ess": 0.012524005025625229,
          "ess_q": 4.5603937905980274e-05
        }
      },
      "entropy": 38045.37109375,
      "std_entropy": 787256512.0,
      "free_energy": -0.14302381918604898,
      "std_free_energy": 0.07596288621425629,
      "ess_p": {
        "0-1": {
          "log_ess_p": -251.4529771087051,
          "ess_p": 6.242514841362387e-110
        },
        "0.05-1": {
          "log_ess_p": -233.63682699078484,
          "ess_p": 3.410478126811963e-102
        },
        "0.1-1": {
          "log_ess_p": -224.1970636881689,
          "ess_p": 4.2899514902741087e-98
        }
      }
    },
    {
      "obs_stats": {
        "Q": {
          "mean": -0.000943997292779386,
          "error": 0.00103615946136415,
          "error_ess": 0.007504042237997055,
          "ess_q": 0.000162989686941728
        },
        "Chi_t": {
          "mean": 0.0022953953593969345,
          "error": 0.0010361510794609785,
          "error_ess": 0.007499086670577526,
          "ess_q": 0.000162989686941728
        }
      },
      "entropy": 190815.421875,
      "std_entropy": 4744491520.0,
      "free_energy": -0.11514465872910423,
      "std_free_energy": 0.017968367785215378,
      "ess_p": {
        "0-1": {
          "log_ess_p": -269.93725759427997,
          "ess_p": 5.857854316935919e-118
        },
        "0.05-1": {
          "log_ess_p": -252.1887299160998,
          "ess_p": 2.991067398749266e-110
        },
        "0.1-1": {
          "log_ess_p": -242.71776808962136,
          "ess_p": 3.881616799523094e-106
        }
      }
    },
    {
      "obs_stats": {
        "Q": {
          "mean": -0.0008141176076605916,
          "error": 0.000575925805605948,
          "error_ess": 0.0107499361038208,
          "ess_q": 1.7004293113132007e-05
        },
        "Chi_t": {
          "mean": 0.0009831782663241029,
          "error": 0.0005759252235293388,
          "error_ess": 0.010749034583568573,
          "ess_q": 1.7004293113132007e-05
        }
      },
      "entropy": 409381.625,
      "std_entropy": 44648828928.0,
      "free_energy": -0.12534398672338679,
      "std_free_energy": 0.03933921456336975,
      "ess_p": {
        "0-1": {
          "log_ess_p": -271.40942517287147,
          "ess_p": 1.3439537111858932e-118
        },
        "0.05-1": {
          "log_ess_p": -253.86360493173237,
          "ess_p": 5.603214162090808e-111
        },
        "0.1-1": {
          "log_ess_p": -244.44626805238337,
          "ess_p": 6.891831694685997e-107
        }
      }
    },
    {
      "obs_stats": {
        "Q": {
          "mean": -0.0011728324461728334,
          "error": 0.0006881448207423091,
          "error_ess": 0.021481169387698174,
          "ess_q": 1.1029027291442617e-06
        },
        "Chi_t": {
          "mean": 0.0012736856006085873,
          "error": 0.0006881447043269873,
          "error_ess": 0.02147992141544819,
          "ess_q": 1.1029027291442617e-06
        }
      },
      "entropy": 2007575.625,
      "std_entropy": 1799588413440.0,
      "free_energy": -0.1310764157885246,
      "std_free_energy": 0.06908033788204193,
      "ess_p": {
        "0-1": {
          "log_ess_p": -270.3075126763641,
          "ess_p": 4.045189093699956e-118
        },
        "0.05-1": {
          "log_ess_p": -252.89669285704355,
          "ess_p": 1.4735395626886023e-110
        },
        "0.1-1": {
          "log_ess_p": -243.4143849983651,
          "ess_p": 1.9340859913667288e-106
        }
      }
    },
    {
      "obs_stats": {
        "Q": {
          "mean": -0.003519548336043954,
          "error": 0.0015144333010539412,
          "error_ess": 0.021973958238959312,
          "ess_q": 1.811943775464897e-06
        },
        "Chi_t": {
          "mean": 0.004386914893984795,
          "error": 0.001514432835392654,
          "error_ess": 0.021957265213131905,
          "ess_q": 1.811943775464897e-06
        }
      },
      "entropy": 4002094.25,
      "std_entropy": 3933549101056.0,
      "free_energy": -0.12386973828659675,
      "std_free_energy": 0.03810969740152359,
      "ess_p": {
        "0-1": {
          "log_ess_p": -254.7215581695388,
          "ess_p": 2.375925754248522e-111
        },
        "0.05-1": {
          "log_ess_p": -237.43465331495707,
          "ess_p": 7.646104912628496e-104
        },
        "0.1-1": {
          "log_ess_p": -228.01035731266956,
          "ess_p": 9.47021856573783e-100
        }
      }
    }
  ],
  "nmcmc": [
    {
      "acc_rate": 0.0048,
      "n_steps": 50000,
      "obs_stats": {
        "Q": {
          "mean": 6.207506100243762e-17,
          "error": 5.254042828481129e-17,
          "tau_int": 556.1758169098214,
          "dtau_int": 189.38440213177594
        },
        "Chi_t": {
          "mean": 0,
          "error": 0,
          "tau_int": 0,
          "dtau_int": 0
        }
      },
      "n_skipped": 0,
      "step_size": 0
    },
    {
      "acc_rate": 0.003504,
      "n_steps": 250000,
      "obs_stats": {
        "Q": {
          "mean": -0.002176008652895689,
          "error": 0.002652853079403861,
          "tau_int": 269.3319391365458,
          "dtau_int": 38.71150939109868
        },
        "Chi_t": {
          "mean": 0.0032640129793435335,
          "error": 0.0026386993495293985,
          "tau_int": 266.95556006548156,
          "dtau_int": 38.22668747235154
        }
      },
      "n_skipped": 0,
      "step_size": 0
    },
    {
      "acc_rate": 0.001372,
      "n_steps": 500000,
      "obs_stats": {
        "Q": {
          "mean": -0.1473103016614914,
          "error": 0.14447526862706753,
          "tau_int": 36681.5145715687,
          "dtau_int": 16969.564491367673
        },
        "Chi_t": {
          "mean": 0.1473103016614914,
          "error": 0.14447526862706753,
          "tau_int": 36681.5145715687,
          "dtau_int": 16969.564491367673
        }
      },
      "n_skipped": 0,
      "step_size": 0
    },
    {
      "acc_rate": 0.0022056,
      "n_steps": 2500000,
      "obs_stats": {
        "Q": {
          "mean": -0.0016708006151020527,
          "error": 0.0009338111601992768,
          "tau_int": 521.6115152112255,
          "dtau_int": 37.57277362393778
        },
        "Chi_t": {
          "mean": 0.0020916007924824953,
          "error": 0.0009312658418548892,
          "tau_int": 519.1696639315894,
          "dtau_int": 37.32440162992851
        }
      },
      "n_skipped": 0,
      "step_size": 0
    },
    {
      "acc_rate": 0.0022662,
      "n_steps": 5000000,
      "obs_stats": {
        "Q": {
          "mean": -0.08516301959753036,
          "error": 0.08476560900018648,
          "tau_int": 202946.9994642979,
          "dtau_int": 94373.55027766121
        },
        "Chi_t": {
          "mean": 0.08972261846065521,
          "error": 0.08371957705632574,
          "tau_int": 200089.299084012,
          "dtau_int": 92872.00455574597
        }
      },
      "n_skipped": 0,
      "step_size": 0
    }
  ],
  "exact_sus": 0.46300826308539433
}