{
  "observables": [
    "Chi_t"
  ],
  "n_samples": [
    100000,
    150000,
    250000,
    500000,
    1000000,
    2000000,
    3000000
  ],
  "nip": [
    [
      {
        "obs_stats": {
          "Q": {
            "mean": 0.09410176426172256,
            "error": 0.12450625747442245,
            "error_ess": 0.09650447964668274,
            "ess_q": 0.0005952032515779138
          },
          "Chi_t": {
            "mean": 0.5631747245788574,
            "error": 0.12458108365535736,
            "error_ess": 0.07541824877262115,
            "ess_q": 0.0005952032515779138
          }
        },
        "entropy": 67210.6875,
        "std_entropy": 660026560.0,
        "free_energy": -0.04297008834960834,
        "std_free_energy": 0.01322520524263382
      }
    ],
    [
      {
        "obs_stats": {
          "Q": {
            "mean": 0.005686843302100897,
            "error": 0.03871239349246025,
            "error_ess": 0.03290162235498428,
            "ess_q": 0.002727450570091605
          },
          "Chi_t": {
            "mean": 0.4429090619087219,
            "error": 0.041105061769485474,
            "error_ess": 0.03184724226593971,
            "ess_q": 0.002727450570091605
          }
        },
        "entropy": 101573.375,
        "std_entropy": 570768704.0,
        "free_energy": -0.039903868638512606,
        "std_free_energy": 0.005039033479988575
      }
    ],
    [
      {
        "obs_stats": {
          "Q": {
            "mean": -0.4438289701938629,
            "error": 0.510576605796814,
            "error_ess": 0.378186970949173,
            "ess_q": 1.5182806237135082e-05
          },
          "Chi_t": {
            "mean": 0.7398658394813538,
            "error": 0.5105891227722168,
            "error_ess": 0.2569161057472229,
            "ess_q": 1.5182806237135082e-05
          }
        },
        "entropy": 187084.765625,
        "std_entropy": 18233419776.0,
        "free_energy": -0.05049212769492303,
        "std_free_energy": 0.052385978400707245
      }
    ],
    [
      {
        "obs_stats": {
          "Q": {
            "mean": -0.05621623992919922,
            "error": 0.04991937428712845,
            "error_ess": 0.0597851499915123,
            "ess_q": 0.0002545767929404974
          },
          "Chi_t": {
            "mean": 0.4581226706504822,
            "error": 0.05147216096520424,
            "error_ess": 0.05989118292927742,
            "ess_q": 0.0002545767929404974
          }
        },
        "entropy": 350818.625,
        "std_entropy": 11581619200.0,
        "free_energy": -0.04227977999403829,
        "std_free_energy": 0.009045126847922802
      }
    ],
    [
      {
        "obs_stats": {
          "Q": {
            "mean": -0.14375053346157074,
            "error": 0.1298796832561493,
            "error_ess": 0.09559595584869385,
            "ess_q": 5.7157958508469164e-05
          },
          "Chi_t": {
            "mean": 0.5430071949958801,
            "error": 0.12994009256362915,
            "error_ess": 0.08119320124387741,
            "ess_q": 5.7157958508469164e-05
          }
        },
        "entropy": 710692.0,
        "std_entropy": 69279514624.0,
        "free_energy": -0.04300705608354168,
        "std_free_energy": 0.013499373570084572
      }
    ],
    [
      {
        "obs_stats": {
          "Q": {
            "mean": 0.0010474707232788205,
            "error": 0.021768122911453247,
            "error_ess": 0.08845990151166916,
            "ess_q": 2.7202095225220546e-05
          },
          "Chi_t": {
            "mean": 0.42572230100631714,
            "error": 0.02682599425315857,
            "error_ess": 0.09256864339113235,
            "ess_q": 2.7202095225220546e-05
          }
        },
        "entropy": 1426351.125,
        "std_entropy": 281371312128.0,
        "free_energy": -0.043200599927120796,
        "std_free_energy": 0.013837011530995369
      }
    ],
    [
      {
        "obs_stats": {
          "Q": {
            "mean": 0.038062404841184616,
            "error": 0.02697872743010521,
            "error_ess": 0.14217257499694824,
            "ess_q": 5.677257831848692e-06
          },
          "Chi_t": {
            "mean": 0.3457126319408417,
            "error": 0.027212509885430336,
            "error_ess": 0.14201119542121887,
            "ess_q": 5.677257831848692e-06
          }
        },
        "entropy": 2201597.25,
        "std_entropy": 1162298785792.0,
        "free_energy": -0.04553711655223961,
        "std_free_energy": 0.024730518460273743
      }
    ]
  ],
  "nmcmc": [
    [
      {
        "acc_rate": 0.1203,
        "n_steps": 100000,
        "obs_stats": {
          "Q": {
            "mean": -0.022690000012516975,
            "error": 0.05314977706606382,
            "tau_int": 296.9821917418806,
            "dtau_int": 63.654523349258874
          },
          "Chi_t": {
            "mean": 0.4733699858188629,
            "error": 0.034015416930369066,
            "tau_int": 128.76944477432855,
            "dtau_int": 19.894450902107458
          }
        },
        "n_skipped": 0,
        "step_size": 0
      }
    ],
    [
      {
        "acc_rate": 0.09884,
        "n_steps": 150000,
        "obs_stats": {
          "Q": {
            "mean": 0.0029200001154094934,
            "error": 0.03955448382807777,
            "tau_int": 311.06187582896484,
            "dtau_int": 58.059805347630174
          },
          "Chi_t": {
            "mean": 0.37570667266845703,
            "error": 0.0394203922106679,
            "tau_int": 345.6441110189645,
            "dtau_int": 67.20933119333384
          }
        },
        "n_skipped": 0,
        "step_size": 0
      }
    ],
    [
      {
        "acc_rate": 0.076404,
        "n_steps": 250000,
        "obs_stats": {
          "Q": {
            "mean": 0.06270799785852432,
            "error": 0.03951081441625813,
            "tau_int": 575.7968573210836,
            "dtau_int": 111.92882257517938
          },
          "Chi_t": {
            "mean": 0.34130799770355225,
            "error": 0.04523278055214916,
            "tau_int": 847.6220678584829,
            "dtau_int": 190.95035894086735
          }
        },
        "n_skipped": 0,
        "step_size": 0
      }
    ],
    [
      {
        "acc_rate": 0.094114,
        "n_steps": 500000,
        "obs_stats": {
          "Q": {
            "mean": -0.07885000109672546,
            "error": 0.07123626291829109,
            "tau_int": 2051.6116215796383,
            "dtau_int": 496.0960951994871
          },
          "Chi_t": {
            "mean": 0.6196939945220947,
            "error": 0.06288721279962337,
            "tau_int": 1645.563818607746,
            "dtau_int": 366.600779604873
          }
        },
        "n_skipped": 0,
        "step_size": 0
      }
    ],
    [
      {
        "acc_rate": 0.013847,
        "n_steps": 1000000,
        "obs_stats": {
          "Q": {
            "mean": 0.17938999831676483,
            "error": 0.17784192151163886,
            "tau_int": 33482.13366369786,
            "dtau_int": 15115.151864782965
          },
          "Chi_t": {
            "mean": 0.47742998600006104,
            "error": 0.4294022014003845,
            "tau_int": 57431.69044066277,
            "dtau_int": 27321.26613882448
          }
        },
        "n_skipped": 0,
        "step_size": 0
      }
    ],
    [
      {
        "acc_rate": 0.0950285,
        "n_steps": 2000000,
        "obs_stats": {
          "Q": {
            "mean": 0.020099500194191933,
            "error": 0.018205458847898773,
            "tau_int": 734.7210897361398,
            "dtau_int": 67.43265927035291
          },
          "Chi_t": {
            "mean": 0.4511825144290924,
            "error": 0.022825420955574074,
            "tau_int": 1025.9164745775277,
            "dtau_int": 108.42324401278127
          }
        },
        "n_skipped": 0,