{
  "observables": [
    "Chi_t"
  ],
  "n_samples": [
    50000,
    80000,
    100000,
    150000,
    200000,
    250000,
    300000
  ],
  "nip": [],
  "nmcmc": [
    [
      {
        "acc_rate": 0.08784,
        "n_steps": 50000,
        "obs_stats": {
          "Q": {
            "mean": -0.07840000092983246,
            "error": 0.06003038632236832,
            "tau_int": 162.4820945483453,
            "dtau_int": 36.04079666895783
          },
          "Chi_t": {
            "mean": 0.5571200251579285,
            "error": 0.03683140696998462,
            "tau_int": 63.20661980629958,
            "dtau_int": 9.698348939398374
          }
        },
        "n_skipped": 0,
        "step_size": 0
      },
      {
        "acc_rate": 0.06244,
        "n_steps": 50000,
        "obs_stats": {
          "Q": {
            "mean": -0.32499998807907104,
            "error": 0.1302545614600056,
            "tau_int": 673.1447369909683,
            "dtau_int": 242.88161080443155
          },
          "Chi_t": {
            "mean": 0.7202000021934509,
            "error": 0.07586716875372743,
            "tau_int": 185.69216951475985,
            "dtau_int": 43.304364055499555
          }
        },
        "n_skipped": 0,
        "step_size": 0
      },
      {
        "acc_rate": 0.07472,
        "n_steps": 50000,
        "obs_stats": {
          "Q": {
            "mean": -0.019120000302791595,
            "error": 0.11209084219895041,
            "tau_int": 515.5133093603466,
            "dtau_int": 171.34822986956473
          },
          "Chi_t": {
            "mean": 0.5979999899864197,
            "error": 0.05656620629162894,
            "tau_int": 123.64544900252521,
            "dtau_int": 24.725492717445107
          }
        },
        "n_skipped": 0,
        "step_size": 0
      }
    ],
    [
      {
        "acc_rate": 0.0903875,
        "n_steps": 80000,
        "obs_stats": {
          "Q": {
            "mean": -0.07267499715089798,
            "error": 0.04021626395444074,
            "tau_int": 122.11374062268555,
            "dtau_int": 20.20209842967196
          },
          "Chi_t": {
            "mean": 0.5334749817848206,
            "error": 0.0243610078574445,
            "tau_int": 44.29054508135837,
            "dtau_int": 4.843788792989059
          }
        },
        "n_skipped": 0,
        "step_size": 0
      },
      {
        "acc_rate": 0.0839125,
        "n_steps": 80000,
        "obs_stats": {
          "Q": {
            "mean": -0.014362500049173832,
            "error": 0.04090342454845577,
            "tau_int": 129.646558363802,
            "dtau_int": 21.96071570801026
          },
          "Chi_t": {
            "mean": 0.5147625207901001,
            "error": 0.03498532969392966,
            "tau_int": 90.35675260961244,
            "dtau_int": 13.251107312067482
          }
        },
        "n_skipped": 0,
        "step_size": 0
      },
      {
        "acc_rate": 0.089375,
        "n_steps": 80000,
        "obs_stats": {
          "Q": {
            "mean": -0.01942499913275242,
            "error": 0.05345887074510367,
            "tau_int": 189.31227730546425,
            "dtau_int": 37.198482910599516
          },
          "Chi_t": {
            "mean": 0.6014249920845032,
            "error": 0.048260711928247,
            "tau_int": 147.55186803209727,
            "dtau_int": 26.311194332032006
          }
        },
        "n_skipped": 0,
        "step_size": 0
      }
    ],
    [
      {
        "acc_rate": 0.08389,
        "n_steps": 100000,
        "obs_stats": {
          "Q": {
            "mean": -0.011459999717772007,
            "error": 0.02563443573789396,
            "tau_int": 65.83614639342912,
            "dtau_int": 7.730227362775543
          },
          "Chi_t": {
            "mean": 0.4985400140285492,
            "error": 0.028810497815726567,
            "tau_int": 73.286604228945,
            "dtau_int": 9.00218944583888
          }
        },
        "n_skipped": 0,
        "step_size": 0
      },
      {
        "acc_rate": 0.0648,
        "n_steps": 100000,
        "obs_stats": {
          "Q": {
            "mean": 0.2315800040960312,
            "error": 0.1376459372085064,
            "tau_int": 1462.0646595124956,
            "dtau_int": 540.4053118715783
          },
          "Chi_t": {
            "mean": 0.6843000054359436,
            "error": 0.0362223372867708,
            "tau_int": 129.82272608102747,
            "dtau_int": 20.12339818062535
          }
        },
        "n_skipped": 0,
        "step_size": 0
      },
      {
        "acc_rate": 0.09029,
        "n_steps": 100000,
        "obs_stats": {
          "Q": {
            "mean": -0.003930000122636557,
            "error": 0.02717876598428455,
            "tau_int": 72.51017644364339,
            "dtau_int": 8.868677245950645
          },
          "Chi_t": {
            "mean": 0.508650004863739,
            "error": 0.02763167472896868,
            "tau_int": 67.27164521486925,
            "dtau_int": 7.973643772881264
          }
        },
        "n_skipped": 0,
        "step_size": 0
      }
    ],
    [
      {
        "acc_rate": 0.08378,
        "n_steps": 150000,
        "obs_stats": {
          "Q": {
            "mean": 0.007206666748970747,
            "error": 0.04969632869670211,
            "tau_int": 309.96974944790577,
            "dtau_int": 57.769364169207236
          },
          "Chi_t": {
            "mean": 0.5952066779136658,
            "error": 0.03450975655208076,
            "tau_int": 152.72618415133476,
            "dtau_int": 21.45099022453925
          }
        },
        "n_skipped": 0,
        "step_size": 0
      },
      {
        "acc_rate": 0.08838,
        "n_steps": 150000,
        "obs_stats": {
          "Q": {
            "mean": -0.02656666748225689,
            "error": 0.028176716027498473,
            "tau_int": 111.56356475239124,
            "dtau_int": 13.777823942875743
          },
          "Chi_t": {
            "mean": 0.5336466431617737,
            "error": 0.019030052759313475,
            "tau_int": 53.853097381516,
            "dtau_int": 4.901495034032734
          }
        },
        "n_skipped": 0,
        "step_size": 0
      },
      {
        "acc_rate": 0.05514666666666666,
        "n_steps": 150000,
        "obs_stats": {
          "Q": {
            "mean": 0.35987332463264465,
            "error": 0.1445266064202619,
            "tau_int": 2539.704573619229,
            "dtau_int": 978.5211072675665
          },
          "Chi_t": {
            "mean": 0.7275000214576721,
            "error": 0.02968057076329804,
            "tau_int": 172.49215300875193,
            "dtau_int": 25.460493833340678
          }
        },
        "n_skipped": 0,
        "step_size": 0
      }
    ],
    [
      {
        "acc_rate": 0.07792,
        "n_steps": 200000,
        "obs_stats": {
          "Q": {
            "mean": 0.044440001249313354,
            "error": 0.03837443890436785,
            "tau_int": 259.4307200581018,
            "dtau_int": 40.1919944888851
          },
          "Chi_t": {
            "mean": 0.568149983882904,
            "error": 0.0561110974569987,
            "tau_int": 434.98072520301696,
            "dtau_int": 82.70399325566311
          }
        },
        "n_skipped": 0,
        "step_size": 0
      },
      {
        "acc_rate": 0.089225,
        "n_steps": 200000,
        "obs_stats": {
          "Q": {
            "mean": -0.01030999980866909,
            "error": 0.018752910728905035,
            "tau_int": 70.13043401406092,
            "dtau_int": 6.314618162724116
          },
          "Chi_t": {
            "mean": 0.5012099742889404,
            "error": 0.021877219559503353,
            "tau_int": 76.33684352919826,
            "dtau_int": 7.129739866804187
          }
        },
        "n_skipped": 0,
        "step_size": 0
      },
      {
        "acc_rate": 0.0848,