{
  "observables": [
    "Chi_t"
  ],
  "n_samples": [
    50000,
    80000,
    100000
  ],
  "nip": [],
  "nmcmc": [
    [
      {
        "acc_rate": 0.81558,
        "n_steps": 50000,
        "obs_stats": {
          "Q": {
            "mean": -0.004720000084489584,
            "error": 0.004399929883260186,
            "tau_int": 0.7395884928793575,
            "dtau_int": 0.015876760501397018
          },
          "Chi_t": {
            "mean": 0.6543999910354614,
            "error": 0.004890453054497082,
            "tau_int": 0.6965888784123273,
            "dtau_int": 0.015009395402291606
          }
        },
        "n_skipped": 0,
        "step_size": 0
      },
      {
        "acc_rate": 0.81768,
        "n_steps": 50000,
        "obs_stats": {
          "Q": {
            "mean": -0.0034799999557435513,
            "error": 0.004395421803087442,
            "tau_int": 0.7465037459673971,
            "dtau_int": 0.016015588520480236
          },
          "Chi_t": {
            "mean": 0.6470000147819519,
            "error": 0.004733782077700091,
            "tau_int": 0.6770378868264957,
            "dtau_int": 0.014612682495642985
          }
        },
        "n_skipped": 0,
        "step_size": 0
      },
      {
        "acc_rate": 0.81928,
        "n_steps": 50000,
        "obs_stats": {
          "Q": {
            "mean": -0.0019000000320374966,
            "error": 0.004395437823391918,
            "tau_int": 0.7434887204793097,
            "dtau_int": 0.015955082628819773
          },
          "Chi_t": {
            "mean": 0.649619996547699,
            "error": 0.005006062448298428,
            "tau_int": 0.7402491203076047,
            "dtau_int": 0.015890030958114927
          }
        },
        "n_skipped": 0,
        "step_size": 0
      }
    ],
    [
      {
        "acc_rate": 0.81725,
        "n_steps": 80000,
        "obs_stats": {
          "Q": {
            "mean": 0.00712500000372529,
            "error": 0.0034251797330754554,
            "tau_int": 0.7259128335305676,
            "dtau_int": 0.012334204493526962
          },
          "Chi_t": {
            "mean": 0.6464999914169312,
            "error": 0.0038421582543767896,
            "tau_int": 0.7042584368115465,
            "dtau_int": 0.01198868547109803
          }
        },
        "n_skipped": 0,
        "step_size": 0
      },
      {
        "acc_rate": 0.815575,
        "n_steps": 80000,
        "obs_stats": {
          "Q": {
            "mean": 0.0067125000059604645,
            "error": 0.003517747623678221,
            "tau_int": 0.7580357079871165,
            "dtau_int": 0.013917713434514317
          },
          "Chi_t": {
            "mean": 0.6530125141143799,
            "error": 0.00389213220135837,
            "tau_int": 0.7075090698120281,
            "dtau_int": 0.012040643417666549
          }
        },
        "n_skipped": 0,
        "step_size": 0
      },
      {
        "acc_rate": 0.8169625,
        "n_steps": 80000,
        "obs_stats": {
          "Q": {
            "mean": -0.0007875000010244548,
            "error": 0.003446129078607729,
            "tau_int": 0.7298937690453957,
            "dtau_int": 0.012397569818935378
          },
          "Chi_t": {
            "mean": 0.6508125066757202,
            "error": 0.003851899661224628,
            "tau_int": 0.709935714956756,
            "dtau_int": 0.012079409930500202
          }
        },
        "n_skipped": 0,
        "step_size": 0
      }
    ],
    [
      {
        "acc_rate": 0.81865,
        "n_steps": 100000,
        "obs_stats": {
          "Q": {
            "mean": 0.00786999985575676,
            "error": 0.0030515400972133647,
            "tau_int": 0.7167217207855978,
            "dtau_int": 0.010901031811891703
          },
          "Chi_t": {
            "mean": 0.6496700048446655,
            "error": 0.003453588181668782,
            "tau_int": 0.6997840783924947,
            "dtau_int": 0.0106589919284747
          }
        },
        "n_skipped": 0,
        "step_size": 0
      },
      {
        "acc_rate": 0.81689,
        "n_steps": 100000,
        "obs_stats": {
          "Q": {
            "mean": -0.0014600000577047467,
            "error": 0.0030464678270072745,
            "tau_int": 0.7180886593097229,
            "dtau_int": 0.010920531544118017
          },
          "Chi_t": {
            "mean": 0.6462200284004211,
            "error": 0.0034437423832258097,
            "tau_int": 0.7012795854810716,
            "dtau_int": 0.010680394074035052
          }
        },
        "n_skipped": 0,
        "step_size": 0
      },
      {
        "acc_rate": 0.81589,
        "n_steps": 100000,
        "obs_stats": {
          "Q": {
            "mean": -0.0022799998987466097,
            "error": 0.0031074309029103593,
            "tau_int": 0.7432541300518516,
            "dtau_int": 0.012219012785165012
          },
          "Chi_t": {
            "mean": 0.6495800018310547,
            "error": 0.0034474244623464187,
            "tau_int": 0.7150883229144889,
            "dtau_int": 0.010877724324171278
          }
        },
        "n_skipped": 0,
        "step_size": 0
      }
    ]
  ],
  "exact_sus": 0.6500977944017748
}