{
  "observables": [
    "Chi_t"
  ],
  "n_samples": [
    25000,
    40000,
    50000,
    75000,
    100000,
    125000,
    150000,
    175000,
    200000,
    225000,
    250000
  ],
  "nip": {},
  "nmcmc": [
    [
      {
        "acc_rate": 0.0564,
        "n_steps": 25000,
        "obs_stats": {
          "Q": {
            "mean": -0.12748509645462036,
            "error": 0.05181667024820414,
            "tau_int": 91.07908184523781,
            "dtau_int": 21.09999697343929
          },
          "Chi_t": {
            "mean": 0.382135272026062,
            "error": 0.04479596452466859,
            "tau_int": 91.04683018191461,
            "dtau_int": 21.093539363075465
          }
        },
        "n_skipped": 0,
        "step_size": 0
      },
      {
        "acc_rate": 0.05992,
        "n_steps": 25000,
        "obs_stats": {
          "Q": {
            "mean": -0.09140365570783615,
            "error": 0.059283694794384854,
            "tau_int": 103.51884873417397,
            "dtau_int": 25.15302379185148
          },
          "Chi_t": {
            "mean": 0.42933717370033264,
            "error": 0.04895788119655019,
            "tau_int": 72.55155102300878,
            "dtau_int": 15.437218012004967
          }
        },
        "n_skipped": 0,
        "step_size": 0
      },
      {
        "acc_rate": 0.04024,
        "n_steps": 25000,
        "obs_stats": {
          "Q": {
            "mean": 0.3008520305156708,
            "error": 0.20551973022392625,
            "tau_int": 856.1612650597453,
            "dtau_int": 388.11823091236096
          },
          "Chi_t": {
            "mean": 0.6711068153381348,
            "error": 0.06690629543897768,
            "tau_int": 195.3809548491465,
            "dtau_int": 59.32080299606169
          }
        },
        "n_skipped": 0,
        "step_size": 0
      }
    ],
    [
      {
        "acc_rate": 0.041025,
        "n_steps": 40000,
        "obs_stats": {
          "Q": {
            "mean": 0.11707792431116104,
            "error": 0.11767983806271196,
            "tau_int": 468.385346512075,
            "dtau_int": 162.0602863179576
          },
          "Chi_t": {
            "mean": 0.5922397971153259,
            "error": 0.16428435384591175,
            "tau_int": 671.0458289609475,
            "dtau_int": 257.93757898934825
          }
        },
        "n_skipped": 0,
        "step_size": 0
      },
      {
        "acc_rate": 0.056425,
        "n_steps": 40000,
        "obs_stats": {
          "Q": {
            "mean": -0.09352733939886093,
            "error": 0.048930956877443504,
            "tau_int": 122.83741166619168,
            "dtau_int": 26.67790983895356
          },
          "Chi_t": {
            "mean": 0.3962348997592926,
            "error": 0.045953742882465475,
            "tau_int": 120.81073199743511,
            "dtau_int": 26.07108222050227
          }
        },
        "n_skipped": 0,
        "step_size": 0
      },
      {
        "acc_rate": 0.065225,
        "n_steps": 40000,
        "obs_stats": {
          "Q": {
            "mean": 0.07962699234485626,
            "error": 0.05199573591059904,
            "tau_int": 106.49291955732058,
            "dtau_int": 21.902817310167553
          },
          "Chi_t": {
            "mean": 0.5114377737045288,
            "error": 0.032183057144639565,
            "tau_int": 47.38030754805612,
            "dtau_int": 7.093218091658527
          }
        },
        "n_skipped": 0,
        "step_size": 0
      }
    ],
    [
      {
        "acc_rate": 0.01902,
        "n_steps": 50000,
        "obs_stats": {
          "Q": {
            "mean": -0.1276225596666336,
            "error": 0.4449596463460718,
            "tau_int": 5297.225375082969,
            "dtau_int": 1757.7226074720818
          },
          "Chi_t": {
            "mean": 0.7943958640098572,
            "error": 0.10638387258402639,
            "tau_int": 1188.3138130641073,
            "dtau_int": 499.5703348321874
          }
        },
        "n_skipped": 0,
        "step_size": 0
      },
      {
        "acc_rate": 0.03152,
        "n_steps": 50000,
        "obs_stats": {
          "Q": {
            "mean": 0.022260446101427078,
            "error": 0.05963336150053629,
            "tau_int": 304.08921352461465,
            "dtau_int": 84.72823497984353
          },
          "Chi_t": {
            "mean": 0.2894657850265503,
            "error": 0.06912861626820417,
            "tau_int": 456.84289465780864,
            "dtau_int": 146.05733374517933
          }
        },
        "n_skipped": 0,
        "step_size": 0
      },
      {
        "acc_rate": 0.03426,
        "n_steps": 50000,
        "obs_stats": {
          "Q": {
            "mean": -0.19188383221626282,
            "error": 0.08480361795485668,
            "tau_int": 485.8427328536105,
            "dtau_int": 158.45826749731455
          },
          "Chi_t": {
            "mean": 0.4001680016517639,
            "error": 0.08310204581217513,
            "tau_int": 537.2997836468033,
            "dtau_int": 180.91792879253373
          }
        },
        "n_skipped": 0,
        "step_size": 0
      }
    ],
    [
      {
        "acc_rate": 0.043346666666666665,
        "n_steps": 75000,
        "obs_stats": {
          "Q": {
            "mean": 0.014893531799316406,
            "error": 0.06490297164095343,
            "tau_int": 418.35870239015617,
            "dtau_int": 113.0512065474071
          },
          "Chi_t": {
            "mean": 0.3737783133983612,
            "error": 0.05661908359260827,
            "tau_int": 348.7789390762257,
            "dtau_int": 88.29870777228585
          }
        },
        "n_skipped": 0,
        "step_size": 0
      },
      {
        "acc_rate": 0.04294666666666667,
        "n_steps": 75000,
        "obs_stats": {
          "Q": {
            "mean": -0.045000601559877396,
            "error": 0.07781297162688806,
            "tau_int": 386.0909289509194,
            "dtau_int": 101.40510257337853
          },
          "Chi_t": {
            "mean": 0.5843144655227661,
            "error": 0.10114773415672954,
            "tau_int": 499.99100173075186,
            "dtau_int": 143.78103093090422
          }
        },
        "n_skipped": 0,
        "step_size": 0
      },
      {
        "acc_rate": 0.03249333333333333,
        "n_steps": 75000,
        "obs_stats": {
          "Q": {
            "mean": -0.31404417753219604,
            "error": 0.2063959259786752,
            "tau_int": 2741.9435488674985,
            "dtau_int": 1256.214614849907
          },
          "Chi_t": {
            "mean": 0.6450619101524353,
            "error": 0.08224662225022747,
            "tau_int": 805.5119928905074,
            "dtau_int": 271.17678763471963
          }
        },
        "n_skipped": 0,
        "step_size": 0
      }
    ],
    [
      {
        "acc_rate": 0.03064,
        "n_steps": 100000,
        "obs_stats": {
          "Q": {
            "mean": 0.016340162605047226,
            "error": 0.07242566002417605,
            "tau_int": 822.5648856265769,
            "dtau_int": 253.95597875709592
          },
          "Chi_t": {
            "mean": 0.31418314576148987,
            "error": 0.0657934050959402,
            "tau_int": 705.1700245307884,
            "dtau_int": 206.71714782857117
          }
        },
        "n_skipped": 0,
        "step_size": 0
      },
      {
        "acc_rate": 0.04406,
        "n_steps": 100000,
        "obs_stats": {
          "Q": {
            "mean": -0.09010089933872223,
            "error": 0.0496789852937274,
            "tau_int": 263.37368069219923,
            "dtau_int": 53.92763237825621
          },
          "Chi_t": {
            "mean": 0.47424474358558655,
            "error": 0.05770522621517489,
            "tau_int": 276.1711122889755,
            "dtau_int": 57.5958085456761
          }
        },
        "n_skipped": 0,