{
  "observables": [
    "Chi_t"
  ],
  "n_samples": [
    25000,
    40000,
    50000,
    75000,
    100000,
    125000,
    150000,
    175000,
    200000,
    225000,
    250000
  ],
  "nip": {},
  "nmcmc": [
    [
      {
        "acc_rate": 0.78368,
        "n_steps": 25000,
        "obs_stats": {
          "Q": {
            "mean": -0.00520020816475153,
            "error": 0.0066280628750045555,
            "tau_int": 0.8394724169660008,
            "dtau_int": 0.027404975857716587
          },
          "Chi_t": {
            "mean": 0.6541061401367188,
            "error": 0.0076310623939757965,
            "tau_int": 0.8181275701380122,
            "dtau_int": 0.026750924493864903
          }
        },
        "n_skipped": 0,
        "step_size": 0
      },
      {
        "acc_rate": 0.77816,
        "n_steps": 25000,
        "obs_stats": {
          "Q": {
            "mean": 0.014960598200559616,
            "error": 0.006515583155696232,
            "tau_int": 0.8219259441111697,
            "dtau_int": 0.026867482951840722
          },
          "Chi_t": {
            "mean": 0.6457858085632324,
            "error": 0.0071144691579407724,
            "tau_int": 0.7507290896484686,
            "dtau_int": 0.02276975242549426
          }
        },
        "n_skipped": 0,
        "step_size": 0
      },
      {
        "acc_rate": 0.7794,
        "n_steps": 25000,
        "obs_stats": {
          "Q": {
            "mean": -0.006360254250466824,
            "error": 0.00627058459728899,
            "tau_int": 0.7782740381126365,
            "dtau_int": 0.023548581285740316
          },
          "Chi_t": {
            "mean": 0.6315052509307861,
            "error": 0.007069227512480724,
            "tau_int": 0.8154083042162428,
            "dtau_int": 0.026667435293641645
          }
        },
        "n_skipped": 0,
        "step_size": 0
      }
    ],
    [
      {
        "acc_rate": 0.777075,
        "n_steps": 40000,
        "obs_stats": {
          "Q": {
            "mean": 0.00252506323158741,
            "error": 0.005015777962325039,
            "tau_int": 0.7780119455292085,
            "dtau_int": 0.020171609963540473
          },
          "Chi_t": {
            "mean": 0.6466911435127258,
            "error": 0.0055703151496017235,
            "tau_int": 0.75971089176216,
            "dtau_int": 0.01820206515455179
          }
        },
        "n_skipped": 0,
        "step_size": 0
      },
      {
        "acc_rate": 0.778675,
        "n_steps": 40000,
        "obs_stats": {
          "Q": {
            "mean": -0.000950023764744401,
            "error": 0.005039052293337772,
            "tau_int": 0.7876473716992021,
            "dtau_int": 0.02040678734318171
          },
          "Chi_t": {
            "mean": 0.6447161436080933,
            "error": 0.005678715496322791,
            "tau_int": 0.7697976593167104,
            "dtau_int": 0.019970828198830632
          }
        },
        "n_skipped": 0,
        "step_size": 0
      },
      {
        "acc_rate": 0.785,
        "n_steps": 40000,
        "obs_stats": {
          "Q": {
            "mean": 0.004175104200839996,
            "error": 0.005159051222473204,
            "tau_int": 0.8132963642159501,
            "dtau_int": 0.021031018097933733
          },
          "Chi_t": {
            "mean": 0.6544913649559021,
            "error": 0.005756880016405711,
            "tau_int": 0.7679655077926206,
            "dtau_int": 0.019926008427181074
          }
        },
        "n_skipped": 0,
        "step_size": 0
      }
    ],
    [
      {
        "acc_rate": 0.7791,
        "n_steps": 50000,
        "obs_stats": {
          "Q": {
            "mean": 0.0027400548569858074,
            "error": 0.004661785064671003,
            "tau_int": 0.8294995831969343,
            "dtau_int": 0.0191621712217057
          },
          "Chi_t": {
            "mean": 0.654953122138977,
            "error": 0.005239733654413503,
            "tau_int": 0.7999962994782042,
            "dtau_int": 0.018521443701351864
          }
        },
        "n_skipped": 0,
        "step_size": 0
      },
      {
        "acc_rate": 0.78006,
        "n_steps": 50000,
        "obs_stats": {
          "Q": {
            "mean": 0.0036000721156597137,
            "error": 0.004625631200157595,
            "tau_int": 0.8141298160059631,
            "dtau_int": 0.01882877070575079
          },
          "Chi_t": {
            "mean": 0.6570131182670593,
            "error": 0.005238121159590822,
            "tau_int": 0.81679585017262,
            "dtau_int": 0.018886662640288175
          }
        },
        "n_skipped": 0,
        "step_size": 0
      },
      {
        "acc_rate": 0.7832,
        "n_steps": 50000,
        "obs_stats": {
          "Q": {
            "mean": -0.008240165188908577,
            "error": 0.004544769480980175,
            "tau_int": 0.780233034095194,
            "dtau_int": 0.01809050858745333
          },
          "Chi_t": {
            "mean": 0.6618532538414001,
            "error": 0.005200081157661518,
            "tau_int": 0.7857600062860715,
            "dtau_int": 0.018211163230011
          }
        },
        "n_skipped": 0,
        "step_size": 0
      }
    ],
    [
      {
        "acc_rate": 0.7842533333333334,
        "n_steps": 75000,
        "obs_stats": {
          "Q": {
            "mean": -0.009760130196809769,
            "error": 0.0037110461896758583,
            "tau_int": 0.7949677801911412,
            "dtau_int": 0.015033227197987682
          },
          "Chi_t": {
            "mean": 0.6497153043746948,
            "error": 0.00409554174404001,
            "tau_int": 0.7606036467522059,
            "dtau_int": 0.014420195951120695
          }
        },
        "n_skipped": 0,
        "step_size": 0
      },
      {
        "acc_rate": 0.77864,
        "n_steps": 75000,
        "obs_stats": {
          "Q": {
            "mean": 0.0017600234132260084,
            "error": 0.003772778288134377,
            "tau_int": 0.8203068469499097,
            "dtau_int": 0.015483061973879489
          },
          "Chi_t": {
            "mean": 0.650675356388092,
            "error": 0.004226280937478062,
            "tau_int": 0.7691343438695866,
            "dtau_int": 0.014572696652676093
          }
        },
        "n_skipped": 0,
        "step_size": 0
      },
      {
        "acc_rate": 0.7799866666666667,
        "n_steps": 75000,
        "obs_stats": {
          "Q": {
            "mean": 0.0010533473687246442,
            "error": 0.003710162302090066,
            "tau_int": 0.7924413700639161,
            "dtau_int": 0.014988274496027297
          },
          "Chi_t": {
            "mean": 0.6513820290565491,
            "error": 0.004285918953386908,
            "tau_int": 0.8020958930193047,
            "dtau_int": 0.015159958578005575
          }
        },
        "n_skipped": 0,
        "step_size": 0
      }
    ],
    [
      {
        "acc_rate": 0.78094,
        "n_steps": 100000,
        "obs_stats": {
          "Q": {
            "mean": 0.0017200171714648604,
            "error": 0.0032790554875763837,
            "tau_int": 0.8252381244399907,
            "dtau_int": 0.014459188025035324
          },
          "Chi_t": {
            "mean": 0.651446521282196,
            "error": 0.0036251149518618042,
            "tau_int": 0.7746566517391058,
            "dtau_int": 0.012705701619256037
          }
        },
        "n_skipped": 0,
        "step_size": 0
      },
      {
        "acc_rate": 0.77709,
        "n_steps": 100000,
        "obs_stats": {
          "Q": {
            "mean": -0.0009400094277225435,
            "error": 0.0032858756885834075,
            "tau_int": 0.836971483776658,
            "dtau_int": 0.014653556713583902
          },
          "Chi_t": {
            "mean": 0.6449864506721497,
            "error": 0.003647728927173551,
            "tau_int": 0.7953839604505979,