{
  "observables": [
    "Chi_t"
  ],
  "n_samples": [
    50000,
    80000,
    100000
  ],
  "nip": [],
  "nmcmc": [
    [
      {
        "acc_rate": 0.76942,
        "n_steps": 50000,
        "obs_stats": {
          "Q": {
            "mean": 0.007139999885112047,
            "error": 0.004607963051663767,
            "tau_int": 0.8132253919222321,
            "dtau_int": 0.018808937627343696
          },
          "Chi_t": {
            "mean": 0.6527799963951111,
            "error": 0.005334058506343423,
            "tau_int": 0.829599958912753,
            "dtau_int": 0.019164154153434466
          }
        },
        "n_skipped": 0,
        "step_size": 0
      },
      {
        "acc_rate": 0.7713,
        "n_steps": 50000,
        "obs_stats": {
          "Q": {
            "mean": -0.001879999996162951,
            "error": 0.004604773538708061,
            "tau_int": 0.8123646292656896,
            "dtau_int": 0.018790238489883083
          },
          "Chi_t": {
            "mean": 0.6525200009346008,
            "error": 0.005101253963267508,
            "tau_int": 0.7555245031524818,
            "dtau_int": 0.01754961680150585
          }
        },
        "n_skipped": 0,
        "step_size": 0
      },
      {
        "acc_rate": 0.7761,
        "n_steps": 50000,
        "obs_stats": {
          "Q": {
            "mean": 0.010219999589025974,
            "error": 0.0046214154551369475,
            "tau_int": 0.8255860214413202,
            "dtau_int": 0.01907716757445039
          },
          "Chi_t": {
            "mean": 0.6468200087547302,
            "error": 0.005013061215574042,
            "tau_int": 0.7634368563906777,
            "dtau_int": 0.017723002896911418
          }
        },
        "n_skipped": 0,
        "step_size": 0
      }
    ],
    [
      {
        "acc_rate": 0.7750625,
        "n_steps": 80000,
        "obs_stats": {
          "Q": {
            "mean": -0.001825000043027103,
            "error": 0.003644402721089654,
            "tau_int": 0.8188012424437259,
            "dtau_int": 0.014965481382338096
          },
          "Chi_t": {
            "mean": 0.6488249897956848,
            "error": 0.003979372860599313,
            "tau_int": 0.7656734816178257,
            "dtau_int": 0.01404997957701457
          }
        },
        "n_skipped": 0,
        "step_size": 0
      },
      {
        "acc_rate": 0.776,
        "n_steps": 80000,
        "obs_stats": {
          "Q": {
            "mean": 0.0014875000342726707,
            "error": 0.003647881829149007,
            "tau_int": 0.8173562248981703,
            "dtau_int": 0.014940685786096822
          },
          "Chi_t": {
            "mean": 0.6512125134468079,
            "error": 0.004151457234015035,
            "tau_int": 0.813814502997938,
            "dtau_int": 0.014879887164167877
          }
        },
        "n_skipped": 0,
        "step_size": 0
      },
      {
        "acc_rate": 0.7741375,
        "n_steps": 80000,
        "obs_stats": {
          "Q": {
            "mean": -0.002337499987334013,
            "error": 0.0036644687633140996,
            "tau_int": 0.8128893598583056,
            "dtau_int": 0.014863999962220396
          },
          "Chi_t": {
            "mean": 0.6607624888420105,
            "error": 0.004214136256758314,
            "tau_int": 0.8071117025472603,
            "dtau_int": 0.014764727463095288
          }
        },
        "n_skipped": 0,
        "step_size": 0
      }
    ],
    [
      {
        "acc_rate": 0.77621,
        "n_steps": 100000,
        "obs_stats": {
          "Q": {
            "mean": 0.006899999920278788,
            "error": 0.003273283445111044,
            "tau_int": 0.8157210676885374,
            "dtau_int": 0.014301224859601098
          },
          "Chi_t": {
            "mean": 0.6567800045013428,
            "error": 0.0036642072814065878,
            "tau_int": 0.7921063076446719,
            "dtau_int": 0.012974975693002523
          }
        },
        "n_skipped": 0,
        "step_size": 0
      },
      {
        "acc_rate": 0.77623,
        "n_steps": 100000,
        "obs_stats": {
          "Q": {
            "mean": -0.004769999999552965,
            "error": 0.003293897978747664,
            "tau_int": 0.8261852357038808,
            "dtau_int": 0.014474816979500225
          },
          "Chi_t": {
            "mean": 0.6566299796104431,
            "error": 0.003688203508220088,
            "tau_int": 0.7865456354482494,
            "dtau_int": 0.012889229057544796
          }
        },
        "n_skipped": 0,
        "step_size": 0
      },
      {
        "acc_rate": 0.77394,
        "n_steps": 100000,
        "obs_stats": {
          "Q": {
            "mean": -0.0008200000156648457,
            "error": 0.0032763667883421305,
            "tau_int": 0.8216537146184972,
            "dtau_int": 0.014399674193750362
          },
          "Chi_t": {
            "mean": 0.653219997882843,
            "error": 0.0036709816065016985,
            "tau_int": 0.7990887132976454,
            "dtau_int": 0.013082535635049733
          }
        },
        "n_skipped": 0,
        "step_size": 0
      }
    ]
  ],
  "exact_sus": 0.6500977944017748
}