{
  "observables": [
    "Chi_t"
  ],
  "n_samples": [
    50000,
    125000
  ],
  "nip": [
    [
      {
        "obs_stats": {
          "Q": {
            "mean": 0.016240565106272697,
            "error": 0.028901316225528717,
            "error_ess": 0.08509350568056107,
            "ess_q": 0.0013546835398301482
          },
          "Chi_t": {
            "mean": 0.49071067571640015,
            "error": 0.03369690850377083,
            "error_ess": 0.09705527871847153,
            "ess_q": 0.0013546835398301482
          }
        },
        "entropy": 39369.73828125,
        "std_entropy": 161634416.0,
        "free_energy": -0.14257456834366153,
        "std_free_energy": 0.012392828240990639
      },
      {
        "obs_stats": {
          "Q": {
            "mean": 0.05318336933851242,
            "error": 0.03998969867825508,
            "error_ess": 0.08402713388204575,
            "ess_q": 0.0013498814078047872
          },
          "Chi_t": {
            "mean": 0.479364812374115,
            "error": 0.041425324976444244,
            "error_ess": 0.08928431570529938,
            "ess_q": 0.0013498814078047872
          }
        },
        "entropy": 38393.2109375,
        "std_entropy": 155819584.0,
        "free_energy": -0.14309882973700605,
        "std_free_energy": 0.012414881959557533
      },
      {
        "obs_stats": {
          "Q": {
            "mean": 0.06245678663253784,
            "error": 0.06781387329101562,
            "error_ess": 0.0727822557091713,
            "ess_q": 0.002090786350890994
          },
          "Chi_t": {
            "mean": 0.5576614141464233,
            "error": 0.0682811290025711,
            "error_ess": 0.06953483074903488,
            "ess_q": 0.002090786350890994
          }
        },
        "entropy": 38980.1171875,
        "std_entropy": 128202440.0,
        "free_energy": -0.14256850274227925,
        "std_free_energy": 0.009971819818019867
      }
    ],
    [
      {
        "obs_stats": {
          "Q": {
            "mean": -0.12332067638635635,
            "error": 0.056386202573776245,
            "error_ess": 0.05721872299909592,
            "ess_q": 0.0015362562844529748
          },
          "Chi_t": {
            "mean": 0.6439124345779419,
            "error": 0.12301082164049149,
            "error_ess": 0.08906904608011246,
            "ess_q": 0.0015362562844529748
          }
        },
        "entropy": 99793.71875,
        "std_entropy": 600544064.0,
        "free_energy": -0.14348266761176012,
        "std_free_energy": 0.007359451148658991
      },
      {
        "obs_stats": {
          "Q": {
            "mean": 0.06285524368286133,
            "error": 0.044356569647789,
            "error_ess": 0.04012700542807579,
            "ess_q": 0.0031452421098947525
          },
          "Chi_t": {
            "mean": 0.6369950771331787,
            "error": 0.05053803324699402,
            "error_ess": 0.04261056333780289,
            "ess_q": 0.0031452421098947525
          }
        },
        "entropy": 98347.03125,
        "std_entropy": 411831840.0,
        "free_energy": -0.1419075355689661,
        "std_free_energy": 0.005139253102242947
      },
      {
        "obs_stats": {
          "Q": {
            "mean": 0.11370067298412323,
            "error": 0.09863922744989395,
            "error_ess": 0.09048952907323837,
            "ess_q": 0.0005493550561368465
          },
          "Chi_t": {
            "mean": 0.5752127170562744,
            "error": 0.09963316470384598,
            "error_ess": 0.09002864360809326,
            "ess_q": 0.0005493550561368465
          }
        },
        "entropy": 99635.6015625,
        "std_entropy": 1000722624.0,
        "free_energy": -0.14409909580338623,
        "std_free_energy": 0.012313038110733032
      }
    ]
  ],
  "nmcmc": [
    [
      {
        "acc_rate": 0.05532,
        "n_steps": 50000,
        "obs_stats": {
          "Q": {
            "mean": -0.05132102593779564,
            "error": 0.12760431386893856,
            "tau_int": 651.8878977806097,
            "dtau_int": 232.98178237292694
          },
          "Chi_t": {
            "mean": 0.6121322512626648,
            "error": 0.042907246057915564,
            "tau_int": 126.18390850841044,
            "dtau_int": 25.4210000115794
          }
        },
        "n_skipped": 0,
        "step_size": 0
      },
      {
        "acc_rate": 0.08634,
        "n_steps": 50000,
        "obs_stats": {
          "Q": {
            "mean": -0.026220524683594704,
            "error": 0.04637334741572528,
            "tau_int": 91.24210989568681,
            "dtau_int": 16.204470801692377
          },
          "Chi_t": {
            "mean": 0.5877917408943176,
            "error": 0.02892712780841912,
            "tau_int": 36.94846765225802,
            "dtau_int": 4.561965441976653
          }
        },
        "n_skipped": 0,
        "step_size": 0
      },
      {
        "acc_rate": 0.05056,
        "n_steps": 50000,
        "obs_stats": {
          "Q": {
            "mean": 0.19352386891841888,
            "error": 0.19086535058231963,
            "tau_int": 1382.8929895307651,
            "dtau_int": 601.4747466684664
          },
          "Chi_t": {
            "mean": 0.6643332839012146,
            "error": 0.070463391525522,
            "tau_int": 231.5029553292717,
            "dtau_int": 58.52999169370598
          }
        },
        "n_skipped": 0,
        "step_size": 0
      }
    ],
    [
      {
        "acc_rate": 0.066464,
        "n_steps": 125000,
        "obs_stats": {
          "Q": {
            "mean": 0.201009601354599,
            "error": 0.12949356703950107,
            "tau_int": 1438.2862024426015,
            "dtau_int": 494.71983511733595
          },
          "Chi_t": {
            "mean": 0.753574013710022,
            "error": 0.2576621558774865,
            "tau_int": 2812.6808085980206,
            "dtau_int": 1167.027301837983
          }
        },
        "n_skipped": 0,
        "step_size": 0
      },
      {
        "acc_rate": 0.074352,
        "n_steps": 125000,
        "obs_stats": {
          "Q": {
            "mean": 0.006592052523046732,
            "error": 0.038976091468716764,
            "tau_int": 165.50146726370357,
            "dtau_int": 25.860708926478903
          },
          "Chi_t": {
            "mean": 0.5722285509109497,
            "error": 0.03658220543991231,
            "tau_int": 128.0196408937227,
            "dtau_int": 18.024660844105377
          }
        },
        "n_skipped": 0,
        "step_size": 0
      },
      {
        "acc_rate": 0.069256,
        "n_steps": 125000,
        "obs_stats": {
          "Q": {
            "mean": -0.05425643548369408,
            "error": 0.029693541198911672,
            "tau_int": 114.54583196285387,
            "dtau_int": 15.415110726553925
          },
          "Chi_t": {
            "mean": 0.48315587639808655,
            "error": 0.029561845651914342,
            "tau_int": 98.54799074994611,
            "dtau_int": 12.464896003425368
          }
        },
        "n_skipped": 0,
        "step_size": 0
      }
    ]
  ],
  "exact_sus": 0.5539856803499829
}