{
  "observables": [
    "Chi_t",
    "Q"
  ],
  "n_samples": [
    50000,
    250000,
    500000,
    2500000,
    5000000
  ],
  "nip": [
    {
      "obs_stats": {
        "Q": {
          "mean": 0.008215310983359814,
          "error": 0.006484042853116989,
          "error_ess": 0.007163801230490208,
          "ess_q": 0.21178480982780457
        },
        "Chi_t": {
          "mean": 0.5434969067573547,
          "error": 0.007462409324944019,
          "error_ess": 0.007507239934056997,
          "ess_q": 0.21178480982780457
        }
      },
      "entropy": 62640.75,
      "std_entropy": 13851851.0,
      "free_energy": -0.4474393634988082,
      "std_free_energy": 0.0012720829108729959,
      "ess_p": {
        "0-1": {
          "log_ess_p": -2.451944057150201,
          "ess_p": 0.08612598979708762
        },
        "0.05-1": {
          "log_ess_p": -2.193173690952186,
          "ess_p": 0.11156212247938546
        },
        "0.1-1": {
          "log_ess_p": -2.0861565052115303,
          "ess_p": 0.12416344143209372
        }
      }
    },
    {
      "obs_stats": {
        "Q": {
          "mean": 0.003880756674334407,
          "error": 0.0040398589335381985,
          "error_ess": 0.005991253536194563,
          "ess_q": 0.05925295129418373
        },
        "Chi_t": {
          "mean": 0.531735897064209,
          "error": 0.004473757464438677,
          "error_ess": 0.006329672876745462,
          "ess_q": 0.05925295129418373
        }
      },
      "entropy": 323338.71875,
      "std_entropy": 295466080.0,
      "free_energy": -0.4477775788812178,
      "std_free_energy": 0.0011749878758564591,
      "ess_p": {
        "0-1": {
          "log_ess_p": -2.433585824725135,
          "ess_p": 0.08772171325037606
        },
        "0.05-1": {
          "log_ess_p": -2.170465008990009,
          "ess_p": 0.11412453563510687
        },
        "0.1-1": {
          "log_ess_p": -2.0639512977188055,
          "ess_p": 0.12695135495888096
        }
      }
    },
    {
      "obs_stats": {
        "Q": {
          "mean": -0.0046343132853507996,
          "error": 0.0029091136530041695,
          "error_ess": 0.00267542595975101,
          "ess_q": 0.15216736495494843
        },
        "Chi_t": {
          "mean": 0.5446200966835022,
          "error": 0.003206206252798438,
          "error_ess": 0.002809929894283414,
          "ess_q": 0.15216736495494843
        }
      },
      "entropy": 653270.1875,
      "std_entropy": 520035584.0,
      "free_energy": -0.4475005191608269,
      "std_free_energy": 0.0004921877989545465,
      "ess_p": {
        "0-1": {
          "log_ess_p": -2.38373351771422,
          "ess_p": 0.09220568252614228
        },
        "0.05-1": {
          "log_ess_p": -2.1236017460267647,
          "ess_p": 0.11960008269611398
        },
        "0.1-1": {
          "log_ess_p": -2.0163853178319844,
          "ess_p": 0.1331358401027054
        }
      }
    },
    {
      "obs_stats": {
        "Q": {
          "mean": -7.146433199523017e-05,
          "error": 0.0014061983674764633,
          "error_ess": 0.0012633431470021605,
          "ess_q": 0.13549230992794037
        },
        "Chi_t": {
          "mean": 0.5406262874603271,
          "error": 0.0016761092701926827,
          "error_ess": 0.001328569371253252,
          "ess_q": 0.13549230992794037
        }
      },
      "entropy": 3355486.25,
      "std_entropy": 6168363520.0,
      "free_energy": -0.44753423929968894,
      "std_free_energy": 0.0002355473698116839,
      "ess_p": {
        "0-1": {
          "log_ess_p": -2.5574208746349685,
          "ess_p": 0.07750437639262159
        },
        "0.05-1": {
          "log_ess_p": -2.301617957467908,
          "ess_p": 0.10009676033525057
        },
        "0.1-1": {
          "log_ess_p": -2.1954109734922174,
          "ess_p": 0.11131280549090107
        }
      }
    },
    {
      "obs_stats": {
        "Q": {
          "mean": -0.001281125470995903,
          "error": 0.000736700720153749,
          "error_ess": 0.0008366251713596284,
          "ess_q": 0.15379734337329865
        },
        "Chi_t": {
          "mean": 0.5382474064826965,
          "error": 0.0008809348801150918,
          "error_ess": 0.0008783000521361828,
          "ess_q": 0.15379734337329865
        }
      },
      "entropy": 6783831.5,
      "std_entropy": 16361936896.0,
      "free_energy": -0.4475178203709908,
      "std_free_energy": 0.00015466743207070976,
      "ess_p": {
        "0-1": {
          "log_ess_p": -2.245925239336968,
          "ess_p": 0.10582957737292294
        },
        "0.05-1": {
          "log_ess_p": -1.9770765306672686,
          "ess_p": 0.1384734690836573
        },
        "0.1-1": {
          "log_ess_p": -1.86960048630079,
          "ess_p": 0.15418524863096814
        }
      }
    }
  ],
  "nmcmc": [
    {
      "acc_rate": 0.42578,
      "n_steps": 50000,
      "obs_stats": {
        "Q": {
          "mean": 0.010160203091800213,
          "error": 0.01064802321699047,
          "tau_int": 4.909151489987048,
          "dtau_int": 0.2582476500013485
        },
        "Chi_t": {
          "mean": 0.5773715376853943,
          "error": 0.013795850462561756,
          "tau_int": 6.8776476594013465,
          "dtau_int": 0.415506762864053
        }
      },
      "n_skipped": 0,
      "step_size": 0
    },
    {
      "acc_rate": 0.420116,
      "n_steps": 250000,
      "obs_stats": {
        "Q": {
          "mean": -0.004688018932938576,
          "error": 0.004235641237649221,
          "tau_int": 4.133820194502702,
          "dtau_int": 0.09833463673341161
        },
        "Chi_t": {
          "mean": 0.5424981713294983,
          "error": 0.005379712199796692,
          "tau_int": 5.862297060759737,
          "dtau_int": 0.16184678901774663
        }
      },
      "n_skipped": 0,
      "step_size": 0
    },
    {
      "acc_rate": 0.424564,
      "n_steps": 500000,
      "obs_stats": {
        "Q": {
          "mean": -0.0014120028354227543,
          "error": 0.002811554089625097,
          "tau_int": 3.6433184941621057,
          "dtau_int": 0.05996043296921897
        },
        "Chi_t": {
          "mean": 0.542413055896759,
          "error": 0.002762502037150286,
          "tau_int": 3.2302639800620048,
          "dtau_int": 0.050267554709447215
        }
      },
      "n_skipped": 0,
      "step_size": 0
    },
    {
      "acc_rate": 0.4197576,
      "n_steps": 2500000,
      "obs_stats": {
        "Q": {
          "mean": -0.00399200152605772,
          "error": 0.0013153265006243362,
          "tau_int": 4.016672312829884,
          "dtau_int": 0.03272376569510601
        },
        "Chi_t": {
          "mean": 0.5384210348129272,
          "error": 0.0013208083745464604,
          "tau_int": 3.7045899424857396,
          "dtau_int": 0.0291870629524822
        }
      },
      "n_skipped": 0,
      "step_size": 0
    },
    {
      "acc_rate": 0.418653,
      "n_steps": 5000000,
      "obs_stats": {
        "Q": {
          "mean": 0.0005764001398347318,
          "error": 0.0009485714010438524,
          "tau_int": 4.174350131851837,
          "dtau_int": 0.02513656504416196
        },
        "Chi_t": {
          "mean": 0.5388780832290649,
          "error": 0.001011757217918433,
          "tau_int": 4.282771781542825,
          "dtau_int": 0.026041855061001734
        }
      },
      "n_skipped": 0,
      "step_size": 0
    }
  ],
  "exact_sus": 0.5389373101303281
}