{
  "observables": [
    "Chi_t"
  ],
  "n_samples": [
    50000,
    80000,
    100000
  ],
  "nip": [],
  "nmcmc": [
    [
      {
        "acc_rate": 0.44796,
        "n_steps": 50000,
        "obs_stats": {
          "Q": {
            "mean": 0.002240000059828162,
            "error": 0.008815775511282736,
            "tau_int": 2.8379416123452366,
            "dtau_int": 0.11814036562791087
          },
          "Chi_t": {
            "mean": 0.6845600008964539,
            "error": 0.010166347969327591,
            "tau_int": 2.7568855375908923,
            "dtau_int": 0.1123054184926649
          }
        },
        "n_skipped": 0,
        "step_size": 0
      },
      {
        "acc_rate": 0.4503,
        "n_steps": 50000,
        "obs_stats": {
          "Q": {
            "mean": -0.01128000020980835,
            "error": 0.008232735774779806,
            "tau_int": 2.577890195089645,
            "dtau_int": 0.10291461955479791
          },
          "Chi_t": {
            "mean": 0.6573600172996521,
            "error": 0.009037582485490293,
            "tau_int": 2.3323764553539137,
            "dtau_int": 0.08891861782524141
          }
        },
        "n_skipped": 0,
        "step_size": 0
      },
      {
        "acc_rate": 0.45294,
        "n_steps": 50000,
        "obs_stats": {
          "Q": {
            "mean": 0.00011999999696854502,
            "error": 0.008143420328516641,
            "tau_int": 2.4992714134529894,
            "dtau_int": 0.09744140613766884
          },
          "Chi_t": {
            "mean": 0.6632800102233887,
            "error": 0.008055083863714604,
            "tau_int": 1.910421536211346,
            "dtau_int": 0.06746699778015307
          }
        },
        "n_skipped": 0,
        "step_size": 0
      }
    ],
    [
      {
        "acc_rate": 0.452025,
        "n_steps": 80000,
        "obs_stats": {
          "Q": {
            "mean": -0.014000000432133675,
            "error": 0.0069844560705159126,
            "tau_int": 2.862713419068068,
            "dtau_int": 0.09631081554357829
          },
          "Chi_t": {
            "mean": 0.6817749738693237,
            "error": 0.007631192578368873,
            "tau_int": 2.494767398098016,
            "dtau_int": 0.07890179161996204
          }
        },
        "n_skipped": 0,
        "step_size": 0
      },
      {
        "acc_rate": 0.4514375,
        "n_steps": 80000,
        "obs_stats": {
          "Q": {
            "mean": 0.014887499623000622,
            "error": 0.006485689301665169,
            "tau_int": 2.566911527735326,
            "dtau_int": 0.08304482170233399
          },
          "Chi_t": {
            "mean": 0.655662477016449,
            "error": 0.0072543790356030214,
            "tau_int": 2.4472327024480247,
            "dtau_int": 0.07749031507049128
          }
        },
        "n_skipped": 0,
        "step_size": 0
      },
      {
        "acc_rate": 0.45215,
        "n_steps": 80000,
        "obs_stats": {
          "Q": {
            "mean": -0.006725000217556953,
            "error": 0.006728618365611824,
            "tau_int": 2.7205050941623274,
            "dtau_int": 0.0897756271079565
          },
          "Chi_t": {
            "mean": 0.6656749844551086,
            "error": 0.007246571645721311,
            "tau_int": 2.33974061776434,
            "dtau_int": 0.07241914759018367
          }
        },
        "n_skipped": 0,
        "step_size": 0
      }
    ],
    [
      {
        "acc_rate": 0.44882,
        "n_steps": 100000,
        "obs_stats": {
          "Q": {
            "mean": -0.0012400000123307109,
            "error": 0.005752317784629253,
            "tau_int": 2.5391807807212436,
            "dtau_int": 0.0735237659769241
          },
          "Chi_t": {
            "mean": 0.6515399813652039,
            "error": 0.006290977991742898,
            "tau_int": 2.2851298000680558,
            "dtau_int": 0.06335189309921005
          }
        },
        "n_skipped": 0,
        "step_size": 0
      },
      {
        "acc_rate": 0.44686,
        "n_steps": 100000,
        "obs_stats": {
          "Q": {
            "mean": -0.0028200000524520874,
            "error": 0.005973012382689553,
            "tau_int": 2.679620655390735,
            "dtau_int": 0.0791652268736124
          },
          "Chi_t": {
            "mean": 0.6656799912452698,
            "error": 0.0062018824775023,
            "tau_int": 2.185247192601761,
            "dtau_int": 0.059146778785328306
          }
        },
        "n_skipped": 0,
        "step_size": 0
      },
      {
        "acc_rate": 0.44832,
        "n_steps": 100000,
        "obs_stats": {
          "Q": {
            "mean": -0.006550000049173832,
            "error": 0.005844541794627857,
            "tau_int": 2.571797054409391,
            "dtau_int": 0.07441023211752508
          },
          "Chi_t": {
            "mean": 0.664110004901886,
            "error": 0.00673955991891871,
            "tau_int": 2.5003302352302854,
            "dtau_int": 0.07246588506982843
          }
        },
        "n_skipped": 0,
        "step_size": 0
      }
    ]
  ],
  "exact_sus": 0.6629736823224884
}