{
  "observables": [
    "Chi_t"
  ],
  "n_samples": [
    50000,
    80000,
    100000,
    150000,
    200000,
    250000,
    300000
  ],
  "nip": [],
  "nmcmc": [
    [
      {
        "acc_rate": 0.23888,
        "n_steps": 50000,
        "obs_stats": {
          "Q": {
            "mean": 0.011800000444054604,
            "error": 0.014145275728183684,
            "tau_int": 9.600080914116216,
            "dtau_int": 0.6700824519108598
          },
          "Chi_t": {
            "mean": 0.5210000276565552,
            "error": 0.01512836126582767,
            "tau_int": 9.533164079022338,
            "dtau_int": 0.6657771559275478
          }
        },
        "n_skipped": 0,
        "step_size": 0
      },
      {
        "acc_rate": 0.22642,
        "n_steps": 50000,
        "obs_stats": {
          "Q": {
            "mean": 0.019540000706911087,
            "error": 0.018803299115020322,
            "tau_int": 15.029666720809818,
            "dtau_int": 1.2715512565015787
          },
          "Chi_t": {
            "mean": 0.5881400108337402,
            "error": 0.019097335661112474,
            "tau_int": 12.55130491740507,
            "dtau_int": 0.9847693054409153
          }
        },
        "n_skipped": 0,
        "step_size": 0
      },
      {
        "acc_rate": 0.23688,
        "n_steps": 50000,
        "obs_stats": {
          "Q": {
            "mean": 0.0032599999103695154,
            "error": 0.015661861803200644,
            "tau_int": 11.464608270100214,
            "dtau_int": 0.8642544083433696
          },
          "Chi_t": {
            "mean": 0.5346599817276001,
            "error": 0.015149192769014927,
            "tau_int": 9.510624782791366,
            "dtau_int": 0.6643258222662296
          }
        },
        "n_skipped": 0,
        "step_size": 0
      }
    ],
    [
      {
        "acc_rate": 0.234025,
        "n_steps": 80000,
        "obs_stats": {
          "Q": {
            "mean": -0.05271250009536743,
            "error": 0.014213301298069575,
            "tau_int": 14.228234008936399,
            "dtau_int": 0.9611788995733292
          },
          "Chi_t": {
            "mean": 0.5705124735832214,
            "error": 0.013022804454672536,
            "tau_int": 10.459898642264113,
            "dtau_int": 0.6189931760985778
          }
        },
        "n_skipped": 0,
        "step_size": 0
      },
      {
        "acc_rate": 0.2424375,
        "n_steps": 80000,
        "obs_stats": {
          "Q": {
            "mean": 0.009600000455975533,
            "error": 0.01288766620422397,
            "tau_int": 11.783254361666508,
            "dtau_int": 0.7345266511835983
          },
          "Chi_t": {
            "mean": 0.5637500286102295,
            "error": 0.01108387608921267,
            "tau_int": 8.187307917615053,
            "dtau_int": 0.4344394659561769
          }
        },
        "n_skipped": 0,
        "step_size": 0
      },
      {
        "acc_rate": 0.24085,
        "n_steps": 80000,
        "obs_stats": {
          "Q": {
            "mean": 0.010687500238418579,
            "error": 0.011717127846821076,
            "tau_int": 9.825624492620323,
            "dtau_int": 0.5673154918184602
          },
          "Chi_t": {
            "mean": 0.5588874816894531,
            "error": 0.011857120445076539,
            "tau_int": 8.88100337771987,
            "dtau_int": 0.48893531771043014
          }
        },
        "n_skipped": 0,
        "step_size": 0
      }
    ],
    [
      {
        "acc_rate": 0.22667,
        "n_steps": 100000,
        "obs_stats": {
          "Q": {
            "mean": 0.005450000055134296,
            "error": 0.012024952427825199,
            "tau_int": 13.252765150873602,
            "dtau_int": 0.7873848434224411
          },
          "Chi_t": {
            "mean": 0.5454300045967102,
            "error": 0.012976022438310468,
            "tau_int": 12.740708093073243,
            "dtau_int": 0.7462153088055823
          }
        },
        "n_skipped": 0,
        "step_size": 0
      },
      {
        "acc_rate": 0.22916,
        "n_steps": 100000,
        "obs_stats": {
          "Q": {
            "mean": 0.0028099999763071537,
            "error": 0.011128792923340685,
            "tau_int": 11.164787273814342,
            "dtau_int": 0.6169399706944212
          },
          "Chi_t": {
            "mean": 0.5545300245285034,
            "error": 0.013256709040479204,
            "tau_int": 12.67525489709796,
            "dtau_int": 0.7383256883671655
          }
        },
        "n_skipped": 0,
        "step_size": 0
      },
      {
        "acc_rate": 0.2343,
        "n_steps": 100000,
        "obs_stats": {
          "Q": {
            "mean": -0.02701999992132187,
            "error": 0.027144077901746222,
            "tau_int": 56.26139221253468,
            "dtau_int": 6.186078694630783
          },
          "Chi_t": {
            "mean": 0.6547999978065491,
            "error": 0.06599453509076428,
            "tau_int": 236.13263114326952,
            "dtau_int": 46.353439807541676
          }
        },
        "n_skipped": 0,
        "step_size": 0
      }
    ],
    [
      {
        "acc_rate": 0.22650666666666666,
        "n_steps": 150000,
        "obs_stats": {
          "Q": {
            "mean": 0.02685333415865898,
            "error": 0.01914456146768916,
            "tau_int": 45.86392487147286,
            "dtau_int": 3.8962644572383662
          },
          "Chi_t": {
            "mean": 0.5997066497802734,
            "error": 0.03613348373265474,
            "tau_int": 126.03386228048728,
            "dtau_int": 16.36779777293198
          }
        },
        "n_skipped": 0,
        "step_size": 0
      },
      {
        "acc_rate": 0.23950666666666667,
        "n_steps": 150000,
        "obs_stats": {
          "Q": {
            "mean": -0.0017466666176915169,
            "error": 0.009405284290815486,
            "tau_int": 11.95069862328793,
            "dtau_int": 0.567456626923216
          },
          "Chi_t": {
            "mean": 0.5550666451454163,
            "error": 0.009586880088952475,
            "tau_int": 10.801225974400074,
            "dtau_int": 0.4916595750182791
          }
        },
        "n_skipped": 0,
        "step_size": 0
      },
      {
        "acc_rate": 0.23819333333333334,
        "n_steps": 150000,
        "obs_stats": {
          "Q": {
            "mean": -0.0007266666507348418,
            "error": 0.009382759318793028,
            "tau_int": 12.027075683607029,
            "dtau_int": 0.5741940547624588
          },
          "Chi_t": {
            "mean": 0.5489000082015991,
            "error": 0.008578621302428554,
            "tau_int": 9.049441466360213,
            "dtau_int": 0.38093901915633965
          }
        },
        "n_skipped": 0,
        "step_size": 0
      }
    ],
    [
      {
        "acc_rate": 0.234955,
        "n_steps": 200000,
        "obs_stats": {
          "Q": {
            "mean": 0.03357499837875366,
            "error": 0.01131840093833384,
            "tau_int": 21.703142584515437,
            "dtau_int": 1.1799679774520144
          },
          "Chi_t": {
            "mean": 0.5912650227546692,
            "error": 0.019029288457858295,
            "tau_int": 51.103317603241145,
            "dtau_int": 4.019961736614428
          }
        },
        "n_skipped": 0,
        "step_size": 0
      },
      {
        "acc_rate": 0.244465,
        "n_steps": 200000,
        "obs_stats": {
          "Q": {
            "mean": -0.014449999667704105,
            "error": 0.007689699629339806,
            "tau_int": 10.647792054574273,
            "dtau_int": 0.42284528094507934
          },
          "Chi_t": {
            "mean": 0.5554900169372559,
            "error": 0.008946395206028253,
            "tau_int": 12.182697327524862,
            "dtau_int": 0.5149039837826932
          }
        },