{
  "observables": [
    "Chi_t"
  ],
  "n_samples": [
    50000,
    80000,
    100000
  ],
  "nip": [],
  "nmcmc": [
    [
      {
        "acc_rate": 0.57868,
        "n_steps": 50000,
        "obs_stats": {
          "Q": {
            "mean": -0.009259999729692936,
            "error": 0.006457263975649826,
            "tau_int": 1.6028735826392486,
            "dtau_int": 0.051486188589633906
          },
          "Chi_t": {
            "mean": 0.65038001537323,
            "error": 0.007476989639832779,
            "tau_int": 1.5551356308769764,
            "dtau_int": 0.05004515257545962
          }
        },
        "n_skipped": 0,
        "step_size": 0
      },
      {
        "acc_rate": 0.58896,
        "n_steps": 50000,
        "obs_stats": {
          "Q": {
            "mean": 0.001500000013038516,
            "error": 0.006195674158418554,
            "tau_int": 1.4777265518649398,
            "dtau_int": 0.045828154781854674
          },
          "Chi_t": {
            "mean": 0.6493800282478333,
            "error": 0.006769078707757869,
            "tau_int": 1.371587378304129,
            "dtau_int": 0.04092466033361188
          }
        },
        "n_skipped": 0,
        "step_size": 0
      },
      {
        "acc_rate": 0.58694,
        "n_steps": 50000,
        "obs_stats": {
          "Q": {
            "mean": 0.002259999979287386,
            "error": 0.006161852873140789,
            "tau_int": 1.4808906624087397,
            "dtau_int": 0.045920238096454936
          },
          "Chi_t": {
            "mean": 0.6409400105476379,
            "error": 0.007032807632633528,
            "tau_int": 1.47959991299752,
            "dtau_int": 0.0458826773633678
          }
        },
        "n_skipped": 0,
        "step_size": 0
      }
    ],
    [
      {
        "acc_rate": 0.58605,
        "n_steps": 80000,
        "obs_stats": {
          "Q": {
            "mean": 0.003212499897927046,
            "error": 0.0051846714547825815,
            "tau_int": 1.6239632011257368,
            "dtau_int": 0.042775383075590076
          },
          "Chi_t": {
            "mean": 0.6620875000953674,
            "error": 0.005920866655927615,
            "tau_int": 1.5704404532195646,
            "dtau_int": 0.03992991091577165
          }
        },
        "n_skipped": 0,
        "step_size": 0
      },
      {
        "acc_rate": 0.58265,
        "n_steps": 80000,
        "obs_stats": {
          "Q": {
            "mean": 0.0009250000002793968,
            "error": 0.004942775914898328,
            "tau_int": 1.5189919145937436,
            "dtau_int": 0.038698548383157866
          },
          "Chi_t": {
            "mean": 0.6433249711990356,
            "error": 0.005641976775015783,
            "tau_int": 1.4992242453780296,
            "dtau_int": 0.03822400884003519
          }
        },
        "n_skipped": 0,
        "step_size": 0
      },
      {
        "acc_rate": 0.58725,
        "n_steps": 80000,
        "obs_stats": {
          "Q": {
            "mean": -0.0022124999668449163,
            "error": 0.005224411241027591,
            "tau_int": 1.6841686100091602,
            "dtau_int": 0.0442648587757968
          },
          "Chi_t": {
            "mean": 0.6482375264167786,
            "error": 0.005733982505907761,
            "tau_int": 1.5383427828065583,
            "dtau_int": 0.03916231772233618
          }
        },
        "n_skipped": 0,
        "step_size": 0
      }
    ],
    [
      {
        "acc_rate": 0.58519,
        "n_steps": 100000,
        "obs_stats": {
          "Q": {
            "mean": 0.004170000087469816,
            "error": 0.004552232914423101,
            "tau_int": 1.6033053637071433,
            "dtau_int": 0.03780088766819306
          },
          "Chi_t": {
            "mean": 0.6462500095367432,
            "error": 0.0048580455497722295,
            "tau_int": 1.4035372333422274,
            "dtau_int": 0.030873305495725163
          }
        },
        "n_skipped": 0,
        "step_size": 0
      },
      {
        "acc_rate": 0.58988,
        "n_steps": 100000,
        "obs_stats": {
          "Q": {
            "mean": -0.0028899998869746923,
            "error": 0.004537333126099476,
            "tau_int": 1.5824713019044023,
            "dtau_int": 0.03733764319978769
          },
          "Chi_t": {
            "mean": 0.6504700183868408,
            "error": 0.005017511667910011,
            "tau_int": 1.4828892418717396,
            "dtau_int": 0.03383732402473811
          }
        },
        "n_skipped": 0,
        "step_size": 0
      },
      {
        "acc_rate": 0.58592,
        "n_steps": 100000,
        "obs_stats": {
          "Q": {
            "mean": -0.00016999999934341758,
            "error": 0.00464052986473156,
            "tau_int": 1.6541817679730393,
            "dtau_int": 0.03892893641421943
          },
          "Chi_t": {
            "mean": 0.6508899927139282,
            "error": 0.005074756908783285,
            "tau_int": 1.5186472550235286,
            "dtau_int": 0.03460563962089882
          }
        },
        "n_skipped": 0,
        "step_size": 0
      }
    ]
  ],
  "exact_sus": 0.6439874072967454
}