{
  "observables": [
    "Chi_t"
  ],
  "n_samples": [
    50000,
    80000
  ],
  "nip": [],
  "nmcmc": [
    [
      {
        "acc_rate": 0.68882,
        "n_steps": 50000,
        "obs_stats": {
          "Q": {
            "mean": 0.0013599999947473407,
            "error": 0.005481295500095551,
            "tau_int": 1.1127823287084948,
            "dtau_int": 0.030494650343366295
          },
          "Chi_t": {
            "mean": 0.6749600172042847,
            "error": 0.00610068501596119,
            "tau_int": 1.013233885397871,
            "dtau_int": 0.026401330619251085
          }
        },
        "n_skipped": 0,
        "step_size": 0
      },
      {
        "acc_rate": 0.68992,
        "n_steps": 50000,
        "obs_stats": {
          "Q": {
            "mean": 0.0036800000816583633,
            "error": 0.005372681534874922,
            "tau_int": 1.074232146511863,
            "dtau_int": 0.029498606983181144
          },
          "Chi_t": {
            "mean": 0.6717600226402283,
            "error": 0.006349638158819882,
            "tau_int": 1.075237225855184,
            "dtau_int": 0.02952463239491989
          }
        },
        "n_skipped": 0,
        "step_size": 0
      },
      {
        "acc_rate": 0.68334,
        "n_steps": 50000,
        "obs_stats": {
          "Q": {
            "mean": 0.0009200000204145908,
            "error": 0.0054716209935861,
            "tau_int": 1.1128129738009438,
            "dtau_int": 0.030495440363322406
          },
          "Chi_t": {
            "mean": 0.6725599765777588,
            "error": 0.006615563896131523,
            "tau_int": 1.1978955441782226,
            "dtau_int": 0.03438958361456575
          }
        },
        "n_skipped": 0,
        "step_size": 0
      }
    ],
    [
      {
        "acc_rate": 0.682975,
        "n_steps": 80000,
        "obs_stats": {
          "Q": {
            "mean": -0.006974999792873859,
            "error": 0.0043388363793333724,
            "tau_int": 1.1389200719626993,
            "dtau_int": 0.025922731467583966
          },
          "Chi_t": {
            "mean": 0.6611999869346619,
            "error": 0.004920918755891452,
            "tau_int": 1.0791931561874386,
            "dtau_int": 0.023422229630164423
          }
        },
        "n_skipped": 0,
        "step_size": 0
      },
      {
        "acc_rate": 0.6863625,
        "n_steps": 80000,
        "obs_stats": {
          "Q": {
            "mean": 0.01478749979287386,
            "error": 0.00429677504425928,
            "tau_int": 1.1227323291114069,
            "dtau_int": 0.024310807641801463
          },
          "Chi_t": {
            "mean": 0.6579625010490417,
            "error": 0.004595387545677014,
            "tau_int": 0.9777577464634324,
            "dtau_int": 0.02018334785538576
          }
        },
        "n_skipped": 0,
        "step_size": 0
      },
      {
        "acc_rate": 0.692075,
        "n_steps": 80000,
        "obs_stats": {
          "Q": {
            "mean": -0.006162500008940697,
            "error": 0.004253041602419456,
            "tau_int": 1.090452507257081,
            "dtau_int": 0.02365244966154741
          },
          "Chi_t": {
            "mean": 0.6635375022888184,
            "error": 0.00479256257565861,
            "tau_int": 1.052668362939154,
            "dtau_int": 0.022878689982787057
          }
        },
        "n_skipped": 0,
        "step_size": 0
      }
    ]
  ],
  "exact_sus": 0.6629736823224884
}