{
  "observables": [
    "Chi_t"
  ],
  "n_samples": [
    25000,
    40000,
    50000,
    75000,
    100000,
    125000,
    150000,
    175000,
    200000,
    225000,
    250000
  ],
  "nip": {},
  "nmcmc": [
    [
      {
        "acc_rate": 0.74472,
        "n_steps": 25000,
        "obs_stats": {
          "Q": {
            "mean": 0.004440177697688341,
            "error": 0.0065641865370558855,
            "tau_int": 0.8370285544816676,
            "dtau_int": 0.027330207388865862
          },
          "Chi_t": {
            "mean": 0.6434257626533508,
            "error": 0.007458597726103685,
            "tau_int": 0.8339310071110748,
            "dtau_int": 0.0272353964559623
          }
        },
        "n_skipped": 0,
        "step_size": 0
      },
      {
        "acc_rate": 0.74112,
        "n_steps": 25000,
        "obs_stats": {
          "Q": {
            "mean": -0.009400376118719578,
            "error": 0.006797195622781655,
            "tau_int": 0.8786961005911529,
            "dtau_int": 0.02860086296380325
          },
          "Chi_t": {
            "mean": 0.6572663187980652,
            "error": 0.007637623225705169,
            "tau_int": 0.8325841754820702,
            "dtau_int": 0.027194156987599402
          }
        },
        "n_skipped": 0,
        "step_size": 0
      },
      {
        "acc_rate": 0.7416,
        "n_steps": 25000,
        "obs_stats": {
          "Q": {
            "mean": -0.0016800671583041549,
            "error": 0.006646097295484946,
            "tau_int": 0.8712948865914558,
            "dtau_int": 0.02837580508717572
          },
          "Chi_t": {
            "mean": 0.633625328540802,
            "error": 0.007651748588661152,
            "tau_int": 0.887045846744968,
            "dtau_int": 0.028854430038392505
          }
        },
        "n_skipped": 0,
        "step_size": 0
      }
    ],
    [
      {
        "acc_rate": 0.739825,
        "n_steps": 40000,
        "obs_stats": {
          "Q": {
            "mean": 0.0010250256163999438,
            "error": 0.005399854926512481,
            "tau_int": 0.9093041037707366,
            "dtau_int": 0.025052748362145202
          },
          "Chi_t": {
            "mean": 0.6412910223007202,
            "error": 0.005835714629139714,
            "tau_int": 0.8411838872145447,
            "dtau_int": 0.021706754019184003
          }
        },
        "n_skipped": 0,
        "step_size": 0
      },
      {
        "acc_rate": 0.739125,
        "n_steps": 40000,
        "obs_stats": {
          "Q": {
            "mean": 0.008400210179388523,
            "error": 0.005499549737220995,
            "tau_int": 0.9370436556472299,
            "dtau_int": 0.025769800124140676
          },
          "Chi_t": {
            "mean": 0.6455661654472351,
            "error": 0.005938299245584131,
            "tau_int": 0.8668690550441758,
            "dtau_int": 0.02232637495935302
          }
        },
        "n_skipped": 0,
        "step_size": 0
      },
      {
        "acc_rate": 0.74345,
        "n_steps": 40000,
        "obs_stats": {
          "Q": {
            "mean": -0.005000125151127577,
            "error": 0.005583462584391444,
            "tau_int": 0.9531633534484052,
            "dtau_int": 0.026185160494411962
          },
          "Chi_t": {
            "mean": 0.6541163325309753,
            "error": 0.006030246508713582,
            "tau_int": 0.8395969279397733,
            "dtau_int": 0.021668384120297018
          }
        },
        "n_skipped": 0,
        "step_size": 0
      }
    ],
    [
      {
        "acc_rate": 0.73622,
        "n_steps": 50000,
        "obs_stats": {
          "Q": {
            "mean": -0.003140062792226672,
            "error": 0.004827338894464605,
            "tau_int": 0.919390642300915,
            "dtau_int": 0.022641305996651102
          },
          "Chi_t": {
            "mean": 0.6336326599121094,
            "error": 0.005240167518923663,
            "tau_int": 0.8308949768694465,
            "dtau_int": 0.01919239831303578
          }
        },
        "n_skipped": 0,
        "step_size": 0
      },
      {
        "acc_rate": 0.73852,
        "n_steps": 50000,
        "obs_stats": {
          "Q": {
            "mean": 0.011380227282643318,
            "error": 0.0047903688504063345,
            "tau_int": 0.8760516140326096,
            "dtau_int": 0.021635603025636146
          },
          "Chi_t": {
            "mean": 0.654953122138977,
            "error": 0.005498868910286474,
            "tau_int": 0.8798482927959466,
            "dtau_int": 0.0217239573261524
          }
        },
        "n_skipped": 0,
        "step_size": 0
      },
      {
        "acc_rate": 0.73844,
        "n_steps": 50000,
        "obs_stats": {
          "Q": {
            "mean": 8.000159868970513e-05,
            "error": 0.004987218362843527,
            "tau_int": 0.9429756664866302,
            "dtau_int": 0.023185968030238913
          },
          "Chi_t": {
            "mean": 0.6593731641769409,
            "error": 0.005585568567903011,
            "tau_int": 0.8945144244726204,
            "dtau_int": 0.022064808275439
          }
        },
        "n_skipped": 0,
        "step_size": 0
      }
    ],
    [
      {
        "acc_rate": 0.7417333333333334,
        "n_steps": 75000,
        "obs_stats": {
          "Q": {
            "mean": -0.0017066894797608256,
            "error": 0.003947103077454075,
            "tau_int": 0.8951472530987885,
            "dtau_int": 0.01802777575027829
          },
          "Chi_t": {
            "mean": 0.6526486873626709,
            "error": 0.0044029821386545355,
            "tau_int": 0.858895967971014,
            "dtau_int": 0.01733887355709326
          }
        },
        "n_skipped": 0,
        "step_size": 0
      },
      {
        "acc_rate": 0.74264,
        "n_steps": 75000,
        "obs_stats": {
          "Q": {
            "mean": -0.003293377347290516,
            "error": 0.003973530958087585,
            "tau_int": 0.9116363679427215,
            "dtau_int": 0.01833994244631258
          },
          "Chi_t": {
            "mean": 0.6494619846343994,
            "error": 0.004411449464807785,
            "tau_int": 0.872091199402796,
            "dtau_int": 0.017590043325459513
          }
        },
        "n_skipped": 0,
        "step_size": 0
      },
      {
        "acc_rate": 0.7373866666666666,
        "n_steps": 75000,
        "obs_stats": {
          "Q": {
            "mean": 0.0014000186929479241,
            "error": 0.003990524971833396,
            "tau_int": 0.9105402264817448,
            "dtau_int": 0.01831921366756018
          },
          "Chi_t": {
            "mean": 0.6558087468147278,
            "error": 0.004427022749120442,
            "tau_int": 0.8611528667963197,
            "dtau_int": 0.017381866920504033
          }
        },
        "n_skipped": 0,
        "step_size": 0
      }
    ],
    [
      {
        "acc_rate": 0.742,
        "n_steps": 100000,
        "obs_stats": {
          "Q": {
            "mean": 0.002120021265000105,
            "error": 0.003411559659721911,
            "tau_int": 0.887639840044774,
            "dtau_int": 0.01548918680244079
          },
          "Chi_t": {
            "mean": 0.6555865406990051,
            "error": 0.0038691213855060777,
            "tau_int": 0.8746029967637186,
            "dtau_int": 0.01527475868779921
          }
        },
        "n_skipped": 0,
        "step_size": 0
      },
      {
        "acc_rate": 0.73856,
        "n_steps": 100000,
        "obs_stats": {
          "Q": {
            "mean": 0.004330043215304613,
            "error": 0.0034729561601604827,
            "tau_int": 0.9312745195448939,
            "dtau_int": 0.01724122034783971
          },
          "Chi_t": {
            "mean": 0.6475764513015747,
            "error": 0.0038188066494072984,
            "tau_int": 0.883953184201691,