{
  "observables": [
    "Chi_t"
  ],
  "n_samples": [
    50000,
    80000,
    100000,
    150000,
    200000,
    250000,
    300000
  ],
  "nip": [],
  "nmcmc": [
    [
      {
        "acc_rate": 0.00038,
        "n_steps": 50000,
        "obs_stats": {
          "Q": {
            "mean": 0.1812800019979477,
            "error": 0.3321746485169857,
            "tau_int": 2902.526498628157,
            "dtau_int": 1380.815414482773
          },
          "Chi_t": {
            "mean": 0.8934800028800964,
            "error": 0.6109266492712407,
            "tau_int": 4266.280672559552,
            "dtau_int": 1863.2345094338007
          }
        },
        "n_skipped": 0,
        "step_size": 0
      },
      {
        "acc_rate": 0.00044,
        "n_steps": 50000,
        "obs_stats": {
          "Q": {
            "mean": -0.17584000527858734,
            "error": 0.34781260203042913,
            "tau_int": 3143.2856388917935,
            "dtau_int": 1489.3242577568371
          },
          "Chi_t": {
            "mean": 0.895359992980957,
            "error": 0.3675935432773101,
            "tau_int": 1060.9128923293763,
            "dtau_int": 433.86923338696676
          }
        },
        "n_skipped": 0,
        "step_size": 0
      },
      {
        "acc_rate": 0.00058,
        "n_steps": 50000,
        "obs_stats": {
          "Q": {
            "mean": 0.13429999351501465,
            "error": 0.10979202837376287,
            "tau_int": 1953.3852532293859,
            "dtau_int": 903.8269022087862
          },
          "Chi_t": {
            "mean": 0.16213999688625336,
            "error": 0.11425132118034462,
            "tau_int": 1917.7771346736763,
            "dtau_int": 885.1280698370675
          }
        },
        "n_skipped": 0,
        "step_size": 0
      }
    ],
    [
      {
        "acc_rate": 0.0002375,
        "n_steps": 80000,
        "obs_stats": {
          "Q": {
            "mean": 0.4040375053882599,
            "error": 0.24810462681195602,
            "tau_int": 6293.326789231139,
            "dtau_int": 2851.5692211782416
          },
          "Chi_t": {
            "mean": 0.505637526512146,
            "error": 0.24080218105025875,
            "tau_int": 7842.462253065419,
            "dtau_int": 3029.2812409940184
          }
        },
        "n_skipped": 0,
        "step_size": 0
      },
      {
        "acc_rate": 0.00015,
        "n_steps": 80000,
        "obs_stats": {
          "Q": {
            "mean": -0.8079249858856201,
            "error": 0.4889274391901059,
            "tau_int": 8639.585530142635,
            "dtau_int": 2693.496942187716
          },
          "Chi_t": {
            "mean": 1.5704749822616577,
            "error": 0.9848133290086973,
            "tau_int": 8938.215026733229,
            "dtau_int": 2347.268674011345
          }
        },
        "n_skipped": 0,
        "step_size": 0
      },
      {
        "acc_rate": 0.0001,
        "n_steps": 80000,
        "obs_stats": {
          "Q": {
            "mean": -0.0001500000071246177,
            "error": 0.0002007910679622707,
            "tau_int": 2.0158083582940187,
            "dtau_int": 0.05787194400832478
          },
          "Chi_t": {
            "mean": 0.0007999999797903001,
            "error": 0.0008004191830916094,
            "tau_int": 5.632272160085157,
            "dtau_int": 0.2546002822918833
          }
        },
        "n_skipped": 0,
        "step_size": 0
      }
    ],
    [
      {
        "acc_rate": 0.00031,
        "n_steps": 100000,
        "obs_stats": {
          "Q": {
            "mean": 0.10397999733686447,
            "error": 0.1951221876104355,
            "tau_int": 4279.8997098261025,
            "dtau_int": 2003.176010614071
          },
          "Chi_t": {
            "mean": 0.4237399995326996,
            "error": 0.20987084798918684,
            "tau_int": 7120.775137560318,
            "dtau_int": 3316.393476887672
          }
        },
        "n_skipped": 0,
        "step_size": 0
      },
      {
        "acc_rate": 9e-05,
        "n_steps": 100000,
        "obs_stats": {
          "Q": {
            "mean": -0.9275299906730652,
            "error": 0.07198413835064886,
            "tau_int": 1620.8266421652736,
            "dtau_int": 616.9942987271969
          },
          "Chi_t": {
            "mean": 1.015470027923584,
            "error": 0.028886619210016385,
            "tau_int": 339.59088578551405,
            "dtau_int": 76.56728867390146
          }
        },
        "n_skipped": 0,
        "step_size": 0
      },
      {
        "acc_rate": 0.00013,
        "n_steps": 100000,
        "obs_stats": {
          "Q": {
            "mean": -0.14630000293254852,
            "error": 0.1007554806512084,
            "tau_int": 2671.3517000374522,
            "dtau_int": 1153.2257528354926
          },
          "Chi_t": {
            "mean": 0.20255999267101288,
            "error": 0.1378292038527706,
            "tau_int": 4544.349091492886,
            "dtau_int": 2140.2197455154646
          }
        },
        "n_skipped": 0,
        "step_size": 0
      }
    ],
    [
      {
        "acc_rate": 6.666666666666667e-05,
        "n_steps": 150000,
        "obs_stats": {
          "Q": {
            "mean": -0.6488400101661682,
            "error": 0.34718183754848003,
            "tau_int": 13708.93336568599,
            "dtau_int": 5708.610832082728
          },
          "Chi_t": {
            "mean": 0.985480010509491,
            "error": 0.014797801174902318,
            "tau_int": 961.7041564872409,
            "dtau_int": 272.81659688173005
          }
        },
        "n_skipped": 0,
        "step_size": 0
      },
      {
        "acc_rate": 0.00020666666666666666,
        "n_steps": 150000,
        "obs_stats": {
          "Q": {
            "mean": 0.39641332626342773,
            "error": 0.24592327978750034,
            "tau_int": 13640.477437228921,
            "dtau_int": 5703.839241185484
          },
          "Chi_t": {
            "mean": 0.44202667474746704,
            "error": 0.24223657993421036,
            "tau_int": 14747.304658355117,
            "dtau_int": 5672.99008989188
          }
        },
        "n_skipped": 0,
        "step_size": 0
      },
      {
        "acc_rate": 0.0005333333333333334,
        "n_steps": 150000,
        "obs_stats": {
          "Q": {
            "mean": -0.1348133385181427,
            "error": 0.1417187578518536,
            "tau_int": 2590.3390661625926,
            "dtau_int": 1003.5158474002623
          },
          "Chi_t": {
            "mean": 0.5815866589546204,
            "error": 0.11784299955110317,
            "tau_int": 1644.103316718092,
            "dtau_int": 557.0184951279376
          }
        },
        "n_skipped": 0,
        "step_size": 0
      }
    ],
    [
      {
        "acc_rate": 0.00031,
        "n_steps": 200000,
        "obs_stats": {
          "Q": {
            "mean": 0.05615999922156334,
            "error": 0.11101228787913965,
            "tau_int": 3158.723016546778,
            "dtau_int": 1193.6276376294504
          },
          "Chi_t": {
            "mean": 0.3821299970149994,
            "error": 0.11076779490882098,
            "tau_int": 1357.2283671130647,
            "dtau_int": 392.62492012387594
          }
        },
        "n_skipped": 0,
        "step_size": 0
      },
      {
        "acc_rate": 0.000105,
        "n_steps": 200000,
        "obs_stats": {
          "Q": {
            "mean": -0.37183499336242676,
            "error": 0.21873971652674393,
            "tau_int": 16430.666260949587,
            "dtau_int": 7314.076985955151
          },
          "Chi_t": {
            "mean": 0.3915950059890747,
            "error": 0.20748002128063614,
            "tau_int": 11132.624324827777,
            "dtau_int": 5297.275523920195
          }
        },
        "n_skipped": 0,