{
  "observables": [
    "Chi_t"
  ],
  "n_samples": [
    25000,
    40000,
    50000,
    75000,
    100000,
    125000,
    150000,
    175000,
    200000,
    225000,
    250000,
    80000
  ],
  "nip": {},
  "nmcmc": [
    [
      {
        "acc_rate": 0.55388,
        "n_steps": 25000.0,
        "obs_stats": {
          "Q": {
            "mean": -0.008840353228151798,
            "error": 0.00946853802753957,
            "tau_int": 1.8023464689342874,
            "dtau_int": 0.08437815907331554
          },
          "Chi_t": {
            "mean": 0.6217448711395264,
            "error": 0.010424827428673915,
            "tau_int": 1.6883247443023435,
            "dtau_int": 0.07644122248797386
          }
        },
        "n_skipped": 0.0,
        "step_size": 0.0
      },
      {
        "acc_rate": 0.55268,
        "n_steps": 25000.0,
        "obs_stats": {
          "Q": {
            "mean": 0.003920156974345446,
            "error": 0.008937781729676764,
            "tau_int": 1.6733066395562597,
            "dtau_int": 0.07580564859465289
          },
          "Chi_t": {
            "mean": 0.5966638922691345,
            "error": 0.009593583375000037,
            "tau_int": 1.497371965779701,
            "dtau_int": 0.06282703880029808
          }
        },
        "n_skipped": 0.0,
        "step_size": 0.0
      },
      {
        "acc_rate": 0.56168,
        "n_steps": 25000.0,
        "obs_stats": {
          "Q": {
            "mean": 0.0017200688598677516,
            "error": 0.009126475762634142,
            "tau_int": 1.692802083247026,
            "dtau_int": 0.07663054648320533
          },
          "Chi_t": {
            "mean": 0.614944577217102,
            "error": 0.009168780523155541,
            "tau_int": 1.401927280663955,
            "dtau_int": 0.059076933916939474
          }
        },
        "n_skipped": 0.0,
        "step_size": 0.0
      }
    ],
    [
      {
        "acc_rate": 0.55535,
        "n_steps": 40000.0,
        "obs_stats": {
          "Q": {
            "mean": -0.0007500187493860722,
            "error": 0.007431879601066879,
            "tau_int": 1.803417220033146,
            "dtau_int": 0.06674331207568042
          },
          "Chi_t": {
            "mean": 0.6124653220176697,
            "error": 0.007790962588178823,
            "tau_int": 1.5903463355201493,
            "dtau_int": 0.05714186843610038
          }
        },
        "n_skipped": 0.0,
        "step_size": 0.0
      },
      {
        "acc_rate": 0.5564,
        "n_steps": 40000.0,
        "obs_stats": {
          "Q": {
            "mean": 0.0005250131362117827,
            "error": 0.007018824799475421,
            "tau_int": 1.5976493730917212,
            "dtau_int": 0.05738803070541046
          },
          "Chi_t": {
            "mean": 0.6166403889656067,
            "error": 0.008067972532370573,
            "tau_int": 1.6135998848831754,
            "dtau_int": 0.05792513956768738
          }
        },
        "n_skipped": 0.0,
        "step_size": 0.0
      },
      {
        "acc_rate": 0.54995,
        "n_steps": 40000.0,
        "obs_stats": {
          "Q": {
            "mean": -0.0033750843722373247,
            "error": 0.008235900220912577,
            "tau_int": 2.1244581430300373,
            "dtau_int": 0.08597089487043612
          },
          "Chi_t": {
            "mean": 0.6384909749031067,
            "error": 0.008669641485446852,
            "tau_int": 1.8560288339453272,
            "dtau_int": 0.07102636357343965
          }
        },
        "n_skipped": 0.0,
        "step_size": 0.0
      }
    ],
    [
      {
        "acc_rate": 0.55326,
        "n_steps": 50000.0,
        "obs_stats": {
          "Q": {
            "mean": 0.004440088756382465,
            "error": 0.006680724044314183,
            "tau_int": 1.820441049081433,
            "dtau_int": 0.062385327598489776
          },
          "Chi_t": {
            "mean": 0.6128922700881958,
            "error": 0.006659095068406698,
            "tau_int": 1.453533166036446,
            "dtau_int": 0.04512364011825325
          }
        },
        "n_skipped": 0.0,
        "step_size": 0.0
      },
      {
        "acc_rate": 0.53996,
        "n_steps": 50000.0,
        "obs_stats": {
          "Q": {
            "mean": 0.009640192613005638,
            "error": 0.0068284019144063575,
            "tau_int": 1.919068695348332,
            "dtau_int": 0.06775425338959458
          },
          "Chi_t": {
            "mean": 0.6074521541595459,
            "error": 0.0073074531245469684,
            "tau_int": 1.7372189787727033,
            "dtau_int": 0.05764438388685771
          }
        },
        "n_skipped": 0.0,
        "step_size": 0.0
      },
      {
        "acc_rate": 0.5543,
        "n_steps": 50000.0,
        "obs_stats": {
          "Q": {
            "mean": -0.0019800395239144564,
            "error": 0.006572742986903496,
            "tau_int": 1.7680853552858862,
            "dtau_int": 0.05860276549721453
          },
          "Chi_t": {
            "mean": 0.6107922196388245,
            "error": 0.007259986942999371,
            "tau_int": 1.7228166006079029,
            "dtau_int": 0.05719638807809231
          }
        },
        "n_skipped": 0.0,
        "step_size": 0.0
      }
    ],
    [
      {
        "acc_rate": 0.5550133333333334,
        "n_steps": 75000.0,
        "obs_stats": {
          "Q": {
            "mean": -0.007293430622667074,
            "error": 0.005190592220071527,
            "tau_int": 1.6778413876953633,
            "dtau_int": 0.045555529455464754
          },
          "Chi_t": {
            "mean": 0.6021813750267029,
            "error": 0.005402664175674778,
            "tau_int": 1.5146863661514054,
            "dtau_int": 0.03986127605397557
          }
        },
        "n_skipped": 0.0,
        "step_size": 0.0
      },
      {
        "acc_rate": 0.55104,
        "n_steps": 75000.0,
        "obs_stats": {
          "Q": {
            "mean": -0.003626714926213026,
            "error": 0.005357283918548962,
            "tau_int": 1.7403178795161,
            "dtau_int": 0.04882804581524437
          },
          "Chi_t": {
            "mean": 0.6184082627296448,
            "error": 0.005728519392466592,
            "tau_int": 1.5834751988800262,
            "dtau_int": 0.041561036119764645
          }
        },
        "n_skipped": 0.0,
        "step_size": 0.0
      },
      {
        "acc_rate": 0.5532933333333333,
        "n_steps": 75000.0,
        "obs_stats": {
          "Q": {
            "mean": -0.006506753619760275,
            "error": 0.005366805746860613,
            "tau_int": 1.7402135632830595,
            "dtau_int": 0.04882529155693127
          },
          "Chi_t": {
            "mean": 0.6206749677658081,
            "error": 0.005851720909612309,
            "tau_int": 1.6369426065126675,
            "dtau_int": 0.044510781819460526
          }
        },
        "n_skipped": 0.0,
        "step_size": 0.0
      }
    ],
    [
      {
        "acc_rate": 0.55737,
        "n_steps": 100000.0,
        "obs_stats": {
          "Q": {
            "mean": 0.002450024476274848,
            "error": 0.00453644849397348,
            "tau_int": 1.6447780846582774,
            "dtau_int": 0.03872096934540907
          },
          "Chi_t": {
            "mean": 0.6255762577056885,
            "error": 0.005041448101889474,
            "tau_int": 1.5969972980286142,
            "dtau_int": 0.037660896335459354
          }
        },
        "n_skipped": 0.0,
        "step_size": 0.0
      },
      {
        "acc_rate": 0.55503,
        "n_steps": 100000.0,
        "obs_stats": {
          "Q": {
            "mean": -0.0019600195810198784,
            "error": 0.004648163838340614,
            "tau_int": 1.7375801734206209,
            "dtau_int": 0.0422236522024149
          },
          "Chi_t": {
            "mean": 0.6216862201690674,