{
  "observables": [
    "Chi_t"
  ],
  "n_samples": [
    50000,
    80000,
    100000
  ],
  "nip": [],
  "nmcmc": [
    [
      {
        "acc_rate": 0.64492,
        "n_steps": 50000,
        "obs_stats": {
          "Q": {
            "mean": 0.015259999781847,
            "error": 0.005648178708894668,
            "tau_int": 1.201961118785928,
            "dtau_int": 0.03449949010764121
          },
          "Chi_t": {
            "mean": 0.6637399792671204,
            "error": 0.006299458996430166,
            "tau_int": 1.1084826088606832,
            "dtau_int": 0.03038377706297428
          }
        },
        "n_skipped": 0,
        "step_size": 0
      }
    ],
    [
      {
        "acc_rate": 0.6551625,
        "n_steps": 80000,
        "obs_stats": {
          "Q": {
            "mean": -0.0035250000655651093,
            "error": 0.004520529116653912,
            "tau_int": 1.2174978065020976,
            "dtau_int": 0.02760594351452663
          },
          "Chi_t": {
            "mean": 0.6713749766349792,
            "error": 0.004983087518387478,
            "tau_int": 1.1166277701829,
            "dtau_int": 0.024186492887463676
          }
        },
        "n_skipped": 0,
        "step_size": 0
      }
    ],
    [
      {
        "acc_rate": 0.65353,
        "n_steps": 100000,
        "obs_stats": {
          "Q": {
            "mean": 0.001970000099390745,
            "error": 0.0040136564006526924,
            "tau_int": 1.2258311016419492,
            "dtau_int": 0.026031722142184903
          },
          "Chi_t": {
            "mean": 0.657069981098175,
            "error": 0.0043935316432561315,
            "tau_int": 1.1174042442520893,
            "dtau_int": 0.02277158628146081
          }
        },
        "n_skipped": 0,
        "step_size": 0
      }
    ]
  ],
  "exact_sus": 0.6687749432186545
}