{
  "observables": [
    "Chi_t"
  ],
  "n_samples": [
    50000,
    80000,
    100000
  ],
  "nip": [],
  "nmcmc": [
    [
      {
        "acc_rate": 0.54834,
        "n_steps": 50000,
        "obs_stats": {
          "Q": {
            "mean": 0.0007999999797903001,
            "error": 0.006727100658998536,
            "tau_int": 1.6980958086675342,
            "dtau_int": 0.05642566520466386
          },
          "Chi_t": {
            "mean": 0.6661999821662903,
            "error": 0.007205632793276774,
            "tau_int": 1.4681762255115685,
            "dtau_int": 0.045550055643637344
          }
        },
        "n_skipped": 0,
        "step_size": 0
      },
      {
        "acc_rate": 0.54628,
        "n_steps": 50000,
        "obs_stats": {
          "Q": {
            "mean": -0.01408000010997057,
            "error": 0.006917313755091702,
            "tau_int": 1.7682912193538223,
            "dtau_int": 0.058608563389110906
          },
          "Chi_t": {
            "mean": 0.676639974117279,
            "error": 0.007651464647067798,
            "tau_int": 1.5681614852732926,
            "dtau_int": 0.050438935585194404
          }
        },
        "n_skipped": 0,
        "step_size": 0
      },
      {
        "acc_rate": 0.53856,
        "n_steps": 50000,
        "obs_stats": {
          "Q": {
            "mean": 0.0050200000405311584,
            "error": 0.006862350430102973,
            "tau_int": 1.7613603357494534,
            "dtau_int": 0.058393576016659086
          },
          "Chi_t": {
            "mean": 0.6683800220489502,
            "error": 0.007254389973742646,
            "tau_int": 1.4792927325703593,
            "dtau_int": 0.04587373777808614
          }
        },
        "n_skipped": 0,
        "step_size": 0
      }
    ],
    [
      {
        "acc_rate": 0.547775,
        "n_steps": 80000,
        "obs_stats": {
          "Q": {
            "mean": 0.0101500004529953,
            "error": 0.005204773855020236,
            "tau_int": 1.632402014177917,
            "dtau_int": 0.042984585751385626
          },
          "Chi_t": {
            "mean": 0.6638749837875366,
            "error": 0.005761250557683961,
            "tau_int": 1.486134709495193,
            "dtau_int": 0.03790934957388923
          }
        },
        "n_skipped": 0,
        "step_size": 0
      },
      {
        "acc_rate": 0.539925,
        "n_steps": 80000,
        "obs_stats": {
          "Q": {
            "mean": -0.00286250002682209,
            "error": 0.0054316713838604,
            "tau_int": 1.7655694613567006,
            "dtau_int": 0.04792217142638617
          },
          "Chi_t": {
            "mean": 0.6683874726295471,
            "error": 0.0059472505474721755,
            "tau_int": 1.5660204867623841,
            "dtau_int": 0.039824334377009316
          }
        },
        "n_skipped": 0,
        "step_size": 0
      },
      {
        "acc_rate": 0.546075,
        "n_steps": 80000,
        "obs_stats": {
          "Q": {
            "mean": 0.010537499561905861,
            "error": 0.0051827437010347885,
            "tau_int": 1.6249666348336347,
            "dtau_int": 0.042800266022099555
          },
          "Chi_t": {
            "mean": 0.6612874865531921,
            "error": 0.005939032971859398,
            "tau_int": 1.56102117900778,
            "dtau_int": 0.039704871838294326
          }
        },
        "n_skipped": 0,
        "step_size": 0
      }
    ],
    [
      {
        "acc_rate": 0.54633,
        "n_steps": 100000,
        "obs_stats": {
          "Q": {
            "mean": 0.008229999803006649,
            "error": 0.004636995815463097,
            "tau_int": 1.58749078565898,
            "dtau_int": 0.03744932043870305
          },
          "Chi_t": {
            "mean": 0.6772699952125549,
            "error": 0.005389802902346553,
            "tau_int": 1.5414000067720317,
            "dtau_int": 0.035093314973938035
          }
        },
        "n_skipped": 0,
        "step_size": 0
      },
      {
        "acc_rate": 0.54204,
        "n_steps": 100000,
        "obs_stats": {
          "Q": {
            "mean": 0.002739999908953905,
            "error": 0.004884768150289811,
            "tau_int": 1.7863305865356334,
            "dtau_int": 0.044784799709029655
          },
          "Chi_t": {
            "mean": 0.6678599715232849,
            "error": 0.005465701532253445,
            "tau_int": 1.6697293598684548,
            "dtau_int": 0.04066779424987613
          }
        },
        "n_skipped": 0,
        "step_size": 0
      },
      {
        "acc_rate": 0.54609,
        "n_steps": 100000,
        "obs_stats": {
          "Q": {
            "mean": 0.0013000000035390258,
            "error": 0.004770361973552949,
            "tau_int": 1.7112584690586492,
            "dtau_int": 0.04162087588988814
          },
          "Chi_t": {
            "mean": 0.6648799777030945,
            "error": 0.005206339213745351,
            "tau_int": 1.503078626539767,
            "dtau_int": 0.03427140748529078
          }
        },
        "n_skipped": 0,
        "step_size": 0
      }
    ]
  ],
  "exact_sus": 0.6687749432186545
}