{
  "observables": [
    "Chi_t"
  ],
  "n_samples": [
    50000,
    80000,
    100000
  ],
  "nip": [],
  "nmcmc": [
    [
      {
        "acc_rate": 0.69774,
        "n_steps": 50000,
        "obs_stats": {
          "Q": {
            "mean": 0.011420000344514847,
            "error": 0.005427703584223843,
            "tau_int": 1.0889818982039223,
            "dtau_int": 0.029880231545683707
          },
          "Chi_t": {
            "mean": 0.6764199733734131,
            "error": 0.006375093935558233,
            "tau_int": 1.0857546503400344,
            "dtau_int": 0.029796787785041554
          }
        },
        "n_skipped": 0,
        "step_size": 0
      },
      {
        "acc_rate": 0.6968,
        "n_steps": 50000,
        "obs_stats": {
          "Q": {
            "mean": -0.008539999835193157,
            "error": 0.00530010259779429,
            "tau_int": 1.0447829883489426,
            "dtau_int": 0.027172742010885664
          },
          "Chi_t": {
            "mean": 0.67221999168396,
            "error": 0.005974185864101919,
            "tau_int": 0.9736969397372703,
            "dtau_int": 0.025430165182253966
          }
        },
        "n_skipped": 0,
        "step_size": 0
      },
      {
        "acc_rate": 0.69212,
        "n_steps": 50000,
        "obs_stats": {
          "Q": {
            "mean": 0.01128000020980835,
            "error": 0.005078375463694252,
            "tau_int": 0.9732645376604474,
            "dtau_int": 0.025419516619834437
          },
          "Chi_t": {
            "mean": 0.662559986114502,
            "error": 0.0057833862942158155,
            "tau_int": 0.9681611501262437,
            "dtau_int": 0.02529379340123411
          }
        },
        "n_skipped": 0,
        "step_size": 0
      }
    ],
    [
      {
        "acc_rate": 0.6993,
        "n_steps": 80000,
        "obs_stats": {
          "Q": {
            "mean": -0.004999999888241291,
            "error": 0.004141112887985842,
            "tau_int": 1.0346316949253358,
            "dtau_int": 0.022508136451275303
          },
          "Chi_t": {
            "mean": 0.6629999876022339,
            "error": 0.004650537645608388,
            "tau_int": 0.9675622683476739,
            "dtau_int": 0.019984831456105176
          }
        },
        "n_skipped": 0,
        "step_size": 0
      },
      {
        "acc_rate": 0.695725,
        "n_steps": 80000,
        "obs_stats": {
          "Q": {
            "mean": 0.0015999999595806003,
            "error": 0.0042311987703448385,
            "tau_int": 1.0671416542180479,
            "dtau_int": 0.02317547962202178
          },
          "Chi_t": {
            "mean": 0.6710500121116638,
            "error": 0.004886289549174372,
            "tau_int": 1.0654502442836766,
            "dtau_int": 0.02314082111141929
          }
        },
        "n_skipped": 0,
        "step_size": 0
      },
      {
        "acc_rate": 0.7013625,
        "n_steps": 80000,
        "obs_stats": {
          "Q": {
            "mean": -0.0052999998442828655,
            "error": 0.004095197931345802,
            "tau_int": 1.0030834046993935,
            "dtau_int": 0.02067534309736442
          },
          "Chi_t": {
            "mean": 0.6687750220298767,
            "error": 0.004471039346744959,
            "tau_int": 0.8975935034220637,
            "dtau_int": 0.0175000885599017
          }
        },
        "n_skipped": 0,
        "step_size": 0
      }
    ],
    [
      {
        "acc_rate": 0.69528,
        "n_steps": 100000,
        "obs_stats": {
          "Q": {
            "mean": -0.0007200000109151006,
            "error": 0.003654116742729999,
            "tau_int": 1.004628062908936,
            "dtau_int": 0.018519382420259627
          },
          "Chi_t": {
            "mean": 0.6645399928092957,
            "error": 0.00413331641589962,
            "tau_int": 0.9509203465804006,
            "dtau_int": 0.017584653592757276
          }
        },
        "n_skipped": 0,
        "step_size": 0
      },
      {
        "acc_rate": 0.69596,
        "n_steps": 100000,
        "obs_stats": {
          "Q": {
            "mean": -0.00394000019878149,
            "error": 0.0037111190160111934,
            "tau_int": 1.02917642825929,
            "dtau_int": 0.020031510528734427
          },
          "Chi_t": {
            "mean": 0.6690999865531921,
            "error": 0.004247715310520392,
            "tau_int": 0.9868417743690951,
            "dtau_int": 0.018210542079759907
          }
        },
        "n_skipped": 0,
        "step_size": 0
      },
      {
        "acc_rate": 0.69552,
        "n_steps": 100000,
        "obs_stats": {
          "Q": {
            "mean": -0.0014400000218302011,
            "error": 0.0037767095777010927,
            "tau_int": 1.0633128504521083,
            "dtau_int": 0.020658597624467475
          },
          "Chi_t": {
            "mean": 0.6707000136375427,
            "error": 0.004262718717431044,
            "tau_int": 0.9996687119521566,
            "dtau_int": 0.018433339474612162
          }
        },
        "n_skipped": 0,
        "step_size": 0
      }
    ]
  ],
  "exact_sus": 0.6687749432186545
}