{
  "observables": [
    "Chi_t"
  ],
  "n_samples": [
    50000,
    80000,
    100000
  ],
  "nip": [],
  "nmcmc": [
    [
      {
        "acc_rate": 0.5573,
        "n_steps": 50000,
        "obs_stats": {
          "Q": {
            "mean": 0.0036800000816583633,
            "error": 0.006331438255825816,
            "tau_int": 1.5377746259212621,
            "dtau_int": 0.0495196387909143
          },
          "Chi_t": {
            "mean": 0.6516799926757812,
            "error": 0.007127533100605275,
            "tau_int": 1.480644307443569,
            "dtau_int": 0.04591306952335121
          }
        },
        "n_skipped": 0,
        "step_size": 0
      },
      {
        "acc_rate": 0.55766,
        "n_steps": 50000,
        "obs_stats": {
          "Q": {
            "mean": 0.003060000017285347,
            "error": 0.0068004101762739735,
            "tau_int": 1.7489257959513207,
            "dtau_int": 0.05800757227046682
          },
          "Chi_t": {
            "mean": 0.6610199809074402,
            "error": 0.007306582963763192,
            "tau_int": 1.5590914555852438,
            "dtau_int": 0.05016478658057873
          }
        },
        "n_skipped": 0,
        "step_size": 0
      },
      {
        "acc_rate": 0.55514,
        "n_steps": 50000,
        "obs_stats": {
          "Q": {
            "mean": -0.010900000110268593,
            "error": 0.0066662059335169145,
            "tau_int": 1.705739214472128,
            "dtau_int": 0.05666394972850155
          },
          "Chi_t": {
            "mean": 0.6513800024986267,
            "error": 0.0075730661386944715,
            "tau_int": 1.65651603930151,
            "dtau_int": 0.05512687063319915
          }
        },
        "n_skipped": 0,
        "step_size": 0
      }
    ],
    [
      {
        "acc_rate": 0.5516125,
        "n_steps": 80000,
        "obs_stats": {
          "Q": {
            "mean": 0.0014375000027939677,
            "error": 0.005551665560213456,
            "tau_int": 1.8248981849321173,
            "dtau_int": 0.05108916758258364
          },
          "Chi_t": {
            "mean": 0.6755375266075134,
            "error": 0.006209742738376102,
            "tau_int": 1.726043676573613,
            "dtau_int": 0.04691213394655026
          }
        },
        "n_skipped": 0,
        "step_size": 0
      },
      {
        "acc_rate": 0.557525,
        "n_steps": 80000,
        "obs_stats": {
          "Q": {
            "mean": 0.00937500037252903,
            "error": 0.005336228099301008,
            "tau_int": 1.730982130792143,
            "dtau_int": 0.04703849248096849
          },
          "Chi_t": {
            "mean": 0.6580749750137329,
            "error": 0.00573470202157899,
            "tau_int": 1.519292740453098,
            "dtau_int": 0.038705763866022286
          }
        },
        "n_skipped": 0,
        "step_size": 0
      },
      {
        "acc_rate": 0.5512625,
        "n_steps": 80000,
        "obs_stats": {
          "Q": {
            "mean": 0.004762500058859587,
            "error": 0.005171540259022965,
            "tau_int": 1.635665095299219,
            "dtau_int": 0.04306544195670109
          },
          "Chi_t": {
            "mean": 0.6540374755859375,
            "error": 0.0059241920265394,
            "tau_int": 1.6334049080002098,
            "dtau_int": 0.04300943877077266
          }
        },
        "n_skipped": 0,
        "step_size": 0
      }
    ],
    [
      {
        "acc_rate": 0.55595,
        "n_steps": 100000,
        "obs_stats": {
          "Q": {
            "mean": 0.0014799999771639705,
            "error": 0.004696736928133324,
            "tau_int": 1.682480877817349,
            "dtau_int": 0.040960748184455296
          },
          "Chi_t": {
            "mean": 0.6555399894714355,
            "error": 0.005305330065480558,
            "tau_int": 1.5809895527543838,
            "dtau_int": 0.03730466773517881
          }
        },
        "n_skipped": 0,
        "step_size": 0
      },
      {
        "acc_rate": 0.5596,
        "n_steps": 100000,
        "obs_stats": {
          "Q": {
            "mean": -0.0051299999468028545,
            "error": 0.0047131080927782605,
            "tau_int": 1.6630622896422,
            "dtau_int": 0.040514515370186154
          },
          "Chi_t": {
            "mean": 0.6678500175476074,
            "error": 0.005223496001868717,
            "tau_int": 1.524613940993481,
            "dtau_int": 0.03473361822797204
          }
        },
        "n_skipped": 0,
        "step_size": 0
      },
      {
        "acc_rate": 0.55618,
        "n_steps": 100000,
        "obs_stats": {
          "Q": {
            "mean": 0.0031399999279528856,
            "error": 0.004787047970794096,
            "tau_int": 1.7092357092394463,
            "dtau_int": 0.04157452167005325
          },
          "Chi_t": {
            "mean": 0.6703400015830994,
            "error": 0.005348223364729089,
            "tau_int": 1.5606224136853961,
            "dtau_int": 0.03685102115242142
          }
        },
        "n_skipped": 0,
        "step_size": 0
      }
    ]
  ],
  "exact_sus": 0.6629736823224884
}