{
  "observables": [
    "Chi_t"
  ],
  "n_samples": [
    50000,
    80000,
    100000
  ],
  "nip": [],
  "nmcmc": [
    [
      {
        "acc_rate": 0.39498,
        "n_steps": 50000,
        "obs_stats": {
          "Q": {
            "mean": 0.008940000087022781,
            "error": 0.009697253856281755,
            "tau_int": 3.5914144240377164,
            "dtau_int": 0.16350550080249376
          },
          "Chi_t": {
            "mean": 0.6545799970626831,
            "error": 0.010466546159716853,
            "tau_int": 3.141396407515362,
            "dtau_int": 0.13579731230995162
          }
        },
        "n_skipped": 0,
        "step_size": 0
      },
      {
        "acc_rate": 0.4034,
        "n_steps": 50000,
        "obs_stats": {
          "Q": {
            "mean": 0.007579999975860119,
            "error": 0.00998950836759151,
            "tau_int": 3.6516711878864356,
            "dtau_int": 0.16923698800841014
          },
          "Chi_t": {
            "mean": 0.683139979839325,
            "error": 0.01160565371752036,
            "tau_int": 3.487984003534186,
            "dtau_int": 0.159113300420574
          }
        },
        "n_skipped": 0,
        "step_size": 0
      },
      {
        "acc_rate": 0.39222,
        "n_steps": 50000,
        "obs_stats": {
          "Q": {
            "mean": 0.023900000378489494,
            "error": 0.009550550779017538,
            "tau_int": 3.408252805700755,
            "dtau_int": 0.1527011282923845
          },
          "Chi_t": {
            "mean": 0.6695399880409241,
            "error": 0.010553259147702441,
            "tau_int": 3.0446361856332813,
            "dtau_int": 0.12904478133633002
          }
        },
        "n_skipped": 0,
        "step_size": 0
      }
    ],
    [
      {
        "acc_rate": 0.3929625,
        "n_steps": 80000,
        "obs_stats": {
          "Q": {
            "mean": -0.007400000002235174,
            "error": 0.007555135526552764,
            "tau_int": 3.446722242800566,
            "dtau_int": 0.12676554698205506
          },
          "Chi_t": {
            "mean": 0.6624249815940857,
            "error": 0.008142225496943807,
            "tau_int": 3.033321447018334,
            "dtau_int": 0.1039032782419639
          }
        },
        "n_skipped": 0,
        "step_size": 0
      },
      {
        "acc_rate": 0.3937125,
        "n_steps": 80000,
        "obs_stats": {
          "Q": {
            "mean": 0.009850000031292439,
            "error": 0.007485155702534665,
            "tau_int": 3.391195723137063,
            "dtau_int": 0.12252687278929578
          },
          "Chi_t": {
            "mean": 0.6608999967575073,
            "error": 0.007862296532487358,
            "tau_int": 2.8166130221137617,
            "dtau_int": 0.09485629029338911
          }
        },
        "n_skipped": 0,
        "step_size": 0
      },
      {
        "acc_rate": 0.391875,
        "n_steps": 80000,
        "obs_stats": {
          "Q": {
            "mean": -0.008787499740719795,
            "error": 0.007760576370681085,
            "tau_int": 3.628812929014531,
            "dtau_int": 0.13546506681195258
          },
          "Chi_t": {
            "mean": 0.6638875007629395,
            "error": 0.007870998714415125,
            "tau_int": 2.907540700929607,
            "dtau_int": 0.09772204782921784
          }
        },
        "n_skipped": 0,
        "step_size": 0
      }
    ],
    [
      {
        "acc_rate": 0.38832,
        "n_steps": 100000,
        "obs_stats": {
          "Q": {
            "mean": -0.012679999694228172,
            "error": 0.0067356199509242785,
            "tau_int": 3.503123637521467,
            "dtau_int": 0.11723040105082479
          },
          "Chi_t": {
            "mean": 0.6476600170135498,
            "error": 0.007644680549366335,
            "tau_int": 3.4036972482980556,
            "dtau_int": 0.11205621199546112
          }
        },
        "n_skipped": 0,
        "step_size": 0
      },
      {
        "acc_rate": 0.39108,
        "n_steps": 100000,
        "obs_stats": {
          "Q": {
            "mean": -0.015490000136196613,
            "error": 0.006970785766906799,
            "tau_int": 3.6643300946204436,
            "dtau_int": 0.12444848320111976
          },
          "Chi_t": {
            "mean": 0.6632300019264221,
            "error": 0.0073830645416693135,
            "tau_int": 3.080579238923452,
            "dtau_int": 0.09627866482738985
          }
        },
        "n_skipped": 0,
        "step_size": 0
      },
      {
        "acc_rate": 0.39922,
        "n_steps": 100000,
        "obs_stats": {
          "Q": {
            "mean": 0.007660000119358301,
            "error": 0.006542722542237742,
            "tau_int": 3.2616306868178087,
            "dtau_int": 0.10566549708864426
          },
          "Chi_t": {
            "mean": 0.6562399864196777,
            "error": 0.0067412299634981914,
            "tau_int": 2.616684057447877,
            "dtau_int": 0.07741726943376066
          }
        },
        "n_skipped": 0,
        "step_size": 0
      }
    ]
  ],
  "exact_sus": 0.6629736823224884
}