{
  "observables": [
    "Chi_t"
  ],
  "n_samples": [
    50000,
    80000,
    100000
  ],
  "nip": [],
  "nmcmc": [
    [
      {
        "acc_rate": 0.71866,
        "n_steps": 50000,
        "obs_stats": {
          "Q": {
            "mean": -0.003980000037699938,
            "error": 0.004935643550103233,
            "tau_int": 0.9373656753173178,
            "dtau_int": 0.023056351827688334
          },
          "Chi_t": {
            "mean": 0.6496999859809875,
            "error": 0.005467149366542596,
            "tau_int": 0.8671733775702894,
            "dtau_int": 0.021428591644414973
          }
        },
        "n_skipped": 0,
        "step_size": 0
      },
      {
        "acc_rate": 0.71712,
        "n_steps": 50000,
        "obs_stats": {
          "Q": {
            "mean": -0.0012199999764561653,
            "error": 0.004968939541033518,
            "tau_int": 0.9518503836833285,
            "dtau_int": 0.02339019986485675
          },
          "Chi_t": {
            "mean": 0.6484599709510803,
            "error": 0.0054470378163253095,
            "tau_int": 0.8974123533345864,
            "dtau_int": 0.02213185187199901
          }
        },
        "n_skipped": 0,
        "step_size": 0
      },
      {
        "acc_rate": 0.71,
        "n_steps": 50000,
        "obs_stats": {
          "Q": {
            "mean": -0.0060800001956522465,
            "error": 0.0050550046688908655,
            "tau_int": 0.9837963101510907,
            "dtau_int": 0.025678710020593923
          },
          "Chi_t": {
            "mean": 0.6493600010871887,
            "error": 0.0053605157281990876,
            "tau_int": 0.8643908539355303,
            "dtau_int": 0.021363726095217066
          }
        },
        "n_skipped": 0,
        "step_size": 0
      }
    ],
    [
      {
        "acc_rate": 0.7155125,
        "n_steps": 80000,
        "obs_stats": {
          "Q": {
            "mean": 0.003599999938160181,
            "error": 0.003988141494914225,
            "tau_int": 0.9829021903832773,
            "dtau_int": 0.020283417146195058
          },
          "Chi_t": {
            "mean": 0.6472749710083008,
            "error": 0.004437804761716626,
            "tau_int": 0.9247365570066721,
            "dtau_int": 0.01914814750357579
          }
        },
        "n_skipped": 0,
        "step_size": 0
      },
      {
        "acc_rate": 0.71555,
        "n_steps": 80000,
        "obs_stats": {
          "Q": {
            "mean": 0.0027000000700354576,
            "error": 0.004060854780083249,
            "tau_int": 1.0223376110819673,
            "dtau_int": 0.021048318138495607
          },
          "Chi_t": {
            "mean": 0.6452000141143799,
            "error": 0.004346353020643779,
            "tau_int": 0.9192195767223148,
            "dtau_int": 0.017896216537590083
          }
        },
        "n_skipped": 0,
        "step_size": 0
      },
      {
        "acc_rate": 0.714425,
        "n_steps": 80000,
        "obs_stats": {
          "Q": {
            "mean": -0.0028874999843537807,
            "error": 0.0038977711483575597,
            "tau_int": 0.9508471750623186,
            "dtau_int": 0.01965881170814725
          },
          "Chi_t": {
            "mean": 0.6391124725341797,
            "error": 0.004395831415937728,
            "tau_int": 0.9360754023131965,
            "dtau_int": 0.01937011739483003
          }
        },
        "n_skipped": 0,
        "step_size": 0
      }
    ],
    [
      {
        "acc_rate": 0.71445,
        "n_steps": 100000,
        "obs_stats": {
          "Q": {
            "mean": -0.006920000072568655,
            "error": 0.003532475138459163,
            "tau_int": 0.9583354499941121,
            "dtau_int": 0.017714088294430278
          },
          "Chi_t": {
            "mean": 0.6510800123214722,
            "error": 0.003825224473462902,
            "tau_int": 0.8749417865336717,
            "dtau_int": 0.01528025972116087
          }
        },
        "n_skipped": 0,
        "step_size": 0
      },
      {
        "acc_rate": 0.71372,
        "n_steps": 100000,
        "obs_stats": {
          "Q": {
            "mean": -0.0030700000934302807,
            "error": 0.003644624913684527,
            "tau_int": 1.0156757237461738,
            "dtau_int": 0.019782822991498653
          },
          "Chi_t": {
            "mean": 0.6539099812507629,
            "error": 0.003864770935905632,
            "tau_int": 0.883514039201057,
            "dtau_int": 0.015421292461043507
          }
        },
        "n_skipped": 0,
        "step_size": 0
      },
      {
        "acc_rate": 0.71425,
        "n_steps": 100000,
        "obs_stats": {
          "Q": {
            "mean": -0.002749999985098839,
            "error": 0.0035581424428363893,
            "tau_int": 0.9770087471326099,
            "dtau_int": 0.018039498875911178
          },
          "Chi_t": {
            "mean": 0.6479099988937378,
            "error": 0.003962260224373809,
            "tau_int": 0.946371213124245,
            "dtau_int": 0.0175051854637068
          }
        },
        "n_skipped": 0,
        "step_size": 0
      }
    ]
  ],
  "exact_sus": 0.6500977944017748
}