{
  "observables": [
    "Chi_t"
  ],
  "n_samples": [
    50000,
    80000,
    100000,
    150000,
    200000,
    250000,
    300000,
    400000,
    500000
  ],
  "nip": [],
  "nmcmc": [
    [
      {
        "acc_rate": 0.00664,
        "n_steps": 50000,
        "obs_stats": {
          "Q": {
            "mean": 0.08726000040769577,
            "error": 0.05642444787020177,
            "tau_int": 466.2743929064654,
            "dtau_int": 150.0925961993905
          },
          "Chi_t": {
            "mean": 0.17533999681472778,
            "error": 0.07752005386886272,
            "tau_int": 519.1591862772983,
            "dtau_int": 172.95659150984065
          }
        },
        "n_skipped": 0,
        "step_size": 0
      },
      {
        "acc_rate": 0.00656,
        "n_steps": 50000,
        "obs_stats": {
          "Q": {
            "mean": 0.44562000036239624,
            "error": 0.41857894833790826,
            "tau_int": 4773.264033156247,
            "dtau_int": 1905.5960315756297
          },
          "Chi_t": {
            "mean": 0.9783400297164917,
            "error": 0.7456378125874964,
            "tau_int": 4809.977940761866,
            "dtau_int": 1902.963474634192
          }
        },
        "n_skipped": 0,
        "step_size": 0
      },
      {
        "acc_rate": 0.00372,
        "n_steps": 50000,
        "obs_stats": {
          "Q": {
            "mean": -0.8199599981307983,
            "error": 0.16738184109247847,
            "tau_int": 3462.0454378603426,
            "dtau_int": 1621.0225630488735
          },
          "Chi_t": {
            "mean": 0.8521999716758728,
            "error": 0.1299191471351382,
            "tau_int": 2312.736850545239,
            "dtau_int": 1091.016424644548
          }
        },
        "n_skipped": 0,
        "step_size": 0
      }
    ],
    [
      {
        "acc_rate": 0.00505,
        "n_steps": 80000,
        "obs_stats": {
          "Q": {
            "mean": 0.4730375111103058,
            "error": 0.3437161418519662,
            "tau_int": 7295.282915952573,
            "dtau_int": 3043.635872134468
          },
          "Chi_t": {
            "mean": 0.7784625291824341,
            "error": 0.12188684300374153,
            "tau_int": 2843.9953656409284,
            "dtau_int": 1297.1401185004127
          }
        },
        "n_skipped": 0,
        "step_size": 0
      },
      {
        "acc_rate": 0.007075,
        "n_steps": 80000,
        "obs_stats": {
          "Q": {
            "mean": -0.06811250001192093,
            "error": 0.07436151081355914,
            "tau_int": 937.8116655368767,
            "dtau_int": 324.44003119015593
          },
          "Chi_t": {
            "mean": 0.23538750410079956,
            "error": 0.08424391960152451,
            "tau_int": 1381.9147913835861,
            "dtau_int": 535.4438539695316
          }
        },
        "n_skipped": 0,
        "step_size": 0
      },
      {
        "acc_rate": 0.0020125,
        "n_steps": 80000,
        "obs_stats": {
          "Q": {
            "mean": 0.14361250400543213,
            "error": 0.18221869153742642,
            "tau_int": 5273.033310282834,
            "dtau_int": 2486.576752358178
          },
          "Chi_t": {
            "mean": 0.24578750133514404,
            "error": 0.17414779263324662,
            "tau_int": 5685.297519107535,
            "dtau_int": 2649.068780994513
          }
        },
        "n_skipped": 0,
        "step_size": 0
      }
    ],
    [
      {
        "acc_rate": 0.00525,
        "n_steps": 100000,
        "obs_stats": {
          "Q": {
            "mean": -0.006550000049173832,
            "error": 0.3838464395230893,
            "tau_int": 8820.395415367977,
            "dtau_int": 3773.2759164460467
          },
          "Chi_t": {
            "mean": 0.7190499901771545,
            "error": 0.16810305168121362,
            "tau_int": 5400.328690174907,
            "dtau_int": 2568.9157100789407
          }
        },
        "n_skipped": 0,
        "step_size": 0
      },
      {
        "acc_rate": 0.00127,
        "n_steps": 100000,
        "obs_stats": {
          "Q": {
            "mean": -0.03319999948143959,
            "error": 0.019699460941634463,
            "tau_int": 525.7111794870912,
            "dtau_int": 139.08171170462427
          },
          "Chi_t": {
            "mean": 0.03764000162482262,
            "error": 0.029587160736113782,
            "tau_int": 1155.7360301239517,
            "dtau_int": 398.06770108791983
          }
        },
        "n_skipped": 0,
        "step_size": 0
      },
      {
        "acc_rate": 0.01022,
        "n_steps": 100000,
        "obs_stats": {
          "Q": {
            "mean": -0.023579999804496765,
            "error": 0.022590714571580586,
            "tau_int": 195.79674441355706,
            "dtau_int": 35.733914448450335
          },
          "Chi_t": {
            "mean": 0.13038000464439392,
            "error": 0.028558605660878787,
            "tau_int": 299.2926569874146,
            "dtau_int": 64.33629213919679
          }
        },
        "n_skipped": 0,
        "step_size": 0
      }
    ],
    [
      {
        "acc_rate": 0.0043,
        "n_steps": 150000,
        "obs_stats": {
          "Q": {
            "mean": 0.5568466782569885,
            "error": 0.31352737387485874,
            "tau_int": 13205.421923236296,
            "dtau_int": 5656.311665830212
          },
          "Chi_t": {
            "mean": 0.7908333539962769,
            "error": 0.11239148322277477,
            "tau_int": 3089.389373353183,
            "dtau_int": 1253.8618944037669
          }
        },
        "n_skipped": 0,
        "step_size": 0
      },
      {
        "acc_rate": 0.006753333333333333,
        "n_steps": 150000,
        "obs_stats": {
          "Q": {
            "mean": 0.002300000051036477,
            "error": 0.05603500215620414,
            "tau_int": 874.2930371466365,
            "dtau_int": 239.89033120300795
          },
          "Chi_t": {
            "mean": 0.2663666605949402,
            "error": 0.05725088792858889,
            "tau_int": 1214.4421533861844,
            "dtau_int": 372.9771968175372
          }
        },
        "n_skipped": 0,
        "step_size": 0
      },
      {
        "acc_rate": 0.008053333333333332,
        "n_steps": 150000,
        "obs_stats": {
          "Q": {
            "mean": -0.14217999577522278,
            "error": 0.07365502468189701,
            "tau_int": 1374.978074560908,
            "dtau_int": 439.9082957045233
          },
          "Chi_t": {
            "mean": 0.31106001138687134,
            "error": 0.07184825295472388,
            "tau_int": 1193.9152793414582,
            "dtau_int": 364.5691402412405
          }
        },
        "n_skipped": 0,
        "step_size": 0
      }
    ],
    [
      {
        "acc_rate": 0.002875,
        "n_steps": 200000,
        "obs_stats": {
          "Q": {
            "mean": -0.05103499814867973,
            "error": 0.11861834413817596,
            "tau_int": 5326.7422646014775,
            "dtau_int": 2297.889902423813
          },
          "Chi_t": {
            "mean": 0.2544749975204468,
            "error": 0.10550265384724139,
            "tau_int": 2794.105394482003,
            "dtau_int": 1019.0937510747511
          }
        },
        "n_skipped": 0,
        "step_size": 0
      },
      {
        "acc_rate": 0.005385,
        "n_steps": 200000,
        "obs_stats": {
          "Q": {
            "mean": -0.25270500779151917,
            "error": 0.17067345682470597,
            "tau_int": 5196.226808582604,
            "dtau_int": 2229.3294540015277
          },
          "Chi_t": {
            "mean": 0.5989850163459778,
            "error": 0.07747601358219466,
            "tau_int": 1586.577732810846,
            "dtau_int": 483.9411778717428
          }
        },
        "n_skipped": 0,