{
  "observables": [
    "Chi_t"
  ],
  "n_samples": [
    50000,
    125000,
    250000,
    500000,
    1000000,
    100000
  ],
  "nip": [
    [
      {
        "obs_stats": {
          "Q": {
            "mean": -0.007561847567558289,
            "error": 0.0052183689549565315,
            "error_ess": 0.005582383368164301,
            "ess_q": 0.33364057540893555
          },
          "Chi_t": {
            "mean": 0.5199089050292969,
            "error": 0.00550440140068531,
            "error_ess": 0.005675159394741058,
            "ess_q": 0.33364057540893555
          }
        },
        "entropy": 59132.11328125,
        "std_entropy": 10959268.0,
        "free_energy": -0.4000508971032856,
        "std_free_energy": 0.0008938181563280523
      },
      {
        "obs_stats": {
          "Q": {
            "mean": 0.0009366354206576943,
            "error": 0.005690938793122768,
            "error_ess": 0.005732515826821327,
            "ess_q": 0.3166448175907135
          },
          "Chi_t": {
            "mean": 0.5202654600143433,
            "error": 0.006418231409043074,
            "error_ess": 0.005940646398812532,
            "ess_q": 0.3166448175907135
          }
        },
        "entropy": 59084.57421875,
        "std_entropy": 11231030.0,
        "free_energy": -0.4000319894815422,
        "std_free_energy": 0.0009291190654039383
      },
      {
        "obs_stats": {
          "Q": {
            "mean": -0.00029799272306263447,
            "error": 0.005447800736874342,
            "error_ess": 0.00562245724722743,
            "ess_q": 0.33400535583496094
          },
          "Chi_t": {
            "mean": 0.527918815612793,
            "error": 0.0059085143730044365,
            "error_ess": 0.0057393889874219894,
            "ess_q": 0.33400535583496094
          }
        },
        "entropy": 59198.24609375,
        "std_entropy": 10979747.0,
        "free_energy": -0.4000055109702106,
        "std_free_energy": 0.0008930854382924736
      }
    ],
    [
      {
        "obs_stats": {
          "Q": {
            "mean": 0.010529267601668835,
            "error": 0.006504069082438946,
            "error_ess": 0.004524311050772667,
            "ess_q": 0.20714764297008514
          },
          "Chi_t": {
            "mean": 0.5301298499107361,
            "error": 0.010641531087458134,
            "error_ess": 0.004744150210171938,
            "ess_q": 0.20714764297008514
          }
        },
        "entropy": 150320.34375,
        "std_entropy": 55123068.0,
        "free_energy": -0.4001542360547304,
        "std_free_energy": 0.0007825604407116771
      },
      {
        "obs_stats": {
          "Q": {
            "mean": -0.003156104823574424,
            "error": 0.0031603078823536634,
            "error_ess": 0.004388145636767149,
            "ess_q": 0.21402829885482788
          },
          "Chi_t": {
            "mean": 0.5151671767234802,
            "error": 0.0035349626559764147,
            "error_ess": 0.004551366902887821,
            "ess_q": 0.21402829885482788
          }
        },
        "entropy": 150041.328125,
        "std_entropy": 54027048.0,
        "free_energy": -0.4000453732211001,
        "std_free_energy": 0.0007665307493880391
      },
      {
        "obs_stats": {
          "Q": {
            "mean": -0.004854970145970583,
            "error": 0.0031347551848739386,
            "error_ess": 0.0034378261771053076,
            "ess_q": 0.34724682569503784
          },
          "Chi_t": {
            "mean": 0.513018012046814,
            "error": 0.0034739014226943254,
            "error_ess": 0.0035276671405881643,
            "ess_q": 0.34724682569503784
          }
        },
        "entropy": 150147.296875,
        "std_entropy": 42486340.0,
        "free_energy": -0.39995244748908243,
        "std_free_energy": 0.0005484247813001275
      }
    ],
    [
      {
        "obs_stats": {
          "Q": {
            "mean": 0.0004436350136529654,
            "error": 0.0023200386203825474,
            "error_ess": 0.002468070713803172,
            "ess_q": 0.3422164022922516
          },
          "Chi_t": {
            "mean": 0.5211399793624878,
            "error": 0.002735740737989545,
            "error_ess": 0.0025768005289137363,
            "ess_q": 0.3422164022922516
          }
        },
        "entropy": 303639.03125,
        "std_entropy": 120944264.0,
        "free_energy": -0.39995993075604347,
        "std_free_energy": 0.000392136222217232
      },
      {
        "obs_stats": {
          "Q": {
            "mean": -0.0014806644758209586,
            "error": 0.002208411693572998,
            "error_ess": 0.002485908567905426,
            "ess_q": 0.33597099781036377
          },
          "Chi_t": {
            "mean": 0.5190536379814148,
            "error": 0.0024709857534617186,
            "error_ess": 0.0025760571006685495,
            "ess_q": 0.33597099781036377
          }
        },
        "entropy": 303534.9375,
        "std_entropy": 121963440.0,
        "free_energy": -0.4000061771783119,
        "std_free_energy": 0.0003976385632995516
      },
      {
        "obs_stats": {
          "Q": {
            "mean": 0.0006340184481814504,
            "error": 0.0022786553017795086,
            "error_ess": 0.002540433779358864,
            "ess_q": 0.32035404443740845
          },
          "Chi_t": {
            "mean": 0.5168737769126892,
            "error": 0.0024895770475268364,
            "error_ess": 0.002623443491756916,
            "ess_q": 0.32035404443740845
          }
        },
        "entropy": 303677.375,
        "std_entropy": 125023992.0,
        "free_energy": -0.4000183597706827,
        "std_free_energy": 0.00041197618702426553
      }
    ],
    [
      {
        "obs_stats": {
          "Q": {
            "mean": 0.00250615063123405,
            "error": 0.0016853567212820053,
            "error_ess": 0.0017679439624771476,
            "ess_q": 0.33455488085746765
          },
          "Chi_t": {
            "mean": 0.5228518843650818,
            "error": 0.00184540799818933,
            "error_ess": 0.001828441978432238,
            "ess_q": 0.33455488085746765
          }
        },
        "entropy": 614193.5,
        "std_entropy": 345946528.0,
        "free_energy": -0.3999773141048418,
        "std_free_energy": 0.0002820673689711839
      },
      {
        "obs_stats": {
          "Q": {
            "mean": 0.0009556789300404489,
            "error": 0.0016250618500635028,
            "error_ess": 0.0017736604204401374,
            "ess_q": 0.33110660314559937
          },
          "Chi_t": {
            "mean": 0.5208092927932739,
            "error": 0.0018482143059372902,
            "error_ess": 0.001837569405324757,
            "ess_q": 0.33110660314559937
          }
        },
        "entropy": 614420.25,
        "std_entropy": 347995904.0,
        "free_energy": -0.4000196286250468,
        "std_free_energy": 0.0002842660469468683
      },
      {
        "obs_stats": {
          "Q": {
            "mean": 0.002792126266285777,
            "error": 0.0016171096358448267,
            "error_ess": 0.0017308619571849704,
            "ess_q": 0.34676527976989746
          },
          "Chi_t": {
            "mean": 0.5194408297538757,
            "error": 0.0018347151344642043,
            "error_ess": 0.0017832181183621287,
            "ess_q": 0.34676527976989746
          }
        },
        "entropy": 614167.1875,
        "std_entropy": 339811328.0,
        "free_energy": -0.39990774842377846,
        "std_free_energy": 0.00027450310881249607
      }
    ],
    [
      {
        "obs_stats": {
          "Q": {
            "mean": -0.0017041679238900542,
            "error": 0.001124728936702013,
            "error_ess": 0.0012328570010140538,
            "ess_q": 0.341275155544281
          },
          "Chi_t": {
            "mean": 0.518718957901001,
            "error": 0.0012751083122566342,