{
  "observables": [
    "Chi_t"
  ],
  "n_samples": [
    50000,
    80000,
    100000
  ],
  "nip": [],
  "nmcmc": [
    [
      {
        "acc_rate": 0.62898,
        "n_steps": 50000,
        "obs_stats": {
          "Q": {
            "mean": 0.0032399999909102917,
            "error": 0.005810909596012407,
            "tau_int": 1.255783163858935,
            "dtau_int": 0.03595001127740073
          },
          "Chi_t": {
            "mean": 0.6722000241279602,
            "error": 0.006236774938494907,
            "tau_int": 1.0718291285984907,
            "dtau_int": 0.029436371237946346
          }
        },
        "n_skipped": 0,
        "step_size": 0
      },
      {
        "acc_rate": 0.62166,
        "n_steps": 50000,
        "obs_stats": {
          "Q": {
            "mean": -0.004999999888241291,
            "error": 0.005943187382365197,
            "tau_int": 1.3160597610140587,
            "dtau_int": 0.039365704037390176
          },
          "Chi_t": {
            "mean": 0.670960009098053,
            "error": 0.0067471863573408935,
            "tau_int": 1.270643476204868,
            "dtau_int": 0.036349033038582106
          }
        },
        "n_skipped": 0,
        "step_size": 0
      },
      {
        "acc_rate": 0.6152,
        "n_steps": 50000,
        "obs_stats": {
          "Q": {
            "mean": 0.0034000000450760126,
            "error": 0.006028221306150333,
            "tau_int": 1.358413584923598,
            "dtau_int": 0.040555571535454964
          },
          "Chi_t": {
            "mean": 0.6687600016593933,
            "error": 0.006857620521719288,
            "tau_int": 1.3475590314888846,
            "dtau_int": 0.04025110052706029
          }
        },
        "n_skipped": 0,
        "step_size": 0
      }
    ],
    [
      {
        "acc_rate": 0.6243375,
        "n_steps": 80000,
        "obs_stats": {
          "Q": {
            "mean": -0.0019249999895691872,
            "error": 0.004675522397585049,
            "tau_int": 1.3029789370613865,
            "dtau_int": 0.03083000854210576
          },
          "Chi_t": {
            "mean": 0.6710749864578247,
            "error": 0.0050538006178414046,
            "tau_int": 1.1424387083756942,
            "dtau_int": 0.025998402775039887
          }
        },
        "n_skipped": 0,
        "step_size": 0
      },
      {
        "acc_rate": 0.6202375,
        "n_steps": 80000,
        "obs_stats": {
          "Q": {
            "mean": 0.002050000010058284,
            "error": 0.0047807891931506965,
            "tau_int": 1.3753239327339546,
            "dtau_int": 0.03386297225988888
          },
          "Chi_t": {
            "mean": 0.6647250056266785,
            "error": 0.005321166632842693,
            "tau_int": 1.2819471697336517,
            "dtau_int": 0.030360846109380196
          }
        },
        "n_skipped": 0,
        "step_size": 0
      },
      {
        "acc_rate": 0.62505,
        "n_steps": 80000,
        "obs_stats": {
          "Q": {
            "mean": -0.0034749999176710844,
            "error": 0.004743623997194522,
            "tau_int": 1.3332813281445919,
            "dtau_int": 0.03150428203399962
          },
          "Chi_t": {
            "mean": 0.6750749945640564,
            "error": 0.005372377003428278,
            "tau_int": 1.2601926605740437,
            "dtau_int": 0.029874550647635667
          }
        },
        "n_skipped": 0,
        "step_size": 0
      }
    ],
    [
      {
        "acc_rate": 0.61849,
        "n_steps": 100000,
        "obs_stats": {
          "Q": {
            "mean": -0.012480000033974648,
            "error": 0.004461301634663045,
            "tau_int": 1.502800224710541,
            "dtau_int": 0.03426542668564884
          },
          "Chi_t": {
            "mean": 0.662339985370636,
            "error": 0.0051092279888120505,
            "tau_int": 1.4830726662029392,
            "dtau_int": 0.03384127106331564
          }
        },
        "n_skipped": 0,
        "step_size": 0
      },
      {
        "acc_rate": 0.61658,
        "n_steps": 100000,
        "obs_stats": {
          "Q": {
            "mean": -0.0025100000202655792,
            "error": 0.004190942222135417,
            "tau_int": 1.3111741236244103,
            "dtau_int": 0.027738477694883218
          },
          "Chi_t": {
            "mean": 0.6697700023651123,
            "error": 0.004890769320010113,
            "tau_int": 1.3097713746863975,
            "dtau_int": 0.02771053878988526
          }
        },
        "n_skipped": 0,
        "step_size": 0
      },
      {
        "acc_rate": 0.623,
        "n_steps": 100000,
        "obs_stats": {
          "Q": {
            "mean": -0.0002500000118743628,
            "error": 0.004276817408769915,
            "tau_int": 1.3656888255426105,
            "dtau_int": 0.030087722540346248
          },
          "Chi_t": {
            "mean": 0.6696500182151794,
            "error": 0.004853635326984571,
            "tau_int": 1.307948071657989,
            "dtau_int": 0.027674217879705143
          }
        },
        "n_skipped": 0,
        "step_size": 0
      }
    ]
  ],
  "exact_sus": 0.6687749432186545
}