{
  "observables": [
    "Chi_t"
  ],
  "n_samples": [
    25000,
    40000,
    50000,
    75000,
    100000,
    125000,
    150000,
    175000,
    200000,
    225000,
    250000
  ],
  "nip": {},
  "nmcmc": [
    [
      {
        "acc_rate": 0.08308,
        "n_steps": 25000,
        "obs_stats": {
          "Q": {
            "mean": 0.006920276675373316,
            "error": 0.049472146500089284,
            "tau_int": 80.73140738263103,
            "dtau_int": 17.886140911158964
          },
          "Chi_t": {
            "mean": 0.37661507725715637,
            "error": 0.06763843548368137,
            "tau_int": 128.2041962479158,
            "dtau_int": 33.63988272666483
          }
        },
        "n_skipped": 0,
        "step_size": 0
      },
      {
        "acc_rate": 0.12928,
        "n_steps": 25000,
        "obs_stats": {
          "Q": {
            "mean": -0.028521141037344933,
            "error": 0.05678468294825976,
            "tau_int": 73.09200711220922,
            "dtau_int": 15.592274214823467
          },
          "Chi_t": {
            "mean": 0.5491019487380981,
            "error": 0.03196289527246622,
            "tau_int": 25.194531562465762,
            "dtau_int": 3.5388824260365936
          }
        },
        "n_skipped": 0,
        "step_size": 0
      },
      {
        "acc_rate": 0.14704,
        "n_steps": 25000,
        "obs_stats": {
          "Q": {
            "mean": 0.005720228888094425,
            "error": 0.03333878537018056,
            "tau_int": 25.004821858609528,
            "dtau_int": 3.500676176770703
          },
          "Chi_t": {
            "mean": 0.5545421838760376,
            "error": 0.04935781988888223,
            "tau_int": 48.33005886379142,
            "dtau_int": 8.799325289606028
          }
        },
        "n_skipped": 0,
        "step_size": 0
      }
    ],
    [
      {
        "acc_rate": 0.13885,
        "n_steps": 40000,
        "obs_stats": {
          "Q": {
            "mean": -0.030050750821828842,
            "error": 0.02063537648880771,
            "tau_int": 18.51413036324068,
            "dtau_int": 1.878873609751678
          },
          "Chi_t": {
            "mean": 0.46046149730682373,
            "error": 0.018543071415178764,
            "tau_int": 14.691239668481133,
            "dtau_int": 1.3529577354166378
          }
        },
        "n_skipped": 0,
        "step_size": 0
      },
      {
        "acc_rate": 0.13365,
        "n_steps": 40000,
        "obs_stats": {
          "Q": {
            "mean": -0.07785194367170334,
            "error": 0.026249364566940506,
            "tau_int": 27.834101883222466,
            "dtau_int": 3.3478479485085018
          },
          "Chi_t": {
            "mean": 0.500462532043457,
            "error": 0.030806195967594683,
            "tau_int": 32.02567442917083,
            "dtau_int": 4.082216977130327
          }
        },
        "n_skipped": 0,
        "step_size": 0
      },
      {
        "acc_rate": 0.08495,
        "n_steps": 40000,
        "obs_stats": {
          "Q": {
            "mean": -0.053426336497068405,
            "error": 0.0596832297582795,
            "tau_int": 152.6714936629166,
            "dtau_int": 35.9619113820929
          },
          "Chi_t": {
            "mean": 0.4660366475582123,
            "error": 0.05170724589898421,
            "tau_int": 147.2904425748332,
            "dtau_int": 34.23427441979469
          }
        },
        "n_skipped": 0,
        "step_size": 0
      }
    ],
    [
      {
        "acc_rate": 0.1163,
        "n_steps": 50000,
        "obs_stats": {
          "Q": {
            "mean": 0.0028600571677088737,
            "error": 0.02724134862886944,
            "tau_int": 38.38457984991653,
            "dtau_int": 4.807972766944948
          },
          "Chi_t": {
            "mean": 0.4825896620750427,
            "error": 0.03043413782986741,
            "tau_int": 44.60016174749832,
            "dtau_int": 5.942432578895143
          }
        },
        "n_skipped": 0,
        "step_size": 0
      },
      {
        "acc_rate": 0.14822,
        "n_steps": 50000,
        "obs_stats": {
          "Q": {
            "mean": -0.011620232835412025,
            "error": 0.023938977486046523,
            "tau_int": 26.56686711318009,
            "dtau_int": 2.860707930557654
          },
          "Chi_t": {
            "mean": 0.5388307571411133,
            "error": 0.01961275019079932,
            "tau_int": 16.82815748474322,
            "dtau_int": 1.4951422812759054
          }
        },
        "n_skipped": 0,
        "step_size": 0
      },
      {
        "acc_rate": 0.13604,
        "n_steps": 50000,
        "obs_stats": {
          "Q": {
            "mean": -0.08088161796331406,
            "error": 0.03147573221955153,
            "tau_int": 47.79826133334103,
            "dtau_int": 6.549672569086905
          },
          "Chi_t": {
            "mean": 0.523730456829071,
            "error": 0.023216227533449728,
            "tau_int": 26.106527825359432,
            "dtau_int": 2.786400189257071
          }
        },
        "n_skipped": 0,
        "step_size": 0
      }
    ],
    [
      {
        "acc_rate": 0.10732,
        "n_steps": 75000,
        "obs_stats": {
          "Q": {
            "mean": -0.13136175274848938,
            "error": 0.05793852052846018,
            "tau_int": 231.17886586460827,
            "dtau_int": 50.2627146310958
          },
          "Chi_t": {
            "mean": 0.5585141181945801,
            "error": 0.05172398680298855,
            "tau_int": 152.35825192913887,
            "dtau_int": 28.21769866298227
          }
        },
        "n_skipped": 0,
        "step_size": 0
      },
      {
        "acc_rate": 0.12945333333333334,
        "n_steps": 75000,
        "obs_stats": {
          "Q": {
            "mean": -0.0014400192303583026,
            "error": 0.024127883223439717,
            "tau_int": 43.54295346643798,
            "dtau_int": 4.853533912576546
          },
          "Chi_t": {
            "mean": 0.5007799863815308,
            "error": 0.024638057918476924,
            "tau_int": 42.59265649079356,
            "dtau_int": 4.70616174972553
          }
        },
        "n_skipped": 0,
        "step_size": 0
      },
      {
        "acc_rate": 0.11025333333333333,
        "n_steps": 75000,
        "obs_stats": {
          "Q": {
            "mean": -0.041813891381025314,
            "error": 0.056714712410571015,
            "tau_int": 208.87557170707288,
            "dtau_int": 43.6980574510829
          },
          "Chi_t": {
            "mean": 0.5760876536369324,
            "error": 0.04942318625484812,
            "tau_int": 145.36408955529078,
            "dtau_int": 26.436431525775056
          }
        },
        "n_skipped": 0,
        "step_size": 0
      }
    ],
    [
      {
        "acc_rate": 0.1315,
        "n_steps": 100000,
        "obs_stats": {
          "Q": {
            "mean": 0.008030080236494541,
            "error": 0.02063046455364394,
            "tau_int": 41.09698048266332,
            "dtau_int": 3.962442421137205
          },
          "Chi_t": {
            "mean": 0.5174551606178284,
            "error": 0.02057649974543327,
            "tau_int": 39.48931363809621,
            "dtau_int": 3.7463929257486366
          }
        },
        "n_skipped": 0,
        "step_size": 0
      },
      {
        "acc_rate": 0.14447,
        "n_steps": 100000,
        "obs_stats": {
          "Q": {
            "mean": -0.017370173707604408,
            "error": 0.0178431840996116,
            "tau_int": 30.762724752965863,
            "dtau_int": 2.622883330921341
          },
          "Chi_t": {
            "mean": 0.5174551606178284,
            "error": 0.014543793399693094,
            "tau_int": 19.75384000731956,
            "dtau_int": 1.395395416178732
          }
        },
        "n_skipped": 0,