{
  "observables": [
    "Chi_t"
  ],
  "n_samples": [
    50000,
    80000,
    100000
  ],
  "nip": [],
  "nmcmc": [
    [
      {
        "acc_rate": 0.5713,
        "n_steps": 50000,
        "obs_stats": {
          "Q": {
            "mean": -0.014039999805390835,
            "error": 0.006441012775527243,
            "tau_int": 1.601048414989389,
            "dtau_int": 0.05143120087201889
          },
          "Chi_t": {
            "mean": 0.6479600071907043,
            "error": 0.007043723198146611,
            "tau_int": 1.4818345523088652,
            "dtau_int": 0.04594770243320586
          }
        },
        "n_skipped": 0,
        "step_size": 0
      }
    ],
    [
      {
        "acc_rate": 0.568625,
        "n_steps": 80000,
        "obs_stats": {
          "Q": {
            "mean": -0.002712500048801303,
            "error": 0.005181035151321579,
            "tau_int": 1.6599110039398979,
            "dtau_int": 0.04366558144505753
          },
          "Chi_t": {
            "mean": 0.6468374729156494,
            "error": 0.005660608552787362,
            "tau_int": 1.5277046138941843,
            "dtau_int": 0.03890745349696262
          }
        },
        "n_skipped": 0,
        "step_size": 0
      }
    ],
    [
      {
        "acc_rate": 0.5656,
        "n_steps": 100000,
        "obs_stats": {
          "Q": {
            "mean": -0.0007300000288523734,
            "error": 0.004669376634292643,
            "tau_int": 1.6888745616980074,
            "dtau_int": 0.041107533556609455
          },
          "Chi_t": {
            "mean": 0.6454700231552124,
            "error": 0.00514140592072099,
            "tau_int": 1.5567302231819036,
            "dtau_int": 0.03676424637933687
          }
        },
        "n_skipped": 0,
        "step_size": 0
      }
    ]
  ],
  "exact_sus": 0.6439874072967454
}