{
  "observables": [
    "Chi_t"
  ],
  "n_samples": [
    5000,
    10000,
    25000,
    50000,
    75000,
    100000,
    150000,
    250000,
    500000,
    1000000,
    2500000,
    5000000
  ],
  "nip": [
    {
      "obs_stats": {
        "Q": {
          "mean": 0.01984442211687565,
          "error": 0.01446004118770361,
          "error_ess": 0.014564182609319687,
          "ess_q": 0.9602805972099304
        },
        "Chi_t": {
          "mean": 1.0188453197479248,
          "error": 0.019798079505562782,
          "error_ess": 0.020041881129145622,
          "ess_q": 0.9602805972099304
        }
      },
      "entropy": 9840.2470703125,
      "std_entropy": 199636.78125,
      "free_energy": -1.0739808800280217,
      "std_free_energy": 0.000575237616430968,
      "ess_p": {
        "0-1": {
          "log_ess_p": -0.03927532750881291,
          "ess_p": 0.9614859491690434
        },
        "0.05-1": {
          "log_ess_p": -0.03146570877797927,
          "ess_p": 0.9690241849074824
        },
        "0.1-1": {
          "log_ess_p": -0.027703765291981597,
          "ess_p": 0.9726764646553517
        }
      }
    },
    {
      "obs_stats": {
        "Q": {
          "mean": 0.010858578607439995,
          "error": 0.010094856843352318,
          "error_ess": 0.010177032090723515,
          "ess_q": 0.9614143967628479
        },
        "Chi_t": {
          "mean": 0.9958738088607788,
          "error": 0.01406431570649147,
          "error_ess": 0.014297920279204845,
          "ess_q": 0.9614143967628479
        }
      },
      "entropy": 19940.84375,
      "std_entropy": 562749.1875,
      "free_energy": -1.0738631136522123,
      "std_free_energy": 0.0004006703966297209,
      "ess_p": {
        "0-1": {
          "log_ess_p": -0.039230310464295925,
          "ess_p": 0.9615292333990764
        },
        "0.05-1": {
          "log_ess_p": -0.03146404808847514,
          "ess_p": 0.9690257941571118
        },
        "0.1-1": {
          "log_ess_p": -0.027696145290132534,
          "ess_p": 0.97268387648005
        }
      }
    },
    {
      "obs_stats": {
        "Q": {
          "mean": -0.006616885308176279,
          "error": 0.0064255790784955025,
          "error_ess": 0.006472472567111254,
          "ess_q": 0.9606810212135315
        },
        "Chi_t": {
          "mean": 1.006186604499817,
          "error": 0.00906462874263525,
          "error_ess": 0.009153247810900211,
          "ess_q": 0.9606810212135315
        }
      },
      "entropy": 50805.734375,
      "std_entropy": 2231879.5,
      "free_energy": -1.0737424306066583,
      "std_free_energy": 0.0002559007261879742,
      "ess_p": {
        "0-1": {
          "log_ess_p": -0.03923195043036465,
          "ess_p": 0.9615276565250525
        },
        "0.05-1": {
          "log_ess_p": -0.03150895343444837,
          "ess_p": 0.968982280695569
        },
        "0.1-1": {
          "log_ess_p": -0.027738363926328446,
          "ess_p": 0.9726428119601853
        }
      }
    },
    {
      "obs_stats": {
        "Q": {
          "mean": 0.00576599920168519,
          "error": 0.0045683858916163445,
          "error_ess": 0.0045957197435200214,
          "ess_q": 0.960834264755249
        },
        "Chi_t": {
          "mean": 1.014704942703247,
          "error": 0.0064830901101231575,
          "error_ess": 0.00654095783829689,
          "ess_q": 0.960834264755249
        }
      },
      "entropy": 103009.171875,
      "std_entropy": 6314693.0,
      "free_energy": -1.0737565316835886,
      "std_free_energy": 0.00018058168643619865,
      "ess_p": {
        "0-1": {
          "log_ess_p": -0.03932795993160454,
          "ess_p": 0.9614353451657759
        },
        "0.05-1": {
          "log_ess_p": -0.03159693639337391,
          "ess_p": 0.9688970305177034
        },
        "0.1-1": {
          "log_ess_p": -0.02782347494587256,
          "ess_p": 0.9725600328615639
        }
      }
    },
    {
      "obs_stats": {
        "Q": {
          "mean": -0.0010442628990858793,
          "error": 0.003738372353836894,
          "error_ess": 0.003760974621400237,
          "ess_q": 0.9611977338790894
        },
        "Chi_t": {
          "mean": 1.0197067260742188,
          "error": 0.005292244255542755,
          "error_ess": 0.00533685740083456,
          "ess_q": 0.9611977338790894
        }
      },
      "entropy": 155758.984375,
      "std_entropy": 11605457.0,
      "free_energy": -1.073816988324948,
      "std_free_energy": 0.00014673091936856508,
      "ess_p": {
        "0-1": {
          "log_ess_p": -0.0393146092334522,
          "ess_p": 0.9614481810845462
        },
        "0.05-1": {
          "log_ess_p": -0.03161949363887118,
          "ess_p": 0.9688751751160242
        },
        "0.1-1": {
          "log_ess_p": -0.027818984323511486,
          "ess_p": 0.9725644002712012
        }
      }
    },
    {
      "obs_stats": {
        "Q": {
          "mean": -0.00026496441569179296,
          "error": 0.0032203595619648695,
          "error_ess": 0.0032396861352026463,
          "ess_q": 0.9611653685569763
        },
        "Chi_t": {
          "mean": 1.0087976455688477,
          "error": 0.0045578135177493095,
          "error_ess": 0.004591732751578093,
          "ess_q": 0.9611653685569763
        }
      },
      "entropy": 208796.6875,
      "std_entropy": 17858220.0,
      "free_energy": -1.073796115513927,
      "std_free_energy": 0.00012712784518953413,
      "ess_p": {
        "0-1": {
          "log_ess_p": -0.03910013634414966,
          "ess_p": 0.9616544077680839
        },
        "0.05-1": {
          "log_ess_p": -0.0313802385363573,
          "ess_p": 0.9691070111782443
        },
        "0.1-1": {
          "log_ess_p": -0.027633295894084142,
          "ess_p": 0.9727450109953463
        }
      }
    },
    {
      "obs_stats": {
        "Q": {
          "mean": 0.0015379957621917129,
          "error": 0.002645729575306177,
          "error_ess": 0.002663323422893882,
          "ess_q": 0.9610880613327026
        },
        "Chi_t": {
          "mean": 1.0225939750671387,
          "error": 0.003765307366847992,
          "error_ess": 0.003803224302828312,
          "ess_q": 0.9610880613327026
        }
      },
      "entropy": 315628.21875,
      "std_entropy": 32809804.0,
      "free_energy": -1.0737851284574662,
      "std_free_energy": 0.00010390689567429945,
      "ess_p": {
        "0-1": {
          "log_ess_p": -0.039135258204716195,
          "ess_p": 0.9616206332691761
        },
        "0.05-1": {
          "log_ess_p": -0.031427336724487276,
          "ess_p": 0.9690613690687525
        },
        "0.1-1": {
          "log_ess_p": -0.02766193515972759,
          "ess_p": 0.9727171526914957
        }
      }
    },
    {
      "obs_stats": {
        "Q": {
          "mean": -0.00018267706036567688,
          "error": 0.002046570647507906,
          "error_ess": 0.0020610904321074486,
          "ess_q": 0.9613611698150635
        },
        "Chi_t": {
          "mean": 1.0209882259368896,
          "error": 0.0029061539098620415,
          "error_ess": 0.002938201418146491,
          "ess_q": 0.9613611698150635
        }
      },
      "entropy": 531068.25,
      "std_entropy": 70543384.0,
      "free_energy": -1.0737670834116846,
      "std_free_energy": 8.019153756322339e-05,
      "ess_p": {
        "0-1": {
          "log_ess_p": -0.03927335836063861,
          "ess_p": 0.9614878424792089
        },
        "0.05-1": {
          "log_ess_p": -0.03152032286394757,
          "ess_p": 0.9689712639824696
        },
        "0.1-1": {
          "log_ess_p": -0.027750676386293804,
          "ess_p": 0.9726308364082269
        }
      }
    },
    {
      "obs_stats": {
        "Q": {
          "mean": -0.0022594102192670107,
          "error": 0.0014430055161938071,
          "error_ess": 0.0014532156055793166,
          "ess_q": 0.9611850380897522
        },